1773725312578207,0,0,0
1773725312597297,0,0,0
1773725312617296,0,0,0
1773725312637295,0,0,0
1773725312657299,0,0,0
1773725312677286,0,0,0
1773725312697291,0,0,0
1773725312717290,0,0,0
1773725312737291,0,0,0
1773725312757296,0,0,0
1773725312777292,0,0,0
1773725312797294,0,0,0
1773725312817288,0.0056477,0.0173878,-0.999833
1773725312837292,0.0053212,0.0176597,-0.99983
1773725312857313,0.00520714,0.0167668,-0.999846
1773725312877286,0.00458374,0.0166889,-0.99985
1773725312897288,0.00516697,0.0167018,-0.999847
1773725312917286,0.00459931,0.0169079,-0.999846
1773725312937289,0.00449329,0.016818,-0.999848
1773725312957296,0.00510059,0.0168826,-0.999844
1773725312977292,0.00500675,0.0174625,-0.999835
1773725312997289,0.00453417,0.0169576,-0.999846
1773725313017297,0.00460338,0.0168562,-0.999847
1773725313037289,0.00471569,0.0167354,-0.999849
1773725313057289,0.00511634,0.0168642,-0.999845
1773725313077289,0.00553173,0.0173359,-0.999834
1773725313097289,0.00562567,0.0175328,-0.99983
1773725313117782,0.00529257,0.0176355,-0.99983
1773725313137293,0.00471646,0.0169012,-0.999846
1773725313157292,0.00545539,0.017341,-0.999835
1773725313177289,0.00498704,0.0174383,-0.999836
1773725313197291,0.00462355,0.01687,-0.999847
1773725313217291,0.00554744,0.0173559,-0.999834
1773725313237290,0.00506015,0.0173735,-0.999836
1773725313257295,0.00452557,0.016743,-0.99985
1773725313277291,0.00543881,0.0174059,-0.999834
1773725313297293,0.00510739,0.0174019,-0.999836
1773725313317291,0.00516933,0.0174936,-0.999834
1773725313337291,0.00451481,0.0168117,-0.999848
1773725313357290,0.00451481,0.0168117,-0.999848
1773725313377290,0.00499049,0.0165854,-0.99985
1773725313397384,0.0043472,0.0165599,-0.999853
1773725313417293,0.00528834,0.0170814,-0.99984
1773725313437292,0.00466773,0.0169407,-0.999846
1773725313457291,0.00464705,0.0169023,-0.999846
1773725313477288,0.00516656,0.0175348,-0.999833
1773725313497287,0.00539011,0.0173064,-0.999836
1773725313517288,0.00571667,0.0173453,-0.999833
1773725313537289,0.00527643,0.0169601,-0.999842
1773725313557291,0.00519934,0.0173539,-0.999836
1773725313577290,0.0051504,0.0174738,-0.999834
1773725313597290,0.00510491,0.0165567,-0.99985
1773725313617292,0.00514792,0.0173918,-0.999835
1773725313637292,0.00466153,0.016816,-0.999848
1773725313657290,0.00576969,0.0173634,-0.999833
1773725313677287,0.00465676,0.0169048,-0.999846
1773725313697287,0.0051122,0.0172801,-0.999838
1773725313717314,0.00495999,0.0165519,-0.999851
1773725313737287,0.00574374,0.0173734,-0.999833
1773725313757285,0.00505889,0.0167314,-0.999847
1773725313777293,0.00489086,0.0166619,-0.999849
1773725313797288,0.00462114,0.0168524,-0.999847
1773725313817287,0.00511751,0.017296,-0.999837
1773725313837288,0.0057365,0.0173452,-0.999833
1773725313857288,0.00538103,0.0173232,-0.999835
1773725313877306,0.00462538,0.0168742,-0.999847
1773725313897381,0.00519486,0.0174595,-0.999834
1773725313917298,0.00517055,0.0167414,-0.999846
1773725313937292,0.00579031,0.0172652,-0.999834
1773725313957292,0.00554186,0.0172913,-0.999835
1773725313977297,0.00513073,0.0174931,-0.999834
1773725313997295,0.0044163,0.0169125,-0.999847
1773725314017292,0.00450979,0.0167077,-0.99985
1773725314037300,0.00518753,0.0174297,-0.999835
1773725314057292,0.00551856,0.0174978,-0.999832
1773725314077287,0.00504732,0.0169138,-0.999844
1773725314097290,0.00460469,0.0168799,-0.999847
1773725314117288,0.00514629,0.0176336,-0.999831
1773725314137290,0.00506783,0.0166496,-0.999849
1773725314157289,0.00560596,0.0173565,-0.999834
1773725314177293,0.00506191,0.016826,-0.999846
1773725314197293,0.00450018,0.0167328,-0.99985
1773725314217291,0.00454443,0.0168454,-0.999848
1773725314237290,0.00503777,0.0174062,-0.999836
1773725314257291,0.00503349,0.01743,-0.999835
1773725314277292,0.0047356,0.0169135,-0.999846
1773725314297296,0.00494425,0.0173737,-0.999837
1773725314317294,0.00513567,0.0173808,-0.999836
1773725314337292,0.00439932,0.016913,-0.999847
1773725314357292,0.00496317,0.016744,-0.999847
1773725314377294,0.0050553,0.0167221,-0.999847
1773725314397292,0.00450429,0.0166591,-0.999851
1773725314417291,0.00511811,0.0174222,-0.999835
1773725314437293,0.0050849,0.0175055,-0.999834
1773725314457293,0.00456483,0.0166959,-0.99985
1773725314477292,0.00567428,0.0174535,-0.999832
1773725314497291,0.00452201,0.0168822,-0.999847
1773725314517290,0.00497423,0.0167084,-0.999848
1773725314537291,0.00463973,0.016712,-0.99985
1773725314557290,0.0043715,0.0167935,-0.999849
1773725314577292,0.00507762,0.0167541,-0.999847
1773725314597293,0.00571469,0.0173695,-0.999833
1773725314617291,0.00468187,0.0167007,-0.99985
1773725314637294,0.00520971,0.0166546,-0.999848
1773725314657288,0.00576327,0.0175639,-0.999829
1773725314677290,0.00518398,0.0168109,-0.999845
1773725314697291,0.00507116,0.017339,-0.999837
1773725314717289,0.00458046,0.0169459,-0.999846
1773725314737291,0.00557312,0.0173162,-0.999835
1773725314757292,0.00502506,0.0174324,-0.999835
1773725314777289,0.00452393,0.0166406,-0.999851
1773725314797290,0.00526345,0.0167788,-0.999845
1773725314817296,0.00499366,0.0174249,-0.999836
1773725314837293,0.00460612,0.0166609,-0.999851
1773725314857291,0.00444806,0.016724,-0.99985
1773725314877291,0.00520693,0.016835,-0.999845
1773725314897289,0.00493187,0.0172528,-0.999839
1773725314917288,0.00513566,0.0168503,-0.999845
1773725314937417,0.00478908,0.0169514,-0.999845
1773725314957291,0.00495229,0.0172018,-0.99984
1773725314977291,0.00503591,0.0167406,-0.999847
1773725314997293,0.00489148,0.0168043,-0.999847
1773725315017292,0.00446025,0.0167527,-0.99985
1773725315037291,0.00455358,0.0166558,-0.999851
1773725315057294,0.00501218,0.0168197,-0.999846
1773725315077294,0.00510222,0.0166981,-0.999848
1773725315097302,0.0055033,0.0173699,-0.999834
1773725315117291,0.00501066,0.0172853,-0.999838
1773725315137291,0.00453517,0.0167797,-0.999849
1773725315157293,0.00557193,0.0174918,-0.999831
1773725315177289,0.00385503,0.0175131,-0.999839
1773725315197289,0.00375606,0.0166921,-0.999854
1773725315217289,0.00569418,0.0165866,-0.999846
1773725315237287,0.0088103,0.0165025,-0.999825
1773725315257289,0.00997226,0.0164937,-0.999814
1773725315277290,0.00216236,0.017796,-0.999839
1773725315297290,-0.000518174,0.0181532,-0.999835
1773725315317291,-0.00172664,0.0173645,-0.999848
1773725315337297,-0.00390592,0.0173291,-0.999842
1773725315357292,-0.00243524,0.0175259,-0.999843
1773725315377292,-0.00091625,0.0168388,-0.999858
1773725315397296,0.000213996,0.0171143,-0.999854
1773725315417293,-0.00107101,0.0162527,-0.999867
1773725315437292,-0.0021711,0.0151155,-0.999883
1773725315457292,-0.00339912,0.0157638,-0.99987
1773725315477295,-0.00337233,0.0155848,-0.999873
1773725315497291,-0.00310289,0.0157669,-0.999871
1773725315517292,-0.000828614,0.0153929,-0.999881
1773725315537290,-0.000476307,0.0152008,-0.999884
1773725315557292,-0.00158133,0.0143733,-0.999895
1773725315577293,-0.00197324,0.014742,-0.999889
1773725315597292,-0.00262611,0.0145945,-0.99989
1773725315617296,-0.00239043,0.015256,-0.999881
1773725315637293,-0.00363766,0.0157923,-0.999869
1773725315657292,-0.00325803,0.0153295,-0.999877
1773725315677294,-0.00207695,0.0151037,-0.999884
1773725315697293,-0.000842954,0.0156516,-0.999877
1773725315717300,-0.00152053,0.0155072,-0.999879
1773725315737295,-0.000907641,0.0157727,-0.999875
1773725315757294,-0.00100919,0.0161235,-0.999869
1773725315777304,-0.00319309,0.016156,-0.999864
1773725315797292,-0.00342444,0.0163972,-0.99986
1773725315817294,-0.00382914,0.0174786,-0.99984
1773725315837295,-0.00497984,0.0172619,-0.999839
1773725315857292,-0.00443196,0.01774,-0.999833
1773725315877291,-0.00403592,0.0181108,-0.999828
1773725315897291,-0.00369891,0.0185672,-0.999821
1773725315917290,-0.00562243,0.0181805,-0.999819
1773725315937291,-0.00446823,0.0176915,-0.999834
1773725315957294,-0.00540449,0.0180815,-0.999822
1773725315977293,-0.00529426,0.0186442,-0.999812
1773725315997286,-0.00491427,0.0189915,-0.999808
1773725316017296,-0.00507934,0.0187485,-0.999811
1773725316037290,-0.00459455,0.0177032,-0.999833
1773725316057288,-0.00425425,0.0179372,-0.99983
1773725316077287,-0.00652764,0.0176413,-0.999823
1773725316097287,-0.00713735,0.0166926,-0.999835
1773725316117287,-0.00705588,0.0164115,-0.99984
1773725316137285,-0.00817059,0.0161461,-0.999836
1773725316157288,-0.00740521,0.0157605,-0.999848
1773725316177293,-0.00714255,0.015384,-0.999856
1773725316197288,-0.00752876,0.0151688,-0.999857
1773725316217287,-0.00758756,0.0145315,-0.999866
1773725316237316,-0.0072671,0.0142704,-0.999872
1773725316257290,-0.00707947,0.014724,-0.999867
1773725316277287,-0.00745774,0.0141035,-0.999873
1773725316297288,-0.00753999,0.0137893,-0.999876
1773725316317288,-0.00803644,0.01374,-0.999873
1773725316337289,-0.00798706,0.0136244,-0.999875
1773725316357290,-0.0071159,0.0129761,-0.99989
1773725316377290,-0.00758984,0.0129393,-0.999887
1773725316397287,-0.00768897,0.0127797,-0.999889
1773725316417287,-0.00663047,0.0134307,-0.999888
1773725316437287,-0.0065963,0.0131788,-0.999891
1773725316457289,-0.00675387,0.013221,-0.99989
1773725316477309,-0.00668225,0.0131911,-0.999891
1773725316497287,-0.00661372,0.0129551,-0.999894
1773725316517289,-0.00640002,0.0129506,-0.999896
1773725316537292,-0.00627146,0.013084,-0.999895
1773725316557288,-0.00674225,0.0132108,-0.99989
1773725316577290,-0.00731287,0.0127446,-0.999892
1773725316597291,-0.00672355,0.0132565,-0.99989
1773725316617290,-0.00656784,0.012817,-0.999896
1773725316637439,-0.00609749,0.0129145,-0.999898
1773725316657291,-0.00639989,0.0120779,-0.999907
1773725316677289,-0.00639752,0.0124943,-0.999901
1773725316697291,-0.00649285,0.0124774,-0.999901
1773725316717291,-0.00636751,0.0127385,-0.999899
1773725316737291,-0.00648894,0.012646,-0.999899
1773725316757318,-0.00594845,0.013647,-0.999889
1773725316777285,-0.00614743,0.0138533,-0.999885
1773725316797296,-0.00661968,0.0135614,-0.999886
1773725316817293,-0.00649284,0.0135565,-0.999887
1773725316837287,-0.00573045,0.0137937,-0.999888
1773725316857290,-0.00505428,0.0145418,-0.999881
1773725316877294,-0.00563431,0.014044,-0.999886
1773725316897288,-0.00538074,0.0148679,-0.999875
1773725316917298,-0.00597259,0.0143435,-0.999879
1773725316937288,-0.0060728,0.0144679,-0.999877
1773725316957286,-0.00627057,0.0146927,-0.999872
1773725316977294,-0.00597453,0.0147853,-0.999873
1773725316997294,-0.00545673,0.0147733,-0.999876
1773725317017292,-0.00565079,0.014926,-0.999873
1773725317037289,-0.00632986,0.0151979,-0.999864
1773725317057290,-0.00618561,0.0150931,-0.999867
1773725317077306,-0.00632596,0.0145884,-0.999874
1773725317097291,-0.00572278,0.0152645,-0.999867
1773725317117289,-0.00652475,0.0143926,-0.999875
1773725317137291,-0.00593028,0.0140866,-0.999883
1773725317157292,-0.00622409,0.0141919,-0.99988
1773725317177288,-0.00612079,0.0140071,-0.999883
1773725317197289,-0.00655269,0.0139946,-0.999881
1773725317217287,-0.00644458,0.0138667,-0.999883
1773725317237290,-0.00594408,0.0141174,-0.999883
1773725317257292,-0.00604624,0.0139671,-0.999884
1773725317277291,-0.00558486,0.0138704,-0.999888
1773725317297290,-0.00587821,0.0142914,-0.999881
1773725317317292,-0.00558759,0.0138152,-0.999889
1773725317337294,-0.00560879,0.0139578,-0.999887
1773725317357296,-0.00585451,0.0130533,-0.999898
1773725317377292,-0.00617514,0.0138943,-0.999884
1773725317397297,-0.00575202,0.0137368,-0.999889
1773725317417288,-0.00585986,0.0135672,-0.999891
1773725317437285,-0.00631118,0.0137864,-0.999885
1773725317457288,-0.0061455,0.0135166,-0.99989
1773725317477312,-0.00663934,0.0130565,-0.999893
1773725317497291,-0.00657779,0.0128226,-0.999896
1773725317517285,-0.00602021,0.013035,-0.999897
1773725317537291,-0.00657373,0.0124623,-0.999901
1773725317557292,-0.00670464,0.0124208,-0.9999
1773725317577291,-0.00639996,0.0129554,-0.999896
1773725317597293,-0.00706241,0.0127298,-0.999894
1773725317617292,-0.00658495,0.0128138,-0.999896
1773725317637290,-0.00716917,0.0128818,-0.999891
1773725317657291,-0.00718216,0.0127916,-0.999892
1773725317677291,-0.00728146,0.0130356,-0.999889
1773725317697291,-0.00713346,0.01303,-0.99989
1773725317717292,-0.00743744,0.0131978,-0.999885
1773725317737290,-0.00724367,0.0132727,-0.999886
1773725317757288,-0.00728606,0.0131034,-0.999888
1773725317777290,-0.00635686,0.0137144,-0.999886
1773725317797290,-0.00658193,0.0138369,-0.999883
1773725317817294,-0.00664724,0.0130088,-0.999893
1773725317837288,-0.00663769,0.0141154,-0.999878
1773725317857289,-0.00633555,0.0141513,-0.99988
1773725317877290,-0.00698021,0.0133693,-0.999886
1773725317897292,-0.00620577,0.0134166,-0.999891
1773725317917287,-0.00532212,0.0144857,-0.999881
1773725317937291,-0.00587968,0.0147624,-0.999874
1773725317957288,-0.00607859,0.0138827,-0.999885
1773725317977288,-0.00598114,0.0137657,-0.999887
1773725317997290,-0.00509301,0.0147825,-0.999878
1773725318017291,-0.00613871,0.0141974,-0.99988
1773725318037292,-0.00669045,0.014292,-0.999875
1773725318057288,-0.00669792,0.014138,-0.999878
1773725318077291,-0.00605115,0.0147875,-0.999872
1773725318097290,-0.00593316,0.014176,-0.999882
1773725318117289,-0.00614571,0.0140876,-0.999882
1773725318137289,-0.00593482,0.0140497,-0.999884
1773725318157288,-0.00498269,0.0143568,-0.999885
1773725318177292,-0.00497075,0.0141201,-0.999888
1773725318197291,-0.00551398,0.0142406,-0.999883
1773725318217352,-0.00547205,0.0141848,-0.999884
1773725318237293,-0.00589206,0.0145311,-0.999877
1773725318257287,-0.00566183,0.0136441,-0.999891
1773725318277290,-0.00530503,0.0141605,-0.999886
1773725318297294,-0.0054247,0.0136524,-0.999892
1773725318317291,-0.00507321,0.0139571,-0.99989
1773725318337290,-0.00511029,0.0139595,-0.99989
1773725318357374,-0.00618057,0.0137421,-0.999886
1773725318377291,-0.005699,0.0134376,-0.999893
1773725318397290,-0.00560657,0.0139172,-0.999887
1773725318417289,-0.00608145,0.0130791,-0.999896
1773725318437289,-0.00609712,0.0131039,-0.999896
1773725318457291,-0.00540138,0.0135003,-0.999894
1773725318477291,-0.00538586,0.0136654,-0.999892
1773725318497293,-0.00618082,0.0129273,-0.999897
1773725318517293,-0.00673514,0.0132841,-0.999889
1773725318537293,-0.0062313,0.0136754,-0.999887
1773725318557289,-0.00698249,0.0128004,-0.999894
1773725318577288,-0.00605847,0.0135677,-0.99989
1773725318597287,-0.00627114,0.0135672,-0.999888
1773725318617287,-0.00679336,0.0136039,-0.999884
1773725318637286,-0.00715821,0.0129918,-0.99989
1773725318657291,-0.00742011,0.0129453,-0.999889
1773725318677291,-0.00707283,0.0130699,-0.99989
1773725318697290,-0.00744775,0.013058,-0.999887
1773725318717302,-0.00709834,0.0129601,-0.999891
1773725318737293,-0.0063414,0.0135124,-0.999889
1773725318757291,-0.00681061,0.0135305,-0.999885
1773725318777292,-0.00696688,0.0128004,-0.999894
1773725318797295,-0.00675934,0.0136475,-0.999884
1773725318817292,-0.00670008,0.0128755,-0.999895
1773725318837292,-0.00595998,0.0136649,-0.999889
1773725318857293,-0.00690673,0.0131515,-0.99989
1773725318877291,-0.00569731,0.0136509,-0.999891
1773725318897293,-0.00633344,0.0140268,-0.999882
1773725318917294,-0.00606782,0.0138997,-0.999885
1773725318937298,-0.0061542,0.0138533,-0.999885
1773725318957300,-0.00586411,0.0140997,-0.999883
1773725318977293,-0.00681508,0.0139425,-0.99988
1773725318997292,-0.00657045,0.0136317,-0.999885
1773725319017294,-0.00608188,0.0143236,-0.999879
1773725319037296,-0.00592195,0.0145232,-0.999877
1773725319057294,-0.00625371,0.014238,-0.999879
1773725319077295,-0.00594555,0.0142345,-0.999881
1773725319097401,-0.0058317,0.0136656,-0.99989
1773725319117290,-0.00649884,0.0136364,-0.999886
1773725319137289,-0.00590085,0.0142381,-0.999881
1773725319157291,-0.00628408,0.013706,-0.999886
1773725319177296,-0.00605647,0.0136387,-0.999889
1773725319197292,-0.00623426,0.0138724,-0.999884
1773725319217293,-0.00564312,0.0137136,-0.99989
1773725319237294,-0.00582815,0.014338,-0.99988
1773725319257292,-0.00559595,0.0135983,-0.999892
1773725319277293,-0.00554924,0.0142985,-0.999882
1773725319297294,-0.00618506,0.0139315,-0.999884
1773725319317292,-0.00571287,0.0140142,-0.999885
1773725319337293,-0.00487687,0.0144901,-0.999883
1773725319357289,-0.0056806,0.014106,-0.999884
1773725319377289,-0.00600975,0.0139932,-0.999884
1773725319397305,-0.00536368,0.0146689,-0.999878
1773725319417293,-0.00466545,0.014476,-0.999884
1773725319437292,-0.005331,0.0143914,-0.999882
1773725319457291,-0.00550536,0.0136927,-0.999891
1773725319477293,-0.00597757,0.0133847,-0.999893
1773725319497290,-0.00563027,0.0141545,-0.999884
1773725319517290,-0.00645364,0.0135109,-0.999888
1773725319537288,-0.00641381,0.0130116,-0.999895
1773725319557294,-0.00667236,0.0132006,-0.999891
1773725319577290,-0.00634462,0.0135893,-0.999888
1773725319597290,-0.00678581,0.012817,-0.999895
1773725319617290,-0.0068656,0.012751,-0.999895
1773725319637295,-0.00640521,0.0128372,-0.999897
1773725319657288,-0.00631173,0.013315,-0.999891
1773725319677289,-0.00614321,0.0136475,-0.999888
1773725319697316,-0.00636853,0.0127232,-0.999899
1773725319717290,-0.00651085,0.0132475,-0.999891
1773725319737288,-0.00680424,0.0128502,-0.999894
1773725319757287,-0.00642362,0.0133299,-0.999891
1773725319777287,-0.00688331,0.0127471,-0.999895
1773725319797290,-0.00653229,0.0125886,-0.999899
1773725319817289,-0.00676949,0.0126175,-0.999897
1773725319837311,-0.00635406,0.0127957,-0.999898
1773725319857287,-0.00676026,0.0127977,-0.999895
1773725319877290,-0.0060077,0.0133857,-0.999892
1773725319897294,-0.00610346,0.0135842,-0.999889
1773725319917292,-0.0065771,0.0130267,-0.999894
1773725319937291,-0.00593598,0.0136313,-0.999889
1773725319957287,-0.00538812,0.0138153,-0.99989
1773725319977293,-0.00614537,0.0130114,-0.999896
1773725319997290,-0.00581628,0.0138975,-0.999887
1773725320017322,-0.00602407,0.0139189,-0.999885
1773725320037290,-0.00562848,0.0138598,-0.999888
1773725320057291,-0.0066835,0.0134253,-0.999888
1773725320077290,-0.00650423,0.0134128,-0.999889
1773725320097290,-0.00667714,0.0134358,-0.999887
1773725320117288,-0.00635141,0.013874,-0.999884
1773725320137428,-0.00628107,0.0138788,-0.999884
1773725320157289,-0.00644201,0.0137459,-0.999885
1773725320177291,-0.00614255,0.0146925,-0.999873
1773725320197288,-0.00641718,0.0138907,-0.999883
1773725320217288,-0.00616523,0.0138814,-0.999885
1773725320237289,-0.00558964,0.013742,-0.99989
1773725320257327,-0.00490669,0.0146925,-0.99988
1773725320277289,-0.00643489,0.0149592,-0.999867
1773725320297290,-0.00636386,0.0144493,-0.999875
1773725320317306,-0.0069674,0.0143131,-0.999873
1773725320337285,-0.00509809,0.0145671,-0.999881
1773725320357287,-0.00568515,0.0138922,-0.999887
1773725320377286,-0.00544087,0.0146262,-0.999878
1773725320397287,-0.00489637,0.0148432,-0.999878
1773725320417298,-0.00551054,0.0146743,-0.999877
1773725320437289,-0.00642038,0.013805,-0.999884
1773725320457302,-0.00602486,0.0144492,-0.999877
1773725320477289,-0.00649583,0.0135956,-0.999886
1773725320497287,-0.00673913,0.0134002,-0.999888
1773725320517296,-0.00548992,0.0140147,-0.999887
1773725320537298,-0.00599075,0.0132794,-0.999894
1773725320557319,-0.00544785,0.0138495,-0.999889
1773725320577290,-0.00657087,0.0132334,-0.999891
1773725320597290,-0.00609171,0.0136079,-0.999889
1773725320617320,-0.00609171,0.0136079,-0.999889
1773725320637321,-0.00652457,0.0128932,-0.999896
1773725320657320,-0.0061119,0.0134331,-0.999891
1773725320677290,-0.00672366,0.012799,-0.999895
1773725320697287,-0.00563012,0.01339,-0.999894
1773725320717289,-0.00379838,0.0136919,-0.999899
1773725320737324,-0.00632267,0.0123581,-0.999904
1773725320757288,-0.00591568,0.0132945,-0.999894
1773725320777287,-0.00659019,0.012618,-0.999899
1773725320797287,-0.00579112,0.0126299,-0.999903
1773725320817292,-0.00575435,0.0126526,-0.999903
1773725320837288,-0.00522763,0.0134762,-0.999896
1773725320857289,-0.00641577,0.0127281,-0.999898
1773725320877288,-0.00601868,0.0132894,-0.999894
1773725320897288,-0.0060753,0.0134607,-0.999891
1773725320917291,-0.00679304,0.0128664,-0.999894
1773725320937289,-0.00613342,0.0129899,-0.999897
1773725320957292,-0.00560101,0.0138171,-0.999889
1773725320977288,-0.00696686,0.0131317,-0.99989
1773725320997288,-0.00698213,0.0131689,-0.999889
1773725321017288,-0.00690001,0.0130511,-0.999891
1773725321037290,-0.00673079,0.0134383,-0.999887
1773725321057287,-0.00564992,0.0138524,-0.999888
1773725321077289,-0.00675582,0.0132567,-0.999889
1773725321097288,-0.00575816,0.0140175,-0.999885
1773725321117291,-0.00695656,0.013364,-0.999886
1773725321137287,-0.00640491,0.0135346,-0.999888
1773725321157295,-0.00534389,0.014203,-0.999885
1773725321177292,-0.00657642,0.0137852,-0.999883
1773725321197292,-0.00617279,0.0147903,-0.999872
1773725321217289,-0.00618695,0.0140168,-0.999883
1773725321237291,-0.0064642,0.0137801,-0.999884
1773725321257292,-0.00751959,0.0132131,-0.999884
1773725321277292,-0.00659553,0.0143279,-0.999876
1773725321297293,-0.00678446,0.0135718,-0.999885
1773725321317292,-0.00738546,0.0138173,-0.999877
1773725321337289,-0.00638702,0.0143402,-0.999877
1773725321357289,-0.00698261,0.0141365,-0.999876
1773725321377287,-0.00675567,0.0146577,-0.99987
1773725321397291,-0.00766233,0.014053,-0.999872
1773725321417290,-0.00741441,0.0140381,-0.999874
1773725321437291,-0.00754138,0.0139052,-0.999875
1773725321457289,-0.0076031,0.0139071,-0.999874
1773725321477289,-0.00776694,0.0133967,-0.99988
1773725321497290,-0.00782262,0.0135459,-0.999878
1773725321517292,-0.00819176,0.013564,-0.999874
1773725321537341,-0.00791623,0.0137811,-0.999874
1773725321557296,-0.00777647,0.0134065,-0.99988
1773725321577293,-0.00779973,0.0129198,-0.999886
1773725321597291,-0.00770567,0.0130362,-0.999885
1773725321617291,-0.00767999,0.0126743,-0.99989
1773725321637294,-0.0071987,0.0131442,-0.999888
1773725321657294,-0.00771069,0.013036,-0.999885
1773725321677290,-0.00756243,0.0132625,-0.999883
1773725321697294,-0.00773607,0.0123058,-0.999894
1773725321717298,-0.00792758,0.0125251,-0.99989
1773725321737289,-0.00801677,0.0126921,-0.999887
1773725321757292,-0.00814534,0.0126674,-0.999887
1773725321777289,-0.00833652,0.0126671,-0.999885
1773725321797290,-0.00860256,0.0127116,-0.999882
1773725321817287,-0.00842377,0.0128122,-0.999882
1773725321837296,-0.00786657,0.0130988,-0.999883
1773725321857288,-0.00804024,0.0124232,-0.999891
1773725321877306,-0.00763802,0.0125331,-0.999892
1773725321897304,-0.0074657,0.0129926,-0.999888
1773725321917310,-0.00788535,0.0137634,-0.999874
1773725321937287,-0.00817065,0.0123452,-0.99989
1773725321957285,-0.00823888,0.0125771,-0.999887
1773725321977339,-0.00790634,0.0127993,-0.999887
1773725321997319,-0.00768491,0.0127625,-0.999889
1773725322017292,-0.00786737,0.0128551,-0.999886
1773725322037289,-0.00807641,0.0126106,-0.999888
1773725322057292,-0.00777396,0.0124575,-0.999892
1773725322077290,-0.00780368,0.0123479,-0.999893
1773725322097291,-0.00750623,0.0122724,-0.999897
1773725322117289,-0.007137,0.0125859,-0.999895
1773725322137288,-0.00730578,0.0125121,-0.999895
1773725322157294,-0.00701504,0.0123332,-0.999899
1773725322177290,-0.00690102,0.0133679,-0.999887
1773725322197294,-0.00690815,0.0131507,-0.99989
1773725322217294,-0.00717158,0.0127419,-0.999893
1773725322237292,-0.00724046,0.0124661,-0.999896
1773725322257291,-0.00799251,0.0117237,-0.999899
1773725322277291,-0.00812033,0.0117873,-0.999898
1773725322297291,-0.00813701,0.0118985,-0.999896
1773725322317290,-0.00795236,0.0116413,-0.999901
1773725322337358,-0.00705641,0.0129947,-0.999891
1773725322357291,-0.00712164,0.0126326,-0.999895
1773725322377291,-0.0080605,0.0123544,-0.999891
1773725322397361,-0.00719503,0.0127159,-0.999893
1773725322417327,-0.00733924,0.0120925,-0.9999
1773725322437293,-0.00701567,0.012637,-0.999896
1773725322457292,-0.00741301,0.0129389,-0.999889
1773725322477291,-0.00769098,0.0129493,-0.999887
1773725322497346,-0.00836349,0.0124896,-0.999887
1773725322517294,-0.0086492,0.0121721,-0.999889
1773725322537292,-0.00884041,0.0120139,-0.999889
1773725322557291,-0.00861086,0.0120693,-0.99989
1773725322577292,-0.00874152,0.0118963,-0.999891
1773725322597289,-0.00846855,0.0118561,-0.999894
1773725322617292,-0.00850493,0.0117641,-0.999895
1773725322637291,-0.00836351,0.011485,-0.999899
1773725322657290,-0.00826556,0.0121517,-0.999892
1773725322677291,-0.00769691,0.0119893,-0.999899
1773725322697293,-0.00751769,0.0121295,-0.999898
1773725322717290,-0.00771027,0.0121761,-0.999896
1773725322737294,-0.00791968,0.0126914,-0.999888
1773725322757295,-0.00847403,0.0127149,-0.999883
1773725322777291,-0.00863166,0.0126724,-0.999882
1773725322797291,-0.00891045,0.0126427,-0.99988
1773725322817293,-0.00845026,0.0128164,-0.999882
1773725322837290,-0.00818032,0.0127155,-0.999886
1773725322857290,-0.00777331,0.0125224,-0.999891
1773725322877292,-0.00772645,0.0120752,-0.999897
1773725322897291,-0.00783294,0.0119593,-0.999898
1773725322917292,-0.00730875,0.0120696,-0.9999
1773725322937292,-0.00743566,0.0121613,-0.999898
1773725322957290,-0.00732716,0.0119848,-0.999901
1773725322977289,-0.00628883,0.0120294,-0.999908
1773725322997291,-0.00561042,0.0117472,-0.999915
1773725323017290,-0.0055561,0.0118895,-0.999914
1773725323037298,-0.00530454,0.0128579,-0.999903
1773725323057288,-0.00599809,0.0128902,-0.999899
1773725323077289,-0.00656346,0.0130188,-0.999894
1773725323097286,-0.0068805,0.0130471,-0.999891
1773725323117286,-0.00679501,0.013016,-0.999892
1773725323137297,-0.00719926,0.0135154,-0.999883
1773725323157292,-0.00698067,0.0130211,-0.999891
1773725323177290,-0.00722471,0.0134075,-0.999884
1773725323197291,-0.00712052,0.0134569,-0.999884
1773725323217291,-0.0065683,0.01323,-0.999891
1773725323237294,-0.00701145,0.0136321,-0.999882
1773725323257289,-0.00677029,0.0130382,-0.999892
1773725323277291,-0.00690723,0.0132611,-0.999888
1773725323297293,-0.00707483,0.0127996,-0.999893
1773725323317294,-0.00813677,0.0126898,-0.999886
1773725323337294,-0.00751438,0.0129575,-0.999888
1773725323357293,-0.00725205,0.0122624,-0.999899
1773725323377292,-0.00687603,0.0120549,-0.999904
1773725323397290,-0.00537499,0.0119149,-0.999915
1773725323417296,-0.0056237,0.0115335,-0.999918
1773725323437290,-0.00720211,0.0123182,-0.999898
1773725323457291,-0.00648079,0.0115462,-0.999912
1773725323477288,-0.00661025,0.0111824,-0.999916
1773725323497292,-0.00652314,0.0115546,-0.999912
1773725323517300,-0.005516,0.0123862,-0.999908
1773725323537290,-0.00486824,0.011548,-0.999921
1773725323557290,-0.00460996,0.0121371,-0.999916
1773725323577290,-0.0050562,0.0128948,-0.999904
1773725323597289,-0.0056412,0.0134572,-0.999894
1773725323617295,-0.00518878,0.0135036,-0.999895
1773725323637291,-0.00508882,0.0138992,-0.99989
1773725323657291,-0.00477035,0.0137805,-0.999894
1773725323677291,-0.00462064,0.013812,-0.999894
1773725323697293,-0.00492016,0.0138064,-0.999893
1773725323717293,-0.0049793,0.0134523,-0.999897
1773725323737288,-0.00533249,0.0130687,-0.9999
1773725323757441,-0.00468428,0.0127467,-0.999908
1773725323777289,-0.00463608,0.0125668,-0.99991
1773725323797287,-0.00304816,0.0124267,-0.999918
1773725323817288,-0.0026362,0.0117763,-0.999927
1773725323837288,-0.00147585,0.0118416,-0.999929
1773725323857290,-0.00170807,0.0115311,-0.999932
1773725323877288,-0.00357568,0.0100288,-0.999943
1773725323897286,-0.00311427,0.0091734,-0.999953
1773725323917287,-0.00371298,0.00893232,-0.999953
1773725323937286,-0.00356266,0.00806066,-0.999961
1773725323957291,-0.00289181,0.00727039,-0.999969
1773725323977289,-0.00238313,0.00749131,-0.999969
1773725323997320,-0.00142784,0.00771757,-0.999969
1773725324017288,-0.00224145,0.00724226,-0.999971
1773725324037291,-0.00115276,0.00853186,-0.999963
1773725324057289,-0.000735165,0.00918407,-0.999958
1773725324077291,-0.00138728,0.0101043,-0.999948
1773725324097288,-5.8259e-05,0.0104472,-0.999945
1773725324117290,0.00086292,0.0119144,-0.999929
1773725324137290,-0.001316,0.0101491,-0.999948
1773725324157286,-0.00163605,0.0112325,-0.999936
1773725324177286,-0.00161249,0.011905,-0.999928
1773725324197287,-0.00214928,0.0118823,-0.999927
1773725324217288,-0.00260337,0.0121559,-0.999923
1773725324237287,-0.00285985,0.0125141,-0.999918
1773725324257287,-0.0048446,0.0127178,-0.999907
1773725324277288,-0.00500401,0.0134672,-0.999897
1773725324297322,-0.00515776,0.0130679,-0.999901
1773725324317285,-0.00517529,0.0148142,-0.999877
1773725324337300,-0.0053073,0.0141877,-0.999885
1773725324357307,-0.00623189,0.013967,-0.999883
1773725324377287,-0.00643691,0.0126372,-0.999899
1773725324397308,-0.00660468,0.0120203,-0.999906
1773725324417285,-0.00824739,0.0100495,-0.999915
1773725324437285,-0.00833116,0.0099999,-0.999915
1773725324457285,-0.0095109,0.00968084,-0.999908
1773725324477291,-0.00742182,0.00940321,-0.999928
1773725324497288,-0.00771003,0.00869916,-0.999932
1773725324517289,-0.00696234,0.0080764,-0.999943
1773725324537288,-0.00644415,0.00726147,-0.999953
1773725324557289,-0.00637648,0.00731589,-0.999953
1773725324577290,-0.00571644,0.00752659,-0.999955
1773725324597289,-0.00482197,0.00758186,-0.99996
1773725324617288,-0.00242054,0.010309,-0.999944
1773725324637288,-0.00256395,0.00902501,-0.999956
1773725324657288,-0.00269672,0.00893472,-0.999956
1773725324677289,-0.00235229,0.00868979,-0.999959
1773725324697287,-0.00248146,0.00891663,-0.999957
1773725324717294,-0.00176255,0.00846249,-0.999963
1773725324737286,-0.00154031,0.00872811,-0.999961
1773725324757286,-0.00123217,0.00883784,-0.99996
1773725324777288,-0.000348461,0.00892725,-0.99996
1773725324797286,-0.000361352,0.00945715,-0.999955
1773725324817288,0.00191278,0.00848238,-0.999962
1773725324837288,0.00258847,0.00748068,-0.999969
1773725324857286,0.00201516,0.00707101,-0.999973
1773725324877286,0.00137791,0.00713495,-0.999974
1773725324897289,0.000987343,0.0064713,-0.999979
1773725324917287,0.000229488,0.0072935,-0.999973
1773725324937288,-4.91059e-05,0.00770035,-0.99997
1773725324957287,0.00025448,0.00772762,-0.99997
1773725324977285,0.000578729,0.00737761,-0.999973
1773725324997286,0.000936596,0.00774371,-0.99997
1773725325017286,0.00111181,0.00860712,-0.999962
1773725325037288,-0.0015226,0.00711903,-0.999974
1773725325057289,-0.0010215,0.00702471,-0.999975
1773725325077287,0.000730035,0.00840361,-0.999964
1773725325097287,0.000240941,0.0100401,-0.99995
1773725325117286,0.00035197,0.00961757,-0.999954
1773725325137286,-0.000900562,0.0115733,-0.999933
1773725325157287,-0.00101449,0.0111812,-0.999937
1773725325177286,-0.00217324,0.0116223,-0.99993
1773725325197289,-0.00292495,0.0118922,-0.999925
1773725325217288,-0.00184568,0.011146,-0.999936
1773725325237288,-0.00215311,0.0110819,-0.999936
1773725325257297,-0.00184635,0.0110553,-0.999937
1773725325277290,-0.0032514,0.00995537,-0.999945
1773725325297288,-0.00393703,0.00996216,-0.999943
1773725325317287,-0.00478267,0.00956349,-0.999943
1773725325337295,-0.00547796,0.00899153,-0.999945
1773725325357290,-0.00613176,0.00875694,-0.999943
1773725325377287,-0.00718959,0.00715386,-0.999949
1773725325397289,-0.00808393,0.0067618,-0.999944
1773725325417288,-0.0091662,0.00653853,-0.999937
1773725325437287,-0.00913813,0.00549257,-0.999943
1773725325457314,-0.00978065,0.00512692,-0.999939
1773725325477409,-0.00977757,0.00514261,-0.999939
1773725325497288,-0.0117281,0.00550364,-0.999916
1773725325517290,-0.0123552,0.0050445,-0.999911
1773725325537288,-0.0122819,0.00492819,-0.999912
1773725325557287,-0.0122585,0.00555622,-0.999909
1773725325577289,-0.0119489,0.0058915,-0.999911
1773725325597286,-0.0116552,0.0061396,-0.999913
1773725325617290,-0.0118328,0.00606161,-0.999912
1773725325637286,-0.0112202,0.00639701,-0.999917
1773725325657287,-0.0117389,0.00565252,-0.999915
1773725325677285,-0.0115844,0.00578019,-0.999916
1773725325697288,-0.00818157,0.00970806,-0.999919
1773725325717327,-0.00762371,0.0105905,-0.999915
1773725325737288,-0.0103701,0.00799998,-0.999914
1773725325757316,-0.0101108,0.00959651,-0.999903
1773725325777286,-0.00695235,0.0123377,-0.9999
1773725325797287,-0.00930138,0.0106138,-0.9999
1773725325817310,-0.00889971,0.0103224,-0.999907
1773725325837286,-0.00833016,0.0104801,-0.99991
1773725325857288,-0.00822607,0.0109656,-0.999906
1773725325877288,-0.00890786,0.0109738,-0.9999
1773725325897287,-0.00871024,0.0111173,-0.9999
1773725325917286,-0.00871024,0.0111173,-0.9999
1773725325937291,-0.00973225,0.0112394,-0.999889
1773725325957288,-0.00981291,0.0110693,-0.999891
1773725325977288,-0.0113973,0.0101033,-0.999884
1773725325997287,-0.0118358,0.00994421,-0.999881
1773725326017289,-0.0133572,0.0102848,-0.999858
1773725326037287,-0.0122382,0.0119063,-0.999854
1773725326057287,-0.0123661,0.0115665,-0.999857
1773725326077287,-0.0129302,0.0109947,-0.999856
1773725326097285,-0.0129579,0.0100678,-0.999865
1773725326117285,-0.0127983,0.00992938,-0.999869
1773725326137285,-0.0122834,0.00927477,-0.999882
1773725326157287,-0.012187,0.00865121,-0.999888
1773725326177288,-0.0122403,0.0081627,-0.999892
1773725326197285,-0.0118657,0.00812857,-0.999897
1773725326217286,-0.0114697,0.00811512,-0.999901
1773725326237287,-0.0112591,0.00849198,-0.999901
1773725326257285,-0.0101755,0.0074008,-0.999921
1773725326277286,-0.00945836,0.00856362,-0.999919
1773725326297287,-0.0092259,0.00885825,-0.999918
1773725326317294,-0.00772937,0.00835403,-0.999935
1773725326337287,-0.00647952,0.00970391,-0.999932
1773725326357288,-0.00489289,0.00991604,-0.999939
1773725326377289,-0.00434422,0.0102272,-0.999938
1773725326397307,-0.00317736,0.0107433,-0.999937
1773725326417285,-0.00261824,0.0108421,-0.999938
1773725326437307,-0.00100413,0.0114636,-0.999934
1773725326457286,-0.000886986,0.0112149,-0.999937
1773725326477286,0.000614554,0.0118615,-0.999929
1773725326497286,0.00158797,0.0122747,-0.999923
1773725326517287,0.00252193,0.0124576,-0.999919
1773725326537285,0.00294667,0.0129827,-0.999911
1773725326557318,0.00294126,0.0130518,-0.99991
1773725326577287,0.00384849,0.0126359,-0.999913
1773725326597291,0.00450593,0.0125042,-0.999912
1773725326617288,0.00489276,0.0130144,-0.999903
1773725326637366,0.00517161,0.0125219,-0.999908
1773725326657293,0.00480769,0.0121415,-0.999915
1773725326677253,0.00445402,0.012483,-0.999912
1773725326697287,0.00476949,0.011919,-0.999918
1773725326717288,0.00422555,0.0117793,-0.999922
1773725326737294,0.00373526,0.0112162,-0.99993
1773725326757321,0.00392109,0.0109159,-0.999933
1773725326777289,0.00364285,0.0102979,-0.99994
1773725326797288,0.00355754,0.0100314,-0.999943
1773725326817289,0.00316314,0.0108182,-0.999936
1773725326837287,0.00190389,0.00996662,-0.999949
1773725326857289,0.00198204,0.00990572,-0.999949
1773725326877288,0.00149915,0.0100348,-0.999949
1773725326897286,0.000594227,0.00984273,-0.999951
1773725326917289,0.000813609,0.010304,-0.999947
1773725326937287,0.000781177,0.00978735,-0.999952
1773725326957287,0.00043721,0.0108753,-0.999941
1773725326977287,0.000141836,0.0107266,-0.999942
1773725326997290,-0.00013432,0.0105933,-0.999944
1773725327017289,-0.000107373,0.0107219,-0.999943
1773725327037292,-0.000258076,0.0109701,-0.99994
1773725327057288,0.000261641,0.0115287,-0.999934
1773725327077287,-0.000497369,0.0109575,-0.99994
1773725327097287,-8.98612e-05,0.0113533,-0.999936
1773725327117290,0.000176951,0.0112428,-0.999937
1773725327137288,-0.000231273,0.0115428,-0.999933
1773725327157286,-0.000138922,0.0116974,-0.999932
1773725327177288,-0.000819655,0.0123164,-0.999924
1773725327197287,-0.000415082,0.012142,-0.999926
1773725327217287,-0.000817494,0.011443,-0.999934
1773725327237287,-0.000705175,0.0114937,-0.999934
1773725327257288,-0.00164212,0.0121356,-0.999925
1773725327277288,-0.001145,0.0122867,-0.999924
1773725327297314,-0.000613959,0.0123491,-0.999924
1773725327317285,-0.0012515,0.0121728,-0.999925
1773725327337292,-0.00146652,0.0123928,-0.999922
1773725327357292,-0.000899293,0.0114997,-0.999933
1773725327377295,-0.000445226,0.0117046,-0.999931
1773725327397294,-0.000649367,0.0112289,-0.999937
1773725327417296,-0.000693759,0.0114983,-0.999934
1773725327437292,-8.57337e-05,0.0108524,-0.999941
1773725327457289,0.000231005,0.0107367,-0.999942
1773725327477291,-0.00114137,0.0109335,-0.99994
1773725327497290,-0.000759399,0.011054,-0.999939
1773725327517289,-0.000923615,0.0114083,-0.999934
1773725327537290,0.000661333,0.0104153,-0.999946
1773725327557315,0.000611404,0.0112565,-0.999936
1773725327577314,0.000766878,0.0104385,-0.999945
1773725327597286,0.00136042,0.0107658,-0.999941
1773725327617288,0.000896651,0.0092995,-0.999956
1773725327637287,-0.00183155,0.00874158,-0.99996
1773725327657313,-0.00224916,0.00855836,-0.999961
1773725327677286,-0.00385843,0.00677466,-0.99997
1773725327697287,-0.00382695,0.00625814,-0.999973
1773725327717288,-0.00551758,0.00551437,-0.99997
1773725327737286,-0.00661644,0.00540597,-0.999963
1773725327757308,-0.00705224,0.0049645,-0.999963
1773725327777286,-0.011622,0.00108494,-0.999932
1773725327797292,-0.00914162,0.00270985,-0.999955
1773725327817290,-0.0100744,0.00238446,-0.999946
1773725327837377,-0.0103439,0.00236593,-0.999944
1773725327857287,-0.0114351,0.00161502,-0.999933
1773725327877286,-0.0108624,0.00254867,-0.999938
1773725327897291,-0.0119078,0.00253401,-0.999926
1773725327917287,-0.0130783,0.0018889,-0.999913
1773725327937312,-0.0137174,0.00226107,-0.999903
1773725327957289,-0.0165887,0.000665071,-0.999862
1773725327977290,-0.0175624,-1.46596e-06,-0.999846
1773725327997289,-0.0193198,-0.000543868,-0.999813
1773725328017287,-0.020163,-0.000787621,-0.999796
1773725328037290,-0.0246353,0.000184048,-0.999696
1773725328057288,-0.0248566,-0.000135425,-0.999691
1773725328077285,-0.0268251,0.000416028,-0.99964
1773725328097287,-0.0295914,0.000239392,-0.999562
1773725328117287,-0.0311239,0.000188156,-0.999516
1773725328137286,-0.0314003,0.000117217,-0.999507
1773725328157291,-0.0317088,0.000374415,-0.999497
1773725328177287,-0.0311134,-0.000408976,-0.999516
1773725328197286,-0.0318872,0.000237879,-0.999491
1773725328217289,-0.0330772,0.000424196,-0.999453
1773725328237288,-0.032797,0.000835706,-0.999462
1773725328257287,-0.0328351,0.00144126,-0.99946
1773725328277285,-0.0321904,0.00129893,-0.999481
1773725328297289,-0.0324369,0.00150922,-0.999473
1773725328317289,-0.0314597,0.00196515,-0.999503
1773725328337286,-0.0302067,0.00298694,-0.999539
1773725328357295,-0.0304903,0.0030879,-0.99953
1773725328377287,-0.0293076,0.00287671,-0.999566
1773725328397286,-0.0292133,0.00363733,-0.999567
1773725328417287,-0.0281695,0.0042576,-0.999594
1773725328437287,-0.0269043,0.00544153,-0.999623
1773725328457285,-0.0263173,0.00576332,-0.999637
1773725328477286,-0.0238632,0.00647362,-0.999694
1773725328497287,-0.0236131,0.00665458,-0.999699
1773725328517287,-0.0232137,0.00711394,-0.999705
1773725328537287,-0.021707,0.00713741,-0.999739
1773725328557288,-0.0206513,0.00726822,-0.99976
1773725328577287,-0.0192733,0.00761775,-0.999785
1773725328597305,-0.0184654,0.00766873,-0.9998
1773725328617288,-0.0182751,0.00776629,-0.999803
1773725328637306,-0.0173648,0.00745384,-0.999821
1773725328657288,-0.0160116,0.00720826,-0.999846
1773725328677311,-0.0152906,0.00758734,-0.999854
1773725328697287,-0.0145148,0.00710835,-0.999869
1773725328717289,-0.0136187,0.00764181,-0.999878
1773725328737287,-0.0128602,0.00786567,-0.999886
1773725328757286,-0.0117371,0.00784013,-0.9999
1773725328777287,-0.0109106,0.00758111,-0.999912
1773725328797288,-0.0105889,0.0079923,-0.999912
1773725328817292,-0.00972492,0.00837451,-0.999918
1773725328837314,-0.00778122,0.00834239,-0.999935
1773725328857316,-0.0072521,0.00804395,-0.999941
1773725328877287,-0.00688874,0.00823551,-0.999942
1773725328897289,-0.00579847,0.00796535,-0.999951
1773725328917288,-0.00391979,0.00789256,-0.999961
1773725328937290,-0.00229329,0.00761783,-0.999968
1773725328957311,-0.00106704,0.00820018,-0.999966
1773725328977288,-0.00016402,0.00837526,-0.999965
1773725328997296,0.00124803,0.00877804,-0.999961
1773725329017287,0.00274739,0.00920417,-0.999954
1773725329037288,0.0038616,0.00897728,-0.999952
1773725329057288,0.00409051,0.00889783,-0.999952
1773725329077308,0.00493652,0.00857705,-0.999951
1773725329097286,0.0059002,0.0086064,-0.999946
1773725329117307,0.0070882,0.00828955,-0.999941
1773725329137290,0.00820977,0.00846667,-0.99993
1773725329157287,0.00797775,0.00833254,-0.999933
1773725329177288,0.00794296,0.00852464,-0.999932
1773725329197317,0.00887908,0.00804633,-0.999928
1773725329217288,0.00875318,0.00738081,-0.999934
1773725329237287,0.00874421,0.00758016,-0.999933
1773725329257287,0.00868245,0.00741476,-0.999935
1773725329277312,0.00850917,0.00585919,-0.999947
1773725329297288,0.0083023,0.00572223,-0.999949
1773725329317287,0.00819238,0.00595151,-0.999949
1773725329337292,0.0074782,0.00661711,-0.99995
1773725329357290,0.00771825,0.00604344,-0.999952
1773725329377287,0.00760942,0.00612772,-0.999952
1773725329397288,0.00704467,0.00631069,-0.999955
1773725329417287,0.00724684,0.00644054,-0.999953
1773725329437286,0.00664372,0.00683899,-0.999955
1773725329457294,0.00596664,0.0065317,-0.999961
1773725329477287,0.00559692,0.00625548,-0.999965
1773725329497287,0.00488028,0.00690629,-0.999964
1773725329517286,0.00531386,0.00742989,-0.999958
1773725329537316,0.00363978,0.00766786,-0.999964
1773725329557288,0.00319171,0.00778562,-0.999965
1773725329577288,0.00343061,0.00868033,-0.999956
1773725329597287,0.00329601,0.00927385,-0.999952
1773725329617291,0.00488247,0.009344,-0.999944
1773725329637289,0.00450213,0.00936573,-0.999946
1773725329657288,0.00472015,0.00864305,-0.999952
1773725329677310,0.00472578,0.0106794,-0.999932
1773725329697288,0.00528885,0.0113762,-0.999921
1773725329717289,0.00469985,0.0108241,-0.99993
1773725329737288,0.00410539,0.0116823,-0.999923
1773725329757289,0.00343865,0.0111881,-0.999931
1773725329777313,0.00376441,0.0116497,-0.999925
1773725329797293,0.00366505,0.012003,-0.999921
1773725329817292,0.0029742,0.0115093,-0.999929
1773725329837318,0.00339196,0.0123483,-0.999918
1773725329857323,0.0024735,0.0116622,-0.999929
1773725329877289,0.0027162,0.0117789,-0.999927
1773725329897287,0.0013104,0.0108418,-0.99994
1773725329917285,0.000642476,0.0108032,-0.999941
1773725329937287,-0.000969701,0.0111708,-0.999937
1773725329957315,-0.000834447,0.011796,-0.99993
1773725329977288,-0.00193275,0.0113323,-0.999934
1773725329997290,-0.00231253,0.0107505,-0.99994
1773725330017321,-0.0026415,0.0107432,-0.999939
1773725330037287,-0.00538754,0.0101963,-0.999934
1773725330057286,-0.00701032,0.0103061,-0.999922
1773725330077289,-0.00780261,0.0101665,-0.999918
1773725330097288,-0.00892457,0.00946863,-0.999915
1773725330117287,-0.00892176,0.0097965,-0.999912
1773725330137289,-0.00906771,0.00931508,-0.999915
1773725330157315,-0.00977556,0.00960154,-0.999906
1773725330177288,-0.0119615,0.00900909,-0.999888
1773725330197289,-0.0115745,0.0084452,-0.999897
1773725330217287,-0.0117466,0.00893135,-0.999891
1773725330237382,-0.0116091,0.00843923,-0.999897
1773725330257300,-0.011595,0.00841348,-0.999897
1773725330277286,-0.0113863,0.00760173,-0.999906
1773725330297286,-0.0120514,0.00708905,-0.999902
1773725330317287,-0.0107316,0.00820385,-0.999909
1773725330337286,-0.0112093,0.00789211,-0.999906
1773725330357287,-0.0115531,0.00745944,-0.999905
1773725330377342,-0.0109068,0.00849387,-0.999904
1773725330397310,-0.00982833,0.0078359,-0.999921
1773725330417289,-0.0107128,0.00716821,-0.999917
1773725330437366,-0.0107137,0.00652045,-0.999921
1773725330457310,-0.00997031,0.00731056,-0.999924
1773725330477341,-0.00852257,0.00739701,-0.999936
1773725330497297,-0.00928029,0.00806663,-0.999924
1773725330517294,-0.00860753,0.00872665,-0.999925
1773725330537289,-0.00802419,0.00827228,-0.999934
1773725330557290,-0.00837477,0.00776763,-0.999935
1773725330577288,-0.00834656,0.00725384,-0.999939
1773725330597287,-0.00824991,0.00752232,-0.999938
1773725330617288,-0.00753573,0.00750221,-0.999943
1773725330637286,-0.00710916,0.00863047,-0.999937
1773725330657286,-0.0080365,0.00789714,-0.999937
1773725330677287,-0.00749675,0.00796549,-0.99994
1773725330697252,-0.00738007,0.0080446,-0.99994
1773725330717292,-0.00751122,0.00836991,-0.999937
1773725330737291,-0.00667757,0.00899722,-0.999937
1773725330757291,-0.00608658,0.00912195,-0.99994
1773725330777291,-0.00437781,0.00916792,-0.999948
1773725330797290,-0.00437383,0.00925106,-0.999948
1773725330817292,-0.00408184,0.00934184,-0.999948
1773725330837291,-0.00377871,0.00943395,-0.999948
1773725330857292,-0.00169213,0.0109387,-0.999939
1773725330877293,-0.00222533,0.0103732,-0.999944
1773725330897290,-0.000431469,0.0117379,-0.999931
1773725330917290,-0.000251491,0.0118457,-0.99993
1773725330937294,0.000671382,0.0115692,-0.999933
1773725330957290,0.00182934,0.0118856,-0.999928
1773725330977291,0.00246848,0.0115214,-0.999931
1773725330997293,0.00317325,0.0117891,-0.999925
1773725331017293,0.00348788,0.0111791,-0.999931
1773725331037291,0.00478515,0.0111503,-0.999926
1773725331057288,0.00353775,0.0103131,-0.999941
1773725331077291,0.00370096,0.0107046,-0.999936
1773725331097293,0.00438971,0.00993199,-0.999941
1773725331117290,0.00456771,0.00961001,-0.999943
1773725331137286,0.00412297,0.00823931,-0.999958
1773725331157286,0.00405491,0.00817182,-0.999958
1773725331177287,0.00469365,0.00684059,-0.999966
1773725331197316,0.00412932,0.00640715,-0.999971
1773725331217289,0.00348511,0.00642109,-0.999973
1773725331237309,0.00381591,0.00558306,-0.999977
1773725331257296,0.00436153,0.00447997,-0.99998
1773725331277288,0.00326281,0.00500616,-0.999982
1773725331297286,0.00357204,0.00388731,-0.999986
1773725331317286,0.00347486,0.00377794,-0.999987
1773725331337287,0.00452674,0.00369856,-0.999983
1773725331357289,0.00463946,0.00337013,-0.999984
1773725331377288,0.00539735,0.00212953,-0.999983
1773725331397287,0.00704787,0.00195472,-0.999973
1773725331417287,0.00714702,0.00201449,-0.999972
1773725331437288,0.00703078,0.00263408,-0.999972
1773725331457288,0.00749788,0.00304684,-0.999967
1773725331477290,0.00728157,0.00257022,-0.99997
1773725331497286,0.00682786,0.00251083,-0.999974
1773725331517286,0.00685609,0.00284638,-0.999972
1773725331537289,0.00575558,0.00235456,-0.999981
1773725331557286,0.00553449,0.00394791,-0.999977
1773725331577289,0.0039884,0.00586065,-0.999975
1773725331597311,0.00383897,0.00573704,-0.999976
1773725331617293,0.00490198,0.00553995,-0.999973
1773725331637288,0.00551722,0.00554869,-0.999969
1773725331657320,0.00465737,0.00377701,-0.999982
1773725331677289,0.00333524,0.0044259,-0.999985
1773725331697288,0.00465322,0.00478806,-0.999978
1773725331717287,0.00391287,0.00394078,-0.999985
1773725331737288,0.00303879,0.00375958,-0.999988
1773725331757288,0.0017538,0.0038924,-0.999991
1773725331777288,0.00181141,0.00235449,-0.999996
1773725331797287,-0.000808079,0.00329886,-0.999994
1773725331817289,-0.000556485,0.00266689,-0.999996
1773725331837287,-0.00107857,0.00296472,-0.999995
1773725331857288,-0.00247442,0.00253327,-0.999994
1773725331877289,-0.00139856,0.00229546,-0.999996
1773725331897287,-0.00204921,0.00287443,-0.999994
1773725331917292,-0.00114099,0.00211901,-0.999997
1773725331937290,-0.00158654,0.00156464,-0.999998
1773725331957311,-0.00234456,0.0020811,-0.999995
1773725331977287,-0.00152637,0.00193414,-0.999997
1773725331997287,-0.000685175,0.000834453,-0.999999
1773725332017286,-0.00223554,0.00156428,-0.999996
1773725332037288,-0.00328056,0.00220811,-0.999992
1773725332057318,-0.00385099,0.00253623,-0.999989
1773725332077314,-0.00351258,0.00195995,-0.999992
1773725332097315,-0.00426454,0.00202533,-0.999989
1773725332117287,-0.00515134,0.00303842,-0.999982
1773725332137289,-0.00441893,0.00286388,-0.999986
1773725332157293,-0.00568672,0.0041365,-0.999975
1773725332177289,-0.00647087,0.00507383,-0.999966
1773725332197288,-0.00717686,0.00538858,-0.99996
1773725332217295,-0.0070586,0.00506184,-0.999962
1773725332237288,-0.00687313,0.00299763,-0.999972
1773725332257287,-0.0074902,0.00236134,-0.999969
1773725332277287,-0.00710755,0.00190898,-0.999973
1773725332297294,-0.00865254,0.00288317,-0.999958
1773725332317288,-0.00871716,0.00228815,-0.999959
1773725332337286,-0.00751416,0.00191086,-0.99997
1773725332357293,-0.00710971,0.00283525,-0.999971
1773725332377289,-0.00275897,0.00103444,-0.999996
1773725332397289,-0.00250396,0.00111805,-0.999996
1773725332417287,-0.00137401,0.000740084,-0.999999
1773725332437290,-0.0016785,0.000336015,-0.999999
1773725332457288,-0.000937277,0.000958904,-0.999999
1773725332477287,-0.000998701,0.00114217,-0.999999
1773725332497313,8.47426e-05,0.000975934,-1
1773725332517288,-0.00218118,0.00239939,-0.999995
1773725332537287,-0.00167718,0.00180837,-0.999997
1773725332557292,-0.00155929,0.0017893,-0.999997
1773725332577316,-0.000660154,0.00223876,-0.999997
1773725332597288,-0.00130357,0.00255171,-0.999996
1773725332617286,-0.00211388,0.00190518,-0.999996
1773725332637289,-0.00307398,0.00223379,-0.999993
1773725332657287,-0.00531905,0.00156201,-0.999985
1773725332677287,-0.00510364,0.000795321,-0.999987
1773725332697288,-0.00597637,-0.000839431,-0.999982
1773725332717291,-0.00661741,-0.00140523,-0.999977
1773725332737287,-0.00683619,-0.0021781,-0.999974
1773725332757288,-0.00664419,-0.0026644,-0.999974
1773725332777313,-0.00435755,-0.00451704,-0.99998
1773725332797287,-0.00545735,-0.00366631,-0.999978
1773725332817288,-0.00549299,-0.0041052,-0.999976
1773725332837291,-0.00419914,-0.0047162,-0.99998
1773725332857297,-0.00378222,-0.00524027,-0.999979
1773725332877288,-0.00484805,-0.0046413,-0.999977
1773725332897289,-0.00500886,-0.00491757,-0.999975
1773725332917288,-0.00616534,-0.00474588,-0.99997
1773725332937292,-0.00712882,-0.00479166,-0.999963
1773725332957291,-0.00790678,-0.00473318,-0.999958
1773725332977290,-0.00700128,-0.0039333,-0.999968
1773725332997291,-0.00649088,-0.00279229,-0.999975
1773725333017319,-0.00620348,-0.002101,-0.999979
1773725333037288,-0.00510842,-0.00265363,-0.999983
1773725333057291,-0.00476249,-0.00158569,-0.999987
1773725333077294,-0.00513287,-0.00283253,-0.999983
1773725333097286,-0.00537354,-0.00238873,-0.999983
1773725333117291,-0.00628462,-0.00170625,-0.999979
1773725333137290,-0.00693022,-0.00144636,-0.999975
1773725333157290,-0.00752687,-0.00119195,-0.999971
1773725333177291,-0.00824042,-0.00117469,-0.999965
1773725333197293,-0.00829624,-0.00211992,-0.999963
1773725333217289,-0.00868556,-0.00165629,-0.999961
1773725333237318,-0.00965227,-0.000532699,-0.999953
1773725333257286,-0.00953787,-0.000264023,-0.999954
1773725333277289,-0.00890952,0.00128636,-0.999959
1773725333297289,-0.00936571,0.0026475,-0.999953
1773725333317290,-0.010672,0.00339797,-0.999937
1773725333337291,-0.0116137,0.00323878,-0.999927
1773725333357291,-0.0125448,0.00315706,-0.999916
1773725333377312,-0.0133024,0.00324307,-0.999906
1773725333397291,-0.0140434,0.00305248,-0.999897
1773725333417289,-0.0153425,0.00362006,-0.999876
1773725333437285,-0.0163544,0.00345278,-0.99986
1773725333457285,-0.0165519,0.00326337,-0.999858
1773725333477286,-0.0171852,0.00296312,-0.999848
1773725333497287,-0.0184879,0.00287163,-0.999825
1773725333517309,-0.0198033,0.00298379,-0.999799
1773725333537290,-0.021053,0.00328221,-0.999773
1773725333557287,-0.0222439,0.00393365,-0.999745
1773725333577287,-0.0232907,0.00399772,-0.999721
1773725333597289,-0.0250011,0.00401048,-0.999679
1773725333617289,-0.0262242,0.00489176,-0.999644
1773725333637288,-0.0272542,0.00464685,-0.999618
1773725333657318,-0.0284974,0.00383755,-0.999587
1773725333677288,-0.0317613,0.00502559,-0.999483
1773725333697289,-0.0319746,0.00399717,-0.999481
1773725333717288,-0.0328233,0.00428773,-0.999452
1773725333737288,-0.0336169,0.00364028,-0.999428
1773725333757288,-0.0344188,0.00379455,-0.9994
1773725333777289,-0.0351413,0.00328487,-0.999377
1773725333797317,-0.035578,0.00321088,-0.999362
1773725333817291,-0.036404,0.00415665,-0.999329
1773725333837289,-0.0370956,0.00356912,-0.999305
1773725333857291,-0.0370586,0.00298476,-0.999309
1773725333877289,-0.0374184,0.00254245,-0.999296
1773725333897289,-0.0388067,0.00301845,-0.999242
1773725333917288,-0.0389918,0.00225548,-0.999237
1773725333937288,-0.0402136,0.00290207,-0.999187
1773725333957288,-0.0397439,0.00264936,-0.999206
1773725333977288,-0.0417614,0.00160653,-0.999126
1773725333997291,-0.0415598,0.0022929,-0.999133
1773725334017300,-0.0426788,0.00168276,-0.999087
1773725334037293,-0.0432118,0.00150994,-0.999065
1773725334057292,-0.0431882,0.00104543,-0.999066
1773725334077293,-0.0433189,0.00114337,-0.999061
1773725334097295,-0.0438051,0.00132411,-0.999039
1773725334117293,-0.0432421,0.00152489,-0.999063
1773725334137292,-0.0438412,0.000832464,-0.999038
1773725334157290,-0.0434567,0.00124667,-0.999055
1773725334177300,-0.0434262,0.00131859,-0.999056
1773725334197292,-0.0440765,0.00102636,-0.999028
1773725334217288,-0.0441808,0.000823106,-0.999023
1773725334237288,-0.0441185,0.000713237,-0.999026
1773725334257286,-0.0442412,0.000913275,-0.99902
1773725334277286,-0.0435836,0.00087408,-0.999049
1773725334297287,-0.0446197,0.00176913,-0.999002
1773725334317288,-0.0441693,0.00222472,-0.999022
1773725334337287,-0.0453571,0.00228879,-0.998968
1773725334357286,-0.0451999,0.00175277,-0.998976
1773725334377287,-0.0453574,0.00262941,-0.998967
1773725334397287,-0.0454589,0.00147508,-0.998965
1773725334417293,-0.0454684,0.0016194,-0.998964
1773725334437288,-0.0449626,0.000672048,-0.998988
1773725334457289,-0.0453242,0.00129538,-0.998971
1773725334477287,-0.0458878,0.00149504,-0.998945
1773725334497295,-0.046052,0.00143444,-0.998938
1773725334517290,-0.0456523,0.00279662,-0.998953
1773725334537292,-0.0468221,0.00222252,-0.998901
1773725334557289,-0.0469812,0.00235228,-0.998893
1773725334577289,-0.0472581,0.00223704,-0.99888
1773725334597290,-0.048516,0.00211986,-0.99882
1773725334617291,-0.0494675,0.00151407,-0.998775
1773725334637289,-0.0496796,0.0010891,-0.998765
1773725334657288,-0.0505908,0.00140283,-0.998718
1773725334677291,-0.0507373,0.00213538,-0.99871
1773725334697290,-0.0519094,0.00123588,-0.998651
1773725334717294,-0.0521437,0.00119243,-0.998639
1773725334737292,-0.0531535,0.000760959,-0.998586
1773725334757290,-0.0538903,0.000414708,-0.998547
1773725334777290,-0.0553133,0.000676111,-0.998469
1773725334797289,-0.0563696,0.0015637,-0.998409
1773725334817292,-0.0567839,0.00141062,-0.998385
1773725334837292,-0.0573751,0.000955153,-0.998352
1773725334857294,-0.0579004,0.00164758,-0.998321
1773725334877289,-0.0593711,0.0018445,-0.998234
1773725334897291,-0.0599885,0.00154341,-0.998198
1773725334917291,-0.0599495,0.0017904,-0.9982
1773725334937290,-0.0607759,0.00185552,-0.99815
1773725334957290,-0.0619794,0.00207108,-0.998075
1773725334977296,-0.0623981,0.00219958,-0.998049
1773725334997288,-0.0626774,0.00222122,-0.998031
1773725335017292,-0.0634878,0.00155687,-0.997981
1773725335037291,-0.0629274,0.00135808,-0.998017
1773725335057288,-0.0635035,0.000776499,-0.997981
1773725335077287,-0.0636289,0.00019723,-0.997974
1773725335097289,-0.0637032,0.00114378,-0.997968
1773725335117288,-0.0630723,0.00107283,-0.998008
1773725335137289,-0.0631998,0.00112855,-0.998
1773725335157288,-0.0633491,0.00153905,-0.99799
1773725335177320,-0.063604,0.00137536,-0.997974
1773725335197310,-0.062851,0.00229742,-0.99802
1773725335217288,-0.0613201,0.00178029,-0.998117
1773725335237288,-0.0609798,0.00137052,-0.998138
1773725335257287,-0.0595389,0.00119425,-0.998225
1773725335277287,-0.0577607,0.00109566,-0.99833
1773725335297287,-0.0577368,0.00143528,-0.998331
1773725335317293,-0.0570721,0.00113828,-0.998369
1773725335337286,-0.0561254,0.000500538,-0.998424
1773725335357287,-0.0546075,0.00084429,-0.998508
1773725335377288,-0.0543014,0.000150285,-0.998525
1773725335397288,-0.0537983,0.00118167,-0.998551
1773725335417288,-0.0529497,0.000144021,-0.998597
1773725335437292,-0.0519242,0.000513568,-0.998651
1773725335457292,-0.0507086,0.000974238,-0.998713
1773725335477290,-0.0497661,0.000354501,-0.998761
1773725335497289,-0.0480553,0.000212877,-0.998845
1773725335517292,-0.0478502,0.00053161,-0.998854
1773725335537289,-0.0469069,-0.000582206,-0.998899
1773725335557289,-0.0465767,-1.60243e-05,-0.998915
1773725335577289,-0.0462111,-6.1703e-05,-0.998932
1773725335597292,-0.0452488,-0.00106856,-0.998975
1773725335617299,-0.0444599,-0.0010553,-0.999011
1773725335637340,-0.0435767,5.07963e-05,-0.99905
1773725335657290,-0.0430589,-0.000117968,-0.999073
1773725335677287,-0.0418788,1.10162e-05,-0.999123
1773725335697285,-0.041543,-0.00116409,-0.999136
1773725335717312,-0.0411009,-0.00132239,-0.999154
1773725335737296,-0.0402228,-0.000975681,-0.99919
1773725335757291,-0.039251,-7.90551e-05,-0.999229
1773725335777293,-0.0386493,-0.000317166,-0.999253
1773725335797294,-0.037639,5.57747e-05,-0.999291
1773725335817290,-0.0371323,0.000207335,-0.99931
1773725335837293,-0.0379807,-0.00093825,-0.999278
1773725335857292,-0.0373894,-0.000663372,-0.999301
1773725335877291,-0.0374961,0.00026764,-0.999297
1773725335897290,-0.0373953,0.00117673,-0.9993
1773725335917291,-0.0370994,0.00134016,-0.999311
1773725335937292,-0.0366429,0.000665161,-0.999328
1773725335957289,-0.0372423,0.000343963,-0.999306
1773725335977289,-0.0362738,0.00031693,-0.999342
1773725335997291,-0.0369976,0.000263545,-0.999315
1773725336017294,-0.0367517,-0.000748531,-0.999324
1773725336037291,-0.037671,-0.000496891,-0.99929
1773725336057293,-0.0376365,-0.000431735,-0.999291
1773725336077292,-0.0378647,9.28772e-05,-0.999283
1773725336097291,-0.0378352,6.44856e-06,-0.999284
1773725336117295,-0.0379944,0.000127061,-0.999278
1773725336137520,-0.037946,-0.000127104,-0.99928
1773725336157287,-0.0374781,-3.92162e-05,-0.999297
1773725336177287,-0.0374781,-3.92162e-05,-0.999297
1773725336197289,-0.0374965,0.000185323,-0.999297
1773725336217291,-0.037407,-0.000223205,-0.9993
1773725336237289,-0.0373564,0.000196325,-0.999302
1773725336257288,-0.038279,-0.0003193,-0.999267
1773725336277287,-0.0382547,2.57378e-05,-0.999268
1773725336297288,-0.0379694,0.000145815,-0.999279
1773725336317287,-0.0385215,0.000260339,-0.999258
1773725336337289,-0.0387111,0.000179477,-0.99925
1773725336357287,-0.0382125,-0.000255599,-0.99927
1773725336377287,-0.03839,0.000155492,-0.999263
1773725336397287,-0.0384114,0.000148761,-0.999262
1773725336417289,-0.0385261,0.000161383,-0.999258
1773725336437288,-0.0385517,-0.000349409,-0.999257
1773725336457289,-0.0381653,0.000637935,-0.999271
1773725336477289,-0.0381749,0.000964109,-0.999271
1773725336497287,-0.0380589,0.000567269,-0.999275
1773725336517293,-0.0387721,0.000547476,-0.999248
1773725336537288,-0.0382483,0.000351523,-0.999268
1773725336557288,-0.0386161,0.000798279,-0.999254
1773725336577287,-0.0378982,-0.000109812,-0.999282
1773725336597287,-0.0378569,0.000140909,-0.999283
1773725336617288,-0.0381775,0.000169466,-0.999271
1773725336637289,-0.0380764,0.000388088,-0.999275
1773725336657288,-0.038075,0.000560353,-0.999275
1773725336677291,-0.0379136,0.000580942,-0.999281
1773725336697288,-0.0372801,-0.000271253,-0.999305
1773725336717287,-0.0379988,-0.000232286,-0.999278
1773725336737290,-0.0378888,-0.000217613,-0.999282
1773725336757289,-0.037192,0.000724916,-0.999308
1773725336777288,-0.0371172,0.000944264,-0.99931
1773725336797293,-0.0367675,0.000742498,-0.999324
1773725336817304,-0.0365091,0.00076051,-0.999333
1773725336837293,-0.036209,0.000841095,-0.999344
1773725336857292,-0.0359624,0.000822308,-0.999353
1773725336877292,-0.0353499,0.00104629,-0.999374
1773725336897290,-0.0361077,0.000879285,-0.999348
1773725336917290,-0.0354339,0.000501923,-0.999372
1773725336937291,-0.0352124,0.000652446,-0.99938
1773725336957292,-0.0354088,0.000246341,-0.999373
1773725336977291,-0.0349055,0.000622676,-0.99939
1773725336997290,-0.0346654,-0.000307434,-0.999399
1773725337017292,-0.0345725,-0.000579679,-0.999402
1773725337037288,-0.0344225,-0.000451855,-0.999407
1773725337057292,-0.0342134,-0.000327187,-0.999414
1773725337077291,-0.0339492,-0.000303423,-0.999424
1773725337097289,-0.0336271,-0.000381722,-0.999434
1773725337117291,-0.0329557,-0.000336014,-0.999457
1773725337137295,-0.0315728,-0.000571124,-0.999501
1773725337157293,-0.031639,0.00024806,-0.999499
1773725337177293,-0.0310215,0.000890117,-0.999518
1773725337197292,-0.0308606,0.000309645,-0.999524
1773725337217292,-0.0304091,0.000197596,-0.999538
1773725337237293,-0.0294138,2.66154e-05,-0.999567
1773725337257292,-0.0291695,-0.000274334,-0.999574
1773725337277290,-0.0288772,-0.000191874,-0.999583
1773725337297293,-0.0278596,-0.000580998,-0.999612
1773725337317293,-0.0283958,-0.000502218,-0.999597
1773725337337293,-0.0274438,-0.0006851,-0.999623
1773725337357294,-0.0275542,-0.000247458,-0.99962
1773725337377294,-0.0270888,0.000420296,-0.999633
1773725337397291,-0.0270339,-0.000672415,-0.999634
1773725337417295,-0.0257778,-4.42219e-05,-0.999668
1773725337437299,-0.0258451,-0.000224737,-0.999666
1773725337457288,-0.02484,-0.000361613,-0.999691
1773725337477287,-0.0250139,-0.000254664,-0.999687
1773725337497288,-0.0238022,-0.000892677,-0.999716
1773725337517391,-0.0247665,-0.00105307,-0.999693
1773725337537293,-0.0229844,-0.000345953,-0.999736
1773725337557296,-0.0220839,-0.000113731,-0.999756
1773725337577290,-0.0224711,-0.000840234,-0.999747
1773725337597290,-0.0217343,-0.00103764,-0.999763
1773725337617297,-0.0216473,-0.000789466,-0.999765
1773725337637291,-0.0219379,-0.00113435,-0.999759
1773725337657289,-0.0198809,-0.00169635,-0.999801
1773725337677291,-0.0199895,-0.000965428,-0.9998
1773725337697288,-0.0197933,-0.00118759,-0.999803
1773725337717397,-0.0191926,-0.000444631,-0.999816
1773725337737290,-0.0184373,-0.000379412,-0.99983
1773725337757288,-0.0188488,-0.000820542,-0.999822
1773725337777288,-0.0178126,-0.000452141,-0.999841
1773725337797291,-0.0172485,-0.00131132,-0.99985
1773725337817289,-0.0169372,-0.00148731,-0.999855
1773725337837287,-0.0173785,-0.0019459,-0.999847
1773725337857290,-0.0167281,-0.0016229,-0.999859
1773725337877313,-0.0166719,-0.00175713,-0.999859
1773725337897287,-0.0158202,-0.00150967,-0.999874
1773725337917290,-0.0155653,-0.0013483,-0.999878
1773725337937389,-0.0144623,-0.00156478,-0.999894
1773725337957287,-0.0136431,-0.00206725,-0.999905
1773725337977322,-0.0127688,-0.00224244,-0.999916
1773725337997288,-0.011786,-0.00247166,-0.999927
1773725338017362,-0.0119819,-0.00217612,-0.999926
1773725338037299,-0.0110045,-0.00229789,-0.999937
1773725338057291,-0.0114285,-0.00200976,-0.999933
1773725338077291,-0.0102293,-0.00169479,-0.999946
1773725338097290,-0.0102603,-0.0015489,-0.999946
1773725338117291,-0.0109424,-0.00194962,-0.999938
1773725338137298,-0.00986132,-0.00219156,-0.999949
1773725338157290,-0.00898128,-0.00272008,-0.999956
1773725338177290,-0.00870928,-0.00223857,-0.99996
1773725338197293,-0.0081725,-0.0024146,-0.999964
1773725338217292,-0.00660494,-0.00181127,-0.999977
1773725338237289,-0.00675594,-0.00168496,-0.999976
1773725338257291,-0.00601845,-0.00194559,-0.99998
1773725338277289,-0.004719,-0.00245371,-0.999986
1773725338297289,-0.0036944,-0.00234164,-0.99999
1773725338317290,-0.00435307,-0.00197538,-0.999989
1773725338337290,-0.0039317,-0.00249689,-0.999989
1773725338357291,-0.00411838,-0.00254051,-0.999988
1773725338377289,-0.00321324,-0.00206941,-0.999993
1773725338397292,-0.000564818,-0.00268626,-0.999996
1773725338417291,-0.000270069,-0.0028964,-0.999996
1773725338437290,-0.000618709,-0.00263594,-0.999996
1773725338457292,-0.00011812,-0.00245067,-0.999997
1773725338477290,0.000278897,-0.00248692,-0.999997
1773725338497294,0.000324876,-0.00151671,-0.999999
1773725338517291,-0.00012219,-0.00115349,-0.999999
1773725338537290,0.000321478,-0.00173322,-0.999998
1773725338557290,0.000211917,-0.00173473,-0.999998
1773725338577290,0.00202003,-0.00246008,-0.999995
1773725338597292,0.00131442,-0.0021581,-0.999997
1773725338617291,0.00262251,-0.00226404,-0.999994
1773725338637295,0.00362313,-0.00396752,-0.999986
1773725338657294,0.004714,-0.00383417,-0.999982
1773725338677298,0.00382491,-0.00310416,-0.999988
1773725338697290,0.00406298,-0.00274822,-0.999988
1773725338717290,0.00521476,-0.00292115,-0.999982
1773725338737293,0.00477535,-0.00343772,-0.999983
1773725338757290,0.00526887,-0.00348205,-0.99998
1773725338777289,0.00592043,-0.00328227,-0.999977
1773725338797291,0.00630554,-0.00350631,-0.999974
1773725338817295,0.00525327,-0.00345895,-0.99998
1773725338837290,0.00514807,-0.00307955,-0.999982
1773725338857293,0.00539969,-0.0024968,-0.999982
1773725338877293,0.00501773,-0.00287942,-0.999983
1773725338897291,0.00611361,-0.00380843,-0.999974
1773725338917289,0.00628626,-0.0040253,-0.999972
1773725338937293,0.00543413,-0.00348034,-0.999979
1773725338957293,0.00585388,-0.00289784,-0.999979
1773725338977290,0.00701047,-0.00336812,-0.99997
1773725338997292,0.00667936,-0.00313232,-0.999973
1773725339017291,0.00684101,-0.00334378,-0.999971
1773725339037290,0.00805265,-0.00351265,-0.999961
1773725339057289,0.0080363,-0.00380625,-0.99996
1773725339077294,0.00755551,-0.00371452,-0.999965
1773725339097291,0.00814069,-0.00320662,-0.999962
1773725339117294,0.00889984,-0.00354482,-0.999954
1773725339137292,0.00849031,-0.00363561,-0.999957
1773725339157315,0.00852367,-0.00376671,-0.999957
1773725339177286,0.0100444,-0.00367081,-0.999943
1773725339197288,0.0101618,-0.00303429,-0.999944
1773725339217292,0.00991546,-0.00360667,-0.999944
1773725339237291,0.0100476,-0.00334298,-0.999944
1773725339257289,0.010542,-0.00314793,-0.999939
1773725339277291,0.0106883,-0.00245026,-0.99994
1773725339297288,0.00974343,-0.00271965,-0.999949
1773725339317311,0.0101003,-0.0034088,-0.999943
1773725339337287,0.0124715,-0.00356887,-0.999916
1773725339357289,0.011872,-0.00370052,-0.999923
1773725339377286,0.0127522,-0.00365246,-0.999912
1773725339397289,0.0127978,-0.0033125,-0.999913
1773725339417290,0.0129947,-0.0032314,-0.99991
1773725339437287,0.0128871,-0.00346055,-0.999911
1773725339457288,0.0121287,-0.00366663,-0.99992
1773725339477315,0.0129869,-0.00356644,-0.999909
1773725339497288,0.0155622,-0.00377469,-0.999872
1773725339517295,0.0139753,-0.00270038,-0.999899
1773725339537293,0.0140817,-0.00375427,-0.999894
1773725339557296,0.0139198,-0.00345003,-0.999897
1773725339577294,0.0131894,-0.00313406,-0.999908
1773725339597291,0.0135554,-0.0033252,-0.999903
1773725339617292,0.0150023,-0.00380779,-0.99988
1773725339637295,0.0159659,-0.00398844,-0.999865
1773725339657295,0.0157647,-0.00391855,-0.999868
1773725339677294,0.016213,-0.00396565,-0.999861
1773725339697295,0.0171322,-0.00493097,-0.999841
1773725339717298,0.0173263,-0.00521813,-0.999836
1773725339737292,0.0171255,-0.0049732,-0.999841
1773725339757288,0.0172449,-0.00464118,-0.999841
1773725339777293,0.017104,-0.00519574,-0.99984
1773725339797293,0.0183393,-0.00450521,-0.999822
1773725339817290,0.0179053,-0.00464589,-0.999829
1773725339837292,0.0181435,-0.00444374,-0.999826
1773725339857288,0.0191177,-0.00511793,-0.999804
1773725339877290,0.0204678,-0.00534147,-0.999776
1773725339897293,0.0208905,-0.00566188,-0.999766
1773725339917293,0.0225752,-0.00599839,-0.999727
1773725339937291,0.0220442,-0.00520937,-0.999743
1773725339957292,0.0230926,-0.00507944,-0.99972
1773725339977291,0.0237843,-0.00509981,-0.999704
1773725339997295,0.0244705,-0.00560326,-0.999685
1773725340017317,0.02583,-0.00662262,-0.999644
1773725340037289,0.0252211,-0.00603111,-0.999664
1773725340057288,0.026544,-0.00607166,-0.999629
1773725340077291,0.0265264,-0.00567387,-0.999632
1773725340097291,0.0287847,-0.00587242,-0.999568
1773725340117290,0.0284961,-0.00590956,-0.999576
1773725340137288,0.0301077,-0.00652042,-0.999525
1773725340157289,0.0295581,-0.00662291,-0.999541
1773725340177289,0.0304452,-0.00661494,-0.999515
1773725340197290,0.0314091,-0.00678569,-0.999484
1773725340217290,0.0320536,-0.00726819,-0.99946
1773725340237292,0.0326281,-0.00656414,-0.999446
1773725340257290,0.0326236,-0.00614226,-0.999449
1773725340277289,0.033051,-0.0065996,-0.999432
1773725340297292,0.0347985,-0.0071133,-0.999369
1773725340317292,0.0348721,-0.00690783,-0.999368
1773725340337292,0.0347674,-0.00743605,-0.999368
1773725340357289,0.0351414,-0.00695881,-0.999358
1773725340377289,0.0353298,-0.00716171,-0.99935
1773725340397293,0.0364468,-0.00658697,-0.999314
1773725340417292,0.0363696,-0.00628893,-0.999319
1773725340437292,0.036404,-0.00712839,-0.999312
1773725340457290,0.0371851,-0.00707515,-0.999283
1773725340477289,0.0369161,-0.00755125,-0.99929
1773725340497291,0.0370834,-0.00694803,-0.999288
1773725340517292,0.0359754,-0.00777855,-0.999322
1773725340537292,0.0360748,-0.00715649,-0.999323
1773725340557289,0.0365295,-0.00710774,-0.999307
1773725340577290,0.0368781,-0.00812549,-0.999287
1773725340597291,0.0365119,-0.00746015,-0.999305
1773725340617290,0.0366855,-0.00757151,-0.999298
1773725340637289,0.0359061,-0.00773614,-0.999325
1773725340657289,0.0349962,-0.00806472,-0.999355
1773725340677288,0.0342807,-0.00743647,-0.999385
1773725340697290,0.030095,-0.00681378,-0.999524
1773725340717288,0.0297695,-0.00605052,-0.999538
1773725340737293,0.0273264,-0.00633327,-0.999607
1773725340757288,0.0271614,-0.00647597,-0.99961
1773725340777291,0.0265856,-0.00624722,-0.999627
1773725340797291,0.0248103,-0.00653702,-0.999671
1773725340817290,0.0245931,-0.0066329,-0.999676
1773725340837292,0.0225299,-0.00677337,-0.999723
1773725340857290,0.0225299,-0.00677337,-0.999723
1773725340877290,0.0215392,-0.00556017,-0.999753
1773725340897290,0.0188655,-0.00600724,-0.999804
1773725340917293,0.0176227,-0.00606508,-0.999826
1773725340937290,0.0160858,-0.00527283,-0.999857
1773725340957290,0.0151316,-0.00593,-0.999868
1773725340977291,0.0131368,-0.00546136,-0.999899
1773725340997288,0.011186,-0.00472706,-0.999926
1773725341017292,0.0103368,-0.004403,-0.999937
1773725341037288,0.00747887,-0.00507927,-0.999959
1773725341057295,0.00482585,-0.00435042,-0.999979
1773725341077290,0.00268669,-0.00476625,-0.999985
1773725341097290,-0.00202221,-0.00359441,-0.999991
1773725341117290,-0.00477758,-0.00377687,-0.999981
1773725341137290,-0.00784375,-0.00379023,-0.999962
1773725341157289,-0.00859343,-0.00418766,-0.999954
1773725341177290,-0.0101867,-0.0035649,-0.999942
1773725341197292,-0.0134233,-0.00366738,-0.999903
1773725341217291,-0.0159472,-0.00309683,-0.999868
1773725341237294,-0.0179077,-0.00266979,-0.999836
1773725341257289,-0.0203518,-0.00392556,-0.999785
1773725341277290,-0.0230813,-0.00290802,-0.999729
1773725341297288,-0.0235386,-0.00225021,-0.99972
1773725341317294,-0.0246008,-0.00222263,-0.999695
1773725341337287,-0.0262559,-0.00187697,-0.999653
1773725341357297,-0.0273845,-0.00217438,-0.999623
1773725341377291,-0.0285943,-0.0019406,-0.999589
1773725341397288,-0.0313518,-0.00162479,-0.999507
1773725341417291,-0.0321626,-0.00216506,-0.99948
1773725341437291,-0.0333564,-0.00197944,-0.999442
1773725341457290,-0.0342054,-0.00122861,-0.999414
1773725341477288,-0.0352066,-0.000655902,-0.99938
1773725341497310,-0.0381547,-0.00136048,-0.999271
1773725341517287,-0.0384836,-0.000844724,-0.999259
1773725341537308,-0.0402705,-0.00155472,-0.999188
1773725341557289,-0.0408314,-0.000638957,-0.999166
1773725341577288,-0.0416307,-0.00110449,-0.999132
1773725341597289,-0.0439533,-0.000731233,-0.999033
1773725341617290,-0.0450218,-0.000664502,-0.998986
1773725341637289,-0.0466397,4.59592e-05,-0.998912
1773725341657288,-0.0475611,6.94288e-05,-0.998868
1773725341677287,-0.0485826,-0.000587369,-0.998819
1773725341697289,-0.0505084,-0.000229472,-0.998724
1773725341717287,-0.0516774,-0.000216645,-0.998664
1773725341737288,-0.052321,-9.19756e-05,-0.99863
1773725341757290,-0.0533381,0.000350926,-0.998576
1773725341777288,-0.0542194,-0.00019422,-0.998529
1773725341797288,-0.0552729,-0.000315724,-0.998471
1773725341817288,-0.0548493,-0.0001494,-0.998495
1773725341837286,-0.0573969,-0.000422533,-0.998351
1773725341857287,-0.0565099,0.000671504,-0.998402
1773725341877289,-0.0580975,0.000371653,-0.998311
1773725341897314,-0.0590235,-0.000924015,-0.998256
1773725341917301,-0.0590386,-0.000754839,-0.998255
1773725341937288,-0.05778,-0.000859593,-0.998329
1773725341957315,-0.0563298,7.39572e-05,-0.998412
1773725341977292,-0.0563298,7.39572e-05,-0.998412
1773725341997289,-0.053773,-8.72292e-05,-0.998553
1773725342017288,-0.0525648,-0.00111367,-0.998617
1773725342037288,-0.0497831,-0.00252889,-0.998757
1773725342057287,-0.0483455,-0.00194832,-0.998829
1773725342077286,-0.0456824,-0.00214378,-0.998954
1773725342097286,-0.0419362,-0.00217722,-0.999118
1773725342117288,-0.039694,-0.00236824,-0.999209
1773725342137287,-0.0351753,-0.00289236,-0.999377
1773725342157285,-0.031848,-0.00192692,-0.999491
1773725342177288,-0.0301659,-0.0029895,-0.99954
1773725342197288,-0.0255051,-0.00324212,-0.999669
1773725342217285,-0.0225406,-0.00430563,-0.999737
1773725342237291,-0.0154877,-0.00331972,-0.999875
1773725342257256,-0.0131907,-0.00402575,-0.999905
1773725342277287,-0.00807423,-0.00293495,-0.999963
1773725342297288,-0.00312639,-0.00332712,-0.99999
1773725342317293,0.000522691,-0.0043722,-0.99999
1773725342337287,0.00450284,-0.00387658,-0.999982
1773725342357287,0.00698424,-0.00331068,-0.99997
1773725342377289,0.00883667,-0.00401989,-0.999953
1773725342397290,0.0119954,-0.00525443,-0.999914
1773725342417292,0.0125093,-0.00486271,-0.99991
1773725342437288,0.0130586,-0.00411072,-0.999906
1773725342457317,0.0138601,-0.00492892,-0.999892
1773725342477289,0.0152395,-0.00623302,-0.999864
1773725342497292,0.0152735,-0.00602439,-0.999865
1773725342517288,0.0169023,-0.0083897,-0.999822
1773725342537290,0.0160372,-0.00849353,-0.999835
1773725342557290,0.0178902,-0.0090062,-0.999799
1773725342577292,0.0171549,-0.00937764,-0.999809
1773725342597288,0.0179658,-0.0103576,-0.999785
1773725342617289,0.0173643,-0.0102871,-0.999796
1773725342637288,0.0177141,-0.0105187,-0.999788
1773725342657286,0.0177927,-0.0107343,-0.999784
1773725342677288,0.0178106,-0.0113742,-0.999777
1773725342697291,0.0193213,-0.0113368,-0.999749
1773725342717287,0.0197526,-0.0113054,-0.999741
1773725342737287,0.0211139,-0.011977,-0.999705
1773725342757287,0.0206744,-0.0118007,-0.999717
1773725342777286,0.0203972,-0.0127487,-0.999711
1773725342797287,0.023397,-0.0131595,-0.99964
1773725342817287,0.0220311,-0.0134485,-0.999667
1773725342837289,0.0242056,-0.0129518,-0.999623
1773725342857287,0.0258688,-0.012866,-0.999583
1773725342877289,0.0271644,-0.0125085,-0.999553
1773725342897291,0.0274879,-0.0128007,-0.99954
1773725342917287,0.0291899,-0.0133167,-0.999485
1773725342937302,0.0308473,-0.0134858,-0.999433
1773725342957289,0.0349017,-0.0143774,-0.999287
1773725342977299,0.0383484,-0.0144196,-0.99916
1773725342997288,0.0388371,-0.0155033,-0.999125
1773725343017286,0.0417845,-0.015755,-0.999002
1773725343037287,0.0458733,-0.015414,-0.998828
1773725343057289,0.0477316,-0.015712,-0.998737
1773725343077290,0.0487336,-0.0166395,-0.998673
1773725343097290,0.0505807,-0.016352,-0.998586
1773725343117317,0.0542183,-0.0171226,-0.998382
1773725343137310,0.0568687,-0.0168339,-0.99824
1773725343157288,0.0571151,-0.0170287,-0.998222
1773725343177287,0.0582593,-0.017735,-0.998144
1773725343197317,0.0612565,-0.0174968,-0.997969
1773725343217287,0.0655525,-0.0177189,-0.997692
1773725343237286,0.0665025,-0.0191396,-0.997603
1773725343257287,0.0716059,-0.0183972,-0.997263
1773725343277288,0.0735655,-0.0194324,-0.997101
1773725343297287,0.0735354,-0.0190235,-0.997111
1773725343317288,0.0741388,-0.0183622,-0.997079
1773725343337288,0.0731715,-0.0191467,-0.997136
1773725343357287,0.0748818,-0.0194611,-0.997003
1773725343377287,0.0748453,-0.019124,-0.997012
1773725343397287,0.0753468,-0.0188417,-0.996979
1773725343417303,0.0753975,-0.0190166,-0.996972
1773725343437288,0.0732304,-0.0191562,-0.997131
1773725343457289,0.0731093,-0.0184622,-0.997153
1773725343477288,0.0730967,-0.0179246,-0.997164
1773725343497290,0.073,-0.0179455,-0.99717
1773725343517314,0.0732474,-0.0178946,-0.997153
1773725343537289,0.0736663,-0.0172881,-0.997133
1773725343557289,0.0742951,-0.018403,-0.997066
1773725343577292,0.0744107,-0.0182279,-0.997061
1773725343597287,0.0747105,-0.0187321,-0.997029
1773725343617290,0.0760568,-0.0189464,-0.996923
1773725343637286,0.0756786,-0.0190968,-0.996949
1773725343657287,0.0745204,-0.0177348,-0.997062
1773725343677288,0.0740585,-0.0179161,-0.997093
1773725343697287,0.0708917,-0.0177541,-0.997326
1773725343717288,0.069318,-0.0169496,-0.997451
1773725343737288,0.0672538,-0.0173993,-0.997584
1773725343757295,0.0641131,-0.0171529,-0.997795
1773725343777288,0.0617251,-0.0158293,-0.997968
1773725343797287,0.0590953,-0.0158998,-0.998126
1773725343817289,0.0581201,-0.0150905,-0.998196
1773725343837312,0.0565295,-0.0147692,-0.998292
1773725343857287,0.0558187,-0.0146419,-0.998334
1773725343877287,0.0543876,-0.0156031,-0.998398
1773725343897291,0.0526544,-0.014819,-0.998503
1773725343917288,0.0510606,-0.014963,-0.998583
1773725343937289,0.0491474,-0.0136534,-0.998698
1773725343957288,0.0489772,-0.0146047,-0.998693
1773725343977288,0.0483064,-0.0136475,-0.998739
1773725343997292,0.0459973,-0.0133781,-0.998852
1773725344017292,0.0450367,-0.0127434,-0.998904
1773725344037289,0.0452019,-0.0123485,-0.998902
1773725344057289,0.0438747,-0.011875,-0.998966
1773725344077287,0.0418904,-0.0119439,-0.999051
1773725344097288,0.0398524,-0.0115054,-0.999139
1773725344117288,0.0401588,-0.0119309,-0.999122
1773725344137306,0.0373938,-0.0109491,-0.999241
1773725344157285,0.0379486,-0.0108384,-0.999221
1773725344177286,0.0367511,-0.0106983,-0.999267
1773725344197288,0.0341956,-0.00934652,-0.999371
1773725344217290,0.0342558,-0.0103703,-0.999359
1773725344237289,0.0320236,-0.0110583,-0.999426
1773725344257317,0.0320548,-0.00993015,-0.999437
1773725344277311,0.0295225,-0.0107812,-0.999506
1773725344297293,0.0288139,-0.00880068,-0.999546
1773725344317286,0.0295465,-0.00909301,-0.999522
1773725344337286,0.0265103,-0.00876145,-0.99961
1773725344357285,0.0272006,-0.00922145,-0.999587
1773725344377287,0.0257602,-0.00947968,-0.999623
1773725344397289,0.0249431,-0.00829553,-0.999654
1773725344417275,0.0231667,-0.00822271,-0.999698
1773725344437454,0.02082,-0.00798107,-0.999751
1773725344457286,0.0206988,-0.00806851,-0.999753
1773725344477286,0.0172992,-0.00867498,-0.999813
1773725344497290,0.0156546,-0.00784226,-0.999847
1773725344517292,0.0156255,-0.0077646,-0.999848
1773725344537286,0.0148305,-0.00764255,-0.999861
1773725344557289,0.0133556,-0.00703882,-0.999886
1773725344577292,0.0139565,-0.00644175,-0.999882
1773725344597289,0.013849,-0.00697234,-0.99988
1773725344617295,0.0137978,-0.00660222,-0.999883
1773725344637296,0.0129903,-0.00634849,-0.999895
1773725344657293,0.0125132,-0.00649574,-0.999901
1773725344677293,0.0116171,-0.00660467,-0.999911
1773725344697291,0.0123917,-0.00655893,-0.999902
1773725344717290,0.0101518,-0.00587736,-0.999931
1773725344737291,0.00996388,-0.00648388,-0.999929
1773725344757290,0.00989823,-0.00626356,-0.999931
1773725344777297,0.0108382,-0.00676482,-0.999918
1773725344797291,0.0113603,-0.00616195,-0.999916
1773725344817290,0.0112335,-0.00675422,-0.999914
1773725344837291,0.010909,-0.00673813,-0.999918
1773725344857293,0.011218,-0.00683813,-0.999914
1773725344877291,0.0113501,-0.00616454,-0.999917
1773725344897292,0.0117896,-0.00625897,-0.999911
1773725344917296,0.00947746,-0.00664014,-0.999933
1773725344937291,0.00956132,-0.00638961,-0.999934
1773725344957291,0.0114858,-0.00684494,-0.999911
1773725344977290,0.0116684,-0.00632712,-0.999912
1773725344997291,0.0115867,-0.00682743,-0.99991
1773725345017292,0.0115353,-0.00611897,-0.999915
1773725345037289,0.0107346,-0.00608412,-0.999924
1773725345057290,0.0109323,-0.00627638,-0.999921
1773725345077289,0.0113482,-0.00598,-0.999918
1773725345097291,0.0110027,-0.00607623,-0.999921
1773725345117289,0.0114784,-0.00632301,-0.999914
1773725345137314,0.010507,-0.00648795,-0.999924
1773725345157287,0.010053,-0.00539304,-0.999935
1773725345177288,0.00919835,-0.00552244,-0.999942
1773725345197313,0.00951866,-0.00566789,-0.999939
1773725345217289,0.0087053,-0.00653872,-0.999941
1773725345237291,0.0118247,-0.00615739,-0.999911
1773725345257289,0.0110893,-0.00591035,-0.999921
1773725345277292,0.0107909,-0.00622467,-0.999922
1773725345297288,0.0110929,-0.00584037,-0.999921
1773725345317289,0.0115216,-0.00613484,-0.999915
1773725345337287,0.00999055,-0.00537332,-0.999936
1773725345357287,0.0117785,-0.00589549,-0.999913
1773725345377287,0.0089677,-0.0055579,-0.999944
1773725345397288,0.00915235,-0.00572467,-0.999942
1773725345417293,0.00914195,-0.00547133,-0.999943
1773725345437286,0.00918755,-0.00542621,-0.999943
1773725345457286,0.00886583,-0.00582369,-0.999944
1773725345477309,0.0105133,-0.00661625,-0.999923
1773725345497285,0.0106064,-0.00615063,-0.999925
1773725345517287,0.010131,-0.00608131,-0.99993
1773725345537314,0.0104287,-0.00623142,-0.999926
1773725345557288,0.0100743,-0.00605301,-0.999931
1773725345577288,0.0104656,-0.00635071,-0.999925
1773725345597314,0.00970584,-0.00617341,-0.999934
1773725345617288,0.0102209,-0.00674765,-0.999925
1773725345637290,0.00981861,-0.00640186,-0.999931
1773725345657287,0.0100434,-0.00653826,-0.999928
1773725345677290,0.00978554,-0.00651471,-0.999931
1773725345697288,0.0102091,-0.00642829,-0.999927
1773725345717288,0.0100785,-0.00657965,-0.999928
1773725345737299,0.0110204,-0.00600438,-0.999921
1773725345757292,0.0103533,-0.00610597,-0.999928
1773725345777291,0.0103472,-0.00632305,-0.999926
1773725345797291,0.0102149,-0.00640869,-0.999927
1773725345817289,0.0107454,-0.00652471,-0.999921
1773725345837290,0.0110003,-0.0061223,-0.999921
1773725345857287,0.0109317,-0.00613335,-0.999921
1773725345877286,0.0101353,-0.00639237,-0.999928
1773725345897288,0.0105572,-0.00603358,-0.999926
1773725345917290,0.0106451,-0.00599129,-0.999925
1773725345937293,0.00996681,-0.00618701,-0.999931
1773725345957289,0.0103833,-0.005976,-0.999928
1773725345977291,0.0111472,-0.00583863,-0.999921
1773725345997313,0.0110617,-0.00617572,-0.99992
1773725346017287,0.0107267,-0.00604544,-0.999924
1773725346037288,0.0107693,-0.00608994,-0.999923
1773725346057299,0.0100445,-0.0066097,-0.999928
1773725346077286,0.0110104,-0.00622827,-0.99992
1773725346097286,0.0109293,-0.00593106,-0.999923
1773725346117288,0.0102308,-0.00622678,-0.999928
1773725346137286,0.0105276,-0.00637619,-0.999924
1773725346157320,0.0108919,-0.00604242,-0.999922
1773725346177294,0.0104396,-0.00617055,-0.999926
1773725346197291,0.0108528,-0.006056,-0.999923
1773725346217293,0.0100521,-0.00668243,-0.999927
1773725346237292,0.0107334,-0.00621624,-0.999923
1773725346257289,0.00961964,-0.00647568,-0.999933
1773725346277289,0.0114518,-0.00626097,-0.999915
1773725346297292,0.0107993,-0.00599959,-0.999924
1773725346317291,0.0105607,-0.00638369,-0.999924
1773725346337290,0.011296,-0.00592958,-0.999919
1773725346357314,0.0106041,-0.00611766,-0.999925
1773725346377288,0.0104603,-0.00669222,-0.999923
1773725346397288,0.0108128,-0.0060031,-0.999924
1773725346417295,0.0106185,-0.0059167,-0.999926
1773725346437292,0.0107652,-0.00601867,-0.999924
1773725346457293,0.0110904,-0.00595282,-0.999921
1773725346477289,0.0111114,-0.00610766,-0.99992
1773725346497290,0.0101833,-0.00611033,-0.999929
1773725346517291,0.0107734,-0.00608792,-0.999923
1773725346537289,0.00977553,-0.00642887,-0.999932
1773725346557296,0.0104145,-0.00593898,-0.999928
1773725346577290,0.0109593,-0.00573749,-0.999923
1773725346597291,0.010249,-0.00635927,-0.999927
1773725346617292,0.0105409,-0.00577661,-0.999928
1773725346637292,0.0102165,-0.0062212,-0.999928
1773725346657291,0.0106733,-0.00602968,-0.999925
1773725346677291,0.0105661,-0.00643508,-0.999923
1773725346697291,0.0104107,-0.00592643,-0.999928
1773725346717293,0.0101878,-0.00612793,-0.999929
1773725346737290,0.0105079,-0.00596694,-0.999927
1773725346757291,0.0099211,-0.00684965,-0.999927
1773725346777293,0.00996164,-0.00665058,-0.999928
1773725346797292,0.0106722,-0.00650994,-0.999922
1773725346817290,0.0104701,-0.00603583,-0.999927
1773725346837295,0.0105504,-0.00644598,-0.999924
1773725346857290,0.0105007,-0.00660601,-0.999923
1773725346877289,0.0101178,-0.00660995,-0.999927
1773725346897290,0.010836,-0.00634934,-0.999921
1773725346917292,0.0102192,-0.00668194,-0.999925
1773725346937297,0.0108482,-0.00592979,-0.999924
1773725346957293,0.0102616,-0.00661634,-0.999925
1773725346977292,0.0103772,-0.00659391,-0.999924
1773725346997292,0.0101091,-0.0065842,-0.999927
1773725347017292,0.0104179,-0.00654243,-0.999924
1773725347037291,0.0105909,-0.00639463,-0.999923
1773725347089703,0.0109502,-0.00606516,-0.999922
1773725347090742,0.0109502,-0.00606516,-0.999922
1773725347097290,0.0103604,-0.00625762,-0.999927
1773725347117299,0.00997207,-0.00674871,-0.999928
1773725347137290,0.0181797,-0.00680994,-0.999812
1773725347157292,0.0381201,-0.0137568,-0.999178
1773725347177291,0.0631781,-0.00646616,-0.997981
1773725347197289,0.0693359,-0.0042301,-0.997584
1773725347217305,0.0791026,-0.00385445,-0.996859
1773725347237296,0.0876493,-0.00833869,-0.996116
1773725347257296,0.0874831,-0.00626867,-0.996146
1773725347277292,0.0867437,-0.00686903,-0.996207
1773725347297289,0.0792154,-0.00675199,-0.996835
1773725347317287,0.0760346,-0.00659543,-0.997083
1773725347337293,0.0737771,-0.00775377,-0.997245
1773725347357289,0.0709303,-0.00959588,-0.997435
1773725347377289,0.0688754,-0.00896121,-0.997585
1773725347397288,0.0639558,-0.0122773,-0.997877
1773725347417320,0.0635951,-0.0108181,-0.997917
1773725347437291,0.0622182,-0.00905816,-0.998021
1773725347457320,0.0612569,-0.00742181,-0.998094
1773725347477290,0.0606871,-0.00486571,-0.998145
1773725347497290,0.0617969,-0.00264562,-0.998085
1773725347517289,0.0632212,-0.00268938,-0.997996
1773725347537293,0.0628734,-0.00195905,-0.99802
1773725347557294,0.0679997,-0.00108935,-0.997685
1773725347577294,0.0706469,-0.000741144,-0.997501
1773725347597294,0.0724531,-6.13827e-05,-0.997372
1773725347617293,0.0774431,-0.00214882,-0.996994
1773725347637287,0.0790927,-0.00409047,-0.996859
1773725347657291,0.082105,-0.00633894,-0.996604
1773725347677289,0.0824884,-0.00812388,-0.996559
1773725347697291,0.0824184,-0.0111597,-0.996535
1773725347717288,0.0830716,-0.015132,-0.996429
1773725347737295,0.0815727,-0.0177949,-0.996509
1773725347757300,0.0810824,-0.0212725,-0.99648
1773725347777291,0.0806263,-0.0218778,-0.996504
1773725347797290,0.0804115,-0.0218016,-0.996523
1773725347817288,0.0806066,-0.0242581,-0.996451
1773725347837290,0.079739,-0.0251762,-0.996498
1773725347857290,0.0796677,-0.0258968,-0.996485
1773725347877287,0.0809235,-0.0256011,-0.996391
1773725347897314,0.0795371,-0.0261942,-0.996488
1773725347917289,0.0796507,-0.0267115,-0.996465
1773725347937292,0.0809474,-0.0258249,-0.996384
1773725347957288,0.0804177,-0.0249293,-0.996449
1773725347977289,0.0811726,-0.0230049,-0.996435
1773725347997295,0.0833674,-0.0227421,-0.996259
1773725348017289,0.0850221,-0.0230444,-0.996113
1773725348037288,0.0861724,-0.0228774,-0.996018
1773725348057290,0.089076,-0.0255684,-0.995697
1773725348077288,0.0932746,-0.0248815,-0.995329
1773725348097288,0.092971,-0.0253452,-0.995346
1773725348117291,0.0929815,-0.0256332,-0.995338
1773725348137289,0.0963354,-0.0269756,-0.994983
1773725348157290,0.0966374,-0.0271534,-0.994949
1773725348177289,0.0963767,-0.028569,-0.994935
1773725348197288,0.0926375,-0.0311934,-0.995211
1773725348217292,0.0898592,-0.032531,-0.995423
1773725348237288,0.0874081,-0.0326552,-0.995637
1773725348257289,0.0863879,-0.0330145,-0.995714
1773725348277268,0.0854988,-0.0328648,-0.995796
1773725348297289,0.0844103,-0.0335583,-0.995866
1773725348317289,0.0833645,-0.0331381,-0.995968
1773725348337289,0.0825476,-0.0328246,-0.996046
1773725348357289,0.0814017,-0.032864,-0.996139
1773725348377290,0.0815671,-0.0319389,-0.996156
1773725348397317,0.0830066,-0.0330193,-0.996002
1773725348417290,0.0842073,-0.0317601,-0.995942
1773725348437290,0.0852985,-0.0318929,-0.995845
1773725348457289,0.0852985,-0.0318929,-0.995845
1773725348477289,0.0864124,-0.0321585,-0.99574
1773725348497289,0.0877698,-0.0320252,-0.995626
1773725348517287,0.0872344,-0.0332088,-0.995634
1773725348537288,0.08833,-0.0329014,-0.995548
1773725348557288,0.0867421,-0.0333714,-0.995672
1773725348577287,0.0867842,-0.0325511,-0.995695
1773725348597288,0.0867832,-0.0321283,-0.995709
1773725348617298,0.08525,-0.0325537,-0.995828
1773725348637310,0.0847747,-0.0324422,-0.995872
1773725348657288,0.0833092,-0.032463,-0.995995
1773725348677288,0.0830899,-0.0317483,-0.996036
1773725348697320,0.0820295,-0.0311845,-0.996142
1773725348717291,0.0808663,-0.030871,-0.996247
1773725348737290,0.0806652,-0.0314599,-0.996245
1773725348757288,0.0818052,-0.031613,-0.996147
1773725348777293,0.0825047,-0.0301497,-0.996135
1773725348797289,0.0815407,-0.0309043,-0.996191
1773725348817289,0.0811607,-0.0311569,-0.996214
1773725348837288,0.079488,-0.0324864,-0.996306
1773725348857290,0.0797049,-0.031643,-0.996316
1773725348877289,0.0796338,-0.0314296,-0.996329
1773725348897288,0.0795368,-0.0315327,-0.996333
1773725348917288,0.0798861,-0.0318921,-0.996294
1773725348937296,0.0807099,-0.0312752,-0.996247
1773725348957296,0.0804537,-0.0310521,-0.996275
1773725348977290,0.0804426,-0.0310508,-0.996275
1773725348997296,0.0804816,-0.0309428,-0.996276
1773725349017289,0.0806051,-0.0313206,-0.996254
1773725349037289,0.0810534,-0.0314701,-0.996213
1773725349057484,0.0809683,-0.0316355,-0.996215
1773725349077292,0.0811458,-0.0313198,-0.99621
1773725349097289,0.0809627,-0.0321605,-0.996198
1773725349117299,0.0806539,-0.0322789,-0.996219
1773725349137320,0.0806316,-0.0320984,-0.996227
1773725349157289,0.0806316,-0.0320984,-0.996227
1773725349177288,0.0811847,-0.0320773,-0.996183
1773725349197290,0.0810281,-0.0327578,-0.996173
1773725349217292,0.0812641,-0.03242,-0.996165
1773725349237436,0.0814331,-0.0323124,-0.996155
1773725349257290,0.0809948,-0.0321217,-0.996197
1773725349277317,0.0813942,-0.0317128,-0.996177
1773725349297287,0.0813674,-0.0316968,-0.99618
1773725349317288,0.0816074,-0.0317974,-0.996157
1773725349337468,0.0816322,-0.0316534,-0.99616
1773725349357288,0.0817158,-0.0316839,-0.996152
1773725349377288,0.0814601,-0.0318854,-0.996166
1773725349397289,0.0815793,-0.0315173,-0.996168
1773725349417290,0.0808413,-0.0319227,-0.996216
1773725349437289,0.081305,-0.0311972,-0.996201
1773725349457294,0.0805175,-0.031648,-0.996251
1773725349477290,0.0807176,-0.0316696,-0.996234
1773725349497289,0.0801866,-0.0312404,-0.99629
1773725349517290,0.0807487,-0.0310745,-0.99625
1773725349537321,0.0804394,-0.03122,-0.99627
1773725349557288,0.0803842,-0.0312577,-0.996274
1773725349577289,0.0803902,-0.0310029,-0.996281
1773725349597289,0.0812738,-0.0306745,-0.99622
1773725349617292,0.0808375,-0.0317841,-0.99622
1773725349637289,0.081403,-0.0320728,-0.996165
1773725349657289,0.0817121,-0.0322462,-0.996134
1773725349677304,0.0821139,-0.0327122,-0.996086
1773725349697292,0.0815748,-0.0315753,-0.996167
1773725349717291,0.0816742,-0.0317384,-0.996154
1773725349737289,0.0818193,-0.0318638,-0.996138
1773725349757288,0.0820233,-0.0316368,-0.996128
1773725349777288,0.0832646,-0.0324518,-0.995999
1773725349797288,0.0826723,-0.0328954,-0.996034
1773725349817289,0.0831004,-0.0332253,-0.995987
1773725349837289,0.0836124,-0.0326109,-0.995965
1773725349857291,0.083499,-0.0333248,-0.99595
1773725349877290,0.0837032,-0.0335174,-0.995927
1773725349897290,0.0836171,-0.0342046,-0.995911
1773725349917293,0.0842243,-0.0338321,-0.995872
1773725349937288,0.0844274,-0.0342284,-0.995842
1773725349957314,0.0840417,-0.0347065,-0.995858
1773725349977290,0.0840709,-0.0346563,-0.995857
1773725349997294,0.0842446,-0.0345689,-0.995845
1773725350017317,0.0841916,-0.0341435,-0.995864
1773725350037288,0.0841087,-0.0338634,-0.995881
1773725350057317,0.0838335,-0.0341288,-0.995895
1773725350077289,0.084117,-0.0340632,-0.995873
1773725350097291,0.0844468,-0.0344474,-0.995832
1773725350117300,0.0843524,-0.0342602,-0.995847
1773725350137291,0.0843748,-0.0347689,-0.995827
1773725350157291,0.0844616,-0.034567,-0.995827
1773725350177292,0.0847763,-0.0345643,-0.9958
1773725350197288,0.0847118,-0.0347394,-0.9958
1773725350217288,0.0860237,-0.0335275,-0.995729
1773725350237532,0.085446,-0.0337729,-0.99577
1773725350257288,0.0851769,-0.033731,-0.995795
1773725350277319,0.0851069,-0.0340488,-0.99579
1773725350297288,0.0846182,-0.0340238,-0.995832
1773725350317322,0.0847009,-0.0342086,-0.995819
1773725350337298,0.0844592,-0.0341234,-0.995842
1773725350357295,0.0847496,-0.0342676,-0.995813
1773725350377297,0.0857767,-0.0339499,-0.995736
1773725350397291,0.0843826,-0.0346895,-0.995829
1773725350417291,0.085841,-0.034305,-0.995718
1773725350437291,0.0846002,-0.0343871,-0.995821
1773725350457288,0.0845669,-0.0343647,-0.995825
1773725350477289,0.0844851,-0.0344071,-0.995831
1773725350497288,0.0844351,-0.0342775,-0.995839
1773725350517297,0.0846443,-0.0343585,-0.995819
1773725350537287,0.083719,-0.0340124,-0.995909
1773725350557323,0.0847025,-0.0344333,-0.995811
1773725350577313,0.0846474,-0.0343406,-0.995819
1773725350597290,0.0846682,-0.0343316,-0.995818
1773725350617289,0.0845799,-0.0341982,-0.99583
1773725350637289,0.0845084,-0.0343898,-0.995829
1773725350657291,0.0846466,-0.034007,-0.995831
1773725350677290,0.0834597,-0.0339749,-0.995932
1773725350697288,0.0844061,-0.0341082,-0.995848
1773725350717290,0.0841199,-0.0342341,-0.995867
1773725350737295,0.0844412,-0.0339556,-0.99585
1773725350757293,0.0853701,-0.0336383,-0.995781
1773725350777290,0.0863988,-0.0332719,-0.995705
1773725350797289,0.0843171,-0.0341024,-0.995855
1773725350817317,0.0845371,-0.034316,-0.995829
1773725350837315,0.0841367,-0.0342526,-0.995865
1773725350857291,0.0845434,-0.0343536,-0.995827
1773725350877290,0.0845175,-0.0341843,-0.995835
1773725350897288,0.0845133,-0.0344671,-0.995826
1773725350917287,0.0847302,-0.0342094,-0.995817
1773725350937291,0.0846924,-0.034397,-0.995813
1773725350957290,0.0846623,-0.0343134,-0.995819
1773725350977309,0.084564,-0.0342521,-0.995829
1773725350997318,0.0855003,-0.033215,-0.995784
1773725351017314,0.0850062,-0.0335136,-0.995817
1773725351037287,0.0849932,-0.0339976,-0.995801
1773725351057290,0.0846783,-0.0343245,-0.995817
1773725351077290,0.0846565,-0.0342157,-0.995823
1773725351097290,0.0843731,-0.0345626,-0.995835
1773725351117321,0.0843317,-0.0343472,-0.995846
1773725351137474,0.0842575,-0.0342304,-0.995856
1773725351157291,0.0841597,-0.0344344,-0.995857
1773725351177319,0.0843336,-0.0341388,-0.995853
1773725351197289,0.0843742,-0.0346009,-0.995833
1773725351217289,0.0842498,-0.0344894,-0.995848
1773725351237290,0.0837707,-0.0347123,-0.99588
1773725351257291,0.0843252,-0.0343541,-0.995846
1773725351277289,0.0843104,-0.0344655,-0.995843
1773725351297289,0.084386,-0.0345691,-0.995833
1773725351317290,0.0843891,-0.0343247,-0.995842
1773725351337288,0.0835442,-0.0339419,-0.995926
1773725351357294,0.0844822,-0.0343356,-0.995833
1773725351377288,0.0835753,-0.0338944,-0.995925
1773725351397289,0.0837166,-0.0337602,-0.995918
1773725351417291,0.0846067,-0.034812,-0.995806
1773725351437288,0.0845026,-0.0346139,-0.995822
1773725351457289,0.084526,-0.034709,-0.995817
1773725351477291,0.0837265,-0.0338673,-0.995913
1773725351497288,0.0838089,-0.0339834,-0.995902
1773725351517300,0.0845217,-0.0346409,-0.995819
1773725351537288,0.0835066,-0.0339626,-0.995928
1773725351557288,0.0847052,-0.0347031,-0.995802
1773725351577290,0.0837592,-0.034188,-0.995899
1773725351597288,0.0843641,-0.0345,-0.995838
1773725351617288,0.0839913,-0.0337693,-0.995894
1773725351637288,0.0848438,-0.0343668,-0.995801
1773725351657307,0.0846924,-0.0345367,-0.995808
1773725351677293,0.0845157,-0.0345199,-0.995824
1773725351697293,0.0846891,-0.0343155,-0.995816
1773725351717294,0.0844609,-0.0345051,-0.995829
1773725351737298,0.0836182,-0.0340169,-0.995917
1773725351757293,0.0836568,-0.0338294,-0.99592
1773725351777294,0.0845439,-0.0344905,-0.995823
1773725351797293,0.0847792,-0.0346205,-0.995798
1773725351817291,0.0848493,-0.0345563,-0.995794
1773725351837292,0.0845862,-0.0346436,-0.995814
1773725351857291,0.0849497,-0.0347456,-0.995779
1773725351877297,0.0849167,-0.0346763,-0.995784
1773725351897292,0.0838328,-0.0342906,-0.99589
1773725351917292,0.0847604,-0.0344503,-0.995806
1773725351937291,0.0837715,-0.0338328,-0.99591
1773725351957288,0.0848531,-0.0345987,-0.995793
1773725351977286,0.0838856,-0.0339814,-0.995896
1773725351997289,0.0848358,-0.0346653,-0.995792
1773725352017291,0.0847967,-0.0347765,-0.995791
1773725352037290,0.0845122,-0.0345577,-0.995823
1773725352057287,0.0837859,-0.0340644,-0.995901
1773725352077287,0.084753,-0.0345034,-0.995804
1773725352097289,0.0847352,-0.0344735,-0.995807
1773725352117289,0.0845235,-0.0343546,-0.995829
1773725352137297,0.0846721,-0.0344855,-0.995812
1773725352157290,0.0837664,-0.0338752,-0.995909
1773725352177289,0.0837501,-0.0341761,-0.995901
1773725352197287,0.0839037,-0.0342417,-0.995885
1773725352217288,0.0838648,-0.0341815,-0.995891
1773725352237290,0.0837669,-0.0339153,-0.995908
1773725352257287,0.0845645,-0.0344307,-0.995823
1773725352277289,0.0838254,-0.0342279,-0.995892
1773725352297289,0.0839786,-0.0342376,-0.995879
1773725352317313,0.0839322,-0.0340778,-0.995889
1773725352337287,0.0839385,-0.0341608,-0.995885
1773725352357288,0.083971,-0.0342351,-0.99588
1773725352377287,0.0846854,-0.0345516,-0.995809
1773725352397289,0.0839026,-0.034499,-0.995877
1773725352417292,0.0838226,-0.0342571,-0.995892
1773725352437288,0.0839971,-0.0343238,-0.995875
1773725352457313,0.0837227,-0.0342449,-0.9959
1773725352477287,0.0841342,-0.0341602,-0.995869
1773725352497288,0.0839701,-0.0342183,-0.995881
1773725352517302,0.0851889,-0.0350283,-0.995749
1773725352537312,0.0852283,-0.034986,-0.995747
1773725352557288,0.0839986,-0.0343134,-0.995875
1773725352577286,0.0839053,-0.0343397,-0.995882
1773725352597288,0.0839116,-0.0341625,-0.995887
1773725352617290,0.08461,-0.0347856,-0.995807
1773725352637289,0.0837351,-0.0343355,-0.995896
1773725352657291,0.0862047,-0.0331724,-0.995725
1773725352677289,0.0862998,-0.0338716,-0.995693
1773725352697288,0.0861429,-0.0331852,-0.99573
1773725352717288,0.0867799,-0.0337925,-0.995654
1773725352737289,0.0867496,-0.0333732,-0.995671
1773725352757315,0.0864533,-0.0329775,-0.99571
1773725352777289,0.0863668,-0.033532,-0.995699
1773725352797310,0.0867328,-0.0333483,-0.995673
1773725352817290,0.0864143,-0.0336791,-0.99569
1773725352837287,0.0859454,-0.0335272,-0.995736
1773725352857293,0.0851862,-0.0331473,-0.995814
1773725352877319,0.0866779,-0.0333755,-0.995677
1773725352897288,0.0859629,-0.0335894,-0.995732
1773725352917287,0.0860572,-0.0333271,-0.995733
1773725352937290,0.0863133,-0.0336978,-0.995698
1773725352957290,0.0861429,-0.0333695,-0.995724
1773725352977287,0.0861586,-0.0334125,-0.995721
1773725352997288,0.0865754,-0.0332189,-0.995691
1773725353017289,0.0862586,-0.0333911,-0.995713
1773725353037287,0.0858765,-0.0336554,-0.995737
1773725353057289,0.0865529,-0.0333135,-0.99569
1773725353077289,0.0867415,-0.0332973,-0.995674
1773725353097289,0.0865788,-0.0331566,-0.995693
1773725353117289,0.0870014,-0.0334378,-0.995647
1773725353137292,0.086797,-0.0330595,-0.995677
1773725353157290,0.0871532,-0.0330398,-0.995647
1773725353177289,0.0868786,-0.0330997,-0.995669
1773725353197315,0.086776,-0.0332082,-0.995674
1773725353217290,0.0862644,-0.0328303,-0.995731
1773725353237290,0.0870288,-0.0330687,-0.995657
1773725353257286,0.0861881,-0.0330702,-0.99573
1773725353277289,0.086826,-0.0332197,-0.995669
1773725353297290,0.0864894,-0.0327066,-0.995716
1773725353317288,0.0865132,-0.033319,-0.995693
1773725353337288,0.086364,-0.0332516,-0.995709
1773725353357289,0.0862629,-0.033571,-0.995707
1773725353377289,0.0866002,-0.0332689,-0.995687
1773725353397288,0.0867943,-0.0332376,-0.995672
1773725353417290,0.0864285,-0.0331304,-0.995707
1773725353437289,0.0863618,-0.0332165,-0.99571
1773725353457288,0.0865652,-0.0332366,-0.995692
1773725353477332,0.086538,-0.0332448,-0.995694
1773725353497290,0.0863035,-0.0333617,-0.99571
1773725353517293,0.0872646,-0.0333109,-0.995628
1773725353537289,0.0859576,-0.0336513,-0.99573
1773725353557299,0.0866896,-0.033512,-0.995672
1773725353577297,0.0862423,-0.0337503,-0.995702
1773725353597288,0.0858632,-0.0336761,-0.995738
1773725353617289,0.0858566,-0.0336586,-0.995739
1773725353637290,0.0859196,-0.0333805,-0.995743
1773725353657288,0.0865474,-0.0336995,-0.995678
1773725353677316,0.0852853,-0.0332759,-0.995801
1773725353697289,0.0859822,-0.0330868,-0.995747
1773725353717288,0.0867605,-0.033353,-0.995671
1773725353737301,0.0855116,-0.0331757,-0.995785
1773725353757294,0.0856446,-0.0333598,-0.995767
1773725353777317,0.0854807,-0.0331196,-0.995789
1773725353797288,0.0854823,-0.0332883,-0.995783
1773725353817311,0.0859862,-0.0335959,-0.99573
1773725353837287,0.0855028,-0.0331462,-0.995786
1773725353857244,0.085836,-0.0330274,-0.995762
1773725353877288,0.084918,-0.0333988,-0.995828
1773725353897288,0.0857658,-0.0335729,-0.99575
1773725353917298,0.086164,-0.0335562,-0.995716
1773725353937288,0.0860947,-0.0335976,-0.99572
1773725353957288,0.0857638,-0.0338312,-0.995741
1773725353977289,0.0854363,-0.0332105,-0.99579
1773725353997317,0.0856795,-0.0336405,-0.995755
1773725354017289,0.0851255,-0.0332711,-0.995815
1773725354037289,0.0850895,-0.0332972,-0.995817
1773725354057289,0.085849,-0.0337643,-0.995736
1773725354077288,0.0858922,-0.0338857,-0.995728
1773725354097287,0.0850568,-0.033457,-0.995814
1773725354117288,0.0863724,-0.0334505,-0.995701
1773725354137289,0.0853442,-0.0331154,-0.995801
1773725354157290,0.0859226,-0.0329893,-0.995755
1773725354177318,0.0851979,-0.0331794,-0.995811
1773725354197289,0.0861215,-0.0331481,-0.995733
1773725354217288,0.0855792,-0.033567,-0.995766
1773725354237290,0.085642,-0.0332934,-0.99577
1773725354257316,0.085589,-0.0333808,-0.995771
1773725354277290,0.085668,-0.0335626,-0.995758
1773725354297289,0.0855428,-0.0333513,-0.995776
1773725354317288,0.0856378,-0.0333908,-0.995767
1773725354337291,0.0854862,-0.0332849,-0.995783
1773725354357288,0.0861995,-0.032952,-0.995733
1773725354377291,0.085443,-0.0332548,-0.995788
1773725354397289,0.086069,-0.0331343,-0.995738
1773725354417292,0.0861968,-0.0331886,-0.995725
1773725354437296,0.0852699,-0.0333198,-0.995801
1773725354457289,0.0854381,-0.0330293,-0.995796
1773725354477289,0.0853911,-0.0331479,-0.995796
1773725354497290,0.0861949,-0.0331279,-0.995727
1773725354517309,0.0860576,-0.0331254,-0.995739
1773725354537291,0.085631,-0.0329433,-0.995782
1773725354557315,0.08541,-0.0330896,-0.995796
1773725354577289,0.0854149,-0.0331523,-0.995794
1773725354597288,0.0854784,-0.0332973,-0.995783
1773725354617288,0.0855355,-0.0330758,-0.995786
1773725354637291,0.0856324,-0.0333544,-0.995768
1773725354657292,0.0853751,-0.0331998,-0.995796
1773725354677313,0.0854175,-0.0331261,-0.995794
1773725354697288,0.0855999,-0.0332264,-0.995775
1773725354717288,0.0860808,-0.0330181,-0.995741
1773725354737290,0.0858328,-0.033236,-0.995755
1773725354757289,0.0854034,-0.0331163,-0.995796
1773725354777289,0.0857089,-0.0333545,-0.995762
1773725354797288,0.0855977,-0.0333711,-0.995771
1773725354817288,0.0855259,-0.0333712,-0.995777
1773725354837289,0.0860092,-0.0331185,-0.995744
1773725354857291,0.0860613,-0.0331568,-0.995738
1773725354877290,0.0856589,-0.0332269,-0.99577
1773725354897288,0.0856396,-0.0332312,-0.995772
1773725354917296,0.0862508,-0.0332019,-0.99572
1773725354938344,0.0856334,-0.0330904,-0.995777
1773725354957288,0.0856939,-0.0334445,-0.99576
1773725354977289,0.0855782,-0.0334353,-0.99577
1773725354997289,0.0867421,-0.0337575,-0.995659
1773725355017291,0.0855204,-0.0331815,-0.995784
1773725355037323,0.0856753,-0.0333711,-0.995764
1773725355057310,0.0855883,-0.0330041,-0.995784
1773725355077290,0.0856052,-0.033282,-0.995773
1773725355097318,0.0863946,-0.0331451,-0.995709
1773725355117288,0.0860864,-0.0330287,-0.99574
1773725355137289,0.0855713,-0.0331844,-0.995779
1773725355157288,0.0862791,-0.033341,-0.995713
1773725355177288,0.0858843,-0.0334751,-0.995743
1773725355197287,0.0865273,-0.0334,-0.995689
1773725355217288,0.086537,-0.0332865,-0.995692
1773725355237293,0.0860608,-0.033643,-0.995722
1773725355257289,0.0860252,-0.0335073,-0.995729
1773725355277316,0.0861242,-0.0335723,-0.995719
1773725355297289,0.0866021,-0.0333787,-0.995684
1773725355317291,0.086865,-0.0332444,-0.995665
1773725355337289,0.0857769,-0.0334712,-0.995752
1773725355357290,0.0858515,-0.0335282,-0.995744
1773725355377291,0.0861481,-0.0335621,-0.995717
1773725355397290,0.0861074,-0.0334896,-0.995723
1773725355417290,0.0859991,-0.033653,-0.995727
1773725355437288,0.0864474,-0.0333584,-0.995698
1773725355457289,0.0862974,-0.0335064,-0.995706
1773725355477290,0.0859158,-0.0335171,-0.995738
1773725355497290,0.0860205,-0.0334581,-0.995731
1773725355517290,0.0864703,-0.0335034,-0.995691
1773725355537288,0.0857678,-0.0335627,-0.99575
1773725355557289,0.0866809,-0.0336753,-0.995667
1773725355577289,0.086631,-0.0332891,-0.995684
1773725355597287,0.086481,-0.0334638,-0.995691
1773725355617288,0.0864171,-0.0334558,-0.995697
1773725355637289,0.085903,-0.0335426,-0.995739
1773725355657288,0.0859572,-0.0334595,-0.995737
1773725355677308,0.0857915,-0.0336185,-0.995746
1773725355697317,0.0865756,-0.0333818,-0.995686
1773725355717290,0.0858847,-0.0336438,-0.995737
1773725355737301,0.0860954,-0.0335109,-0.995723
1773725355757297,0.086056,-0.0338083,-0.995717
1773725355777290,0.0859847,-0.0334804,-0.995734
1773725355797291,0.0867041,-0.0332133,-0.99568
1773725355817294,0.0861675,-0.0335079,-0.995717
1773725355837294,0.0861857,-0.0335688,-0.995713
1773725355857291,0.0866184,-0.0332922,-0.995685
1773725355877290,0.0859229,-0.0333641,-0.995743
1773725355897289,0.0859668,-0.0336508,-0.99573
1773725355917293,0.0867678,-0.0334457,-0.995667
1773725355937290,0.0858902,-0.0336094,-0.995738
1773725355957290,0.0859886,-0.0336663,-0.995727
1773725355977289,0.0871678,-0.0349742,-0.99558
1773725355997288,0.0899916,-0.0375523,-0.995234
1773725356017292,0.0902276,-0.0394865,-0.995138
1773725356037289,0.0926803,-0.0404318,-0.994875
1773725356057290,0.0917517,-0.0427668,-0.994863
1773725356077288,0.0904035,-0.0458577,-0.994849
1773725356097288,0.0896039,-0.0500442,-0.994719
1773725356117318,0.0906547,-0.0474031,-0.994754
1773725356137291,0.0923726,-0.0437941,-0.994761
1773725356157289,0.0921523,-0.0421148,-0.994854
1773725356177290,0.0930992,-0.035581,-0.995021
1773725356197289,0.0992859,-0.0304722,-0.994592
1773725356217287,0.104862,-0.0316637,-0.993983
1773725356237312,0.122636,-0.0227349,-0.992191
1773725356257286,0.124918,-0.0122827,-0.992091
1773725356277290,0.128583,-0.00294321,-0.991694
1773725356297290,0.132556,0.00705161,-0.99115
1773725356317309,0.129188,0.0115706,-0.991553
1773725356337287,0.118851,0.0129252,-0.992828
1773725356357318,0.103511,0.0106654,-0.994571
1773725356377288,0.0891387,0.00986123,-0.99597
1773725356397287,0.0521496,0.013471,-0.998548
1773725356417288,0.0217152,0.0208777,-0.999546
1773725356437293,-0.00830998,0.0317356,-0.999462
1773725356457288,-0.0521554,0.0531162,-0.997225
1773725356477288,-0.0792637,0.0688276,-0.994475
1773725356497289,-0.110076,0.0937998,-0.989487
1773725356517289,-0.123478,0.101296,-0.987164
1773725356537292,-0.13174,0.107918,-0.985392
1773725356557290,-0.134196,0.104252,-0.985456
1773725356577289,-0.131018,0.104451,-0.985862
1773725356597288,-0.130822,0.107623,-0.985547
1773725356617320,-0.130087,0.107679,-0.985638
1773725356637292,-0.129069,0.10787,-0.985751
1773725356657290,-0.1285,0.104578,-0.98618
1773725356677288,-0.127542,0.10302,-0.986468
1773725356697289,-0.126832,0.0996722,-0.986904
1773725356717289,-0.127705,0.096544,-0.987102
1773725356737351,-0.12959,0.0954249,-0.986965
1773725356757294,-0.129118,0.0929975,-0.987259
1773725356777289,-0.129282,0.0938207,-0.987159
1773725356797288,-0.131178,0.0927576,-0.98701
1773725356817289,-0.132382,0.0926923,-0.986855
1773725356837289,-0.134273,0.0940703,-0.986469
1773725356857287,-0.132108,0.0955994,-0.986615
1773725356877289,-0.133344,0.0957994,-0.986429
1773725356897302,-0.133434,0.097493,-0.986251
1773725356917375,-0.133918,0.0987579,-0.986059
1773725356937287,-0.135875,0.0994692,-0.98572
1773725356957288,-0.138081,0.0984222,-0.985518
1773725356977287,-0.137915,0.0989077,-0.985493
1773725356997288,-0.14054,0.100827,-0.984928
1773725357017287,-0.143417,0.101637,-0.98443
1773725357037298,-0.145561,0.103798,-0.983889
1773725357057295,-0.145869,0.104808,-0.983737
1773725357077289,-0.147487,0.105908,-0.983377
1773725357097290,-0.151981,0.10674,-0.982603
1773725357117291,-0.153991,0.106947,-0.982267
1773725357137296,-0.155849,0.108598,-0.981793
1773725357157289,-0.157553,0.109519,-0.981419
1773725357177290,-0.160909,0.108821,-0.980952
1773725357197292,-0.161084,0.11178,-0.98059
1773725357217291,-0.163343,0.113229,-0.98005
1773725357237288,-0.16662,0.113838,-0.979428
1773725357257290,-0.169563,0.115635,-0.978712
1773725357277291,-0.171808,0.11482,-0.978416
1773725357297288,-0.171916,0.118048,-0.978013
1773725357317359,-0.173862,0.118424,-0.977623
1773725357337294,-0.176511,0.119036,-0.977074
1773725357357292,-0.177892,0.122412,-0.976407
1773725357377295,-0.182822,0.122533,-0.97548
1773725357397294,-0.188233,0.123478,-0.974331
1773725357417298,-0.190241,0.125062,-0.973739
1773725357437314,-0.193633,0.125703,-0.972988
1773725357457288,-0.198079,0.126231,-0.972024
1773725357477290,-0.200159,0.126315,-0.971587
1773725357497291,-0.200131,0.126576,-0.971558
1773725357517288,-0.198804,0.12409,-0.972151
1773725357537291,-0.194332,0.122265,-0.973286
1773725357557289,-0.18686,0.119278,-0.975118
1773725357577290,-0.186336,0.118735,-0.975285
1773725357597287,-0.183347,0.120335,-0.975655
1773725357617288,-0.183346,0.121657,-0.975492
1773725357637324,-0.184606,0.123939,-0.974967
1773725357657289,-0.185471,0.123444,-0.974865
1773725357677292,-0.185471,0.123444,-0.974865
1773725357697292,-0.185471,0.123444,-0.974865
1773725357717295,-0.188924,0.131155,-0.973194
1773725357737304,-0.186801,0.132015,-0.973487
1773725357757299,-0.186716,0.133145,-0.97335
1773725357777296,-0.185433,0.133296,-0.973574
1773725357797317,-0.182586,0.134969,-0.973882
1773725357817287,-0.180551,0.139724,-0.973591
1773725357837292,-0.179155,0.140173,-0.973784
1773725357857298,-0.180121,0.137228,-0.974025
1773725357877289,-0.178091,0.139043,-0.974141
1773725357897288,-0.177773,0.141279,-0.973877
1773725357917302,-0.177588,0.140558,-0.974015
1773725357937290,-0.173344,0.141157,-0.974693
1773725357957290,-0.173394,0.140758,-0.974742
1773725357977289,-0.17159,0.142462,-0.974813
1773725357997290,-0.169634,0.140966,-0.975373
1773725358017296,-0.166661,0.141501,-0.975808
1773725358037289,-0.169051,0.141726,-0.975364
1773725358057289,-0.168038,0.143654,-0.975257
1773725358077288,-0.168059,0.144286,-0.97516
1773725358097288,-0.16637,0.145206,-0.975313
1773725358117289,-0.164347,0.145865,-0.975558
1773725358137290,-0.161129,0.149275,-0.975579
1773725358157289,-0.161815,0.146233,-0.975926
1773725358177288,-0.159205,0.148282,-0.976046
1773725358197289,-0.157899,0.14736,-0.976398
1773725358217291,-0.155931,0.147502,-0.976693
1773725358237290,-0.154793,0.146963,-0.976955
1773725358257291,-0.153608,0.14605,-0.977279
1773725358277290,-0.152128,0.143885,-0.977831
1773725358297288,-0.151836,0.143157,-0.977984
1773725358317290,-0.150863,0.141676,-0.97835
1773725358337290,-0.150044,0.142359,-0.978377
1773725358357290,-0.148244,0.141397,-0.97879
1773725358377292,-0.147994,0.140623,-0.97894
1773725358397290,-0.147669,0.139719,-0.979118
1773725358417290,-0.144959,0.141167,-0.979316
1773725358437289,-0.144044,0.140561,-0.979538
1773725358457294,-0.141655,0.139657,-0.980015
1773725358477261,-0.140588,0.13935,-0.980212
1773725358497291,-0.136961,0.13809,-0.980904
1773725358517289,-0.135241,0.137643,-0.981206
1773725358537298,-0.131987,0.137862,-0.981618
1773725358557289,-0.129282,0.135931,-0.982247
1773725358577289,-0.125256,0.135689,-0.982802
1773725358597288,-0.120042,0.137091,-0.983258
1773725358617292,-0.116228,0.136516,-0.983796
1773725358637291,-0.112438,0.135575,-0.984366
1773725358657270,-0.11027,0.134903,-0.984704
1773725358677289,-0.108662,0.133087,-0.98513
1773725358697288,-0.107387,0.133467,-0.985218
1773725358717287,-0.106366,0.132044,-0.985521
1773725358737290,-0.105488,0.12909,-0.986006
1773725358757295,-0.103735,0.125447,-0.986662
1773725358777291,-0.103923,0.121857,-0.987092
1773725358797290,-0.100696,0.121496,-0.987471
1773725358817302,-0.100775,0.120819,-0.987546
1773725358837292,-0.100096,0.11991,-0.987726
1773725358857289,-0.0988445,0.119043,-0.987957
1773725358877289,-0.0984583,0.118826,-0.988021
1773725358897288,-0.0963785,0.119014,-0.988204
1773725358917291,-0.095099,0.114706,-0.988837
1773725358937289,-0.0941242,0.112645,-0.989167
1773725358957288,-0.0947923,0.108701,-0.989545
1773725358977290,-0.0949898,0.106938,-0.989718
1773725358997309,-0.0958605,0.105072,-0.989834
1773725359017290,-0.0958155,0.102427,-0.990115
1773725359037309,-0.0972756,0.100244,-0.990196
1773725359057288,-0.0960407,0.099615,-0.99038
1773725359077287,-0.097373,0.0971266,-0.990497
1773725359097288,-0.0986279,0.0933186,-0.990739
1773725359117290,-0.0976826,0.0935728,-0.990809
1773725359137289,-0.095649,0.0924057,-0.991117
1773725359157290,-0.0936895,0.0899791,-0.991527
1773725359177290,-0.0929102,0.0881612,-0.991764
1773725359197291,-0.0893603,0.0860977,-0.992271
1773725359217289,-0.0907985,0.0798796,-0.992661
1773725359237288,-0.0838198,0.0782477,-0.993404
1773725359257290,-0.081645,0.0767177,-0.993704
1773725359277291,-0.0810719,0.0737601,-0.993975
1773725359297289,-0.0789267,0.0687245,-0.994509
1773725359317298,-0.0763346,0.0660273,-0.994894
1773725359337292,-0.07235,0.0643833,-0.995299
1773725359357287,-0.0688575,0.0617995,-0.995711
1773725359377287,-0.0628707,0.0589763,-0.996278
1773725359397288,-0.0557919,0.054473,-0.996955
1773725359417292,-0.050354,0.0538912,-0.997276
1773725359437288,-0.0418039,0.0532357,-0.997707
1773725359457288,-0.0380344,0.0527823,-0.997881
1773725359477292,-0.0330038,0.0512426,-0.998141
1773725359497288,-0.0251984,0.0486425,-0.998498
1773725359517288,-0.021732,0.0472857,-0.998645
1773725359537293,-0.0187684,0.0461264,-0.998759
1773725359557291,-0.0148867,0.0432167,-0.998955
1773725359577287,-0.0113183,0.0413507,-0.999081
1773725359597287,-0.00936023,0.0366071,-0.999286
1773725359617289,-0.0113484,0.0285562,-0.999528
1773725359637287,-0.0278811,0.00520715,-0.999598
1773725359657291,-0.0353347,-0.00681625,-0.999352
1773725359677289,-0.0367205,-0.015606,-0.999204
1773725359697289,-0.0237797,-0.0290941,-0.999294
1773725359717290,-0.0175924,-0.0323942,-0.99932
1773725359737289,0.00372766,-0.0372679,-0.999298
1773725359757290,0.0314606,-0.0305155,-0.999039
1773725359777290,0.0495708,-0.0245845,-0.998468
1773725359797290,0.0777602,-0.0103197,-0.996919
1773725359817296,0.0866464,0.00278654,-0.996235
1773725359837291,0.0906723,0.00958574,-0.995835
1773725359857290,0.080626,0.0159374,-0.996617
1773725359877290,0.0701351,0.0175837,-0.997383
1773725359897296,0.0543902,0.0145222,-0.998414
1773725359917296,0.0146917,0.0124555,-0.999814
1773725359937291,-0.0274959,0.0179594,-0.999461
1773725359957290,-0.0537139,0.0250499,-0.998242
1773725359979182,-0.0738569,0.0363389,-0.996607
1773725359997286,-0.0919404,0.0483902,-0.994588
1773725360017287,-0.105974,0.0634523,-0.992342
1773725360037291,-0.114224,0.0717451,-0.990861
1773725360057288,-0.127895,0.0805091,-0.988515
1773725360077288,-0.136903,0.086386,-0.986811
1773725360097287,-0.149014,0.0947917,-0.984281
1773725360117287,-0.14365,0.0949407,-0.985064
1773725360137313,-0.136867,0.0938416,-0.986135
1773725360157289,-0.123565,0.0902652,-0.988223
1773725360177252,-0.112375,0.0870978,-0.989841
1773725360197292,-0.0943717,0.0817607,-0.992174
1773725360217291,-0.0857947,0.0778216,-0.993269
1773725360237294,-0.076603,0.071955,-0.994462
1773725360257289,-0.0713394,0.0683375,-0.995108
1773725360277288,-0.0676715,0.0648197,-0.9956
1773725360297290,-0.0676715,0.0648197,-0.9956
1773725360317292,-0.0549445,0.0609295,-0.996629
1773725360337287,-0.0467176,0.0595951,-0.997129
1773725360357289,-0.0422814,0.0600499,-0.997299
1773725360377288,-0.0312721,0.0671014,-0.997256
1773725360397289,-0.0228382,0.0776593,-0.996718
1773725360417288,-0.020974,0.0815242,-0.996451
1773725360437288,-0.0200132,0.0831241,-0.996338
1773725360457291,-0.0168751,0.0750311,-0.997038
1773725360477289,-0.0136587,0.0677344,-0.99761
1773725360497289,-0.0101229,0.0591403,-0.998198
1773725360517288,-0.00882393,0.0574749,-0.998308
1773725360537294,-0.00181675,0.0588885,-0.998263
1773725360557289,0.00501355,0.0611441,-0.998116
1773725360577289,0.0121796,0.0613761,-0.99804
1773725360597292,0.0244518,0.0598101,-0.99791
1773725360617290,0.0411311,0.06225,-0.997213
1773725360637290,0.0434397,0.0625353,-0.997097
1773725360657299,0.0526647,0.0628428,-0.996633
1773725360677290,0.0621402,0.0647539,-0.995965
1773725360697289,0.0790391,0.0675706,-0.994579
1773725360717291,0.0876496,0.068164,-0.993816
1773725360737290,0.0951566,0.0639283,-0.993407
1773725360757289,0.0935069,0.0502053,-0.994352
1773725360777289,0.0943537,0.0423419,-0.994638
1773725360797289,0.0964954,0.0320197,-0.994818
1773725360817293,0.0849651,0.0257351,-0.996052
1773725360837288,0.0614064,0.0278225,-0.997725
1773725360857293,0.0281063,0.0365774,-0.998935
1773725360877291,0.00326978,0.0411092,-0.999149
1773725360897289,-0.0259656,0.0391864,-0.998894
1773725360917288,-0.0425044,0.0268276,-0.998736
1773725360937295,-0.0674164,0.00925956,-0.997682
1773725360957289,-0.0780076,0.00275725,-0.996949
1773725360977288,-0.088714,-0.00353614,-0.996051
1773725360997293,-0.104094,-0.0037774,-0.99456
1773725361017290,-0.122274,-0.00585758,-0.992479
1773725361037297,-0.147154,-0.0110858,-0.989051
1773725361057291,-0.166164,-0.0133265,-0.986008
1773725361077290,-0.18671,-0.0148363,-0.982303
1773725361097288,-0.2077,-0.0228905,-0.977925
1773725361117296,-0.211671,-0.0333461,-0.976772
1773725361137292,-0.208956,-0.0487741,-0.976708
1773725361157294,-0.210623,-0.0639332,-0.975474
1773725361177298,-0.211049,-0.0886253,-0.973449
1773725361197315,-0.216829,-0.122576,-0.968483
1773725361217316,-0.210596,-0.142689,-0.967104
1773725361237296,-0.193571,-0.171034,-0.966063
1773725361257291,-0.177668,-0.187079,-0.966145
1773725361277290,-0.155857,-0.199097,-0.967506
1773725361297289,-0.121296,-0.210377,-0.970066
1773725361317292,-0.09708,-0.210268,-0.972812
1773725361337287,-0.0739587,-0.202327,-0.976521
1773725361357288,-0.063697,-0.202426,-0.977224
1773725361377292,-0.0606757,-0.205611,-0.976751
1773725361397287,-0.0634161,-0.209291,-0.975795
1773725361417288,-0.072517,-0.210038,-0.975
1773725361437291,-0.0813392,-0.211608,-0.973964
1773725361457289,-0.0915216,-0.219312,-0.971353
1773725361477289,-0.0984613,-0.219913,-0.970538
1773725361497288,-0.10082,-0.221313,-0.969977
1773725361517288,-0.0996742,-0.223723,-0.969543
1773725361537288,-0.0946205,-0.228504,-0.968934
1773725361557289,-0.0831051,-0.230301,-0.969564
1773725361577289,-0.0774975,-0.229846,-0.970136
1773725361597290,-0.068293,-0.224787,-0.972012
1773725361617289,-0.0643714,-0.217697,-0.973891
1773725361637288,-0.0671887,-0.202664,-0.976941
1773725361657290,-0.0692981,-0.197347,-0.977881
1773725361677288,-0.0801835,-0.178713,-0.980629
1773725361697291,-0.0972741,-0.15481,-0.983144
1773725361717292,-0.110707,-0.14291,-0.983525
1773725361737288,-0.123778,-0.128751,-0.983922
1773725361757427,-0.138857,-0.105404,-0.984687
1773725361777291,-0.143392,-0.0936422,-0.985226
1773725361797290,-0.147941,-0.0786591,-0.985863
1773725361817291,-0.155002,-0.0725543,-0.985246
1773725361837288,-0.164251,-0.0670295,-0.984139
1773725361857291,-0.175533,-0.0612385,-0.982567
1773725361877290,-0.180533,-0.061311,-0.981656
1773725361897290,-0.181692,-0.0624308,-0.981372
1773725361917288,-0.182241,-0.062787,-0.981247
1773725361937294,-0.180676,-0.064081,-0.981453
1773725361957291,-0.177594,-0.0651711,-0.981944
1773725361977294,-0.176757,-0.0669972,-0.981972
1773725361997295,-0.171007,-0.0714823,-0.982673
1773725362017423,-0.167973,-0.0755415,-0.982893
1773725362037290,-0.162586,-0.0826044,-0.983231
1773725362057300,-0.158566,-0.0874541,-0.983468
1773725362077290,-0.153744,-0.0922722,-0.983793
1773725362097293,-0.144436,-0.0974661,-0.984702
1773725362117296,-0.139556,-0.101455,-0.985003
1773725362137290,-0.13348,-0.103664,-0.985615
1773725362157289,-0.127195,-0.109958,-0.985764
1773725362177289,-0.123204,-0.113143,-0.98591
1773725362197326,-0.115545,-0.120428,-0.985975
1773725362217278,-0.112422,-0.123528,-0.985952
1773725362237288,-0.107144,-0.128561,-0.985897
1773725362257289,-0.104431,-0.132414,-0.985678
1773725362277292,-0.10246,-0.136813,-0.985284
1773725362297290,-0.098264,-0.139561,-0.985326
1773725362317287,-0.0972672,-0.144985,-0.984641
1773725362337290,-0.0921025,-0.149147,-0.984516
1773725362357289,-0.0892661,-0.151067,-0.984485
1773725362377289,-0.0846928,-0.151545,-0.984815
1773725362397287,-0.077567,-0.152613,-0.985237
1773725362417290,-0.0757745,-0.156827,-0.984715
1773725362437293,-0.0736565,-0.158756,-0.984567
1773725362457293,-0.0735807,-0.158822,-0.984561
1773725362477291,-0.074614,-0.159114,-0.984437
1773725362497288,-0.0746775,-0.161459,-0.98405
1773725362517294,-0.0735165,-0.160886,-0.984231
1773725362537288,-0.0677934,-0.15905,-0.98494
1773725362557295,-0.0604332,-0.152803,-0.986407
1773725362577291,-0.0490999,-0.145008,-0.988212
1773725362597289,-0.0347782,-0.134641,-0.990284
1773725362617288,-0.0205865,-0.120341,-0.992519
1773725362637291,0.00549324,-0.0992623,-0.995046
1773725362657289,0.0261396,-0.0885188,-0.995731
1773725362677289,0.0436492,-0.0823703,-0.995645
1773725362697288,0.0602906,-0.0828571,-0.994736
1773725362717288,0.0656695,-0.0909952,-0.993684
1773725362737297,0.0569589,-0.106657,-0.992663
1773725362757295,0.0423339,-0.118794,-0.992016
1773725362777298,0.0220132,-0.133245,-0.990839
1773725362797289,0.00237269,-0.1502,-0.988653
1773725362817287,-0.00394137,-0.159073,-0.987259
1773725362837287,-0.00707663,-0.16757,-0.985835
1773725362857288,-0.010642,-0.174995,-0.984512
1773725362877290,-0.0116224,-0.178189,-0.983928
1773725362897288,-0.0181654,-0.182138,-0.983105
1773725362917289,-0.0202348,-0.182423,-0.983012
1773725362937289,-0.0217211,-0.182114,-0.983038
1773725362957290,-0.0249406,-0.181899,-0.983001
1773725362977288,-0.0266595,-0.180873,-0.983145
1773725362997289,-0.0218796,-0.177115,-0.983947
1773725363017289,-0.0144533,-0.171338,-0.985106
1773725363037288,0.00223128,-0.158562,-0.987347
1773725363057287,0.0135549,-0.153353,-0.988079
1773725363077290,0.0294215,-0.148067,-0.98854
1773725363097288,0.0559822,-0.144547,-0.987913
1773725363117290,0.073991,-0.142744,-0.98699
1773725363137289,0.0881197,-0.143736,-0.985685
1773725363157292,0.102075,-0.148463,-0.983636
1773725363177288,0.107529,-0.152545,-0.982429
1773725363197288,0.111606,-0.163387,-0.980229
1773725363217292,0.110729,-0.17145,-0.97895
1773725363237292,0.104725,-0.183594,-0.977408
1773725363257293,0.100244,-0.192953,-0.976074
1773725363277298,0.0909364,-0.201208,-0.975318
1773725363297287,0.0737935,-0.212169,-0.974443
1773725363317289,0.0626702,-0.216705,-0.974224
1773725363337294,0.0471899,-0.219199,-0.974538
1773725363357288,0.0215773,-0.222198,-0.974763
1773725363377290,0.00218251,-0.222973,-0.974822
1773725363397290,-0.0224245,-0.218734,-0.975527
1773725363417290,-0.0341691,-0.214289,-0.976172
1773725363437313,-0.0419352,-0.206173,-0.977616
1773725363457294,-0.0424821,-0.202044,-0.978455
1773725363477300,-0.0388625,-0.199368,-0.979154
1773725363497288,-0.0321962,-0.199603,-0.979348
1773725363517290,-0.0337145,-0.201097,-0.978991
1773725363537288,-0.0366643,-0.203134,-0.978464
1773725363557289,-0.0465325,-0.207105,-0.977212
1773725363577289,-0.0487183,-0.208253,-0.976861
1773725363597290,-0.0635877,-0.206981,-0.976276
1773725363617293,-0.0746322,-0.20213,-0.976511
1773725363637290,-0.0795536,-0.197057,-0.977159
1773725363657288,-0.0784514,-0.180959,-0.980357
1773725363677288,-0.079946,-0.169305,-0.982316
1773725363697287,-0.0774576,-0.15073,-0.985536
1773725363717291,-0.0824577,-0.143654,-0.986187
1773725363737288,-0.0827562,-0.137861,-0.986988
1773725363757288,-0.0855368,-0.133924,-0.987293
1773725363777294,-0.087775,-0.132512,-0.987287
1773725363797289,-0.0769581,-0.132397,-0.988205
1773725363817291,-0.0724798,-0.133044,-0.988456
1773725363837294,-0.0650401,-0.136012,-0.98857
1773725363857289,-0.0584434,-0.136834,-0.988868
1773725363877288,-0.0493205,-0.136995,-0.989343
1773725363897291,-0.0404872,-0.134851,-0.990038
1773725363917289,-0.0356316,-0.133199,-0.990449
1773725363937288,-0.0346459,-0.1309,-0.99079
1773725363957288,-0.0339098,-0.12378,-0.99173
1773725363977291,-0.0330528,-0.117834,-0.992483
1773725363997290,-0.0364046,-0.108706,-0.993407
1773725364017288,-0.04049,-0.10237,-0.993922
1773725364037294,-0.039616,-0.0991011,-0.994288
1773725364057309,-0.0347518,-0.0967781,-0.994699
1773725364077287,-0.0287068,-0.0962568,-0.994942
1773725364097287,-0.0295156,-0.0954792,-0.994994
1773725364117291,-0.0314157,-0.0964042,-0.994846
1773725364137287,-0.0286246,-0.0977208,-0.994802
1773725364157288,-0.028774,-0.0964377,-0.994923
1773725364177288,-0.0264214,-0.0939932,-0.995222
1773725364197289,-0.0261769,-0.0918138,-0.995432
1773725364217302,-0.0281894,-0.0921921,-0.995342
1773725364237291,-0.0247076,-0.0903261,-0.995606
1773725364257289,-0.0229004,-0.0881286,-0.995846
1773725364277288,-0.02082,-0.0886024,-0.995849
1773725364297290,-0.0144919,-0.0889803,-0.995928
1773725364317288,-0.0095589,-0.0885005,-0.99603
1773725364337286,-0.00565266,-0.0893024,-0.995989
1773725364357289,0.00370571,-0.0892169,-0.996005
1773725364377289,0.00782643,-0.0887957,-0.996019
1773725364397289,0.0156309,-0.0904194,-0.995781
1773725364417289,0.0200095,-0.0892656,-0.995807
1773725364437291,0.0236225,-0.0914102,-0.995533
1773725364457289,0.0292513,-0.0909111,-0.995429
1773725364477291,0.0331935,-0.0903477,-0.995357
1773725364497292,0.0373691,-0.090379,-0.995206
1773725364517289,0.0406999,-0.0904623,-0.995068
1773725364537289,0.0446659,-0.0912114,-0.994829
1773725364557290,0.0487021,-0.091297,-0.994632
1773725364577288,0.0488057,-0.093738,-0.9944
1773725364597288,0.0517318,-0.0939669,-0.99423
1773725364617295,0.0515329,-0.0980846,-0.993843
1773725364637291,0.0519973,-0.0993922,-0.993689
1773725364657290,0.0542693,-0.102238,-0.993279
1773725364677290,0.0524982,-0.105854,-0.992995
1773725364697292,0.0548111,-0.110173,-0.9924
1773725364717289,0.0534715,-0.11298,-0.992157
1773725364737293,0.0544338,-0.117728,-0.991553
1773725364757291,0.0562065,-0.118337,-0.991381
1773725364777288,0.0565527,-0.120272,-0.991129
1773725364797288,0.0583024,-0.120749,-0.99097
1773725364817295,0.0588754,-0.120016,-0.991025
1773725364837289,0.0559571,-0.120103,-0.991183
1773725364857288,0.0566435,-0.120071,-0.991148
1773725364877288,0.0547064,-0.120188,-0.991243
1773725364897291,0.0559427,-0.119562,-0.991249
1773725364917291,0.0546779,-0.120064,-0.991259
1773725364937289,0.0554524,-0.119974,-0.991227
1773725364957294,0.0540037,-0.12143,-0.99113
1773725364979331,0.0563624,-0.122722,-0.990839
1773725364997312,0.0601996,-0.12287,-0.990595
1773725365017323,0.0709991,-0.120551,-0.990165
1773725365037287,0.0793586,-0.1176,-0.989885
1773725365057288,0.0947343,-0.114375,-0.98891
1773725365077290,0.100403,-0.111019,-0.988734
1773725365097288,0.109597,-0.108814,-0.988002
1773725365117293,0.118897,-0.106254,-0.987205
1773725365137288,0.120972,-0.104661,-0.987123
1773725365157290,0.127891,-0.101366,-0.986594
1773725365177290,0.137445,-0.0982611,-0.985623
1773725365197289,0.140876,-0.0955981,-0.985401
1773725365217288,0.149691,-0.0884361,-0.98477
1773725365237292,0.154995,-0.08043,-0.984636
1773725365257289,0.156334,-0.0638093,-0.985641
1773725365277288,0.148901,-0.0509061,-0.987541
1773725365297288,0.137231,-0.0254806,-0.990211
1773725365317288,0.122141,-0.0100956,-0.992461
1773725365337289,0.0955689,0.0091723,-0.995381
1773725365357288,0.0728438,0.0195168,-0.997152
1773725365377289,0.0463503,0.0288611,-0.998508
1773725365397287,0.0067953,0.0406823,-0.999149
1773725365417288,-0.0165311,0.0446283,-0.998867
1773725365437291,-0.0332669,0.0497902,-0.998206
1773725365457286,-0.0455912,0.0560345,-0.997387
1773725365477287,-0.0469523,0.0599151,-0.997099
1773725365497289,-0.0426781,0.0646008,-0.996998
1773725365517297,-0.0329982,0.0699475,-0.997005
1773725365537289,-0.0260538,0.0751045,-0.996835
1773725365557288,-0.0161163,0.0850948,-0.996243
1773725365577289,-0.0120787,0.0883278,-0.996018
1773725365597290,-0.0211073,0.0888783,-0.995819
1773725365617296,-0.0270111,0.0878134,-0.995771
1773725365637290,-0.0372551,0.0858147,-0.995614
1773725365657288,-0.0519552,0.0841657,-0.995096
1773725365677303,-0.062246,0.0785265,-0.994967
1773725365697287,-0.0762584,0.0738882,-0.994347
1773725365717289,-0.0851702,0.0730282,-0.993687
1773725365737293,-0.0931033,0.0743463,-0.992877
1773725365757294,-0.102696,0.0777425,-0.99167
1773725365777288,-0.106465,0.0808778,-0.991022
1773725365797288,-0.110876,0.0819476,-0.99045
1773725365817290,-0.110876,0.0819476,-0.99045
1773725365837303,-0.131275,0.0903065,-0.987224
1773725365857290,-0.142349,0.0898483,-0.98573
1773725365877289,-0.149646,0.0892689,-0.984701
1773725365897289,-0.153213,0.0876273,-0.9843
1773725365917289,-0.157199,0.0857107,-0.983841
1773725365937293,-0.159208,0.0844211,-0.983629
1773725365957291,-0.158046,0.0855852,-0.983716
1773725365977256,-0.160834,0.0851966,-0.983298
1773725365997289,-0.158153,0.0844177,-0.983799
1773725366017466,-0.157222,0.0835936,-0.984019
1773725366037291,-0.155923,0.0832902,-0.984251
1773725366057291,-0.154127,0.0836092,-0.984507
1773725366077290,-0.152923,0.0832344,-0.984727
1773725366097288,-0.153075,0.0856334,-0.984497
1773725366117291,-0.152199,0.0894534,-0.984293
1773725366137288,-0.151651,0.0937552,-0.983978
1773725366157288,-0.153316,0.0947155,-0.983628
1773725366177292,-0.156661,0.0951526,-0.983058
1773725366197294,-0.157983,0.0951303,-0.982849
1773725366217289,-0.158677,0.0946464,-0.982784
1773725366237290,-0.161361,0.0946439,-0.982347
1773725366257289,-0.166733,0.0965112,-0.981267
1773725366277290,-0.1694,0.0970342,-0.980759
1773725366297289,-0.176544,0.099492,-0.979252
1773725366317294,-0.182011,0.0991158,-0.978288
1773725366337303,-0.185628,0.100727,-0.977444
1773725366357290,-0.188502,0.107035,-0.976223
1773725366377287,-0.186678,0.108705,-0.976389
1773725366397289,-0.183957,0.111598,-0.976579
1773725366417291,-0.183828,0.113845,-0.976344
1773725366437289,-0.186275,0.114061,-0.975854
1773725366457295,-0.185195,0.116678,-0.97575
1773725366477291,-0.184977,0.117719,-0.975667
1773725366497289,-0.184579,0.116943,-0.975836
1773725366517303,-0.185691,0.116498,-0.975678
1773725366537291,-0.188406,0.115089,-0.975324
1773725366557289,-0.19082,0.112297,-0.97518
1773725366577290,-0.190888,0.111215,-0.975291
1773725366597288,-0.189434,0.111689,-0.975521
1773725366617298,-0.188005,0.111415,-0.975828
1773725366637291,-0.184837,0.109879,-0.976607
1773725366657290,-0.180736,0.109676,-0.977397
1773725366677292,-0.176681,0.108864,-0.978229
1773725366697291,-0.170237,0.105545,-0.979734
1773725366717289,-0.16707,0.101868,-0.980668
1773725366737294,-0.163026,0.0987182,-0.981671
1773725366757292,-0.158712,0.0923722,-0.982994
1773725366777289,-0.155765,0.0868695,-0.983967
1773725366797291,-0.15883,0.0858888,-0.983563
1773725366817293,-0.160974,0.0880104,-0.983027
1773725366837292,-0.163846,0.0896461,-0.982404
1773725366857289,-0.17055,0.0902758,-0.981205
1773725366877289,-0.180731,0.092591,-0.979165
1773725366897290,-0.19131,0.0920161,-0.977207
1773725366917289,-0.198591,0.0907638,-0.975871
1773725366937289,-0.200594,0.0889546,-0.975628
1773725366957290,-0.201496,0.0850358,-0.975791
1773725366977291,-0.202796,0.0831639,-0.975683
1773725366997290,-0.206468,0.0777824,-0.975357
1773725367017291,-0.208041,0.0752762,-0.975219
1773725367037290,-0.209581,0.0711962,-0.975196
1773725367057288,-0.210199,0.0670899,-0.975354
1773725367077291,-0.214257,0.0659559,-0.974548
1773725367097289,-0.216614,0.063638,-0.974181
1773725367117292,-0.223597,0.0626447,-0.972667
1773725367137289,-0.224871,0.0640663,-0.97228
1773725367157291,-0.223582,0.0656365,-0.972473
1773725367177291,-0.210414,0.0769555,-0.974579
1773725367197290,-0.206192,0.0833634,-0.974954
1773725367217288,-0.206075,0.0891477,-0.974467
1773725367237294,-0.206542,0.0911496,-0.974183
1773725367257290,-0.212263,0.0895986,-0.973096
1773725367277287,-0.216826,0.0877343,-0.97226
1773725367297292,-0.228558,0.081669,-0.970099
1773725367317288,-0.233367,0.0776456,-0.969284
1773725367337292,-0.241585,0.0724626,-0.96767
1773725367357287,-0.238932,0.0708136,-0.968451
1773725367377288,-0.244453,0.068393,-0.967246
1773725367397293,-0.245184,0.0704005,-0.966917
1773725367417290,-0.244636,0.0718633,-0.966948
1773725367437289,-0.243471,0.0755457,-0.966961
1773725367457293,-0.244425,0.0824286,-0.966158
1773725367477290,-0.245131,0.0847567,-0.965778
1773725367497288,-0.248994,0.0865203,-0.964633
1773725367517287,-0.249999,0.0855313,-0.964461
1773725367537289,-0.251993,0.0840979,-0.964068
1773725367557291,-0.25542,0.0820973,-0.963338
1773725367577314,-0.258848,0.0803017,-0.962574
1773725367597314,-0.261127,0.0776747,-0.962174
1773725367617289,-0.263233,0.0752813,-0.96179
1773725367637289,-0.265641,0.0744321,-0.961194
1773725367657290,-0.26672,0.0739155,-0.960935
1773725367677303,-0.26671,0.0742118,-0.960915
1773725367697293,-0.269467,0.0731853,-0.960225
1773725367717289,-0.271557,0.0716832,-0.959749
1773725367737290,-0.273129,0.0714647,-0.959319
1773725367757294,-0.276763,0.0706106,-0.95834
1773725367777291,-0.279438,0.0721624,-0.957448
1773725367797290,-0.283398,0.0694748,-0.956482
1773725367817302,-0.283648,0.0683535,-0.956489
1773725367837292,-0.284006,0.0665007,-0.956514
1773725367857292,-0.282261,0.0636346,-0.957225
1773725367877293,-0.281435,0.0623095,-0.957555
1773725367897297,-0.280003,0.0602112,-0.958109
1773725367917293,-0.278447,0.058457,-0.958671
1773725367937296,-0.278103,0.0570538,-0.958855
1773725367957304,-0.276281,0.0573686,-0.959363
1773725367977290,-0.27523,0.0570438,-0.959684
1773725367997300,-0.27168,0.0548741,-0.960822
1773725368017290,-0.271087,0.0544098,-0.961016
1773725368037291,-0.269696,0.0524521,-0.961516
1773725368057288,-0.265361,0.0509734,-0.962801
1773725368077294,-0.2635,0.0485976,-0.963434
1773725368097291,-0.262954,0.0473807,-0.963644
1773725368117290,-0.258957,0.0458897,-0.964798
1773725368137289,-0.256298,0.0445131,-0.965572
1773725368157289,-0.25249,0.0422583,-0.966676
1773725368177289,-0.250139,0.0410241,-0.96734
1773725368197453,-0.248748,0.0396431,-0.967757
1773725368217955,-0.246316,0.0389042,-0.968409
1773725368237292,-0.243867,0.0362795,-0.96913
1773725368257291,-0.241844,0.0324942,-0.969771
1773725368277288,-0.240485,0.0321877,-0.970119
1773725368297290,-0.238647,0.0244974,-0.970797
1773725368317290,-0.23721,0.0218385,-0.971213
1773725368337487,-0.237365,0.0203101,-0.971208
1773725368357294,-0.234276,0.0144484,-0.972063
1773725368377291,-0.233722,0.0133428,-0.972212
1773725368397290,-0.230899,0.0105512,-0.97292
1773725368417289,-0.231403,0.00772968,-0.972827
1773725368437291,-0.22854,0.00232738,-0.973532
1773725368457309,-0.226788,-0.000383413,-0.973944
1773725368477288,-0.22932,-0.00411142,-0.973342
1773725368497289,-0.227958,-0.00728848,-0.973644
1773725368517291,-0.225963,-0.00971318,-0.974087
1773725368537288,-0.226871,-0.0121047,-0.97385
1773725368557288,-0.225448,-0.0148357,-0.974142
1773725368577288,-0.224368,-0.0180715,-0.974337
1773725368597289,-0.223797,-0.0191838,-0.974447
1773725368617290,-0.223884,-0.022817,-0.974349
1773725368637288,-0.223222,-0.0233826,-0.974487
1773725368657288,-0.220257,-0.0274627,-0.975055
1773725368677290,-0.219799,-0.0287545,-0.975121
1773725368697289,-0.219085,-0.0300146,-0.975244
1773725368717292,-0.216027,-0.0321896,-0.975857
1773725368737291,-0.215859,-0.0346721,-0.975809
1773725368757289,-0.214735,-0.0386994,-0.975905
1773725368777288,-0.215792,-0.0399472,-0.975622
1773725368797290,-0.212526,-0.0406739,-0.976308
1773725368817288,-0.208281,-0.0418706,-0.977172
1773725368837301,-0.203962,-0.043072,-0.978031
1773725368857289,-0.197093,-0.043959,-0.979399
1773725368877290,-0.191795,-0.0441183,-0.980443
1773725368897290,-0.184586,-0.0447837,-0.981795
1773725368917290,-0.179503,-0.0458201,-0.98269
1773725368937293,-0.174338,-0.0459694,-0.983612
1773725368957295,-0.168401,-0.0441233,-0.984731
1773725368977289,-0.161546,-0.0440235,-0.985883
1773725368997289,-0.154697,-0.0409231,-0.987114
1773725369017383,-0.147592,-0.0416624,-0.98817
1773725369037286,-0.141397,-0.0414151,-0.989086
1773725369057288,-0.130065,-0.039354,-0.990724
1773725369077286,-0.122144,-0.0389904,-0.991746
1773725369097291,-0.107206,-0.0379563,-0.993512
1773725369117292,-0.0999739,-0.0361703,-0.994332
1773725369137290,-0.0937279,-0.0344205,-0.995003
1773725369157289,-0.0772246,-0.026735,-0.996655
1773725369177288,-0.0688809,-0.0198417,-0.997428
1773725369197290,-0.0568069,-0.0129557,-0.998301
1773725369217288,-0.0494543,-0.0106684,-0.998719
1773725369237291,-0.0446832,-0.00681998,-0.998978
1773725369257292,-0.0345603,-0.00165876,-0.999401
1773725369277290,-0.0264244,0.00200145,-0.999649
1773725369297288,-0.0224372,0.00225631,-0.999746
1773725369317289,-0.017948,0.00289265,-0.999835
1773725369337353,-0.016454,0.00335531,-0.999859
1773725369357292,-0.01166,0.00520745,-0.999918
1773725369377293,-0.00934514,0.00546533,-0.999941
1773725369397290,-0.0026584,0.00700651,-0.999972
1773725369417289,-0.000940351,0.00675802,-0.999977
1773725369437287,-0.00131455,0.00664194,-0.999977
1773725369457292,-0.00473613,0.00348039,-0.999983
1773725369477291,-0.0111916,0.00419892,-0.999929
1773725369497290,-0.00713171,0.00247155,-0.999972
1773725369517293,-0.00815693,-0.00144378,-0.999966
1773725369537288,-0.00569951,-6.00088e-05,-0.999984
1773725369557289,0.000208862,0.00141806,-0.999999
1773725369577288,0.0065972,0.00492243,-0.999966
1773725369597290,0.0146201,0.00549295,-0.999878
1773725369617289,0.0178679,0.00658858,-0.999819
1773725369637288,0.0184197,0.00957375,-0.999785
1773725369657289,0.0191023,0.0123998,-0.999741
1773725369677290,0.030352,0.00850747,-0.999503
1773725369697287,0.0386882,-0.000980376,-0.999251
1773725369717288,0.0506914,-0.00536216,-0.9987
1773725369737291,0.0537272,-0.00839447,-0.99852
1773725369757289,0.0469628,-0.0159962,-0.998769
1773725369777288,0.0364647,-0.0203971,-0.999127
1773725369797288,0.0364647,-0.0203971,-0.999127
1773725369817291,0.00337575,-0.0293826,-0.999563
1773725369837293,-0.0106944,-0.0204952,-0.999733
1773725369857288,-0.0153551,-0.0112954,-0.999818
1773725369877291,-0.0145805,-0.0045666,-0.999883
1773725369897292,-0.00853235,0.000214066,-0.999964
1773725369917289,-0.00853235,0.000214066,-0.999964
1773725369937289,-0.00853235,0.000214066,-0.999964
1773725369957307,0.0245942,0.00390781,-0.99969
1773725369980388,0.0334928,0.0038359,-0.999432
1773725369997289,0.0459146,0.00524997,-0.998932
1773725370017292,0.0549281,0.00412447,-0.998482
1773725370037289,0.0633035,0.000961456,-0.997994
1773725370057291,0.0846493,-0.00208162,-0.996409
1773725370077288,0.0956885,-0.00398041,-0.995403
1773725370097293,0.103718,-0.00291035,-0.994602
1773725370117291,0.115115,-0.00408778,-0.993344
1773725370137289,0.122499,-0.00223712,-0.992466
1773725370157290,0.128664,0.00442819,-0.991678
1773725370177290,0.1308,0.00983103,-0.99136
1773725370197288,0.132654,0.0195086,-0.99097
1773725370217288,0.129249,0.0262665,-0.991264
1773725370237289,0.122697,0.0314897,-0.991945
1773725370257290,0.113109,0.0367953,-0.992901
1773725370277288,0.105078,0.0426961,-0.993547
1773725370297289,0.0781716,0.0416861,-0.996068
1773725370317293,0.0573358,0.0452106,-0.997331
1773725370337307,0.0334443,0.0487945,-0.998249
1773725370357290,-0.00418784,0.055679,-0.99844
1773725370377290,-0.0160659,0.0563526,-0.998282
1773725370397370,-0.0575455,0.0473366,-0.99722
1773725370417296,-0.077069,0.0474168,-0.995898
1773725370437293,-0.0928921,0.0490193,-0.994469
1773725370457289,-0.110787,0.0532331,-0.992417
1773725370477292,-0.119264,0.0577363,-0.991182
1773725370497290,-0.126126,0.0514403,-0.99068
1773725370517293,-0.131189,0.0433047,-0.990411
1773725370537287,-0.131754,0.0393414,-0.990501
1773725370557290,-0.126687,0.037289,-0.991242
1773725370577317,-0.111807,0.0414847,-0.992864
1773725370597290,-0.0994056,0.0436187,-0.994091
1773725370617288,-0.0867914,0.0579583,-0.994539
1773725370637290,-0.0681699,0.0619403,-0.995749
1773725370657293,-0.045443,0.0647123,-0.996869
1773725370677288,-0.0354579,0.0665904,-0.99715
1773725370697289,-0.0210354,0.0632564,-0.997776
1773725370717289,-0.0138821,0.0573868,-0.998255
1773725370737294,-0.00583735,0.0518863,-0.998636
1773725370757289,-0.00127753,0.0415342,-0.999136
1773725370777288,0.00567364,0.0215739,-0.999751
1773725370797288,0.00437142,-0.00195884,-0.999989
1773725370817293,0.00455117,-0.00578065,-0.999973
1773725370837290,0.00498045,-0.00668982,-0.999965
1773725370857288,0.00183598,-0.00212185,-0.999996
1773725370877290,-0.00167349,-0.00111701,-0.999998
1773725370897290,-0.00412909,-0.00479301,-0.99998
1773725370917288,-0.00837137,-0.0099787,-0.999915
1773725370937291,-0.0156066,-0.0151562,-0.999763
1773725370957288,-0.0180541,-0.0180213,-0.999675
1773725370977287,-0.0249237,-0.0214408,-0.999459
1773725370997290,-0.0295823,-0.0235154,-0.999286
1773725371017289,-0.0332977,-0.02634,-0.999098
1773725371037289,-0.0355846,-0.0297532,-0.998924
1773725371057339,-0.0375179,-0.0349738,-0.998684
1773725371077290,-0.037573,-0.0379395,-0.998573
1773725371097289,-0.0344163,-0.0400714,-0.998604
1773725371117246,-0.0313794,-0.0503907,-0.998236
1773725371137304,-0.0229294,-0.0534956,-0.998305
1773725371157286,-0.00721842,-0.058765,-0.998246
1773725371177288,0.00493096,-0.0625716,-0.998028
1773725371197289,0.0155366,-0.0633493,-0.99787
1773725371217290,0.0370442,-0.0698721,-0.996868
1773725371237289,0.0387674,-0.0791458,-0.996109
1773725371257290,0.0379707,-0.0857327,-0.995594
1773725371277292,0.0330094,-0.0901178,-0.995384
1773725371297290,0.0282106,-0.0919563,-0.995363
1773725371317289,0.0264642,-0.0893134,-0.995652
1773725371337287,0.0225496,-0.0873028,-0.995927
1773725371357287,0.0160756,-0.0859617,-0.996169
1773725371377287,0.0173906,-0.0863903,-0.99611
1773725371397288,0.0168558,-0.0873373,-0.996036
1773725371417288,0.0193415,-0.0916508,-0.995603
1773725371437299,0.0213627,-0.0938272,-0.995359
1773725371457298,0.0274013,-0.0960853,-0.994996
1773725371477293,0.0387214,-0.0967563,-0.994555
1773725371497292,0.0459268,-0.104472,-0.993467
1773725371517292,0.060718,-0.106095,-0.992501
1773725371537291,0.0683976,-0.10754,-0.991845
1773725371557291,0.0758759,-0.105484,-0.991522
1773725371577290,0.0807522,-0.109061,-0.99075
1773725371597288,0.0824204,-0.113651,-0.990096
1773725371617288,0.0828919,-0.115905,-0.989795
1773725371637289,0.0808105,-0.121056,-0.989351
1773725371657291,0.0780975,-0.126148,-0.988932
1773725371677288,0.0723062,-0.1251,-0.989506
1773725371697289,0.0689095,-0.132991,-0.988719
1773725371717290,0.0698718,-0.134019,-0.988512
1773725371737293,0.0730664,-0.140454,-0.987387
1773725371757290,0.0766521,-0.147409,-0.986101
1773725371777291,0.079193,-0.150089,-0.985496
1773725371797294,0.0822157,-0.152175,-0.984928
1773725371817290,0.086802,-0.152927,-0.984418
1773725371837311,0.0896142,-0.15331,-0.984106
1773725371857302,0.0975715,-0.150019,-0.983857
1773725371877292,0.0976359,-0.148714,-0.984048
1773725371897290,0.100747,-0.148087,-0.983829
1773725371917291,0.106648,-0.149751,-0.982955
1773725371937289,0.110142,-0.151164,-0.982353
1773725371957289,0.119171,-0.153183,-0.980986
1773725371977289,0.138741,-0.149584,-0.978966
1773725371997291,0.15314,-0.145605,-0.977419
1773725372017290,0.173444,-0.13727,-0.97523
1773725372037290,0.188372,-0.130421,-0.973399
1773725372057289,0.204457,-0.116385,-0.971932
1773725372077289,0.216806,-0.107927,-0.97023
1773725372097289,0.223808,-0.101345,-0.96935
1773725372117289,0.240601,-0.0939846,-0.966063
1773725372137290,0.249177,-0.0864053,-0.964596
1773725372157289,0.243492,-0.0815155,-0.966471
1773725372177288,0.235012,-0.0807304,-0.968634
1773725372197288,0.222267,-0.0753523,-0.97207
1773725372217289,0.218554,-0.0739255,-0.973021
1773725372237289,0.208403,-0.071229,-0.975446
1773725372257289,0.208692,-0.0634316,-0.975922
1773725372277288,0.205141,-0.0582264,-0.976999
1773725372297289,0.203129,-0.0509676,-0.977825
1773725372317289,0.188902,-0.0410714,-0.981137
1773725372337290,0.172996,-0.0328127,-0.984376
1773725372357289,0.159338,-0.0251392,-0.986904
1773725372377289,0.13482,-0.0142495,-0.990768
1773725372397288,0.123543,-0.00661211,-0.992317
1773725372417290,0.113369,-0.000735268,-0.993553
1773725372437288,0.113065,0.00276033,-0.993584
1773725372457290,0.116992,0.00576273,-0.993116
1773725372477289,0.120259,0.00791145,-0.992711
1773725372497289,0.12537,0.00892681,-0.99207
1773725372517289,0.133183,0.0120898,-0.991018
1773725372537289,0.13419,0.0115959,-0.990888
1773725372557288,0.139505,0.0139466,-0.990123
1773725372577290,0.144459,0.0153615,-0.989392
1773725372597288,0.143728,0.0161954,-0.989485
1773725372617289,0.142962,0.0205425,-0.989515
1773725372637325,0.142615,0.0231069,-0.989508
1773725372657291,0.142615,0.0231069,-0.989508
1773725372677300,0.142615,0.0231069,-0.989508
1773725372697288,0.142615,0.0231069,-0.989508
1773725372717290,0.142615,0.0231069,-0.989508
1773725372737286,0.142615,0.0231069,-0.989508
1773725372757292,0.142615,0.0231069,-0.989508
1773725372777288,0.142615,0.0231069,-0.989508
1773725372797287,0.142615,0.0231069,-0.989508
1773725372817286,0.139711,0.0223699,-0.98994
1773725372837290,0.153725,0.0357373,-0.987467
1773725372857290,0.155229,0.0412868,-0.987015
1773725372877289,0.155229,0.0412868,-0.987015
1773725372897287,0.14218,0.0423955,-0.988932
1773725372917288,0.131846,0.0383657,-0.990527
1773725372937323,0.114514,0.0339818,-0.99284
1773725372957290,0.100788,0.0298093,-0.994461
1773725372977339,0.084486,0.0294242,-0.99599
1773725372997318,0.0774087,0.0298338,-0.996553
1773725373017287,0.0663286,0.030509,-0.997331
1773725373037291,0.0606572,0.0336165,-0.997592
1773725373057290,0.0584465,0.0379487,-0.997569
1773725373077289,0.0549241,0.0425825,-0.997582
1773725373097289,0.0497233,0.0439853,-0.997794
1773725373117292,0.0512184,0.0485414,-0.997507
1773725373137297,0.0489592,0.0482727,-0.997634
1773725373157289,0.0484534,0.0490019,-0.997623
1773725373177293,0.0527816,0.0505712,-0.997325
1773725373197289,0.0490494,0.0462513,-0.997725
1773725373217289,0.0540673,0.0464613,-0.997456
1773725373237289,0.0577561,0.0452206,-0.997306
1773725373257295,0.0686102,0.0462841,-0.996569
1773725373277290,0.0717804,0.0435374,-0.99647
1773725373297288,0.0805245,0.0460548,-0.995688
1773725373317289,0.0907716,0.046871,-0.994768
1773725373337295,0.0971298,0.0479692,-0.994115
1773725373357289,0.102669,0.0463745,-0.993634
1773725373377289,0.111709,0.0492137,-0.992522
1773725373397289,0.113917,0.0468255,-0.992386
1773725373417291,0.115949,0.0438183,-0.992288
1773725373437289,0.1154,0.0398041,-0.992521
1773725373457288,0.10957,0.0363427,-0.993314
1773725373477288,0.105407,0.0285422,-0.994019
1773725373497289,0.0996834,0.022954,-0.994754
1773725373517288,0.0912618,0.0150612,-0.995713
1773725373537291,0.0798741,0.00909496,-0.996763
1773725373557287,0.0708493,0.00197544,-0.997485
1773725373577291,0.0627198,-0.00401761,-0.998023
1773725373597288,0.0517923,-0.0101577,-0.998606
1773725373617290,0.0509424,-0.0111714,-0.998639
1773725373637290,0.0499726,-0.0128942,-0.998667
1773725373657290,0.0506248,-0.0152764,-0.998601
1773725373677315,0.0570052,-0.0119237,-0.998303
1773725373697290,0.0581704,-0.0126087,-0.998227
1773725373717289,0.0589911,-0.0139664,-0.998161
1773725373737291,0.0690266,-0.0141552,-0.997514
1773725373757288,0.0735521,-0.0160757,-0.997162
1773725373777310,0.0853419,-0.0163245,-0.996218
1773725373797286,0.0862906,-0.0168362,-0.996128
1773725373817288,0.094413,-0.015854,-0.995407
1773725373837337,0.0951432,-0.0159186,-0.995336
1773725373857290,0.0960945,-0.0159006,-0.995245
1773725373877289,0.0913543,-0.0185015,-0.995647
1773725373897319,0.0942898,-0.0203441,-0.995337
1773725373917293,0.0952038,-0.0245674,-0.995155
1773725373937290,0.0939843,-0.0288577,-0.995155
1773725373957289,0.0902082,-0.034405,-0.995328
1773725373977296,0.087142,-0.038844,-0.995438
1773725373997289,0.0863326,-0.0418245,-0.995388
1773725374017292,0.0844657,-0.0467714,-0.995328
1773725374037289,0.0860099,-0.0492417,-0.995077
1773725374057290,0.0860838,-0.0516395,-0.994949
1773725374077288,0.0844823,-0.0558883,-0.994856
1773725374097288,0.0864852,-0.0567166,-0.994637
1773725374117456,0.0871355,-0.0589546,-0.99445
1773725374137288,0.0872879,-0.0610912,-0.994308
1773725374157290,0.0894606,-0.0617188,-0.994076
1773725374177291,0.089786,-0.0635135,-0.993934
1773725374197287,0.0908256,-0.0627446,-0.993888
1773725374217289,0.0929384,-0.06155,-0.993768
1773725374237289,0.0952255,-0.0601356,-0.993638
1773725374257290,0.0967492,-0.0593553,-0.993537
1773725374277289,0.0979916,-0.0575257,-0.993523
1773725374297289,0.0979589,-0.0560137,-0.993613
1773725374317288,0.0976351,-0.0560477,-0.993643
1773725374337303,0.0973889,-0.056228,-0.993657
1773725374357291,0.0972359,-0.0571547,-0.993619
1773725374377291,0.0979432,-0.0569653,-0.99356
1773725374397292,0.0978957,-0.0575935,-0.993529
1773725374417450,0.0978503,-0.058313,-0.993491
1773725374437288,0.0976997,-0.0584277,-0.993499
1773725374457291,0.099079,-0.0598229,-0.99328
1773725374477288,0.100518,-0.060755,-0.993079
1773725374497290,0.100509,-0.0605501,-0.993092
1773725374517287,0.0997228,-0.0616512,-0.993103
1773725374537289,0.0992963,-0.0624233,-0.993098
1773725374557289,0.0990282,-0.0622276,-0.993137
1773725374577294,0.0977308,-0.0632101,-0.993203
1773725374597289,0.0989027,-0.0631787,-0.993089
1773725374617288,0.0974732,-0.0633059,-0.993223
1773725374637288,0.0975298,-0.0640832,-0.993167
1773725374657293,0.0988789,-0.0630572,-0.9931
1773725374677289,0.0978123,-0.0640701,-0.99314
1773725374697289,0.0986765,-0.0635849,-0.993086
1773725374717288,0.0991067,-0.0635154,-0.993048
1773725374737295,0.1005,-0.0620264,-0.993002
1773725374757288,0.101807,-0.0615814,-0.992896
1773725374777294,0.101666,-0.0610239,-0.992945
1773725374797294,0.102031,-0.0614673,-0.99288
1773725374817292,0.103884,-0.0610817,-0.992712
1773725374837289,0.104263,-0.0599823,-0.992739
1773725374857290,0.106614,-0.0592571,-0.992533
1773725374877291,0.107156,-0.0601343,-0.992422
1773725374897291,0.107645,-0.0588407,-0.992447
1773725374917291,0.107202,-0.0584213,-0.992519
1773725374937293,0.107055,-0.0573634,-0.992597
1773725374957292,0.106258,-0.0592601,-0.992571
1773725374977292,0.104956,-0.0578109,-0.992795
1773725374997301,0.105373,-0.0581334,-0.992732
1773725375017288,0.105401,-0.05772,-0.992753
1773725375037287,0.105845,-0.058586,-0.992655
1773725375057289,0.107039,-0.0581371,-0.992554
1773725375077289,0.10736,-0.057904,-0.992533
1773725375097298,0.106535,-0.0561121,-0.992724
1773725375117289,0.10548,-0.056007,-0.992843
1773725375137318,0.105445,-0.056183,-0.992837
1773725375157288,0.106377,-0.0558296,-0.992757
1773725375177289,0.107209,-0.0559865,-0.992659
1773725375197290,0.105174,-0.0549761,-0.992933
1773725375217292,0.10707,-0.0544564,-0.992759
1773725375237289,0.108329,-0.0522483,-0.992741
1773725375257291,0.106739,-0.0536341,-0.992839
1773725375277288,0.10649,-0.0535026,-0.992873
1773725375297289,0.105089,-0.053771,-0.993008
1773725375317290,0.10642,-0.0523166,-0.992944
1773725375337317,0.108091,-0.0524496,-0.992756
1773725375357288,0.106388,-0.0531399,-0.992904
1773725375377295,0.10708,-0.0533386,-0.992819
1773725375397289,0.107085,-0.0530803,-0.992832
1773725375417295,0.107489,-0.0530483,-0.99279
1773725375437289,0.107564,-0.0530706,-0.992781
1773725375457288,0.108028,-0.0528671,-0.992741
1773725375477301,0.10728,-0.0525801,-0.992837
1773725375497290,0.10727,-0.0524016,-0.992848
1773725375517287,0.108168,-0.0524083,-0.99275
1773725375537290,0.107203,-0.0520895,-0.992872
1773725375557288,0.105782,-0.0518974,-0.993034
1773725375577286,0.104343,-0.0522291,-0.993169
1773725375597288,0.104257,-0.0521693,-0.993181
1773725375617298,0.104174,-0.0519902,-0.993199
1773725375637290,0.104491,-0.0517331,-0.993179
1773725375657293,0.105109,-0.0509177,-0.993156
1773725375677291,0.105839,-0.0512852,-0.99306
1773725375697299,0.107131,-0.0515417,-0.992908
1773725375717315,0.107023,-0.0514951,-0.992922
1773725375737293,0.107257,-0.0514837,-0.992897
1773725375757296,0.106175,-0.0518022,-0.992997
1773725375777294,0.107023,-0.052209,-0.992885
1773725375797296,0.106792,-0.0520456,-0.992918
1773725375817294,0.106028,-0.0523482,-0.992984
1773725375837300,0.106756,-0.052542,-0.992896
1773725375857297,0.10685,-0.0526095,-0.992882
1773725375877288,0.106647,-0.0522844,-0.992921
1773725375897287,0.1066,-0.052515,-0.992914
1773725375917291,0.106473,-0.0525499,-0.992926
1773725375937288,0.105893,-0.0521613,-0.993008
1773725375957293,0.106536,-0.0522789,-0.992934
1773725375977288,0.106646,-0.0522265,-0.992925
1773725375997288,0.107177,-0.052059,-0.992876
1773725376017289,0.105737,-0.0521535,-0.993026
1773725376037288,0.107416,-0.0516997,-0.992869
1773725376057291,0.105708,-0.0519227,-0.993041
1773725376077292,0.106277,-0.0520076,-0.992976
1773725376097289,0.107218,-0.0513933,-0.992906
1773725376117288,0.107389,-0.0514304,-0.992886
1773725376137305,0.107542,-0.0515288,-0.992864
1773725376157289,0.107475,-0.0514825,-0.992874
1773725376177289,0.107126,-0.05138,-0.992917
1773725376197288,0.107292,-0.0516186,-0.992887
1773725376217286,0.107252,-0.0516533,-0.992889
1773725376237289,0.106602,-0.0514107,-0.992972
1773725376257289,0.106898,-0.0515617,-0.992932
1773725376277290,0.106589,-0.0515099,-0.992968
1773725376297313,0.106327,-0.0520046,-0.99297
1773725376317290,0.107128,-0.0519897,-0.992885
1773725376337290,0.107613,-0.051716,-0.992847
1773725376357288,0.107517,-0.0517409,-0.992856
1773725376377287,0.107658,-0.0515153,-0.992852
1773725376397287,0.107707,-0.0516933,-0.992838
1773725376417287,0.107311,-0.0519038,-0.99287
1773725376437293,0.107102,-0.0518905,-0.992893
1773725376457290,0.107277,-0.051537,-0.992893
1773725376477287,0.107026,-0.051833,-0.992904
1773725376497294,0.106905,-0.0518091,-0.992918
1773725376517289,0.105993,-0.0522198,-0.992995
1773725376537287,0.106696,-0.0516706,-0.992948
1773725376557287,0.107771,-0.051632,-0.992834
1773725376577287,0.107482,-0.0513366,-0.992881
1773725376597289,0.108004,-0.051479,-0.992817
1773725376617288,0.107931,-0.0515315,-0.992822
1773725376637290,0.107821,-0.0517262,-0.992824
1773725376657288,0.107204,-0.0510037,-0.992928
1773725376677289,0.107991,-0.0512824,-0.992828
1773725376697288,0.107959,-0.051341,-0.992829
1773725376717287,0.108301,-0.0514327,-0.992787
1773725376737320,0.107733,-0.0517301,-0.992833
1773725376757288,0.10752,-0.0511972,-0.992884
1773725376777292,0.107817,-0.0512926,-0.992847
1773725376797290,0.107457,-0.0513405,-0.992883
1773725376817288,0.107873,-0.0511727,-0.992847
1773725376837289,0.107973,-0.0516498,-0.992811
1773725376857288,0.107754,-0.0514128,-0.992847
1773725376877288,0.107742,-0.0515302,-0.992843
1773725376897288,0.10788,-0.0513558,-0.992837
1773725376917289,0.107544,-0.0515723,-0.992862
1773725376937289,0.107449,-0.0516977,-0.992866
1773725376957292,0.107237,-0.05135,-0.992906
1773725376977288,0.106699,-0.0521311,-0.992924
1773725376997290,0.107598,-0.0513417,-0.992868
1773725377017289,0.105899,-0.0520142,-0.993016
1773725377037288,0.107514,-0.0516516,-0.992861
1773725377057325,0.106809,-0.0513755,-0.992951
1773725377077292,0.106792,-0.0512571,-0.992959
1773725377097317,0.10779,-0.0514862,-0.99284
1773725377117289,0.107625,-0.0514929,-0.992857
1773725377137287,0.106977,-0.0513801,-0.992933
1773725377157289,0.107465,-0.0514173,-0.992878
1773725377177291,0.107268,-0.0513188,-0.992905
1773725377197288,0.10773,-0.0517377,-0.992833
1773725377217287,0.107737,-0.0513782,-0.992851
1773725377237349,0.107528,-0.0517719,-0.992853
1773725377257289,0.107576,-0.0513838,-0.992868
1773725377277290,0.106915,-0.0514507,-0.992936
1773725377297289,0.107523,-0.0515985,-0.992863
1773725377317290,0.107404,-0.0516434,-0.992873
1773725377337293,0.107394,-0.0511147,-0.992902
1773725377357293,0.107623,-0.0518192,-0.99284
1773725377377289,0.107704,-0.0514153,-0.992853
1773725377397292,0.106822,-0.0513125,-0.992953
1773725377417287,0.107715,-0.0518234,-0.99283
1773725377437289,0.107764,-0.0518116,-0.992826
1773725377457288,0.107521,-0.0516486,-0.99286
1773725377477289,0.107486,-0.051512,-0.992871
1773725377497288,0.107338,-0.052189,-0.992852
1773725377517289,0.107121,-0.0517828,-0.992897
1773725377537291,0.107073,-0.051739,-0.992904
1773725377557291,0.106995,-0.0511605,-0.992942
1773725377577287,0.107645,-0.0514221,-0.992859
1773725377597288,0.107371,-0.0516571,-0.992876
1773725377617309,0.106847,-0.0515112,-0.99294
1773725377637289,0.107295,-0.0515792,-0.992888
1773725377657286,0.107354,-0.0516504,-0.992878
1773725377677289,0.106434,-0.0515805,-0.992981
1773725377697315,0.106969,-0.0519249,-0.992906
1773725377717290,0.107122,-0.0517304,-0.992899
1773725377737288,0.107137,-0.0517275,-0.992898
1773725377757288,0.106897,-0.0521074,-0.992904
1773725377777288,0.107299,-0.0518009,-0.992876
1773725377797288,0.107017,-0.0520158,-0.992896
1773725377817289,0.107158,-0.0520668,-0.992878
1773725377837288,0.106811,-0.0517001,-0.992934
1773725377857288,0.10703,-0.0520459,-0.992893
1773725377877289,0.10631,-0.0523819,-0.992952
1773725377897288,0.107257,-0.0521831,-0.992861
1773725377917288,0.108885,-0.0528087,-0.992651
1773725377937291,0.109084,-0.0530524,-0.992616
1773725377957344,0.10916,-0.0527762,-0.992622
1773725377977291,0.109455,-0.0527931,-0.992589
1773725377997288,0.109156,-0.0526925,-0.992627
1773725378017286,0.109089,-0.0531186,-0.992612
1773725378037288,0.109278,-0.0528633,-0.992605
1773725378057287,0.108648,-0.0529102,-0.992671
1773725378077288,0.108498,-0.0530085,-0.992682
1773725378097294,0.108544,-0.0529528,-0.99268
1773725378117287,0.108816,-0.0528053,-0.992658
1773725378137288,0.108954,-0.0525786,-0.992655
1773725378157292,0.108893,-0.0526109,-0.99266
1773725378177289,0.108566,-0.0530037,-0.992675
1773725378197289,0.109346,-0.0529326,-0.992593
1773725378217310,0.10918,-0.0522704,-0.992647
1773725378237288,0.10944,-0.0524436,-0.992609
1773725378257311,0.109766,-0.0521583,-0.992588
1773725378277287,0.108015,-0.0521751,-0.992779
1773725378297288,0.109931,-0.0520595,-0.992575
1773725378317289,0.110182,-0.052351,-0.992532
1773725378337289,0.109829,-0.0524541,-0.992565
1773725378357289,0.109967,-0.0524001,-0.992553
1773725378377314,0.109877,-0.0523106,-0.992568
1773725378397288,0.109669,-0.0523302,-0.99259
1773725378417287,0.109896,-0.0521346,-0.992575
1773725378437289,0.109811,-0.0523435,-0.992573
1773725378457286,0.10976,-0.0523791,-0.992577
1773725378477287,0.110174,-0.0523253,-0.992534
1773725378497311,0.109711,-0.0525636,-0.992573
1773725378517286,0.109549,-0.0524502,-0.992597
1773725378537294,0.110292,-0.0522428,-0.992525
1773725378557290,0.110053,-0.0524898,-0.992539
1773725378577291,0.10986,-0.0524415,-0.992563
1773725378597291,0.109664,-0.0524284,-0.992585
1773725378617288,0.109746,-0.0521904,-0.992589
1773725378637289,0.109782,-0.0521204,-0.992588
1773725378657297,0.110759,-0.052524,-0.992458
1773725378677289,0.109976,-0.0531937,-0.99251
1773725378697287,0.110703,-0.0526138,-0.99246
1773725378717298,0.11102,-0.0528552,-0.992412
1773725378737287,0.110493,-0.0528175,-0.992473
1773725378757288,0.109409,-0.0516523,-0.992654
1773725378777325,0.111216,-0.0525363,-0.992407
1773725378797287,0.111097,-0.052706,-0.992411
1773725378817319,0.111358,-0.0530409,-0.992364
1773725378837287,0.111173,-0.053094,-0.992382
1773725378857287,0.111294,-0.0532809,-0.992358
1773725378877287,0.111196,-0.0528365,-0.992393
1773725378897288,0.11106,-0.0531281,-0.992393
1773725378917290,0.111812,-0.0528638,-0.992322
1773725378937288,0.11131,-0.0530525,-0.992369
1773725378957296,0.111268,-0.0531041,-0.992371
1773725378977314,0.111354,-0.0527484,-0.99238
1773725378997289,0.11148,-0.0527371,-0.992366
1773725379017288,0.11147,-0.0526626,-0.992371
1773725379037288,0.111336,-0.0527986,-0.992379
1773725379057289,0.111096,-0.0530164,-0.992395
1773725379077288,0.11162,-0.0527267,-0.992351
1773725379097288,0.111468,-0.0529038,-0.992359
1773725379117295,0.111261,-0.0529188,-0.992381
1773725379137286,0.111344,-0.0528584,-0.992375
1773725379157288,0.111476,-0.0529739,-0.992354
1773725379177327,0.111133,-0.0528169,-0.992401
1773725379197289,0.111398,-0.0531207,-0.992355
1773725379217320,0.111219,-0.0528817,-0.992388
1773725379237290,0.1115,-0.0530797,-0.992346
1773725379257288,0.110538,-0.0527746,-0.99247
1773725379277288,0.110726,-0.0529708,-0.992438
1773725379297287,0.11094,-0.0525127,-0.992439
1773725379317290,0.110831,-0.0526735,-0.992442
1773725379337288,0.110833,-0.0529854,-0.992426
1773725379357289,0.111094,-0.0529172,-0.9924
1773725379377287,0.110702,-0.0529994,-0.99244
1773725379397287,0.11057,-0.0528128,-0.992464
1773725379417311,0.110769,-0.0528755,-0.992439
1773725379437290,0.110602,-0.0527996,-0.992461
1773725379457291,0.110508,-0.052925,-0.992465
1773725379477287,0.110665,-0.0529863,-0.992444
1773725379497288,0.110626,-0.0528112,-0.992458
1773725379517288,0.110934,-0.0529563,-0.992416
1773725379537292,0.110952,-0.0524273,-0.992442
1773725379557289,0.110464,-0.0529784,-0.992467
1773725379577289,0.111255,-0.052573,-0.9924
1773725379597289,0.11048,-0.0529465,-0.992467
1773725379617287,0.110577,-0.0529468,-0.992456
1773725379637289,0.110675,-0.0529375,-0.992446
1773725379657288,0.110574,-0.0532336,-0.992441
1773725379677294,0.110875,-0.0527532,-0.992433
1773725379697300,0.109368,-0.0524682,-0.992616
1773725379717290,0.110532,-0.0530857,-0.992454
1773725379737291,0.110621,-0.0529061,-0.992453
1773725379757289,0.110776,-0.0529138,-0.992436
1773725379777292,0.109748,-0.0525479,-0.992569
1773725379797295,0.110811,-0.0532349,-0.992415
1773725379817288,0.110863,-0.052933,-0.992425
1773725379837289,0.110974,-0.0529144,-0.992414
1773725379857287,0.110808,-0.052932,-0.992431
1773725379877289,0.110872,-0.0529614,-0.992423
1773725379897286,0.110432,-0.0530373,-0.992467
1773725379917288,0.110777,-0.0528703,-0.992438
1773725379937287,0.109796,-0.052349,-0.992575
1773725379957289,0.110843,-0.0529111,-0.992428
1773725379979883,0.110708,-0.0523685,-0.992472
1773725379997289,0.11068,-0.0530726,-0.992438
1773725380017287,0.110795,-0.0529527,-0.992432
1773725380037288,0.110691,-0.0528438,-0.992449
1773725380057286,0.110473,-0.053048,-0.992462
1773725380077288,0.110448,-0.0529031,-0.992473
1773725380097288,0.110775,-0.052752,-0.992445
1773725380117289,0.110485,-0.0530711,-0.99246
1773725380137288,0.110522,-0.0529723,-0.992461
1773725380157288,0.110486,-0.052881,-0.99247
1773725380177291,0.110368,-0.0531545,-0.992468
1773725380197291,0.110921,-0.0527655,-0.992428
1773725380217291,0.110611,-0.0530144,-0.992449
1773725380237291,0.110609,-0.0527901,-0.992461
1773725380257289,0.110323,-0.053059,-0.992479
1773725380277290,0.110121,-0.0529228,-0.992508
1773725380297291,0.110548,-0.0527635,-0.992469
1773725380317291,0.110797,-0.0525023,-0.992455
1773725380337290,0.11088,-0.0529279,-0.992423
1773725380357294,0.11026,-0.0528215,-0.992498
1773725380377296,0.11089,-0.0526921,-0.992435
1773725380397289,0.109551,-0.0519414,-0.992623
1773725380417288,0.110831,-0.0529088,-0.99243
1773725380437289,0.110523,-0.05287,-0.992466
1773725380457288,0.110478,-0.0526981,-0.99248
1773725380477289,0.110478,-0.0526981,-0.99248
1773725380497288,0.110906,-0.053065,-0.992413
1773725380517289,0.110845,-0.0527281,-0.992438
1773725380537294,0.11086,-0.0528631,-0.992429
1773725380557289,0.110609,-0.0529651,-0.992452
1773725380577291,0.11054,-0.0530159,-0.992457
1773725380597289,0.110672,-0.0527875,-0.992454
1773725380617288,0.110619,-0.0527016,-0.992465
1773725380637289,0.110685,-0.0526945,-0.992458
1773725380657291,0.110957,-0.0526633,-0.992429
1773725380677291,0.110501,-0.0530262,-0.992461
1773725380697289,0.110804,-0.0528595,-0.992436
1773725380717288,0.111344,-0.0529824,-0.992369
1773725380737289,0.111345,-0.0533258,-0.99235
1773725380757287,0.111379,-0.0530152,-0.992363
1773725380777287,0.111259,-0.0530008,-0.992377
1773725380797290,0.111105,-0.0529237,-0.992398
1773725380817288,0.111492,-0.0528437,-0.992359
1773725380837289,0.111208,-0.0528928,-0.992389
1773725380857288,0.11107,-0.0530495,-0.992396
1773725380877318,0.111305,-0.0528808,-0.992378
1773725380897289,0.111132,-0.0530502,-0.992389
1773725380917290,0.111132,-0.0530502,-0.992389
1773725380937323,0.111566,-0.0531486,-0.992335
1773725380957291,0.111292,-0.0531901,-0.992363
1773725380977288,0.111188,-0.0534158,-0.992363
1773725380997289,0.111094,-0.0532715,-0.992381
1773725381017288,0.111094,-0.0532715,-0.992381
1773725381037288,0.110739,-0.0529963,-0.992435
1773725381057288,0.110739,-0.0529963,-0.992435
1773725381077290,0.110967,-0.0527164,-0.992425
1773725381097286,0.11069,-0.052415,-0.992472
1773725381117288,0.110917,-0.0528638,-0.992423
1773725381137287,0.110917,-0.0528638,-0.992423
1773725381157314,0.110917,-0.0528638,-0.992423
1773725381177286,0.11068,-0.0529687,-0.992444
1773725381197288,0.110962,-0.0530152,-0.99241
1773725381217287,0.110936,-0.0528646,-0.992421
1773725381237292,0.110983,-0.0528724,-0.992415
1773725381257295,0.110983,-0.0528724,-0.992415
1773725381277288,0.110983,-0.0528724,-0.992415
1773725381297287,0.110983,-0.0528724,-0.992415
1773725381317288,0.110983,-0.0528724,-0.992415
1773725381337294,0.110983,-0.0528724,-0.992415
1773725381357295,0.110983,-0.0528724,-0.992415
1773725381377290,0.110983,-0.0528724,-0.992415
1773725381397288,0.110983,-0.0528724,-0.992415
1773725381417289,0.109265,-0.0518386,-0.99266
1773725381437314,0.109265,-0.0518386,-0.99266
1773725381457286,0.109265,-0.0518386,-0.99266
1773725381477288,0.109265,-0.0518386,-0.99266
1773725381497289,0.109265,-0.0518386,-0.99266
1773725381517289,0.109265,-0.0518386,-0.99266
1773725381537290,0.109265,-0.0518386,-0.99266
1773725381557290,0.109265,-0.0518386,-0.99266
1773725381577289,0.110843,-0.052843,-0.992432
1773725381597315,0.110843,-0.052843,-0.992432
1773725381617286,0.110843,-0.052843,-0.992432
1773725381637318,0.110843,-0.052843,-0.992432
1773725381657289,0.110843,-0.052843,-0.992432
1773725381677244,0.110843,-0.052843,-0.992432
1773725381697289,0.110843,-0.052843,-0.992432
1773725381717318,0.110843,-0.052843,-0.992432
1773725381737287,0.110843,-0.052843,-0.992432
1773725381757286,0.110843,-0.052843,-0.992432
1773725381777285,0.110843,-0.052843,-0.992432
1773725381797287,0.110843,-0.052843,-0.992432
1773725381817285,0.110843,-0.052843,-0.992432
1773725381837288,0.110843,-0.052843,-0.992432
1773725381857290,0.110843,-0.052843,-0.992432
1773725381877296,0.10976,-0.0525637,-0.992567
1773725381897295,0.10976,-0.0525637,-0.992567
1773725381917295,0.10976,-0.0525637,-0.992567
1773725381937295,0.10976,-0.0525637,-0.992567
1773725381957287,0.10976,-0.0525637,-0.992567
1773725381977289,0.10976,-0.0525637,-0.992567
1773725381997289,0.10976,-0.0525637,-0.992567
1773725382017289,0.106863,-0.05173,-0.992927
1773725382037288,0.106774,-0.05158,-0.992945
1773725382057290,0.106621,-0.051638,-0.992958
1773725382077288,0.106963,-0.0514884,-0.992929
1773725382097290,0.106963,-0.0514884,-0.992929
1773725382117289,0.106963,-0.0514884,-0.992929
1773725382137289,0.107169,-0.0516288,-0.992899
1773725382157291,0.107169,-0.0516288,-0.992899
1773725382177287,0.107169,-0.0516288,-0.992899
1773725382197274,0.106349,-0.051528,-0.992993
1773725382217293,0.106349,-0.051528,-0.992993
1773725382237287,0.106349,-0.051528,-0.992993
1773725382257287,0.106349,-0.051528,-0.992993
1773725382277287,0.106349,-0.051528,-0.992993
1773725382297277,0.106349,-0.051528,-0.992993
1773725382317287,0.106349,-0.051528,-0.992993
1773725382337287,0.105063,-0.0517944,-0.993116
1773725382357289,0.105689,-0.0507042,-0.993106
1773725382377455,0.105689,-0.0507042,-0.993106
1773725382397288,0.103447,-0.0515236,-0.9933
1773725382417286,0.103447,-0.0515236,-0.9933
1773725382437287,0.103447,-0.0515236,-0.9933
1773725382457286,0.104243,-0.0520586,-0.993188
1773725382477288,0.104832,-0.05138,-0.993162
1773725382497288,0.104535,-0.0526448,-0.993127
1773725382517288,0.104471,-0.0522318,-0.993155
1773725382537287,0.105114,-0.0521937,-0.99309
1773725382557291,0.105114,-0.0521937,-0.99309
1773725382577287,0.105114,-0.0521937,-0.99309
1773725382597289,0.105114,-0.0521937,-0.99309
1773725382617288,0.10531,-0.0516524,-0.993097
1773725382637288,0.10531,-0.0516524,-0.993097
1773725382657288,0.10638,-0.0517125,-0.99298
1773725382677315,0.10638,-0.0517125,-0.99298
1773725382697286,0.105963,-0.0518857,-0.993015
1773725382717292,0.105048,-0.0515748,-0.993129
1773725382737290,0.105048,-0.0515748,-0.993129
1773725382757289,0.105143,-0.0517264,-0.993111
1773725382777288,0.105143,-0.0517264,-0.993111
1773725382797290,0.105143,-0.0517264,-0.993111
1773725382817288,0.105143,-0.0517264,-0.993111
1773725382837302,0.105143,-0.0517264,-0.993111
1773725382857289,0.105143,-0.0517264,-0.993111
1773725382877288,0.105143,-0.0517264,-0.993111
1773725382897288,0.105143,-0.0517264,-0.993111
1773725382917291,0.105143,-0.0517264,-0.993111
1773725382937289,0.105143,-0.0517264,-0.993111
1773725382957290,0.105143,-0.0517264,-0.993111
1773725382977288,0.105143,-0.0517264,-0.993111
1773725382997289,0.103952,-0.0519951,-0.993222
1773725383017289,0.103814,-0.0521827,-0.993227
1773725383037288,0.103814,-0.0521827,-0.993227
1773725383057315,0.105012,-0.0514619,-0.993139
1773725383077290,0.105225,-0.0516985,-0.993104
1773725383097313,0.105385,-0.05183,-0.99308
1773725383117288,0.105385,-0.05183,-0.99308
1773725383137288,0.105385,-0.05183,-0.99308
1773725383157289,0.104413,-0.0522883,-0.993158
1773725383177288,0.105171,-0.0512272,-0.993134
1773725383197287,0.104896,-0.0512514,-0.993162
1773725383217295,0.105129,-0.0514453,-0.993127
1773725383237287,0.10466,-0.0511333,-0.993193
1773725383257286,0.10464,-0.0506833,-0.993218
1773725383277288,0.10464,-0.0506833,-0.993218
1773725383297287,0.10464,-0.0506833,-0.993218
1773725383317288,0.10464,-0.0506833,-0.993218
1773725383337289,0.10464,-0.0506833,-0.993218
1773725383357289,0.10464,-0.0506833,-0.993218
1773725383377287,0.10464,-0.0506833,-0.993218
1773725383397288,0.10464,-0.0506833,-0.993218
1773725383417286,0.10464,-0.0506833,-0.993218
1773725383437290,0.10464,-0.0506833,-0.993218
1773725383457288,0.10464,-0.0506833,-0.993218
1773725383477289,0.10464,-0.0506833,-0.993218
1773725383497288,0.10464,-0.0506833,-0.993218
1773725383517289,0.106533,-0.0511543,-0.992992
1773725383537288,0.106533,-0.0511543,-0.992992
1773725383557289,0.106533,-0.0511543,-0.992992
1773725383577290,0.106533,-0.0511543,-0.992992
1773725383597288,0.106533,-0.0511543,-0.992992
1773725383617287,0.106533,-0.0511543,-0.992992
1773725383637289,0.106533,-0.0511543,-0.992992
1773725383657286,0.106533,-0.0511543,-0.992992
1773725383677310,0.106533,-0.0511543,-0.992992
1773725383697289,0.106533,-0.0511543,-0.992992
1773725383717289,0.106107,-0.0518251,-0.993003
1773725383737288,0.106107,-0.0518251,-0.993003
1773725383757287,0.10672,-0.0511467,-0.992973
1773725383777314,0.106029,-0.0508726,-0.993061
1773725383797287,0.106647,-0.0510015,-0.992988
1773725383817286,0.106355,-0.0514746,-0.992995
1773725383837316,0.106355,-0.0514746,-0.992995
1773725383857288,0.106495,-0.0511944,-0.992994
1773725383877290,0.105382,-0.0517924,-0.993082
1773725383897288,0.105099,-0.0513194,-0.993137
1773725383917289,0.106038,-0.0510278,-0.993052
1773725383937287,0.106038,-0.0510278,-0.993052
1773725383957288,0.106293,-0.0508315,-0.993035
1773725383977286,0.106293,-0.0508315,-0.993035
1773725383997288,0.106293,-0.0508315,-0.993035
1773725384017287,0.106293,-0.0508315,-0.993035
1773725384037287,0.106293,-0.0508315,-0.993035
1773725384057289,0.106293,-0.0508315,-0.993035
1773725384077285,0.106293,-0.0508315,-0.993035
1773725384097287,0.105299,-0.0518588,-0.993088
1773725384117287,0.105299,-0.0518588,-0.993088
1773725384137287,0.10594,-0.0503818,-0.993095
1773725384157286,0.105846,-0.0510637,-0.993071
1773725384177286,0.10487,-0.0512881,-0.993163
1773725384197290,0.105985,-0.0503199,-0.993094
1773725384217287,0.105985,-0.0503199,-0.993094
1773725384237312,0.105985,-0.0503199,-0.993094
1773725384257286,0.105985,-0.0503199,-0.993094
1773725384277286,0.105985,-0.0503199,-0.993094
1773725384297285,0.105985,-0.0503199,-0.993094
1773725384317288,0.105985,-0.0503199,-0.993094
1773725384337286,0.105985,-0.0503199,-0.993094
1773725384357289,0.105985,-0.0503199,-0.993094
1773725384377288,0.105985,-0.0503199,-0.993094
1773725384397308,0.105985,-0.0503199,-0.993094
1773725384417285,0.105971,-0.0520119,-0.993008
1773725384437285,0.105971,-0.0520119,-0.993008
1773725384457288,0.105971,-0.0520119,-0.993008
1773725384477287,0.105971,-0.0520119,-0.993008
1773725384497289,0.105971,-0.0520119,-0.993008
1773725384517285,0.105971,-0.0520119,-0.993008
1773725384537290,0.105971,-0.0520119,-0.993008
1773725384557288,0.105971,-0.0520119,-0.993008
1773725384577287,0.105971,-0.0520119,-0.993008
1773725384597289,0.105971,-0.0520119,-0.993008
1773725384617288,0.105971,-0.0520119,-0.993008
1773725384637297,0.106518,-0.0507761,-0.993013
1773725384657287,0.106518,-0.0507761,-0.993013
1773725384677288,0.106518,-0.0507761,-0.993013
1773725384697288,0.106518,-0.0507761,-0.993013
1773725384717289,0.106518,-0.0507761,-0.993013
1773725384737290,0.106518,-0.0507761,-0.993013
1773725384757288,0.106518,-0.0507761,-0.993013
1773725384777318,0.106518,-0.0507761,-0.993013
1773725384797288,0.106518,-0.0507761,-0.993013
1773725384817288,0.104573,-0.0510695,-0.993205
1773725384837289,0.104573,-0.0510695,-0.993205
1773725384857287,0.104573,-0.0510695,-0.993205
1773725384877288,0.104573,-0.0510695,-0.993205
1773725384897286,0.104573,-0.0510695,-0.993205
1773725384917319,0.104573,-0.0510695,-0.993205
1773725384937288,0.104573,-0.0510695,-0.993205
1773725384957289,0.105956,-0.0508225,-0.993071
1773725384977288,0.105956,-0.0508225,-0.993071
1773725384997317,0.105422,-0.051074,-0.993115
1773725385017289,0.105422,-0.051074,-0.993115
1773725385037290,0.105422,-0.051074,-0.993115
1773725385057287,0.105422,-0.051074,-0.993115
1773725385077289,0.105422,-0.051074,-0.993115
1773725385097287,0.105422,-0.051074,-0.993115
1773725385117295,0.106618,-0.0512469,-0.992978
1773725385137295,0.106618,-0.0512469,-0.992978
1773725385157291,0.106618,-0.0512469,-0.992978
1773725385177286,0.106618,-0.0512469,-0.992978
1773725385197291,0.106618,-0.0512469,-0.992978
1773725385217285,0.106618,-0.0512469,-0.992978
1773725385237288,0.106618,-0.0512469,-0.992978
1773725385257288,0.106618,-0.0512469,-0.992978
1773725385277288,0.106618,-0.0512469,-0.992978
1773725385297286,0.106553,-0.0502018,-0.993039
1773725385317289,0.106553,-0.0502018,-0.993039
1773725385337287,0.106553,-0.0502018,-0.993039
1773725385357292,0.106553,-0.0502018,-0.993039
1773725385377287,0.106553,-0.0502018,-0.993039
1773725385397293,0.106553,-0.0502018,-0.993039
1773725385417331,0.106553,-0.0502018,-0.993039
1773725385437290,0.106553,-0.0502018,-0.993039
1773725385457323,0.104539,-0.0517654,-0.993173
1773725385477291,0.104539,-0.0517654,-0.993173
1773725385497287,0.104539,-0.0517654,-0.993173
1773725385517292,0.104539,-0.0517654,-0.993173
1773725385537333,0.104539,-0.0517654,-0.993173
1773725385557292,0.104539,-0.0517654,-0.993173
1773725385577288,0.104539,-0.0517654,-0.993173
1773725385597292,0.104539,-0.0517654,-0.993173
1773725385617289,0.10419,-0.0514764,-0.993224
1773725385637289,0.10419,-0.0514764,-0.993224
1773725385657287,0.105217,-0.0521761,-0.99308
1773725385677291,0.104056,-0.0511744,-0.993254
1773725385697290,0.105494,-0.0516687,-0.993077
1773725385717291,0.105501,-0.0516652,-0.993076
1773725385737290,0.105501,-0.0516652,-0.993076
1773725385757292,0.105501,-0.0516652,-0.993076
1773725385777289,0.104809,-0.0517015,-0.993148
1773725385797291,0.105866,-0.0515737,-0.993042
1773725385817288,0.104836,-0.0517991,-0.99314
1773725385837292,0.104836,-0.0517991,-0.99314
1773725385857288,0.104836,-0.0517991,-0.99314
1773725385877290,0.106437,-0.0511323,-0.993004
1773725385897334,0.106437,-0.0511323,-0.993004
1773725385917332,0.106437,-0.0511323,-0.993004
1773725385937287,0.106437,-0.0511323,-0.993004
1773725385957290,0.106437,-0.0511323,-0.993004
1773725385977288,0.106437,-0.0511323,-0.993004
1773725385997295,0.106437,-0.0511323,-0.993004
1773725386017294,0.106437,-0.0511323,-0.993004
1773725386037295,0.106437,-0.0511323,-0.993004
1773725386057295,0.106437,-0.0511323,-0.993004
1773725386077292,0.106437,-0.0511323,-0.993004
1773725386097324,0.106437,-0.0511323,-0.993004
1773725386117335,0.103436,-0.0515001,-0.993302
1773725386137289,0.104206,-0.0521267,-0.993189
1773725386157295,0.103934,-0.0514687,-0.993252
1773725386177290,0.103934,-0.0514687,-0.993252
1773725386197292,0.103934,-0.0514687,-0.993252
1773725386217291,0.103934,-0.0514687,-0.993252
1773725386237300,0.103934,-0.0514687,-0.993252
1773725386257288,0.103934,-0.0514687,-0.993252
1773725386277298,0.103934,-0.0514687,-0.993252
1773725386297294,0.103934,-0.0514687,-0.993252
1773725386317294,0.103934,-0.0514687,-0.993252
1773725386337293,0.103934,-0.0514687,-0.993252
1773725386357292,0.103934,-0.0514687,-0.993252
1773725386377287,0.103934,-0.0514687,-0.993252
1773725386397463,0.103934,-0.0514687,-0.993252
1773725386417302,0.105139,-0.0515866,-0.993119
1773725386437290,0.105139,-0.0515866,-0.993119
1773725386457286,0.105139,-0.0515866,-0.993119
1773725386477286,0.105139,-0.0515866,-0.993119
1773725386497285,0.105139,-0.0515866,-0.993119
1773725386517287,0.105139,-0.0515866,-0.993119
1773725386537287,0.105139,-0.0515866,-0.993119
1773725386557286,0.105139,-0.0515866,-0.993119
1773725386577288,0.10461,-0.0507926,-0.993215
1773725386597290,0.104246,-0.0512852,-0.993228
1773725386617287,0.104246,-0.0512852,-0.993228
1773725386637291,0.105363,-0.0511118,-0.993119
1773725386657285,0.105363,-0.0511118,-0.993119
1773725386677288,0.105363,-0.0511118,-0.993119
1773725386697291,0.105363,-0.0511118,-0.993119
1773725386717288,0.105363,-0.0511118,-0.993119
1773725386737286,0.105363,-0.0511118,-0.993119
1773725386757285,0.105363,-0.0511118,-0.993119
1773725386777288,0.105363,-0.0511118,-0.993119
1773725386797290,0.105363,-0.0511118,-0.993119
1773725386817289,0.105363,-0.0511118,-0.993119
1773725386837288,0.105363,-0.0511118,-0.993119
1773725386857288,0.105664,-0.0503492,-0.993126
1773725386877285,0.105664,-0.0503492,-0.993126
1773725386897284,0.105664,-0.0503492,-0.993126
1773725386917287,0.105664,-0.0503492,-0.993126
1773725386937285,0.105664,-0.0503492,-0.993126
1773725386957288,-0.0353834,-0.0383391,-0.998638
1773725386977288,-0.0353834,-0.0383391,-0.998638
1773725386997289,-0.0353834,-0.0383391,-0.998638
1773725387017288,-0.0353834,-0.0383391,-0.998638
1773725387037288,-0.0353834,-0.0383391,-0.998638
1773725387057289,0.00272808,-0.015935,-0.999869
1773725387077287,0.00272808,-0.015935,-0.999869
1773725387097288,0.00272808,-0.015935,-0.999869
1773725387117288,0.0067439,-0.0137275,-0.999883
1773725387137286,-0.00943408,-0.00839585,-0.99992
1773725387157286,-0.0104298,-0.00681331,-0.999922
1773725387177287,-0.0190114,-0.00154291,-0.999818
1773725387197288,-0.0220402,-0.000407546,-0.999757
1773725387217315,-0.0316251,0.00257034,-0.999496
1773725387237287,-0.0391637,0.00174867,-0.999231
1773725387257291,-0.0397511,0.00246359,-0.999207
1773725387277296,-0.047434,0.000838857,-0.998874
1773725387297289,-0.042187,0.00550314,-0.999095
1773725387317286,-0.042187,0.00550314,-0.999095
1773725387337278,-0.0449575,-0.00189352,-0.998987
1773725387357286,-0.047133,-0.00752572,-0.99886
1773725387377286,-0.0454371,-0.00978591,-0.998919
1773725387397287,-0.047214,-0.0130131,-0.9988
1773725387417289,-0.0506627,-0.0160265,-0.998587
1773725387437289,-0.0556917,-0.0194111,-0.998259
1773725387457293,-0.05819,-0.021358,-0.998077
1773725387477293,-0.0582106,-0.0218124,-0.998066
1773725387497287,-0.0577548,-0.0211865,-0.998106
1773725387517289,-0.0577548,-0.0211865,-0.998106
1773725387537286,-0.0611305,-0.0227776,-0.99787
1773725387557286,-0.0611305,-0.0227776,-0.99787
1773725387577287,-0.0663896,-0.0248753,-0.997484
1773725387597290,-0.0652026,-0.0229289,-0.997609
1773725387617289,-0.0638048,-0.0228133,-0.997702
1773725387637307,-0.0611822,-0.0229618,-0.997862
1773725387657291,-0.0583175,-0.0245506,-0.997996
1773725387677291,-0.0523304,-0.0218395,-0.998391
1773725387697292,-0.0481199,-0.0232146,-0.998572
1773725387717290,-0.0481199,-0.0232146,-0.998572
1773725387737292,-0.0458107,-0.0234233,-0.998675
1773725387757291,-0.0458107,-0.0234233,-0.998675
1773725387777291,-0.0423793,-0.0238114,-0.998818
1773725387797291,-0.0423793,-0.0238114,-0.998818
1773725387817294,-0.0423793,-0.0238114,-0.998818
1773725387837295,-0.0423793,-0.0238114,-0.998818
1773725387857290,-0.0423793,-0.0238114,-0.998818
1773725387877291,-0.039516,-0.0235623,-0.998941
1773725387897290,-0.039516,-0.0235623,-0.998941
1773725387917293,-0.0316086,-0.0219112,-0.99926
1773725387937289,-0.0209866,-0.0239174,-0.999494
1773725387957289,-0.0177677,-0.0228619,-0.999581
1773725387977292,-0.0205984,-0.0286932,-0.999376
1773725387997292,-0.0200872,-0.0290063,-0.999377
1773725388017292,-0.0174694,-0.0291079,-0.999424
1773725388037292,-0.0142136,-0.02945,-0.999465
1773725388057291,-0.0145386,-0.0282305,-0.999496
1773725388077290,-0.0127287,-0.0288236,-0.999503
1773725388097288,-0.0127287,-0.0288236,-0.999503
1773725388117290,-0.00915148,-0.0287171,-0.999546
1773725388137289,-0.00528334,-0.0285757,-0.999578
1773725388157290,-0.00599732,-0.0287891,-0.999568
1773725388177291,-0.00559506,-0.0284625,-0.999579
1773725388197289,-0.00316943,-0.0301955,-0.999539
1773725388217289,-0.00368629,-0.0287851,-0.999579
1773725388237289,0.000317029,-0.0294436,-0.999566
1773725388257293,-1.28502e-05,-0.0296003,-0.999562
1773725388277289,-0.00132554,-0.0300029,-0.999549
1773725388297293,0.00391142,-0.0292769,-0.999564
1773725388317293,0.00562652,-0.0295335,-0.999548
1773725388337292,0.00466476,-0.0297598,-0.999546
1773725388357288,-0.000201381,-0.0314648,-0.999505
1773725388377292,0.000809286,-0.0329855,-0.999456
1773725388397411,0.00185496,-0.0325278,-0.999469
1773725388417294,0.00534494,-0.0312397,-0.999498
1773725388437290,0.00389552,-0.0301526,-0.999538
1773725388457290,0.00756524,-0.0306019,-0.999503
1773725388477291,0.0060026,-0.0318781,-0.999474
1773725388497293,0.00605371,-0.0312085,-0.999495
1773725388517293,0.00725457,-0.0302742,-0.999515
1773725388537292,0.00737716,-0.0318893,-0.999464
1773725388557294,0.00973967,-0.029628,-0.999514
1773725388577292,0.00574975,-0.0306036,-0.999515
1773725388597294,0.00572572,-0.0300195,-0.999533
1773725388617297,0.00956528,-0.0272936,-0.999582
1773725388637289,0.0154603,-0.0288864,-0.999463
1773725388657289,0.0160225,-0.0278691,-0.999483
1773725388677291,0.0108185,-0.0279818,-0.99955
1773725388697292,0.0101391,-0.0278875,-0.99956
1773725388717297,0.00846626,-0.0285658,-0.999556
1773725388737294,0.00741992,-0.0256433,-0.999644
1773725388757291,0.00655679,-0.0258789,-0.999644
1773725388777291,0.00642153,-0.0245407,-0.999678
1773725388797291,0.0105913,-0.022606,-0.999688
1773725388817291,0.00981041,-0.0210977,-0.999729
1773725388837354,0.00840284,-0.0204792,-0.999755
1773725388857293,0.00840284,-0.0204792,-0.999755
1773725388877291,0.00840284,-0.0204792,-0.999755
1773725388897294,0.00840284,-0.0204792,-0.999755
1773725388917293,0.00840284,-0.0204792,-0.999755
1773725388937305,0.00840284,-0.0204792,-0.999755
1773725388957295,0.00840284,-0.0204792,-0.999755
1773725388977295,0.00840284,-0.0204792,-0.999755
1773725388997296,0.00840284,-0.0204792,-0.999755
1773725389017299,0.00840284,-0.0204792,-0.999755
1773725389037294,0.00840284,-0.0204792,-0.999755
1773725389057295,0.00840284,-0.0204792,-0.999755
