1775117297987295,0,0,-1
1775117298005735,0,0,-1
1775117298025735,0,0,-1
1775117298045736,0,0,-1
1775117298065737,0,0,-1
1775117298085734,0,0,-1
1775117298105739,0,0,-1
1775117298125735,0,0,-1
1775117298145735,0,0,-1
1775117298165734,0,0,-1
1775117298185732,0,0,-1
1775117298205735,0,0,-1
1775117298225731,0,0,-1
1775117298245733,0,0,-1
1775117298265733,0,0,-1
1775117298285737,0,0,-1
1775117298305733,0,0,-1
1775117298325730,0,0,-1
1775117298345730,0,0,-1
1775117298365728,0,0,-1
1775117298385731,0,0,-1
1775117298405732,0,0,-1
1775117298425732,0,0,-1
1775117298445735,0,0,-1
1775117298465731,0,0,-1
1775117298485739,0,0,-1
1775117298505729,0,0,-1
1775117298525733,0,0,-1
1775117298545729,0,0,-1
1775117298565734,0,0,-1
1775117298585726,0,0,-1
1775117298605816,0,0,-1
1775117298625733,0,0,-1
1775117298645728,0,0,-1
1775117298665733,0,0,-1
1775117298685730,0,0,-1
1775117298705731,0,0,-1
1775117298725729,0,0,-1
1775117298745728,0,0,-1
1775117298765730,0,0,-1
1775117298785728,0,0,-1
1775117298805730,0,0,-1
1775117298825728,0,0,-1
1775117298845730,0,0,-1
1775117298865736,0,0,-1
1775117298885728,0,0,-1
1775117298905729,0,0,-1
1775117298925755,0,0,-1
1775117298945726,0,0,-1
1775117298965730,0,0,-1
1775117298985753,0,0,-1
1775117299005726,0,0,-1
1775117299025752,0,0,-1
1775117299045756,0,0,-1
1775117299065728,0,0,-1
1775117299085741,0,0,-1
1775117299105731,0,0,-1
1775117299125726,0,0,-1
1775117299145725,0,0,-1
1775117299165724,0,0,-1
1775117299185725,0,0,-1
1775117299205744,0,0,-1
1775117299225757,0,0,-1
1775117299245730,0,0,-1
1775117299265731,0,0,-1
1775117299285727,0,0,-1
1775117299305730,0,0,-1
1775117299325727,0,0,-1
1775117299345730,0,0,-1
1775117299365733,0,0,-1
1775117299385730,0,0,-1
1775117299405731,0,0,-1
1775117299425686,0,0,-1
1775117299445732,0,0,-1
1775117299465728,0,0,-1
1775117299485754,0,0,-1
1775117299505724,0,0,-1
1775117299525729,0,0,-1
1775117299545734,0,0,-1
1775117299565728,0,0,-1
1775117299585729,0,0,-1
1775117299605727,0,0,-1
1775117299625728,0,0,-1
1775117299645726,0,0,-1
1775117299665726,0,0,-1
1775117299685726,0,0,-1
1775117299705727,0,0,-1
1775117299725726,0,0,-1
1775117299745727,0,0,-1
1775117299765728,0,0,-1
1775117299785727,0,0,-1
1775117299805726,0,0,-1
1775117299825727,0,0,-1
1775117299845727,0,0,-1
1775117299865746,0,0,-1
1775117299885730,0,0,-1
1775117299905728,0,0,-1
1775117299925729,0,0,-1
1775117299945725,0,0,-1
1775117299965727,0,0,-1
1775117299985731,0,0,-1
1775117300005729,0,0,-1
1775117300025728,0,0,-1
1775117300045729,0,0,-1
1775117300065747,0,0,-1
1775117300085733,0,0,-1
1775117300105735,0,0,-1
1775117300125730,0,0,-1
1775117300145742,0,0,-1
1775117300165727,0,0,-1
1775117300185729,0,0,-1
1775117300205728,0,0,-1
1775117300225727,0,0,-1
1775117300245726,0,0,-1
1775117300265731,0,0,-1
1775117300285727,0,0,-1
1775117300305806,0,0,-1
1775117300325729,0,0,-1
1775117300345727,0,0,-1
1775117300365733,0,0,-1
1775117300385733,0,0,-1
1775117300405730,0,0,-1
1775117300425730,0,0,-1
1775117300445725,0,0,-1
1775117300465727,0,0,-1
1775117300485730,0,0,-1
1775117300505731,0,0,-1
1775117300525728,0,0,-1
1775117300545731,0,0,-1
1775117300565704,0,0,-1
1775117300585728,0,0,-1
1775117300605727,0,0,-1
1775117300625728,0,0,-1
1775117300645726,0,0,-1
1775117300665728,0,0,-1
1775117300685726,0,0,-1
1775117300705734,0,0,-1
1775117300725730,0,0,-1
1775117300745731,0,0,-1
1775117300765728,0,0,-1
1775117300785734,0,0,-1
1775117300805727,0,0,-1
1775117300825731,0,0,-1
1775117300845728,0,0,-1
1775117300865729,0,0,-1
1775117300885729,0,0,-1
1775117300905727,0,0,-1
1775117300925735,0,0,-1
1775117300945748,0,0,-1
1775117300965726,0,0,-1
1775117300985726,0,0,-1
1775117301005730,0,0,-1
1775117301025726,0,0,-1
1775117301045726,0,0,-1
1775117301065731,0,0,-1
1775117301085762,0,0,-1
1775117301105736,0,0,-1
1775117301125733,0,0,-1
1775117301145727,0,0,-1
1775117301165730,0,0,-1
1775117301185853,0,0,-1
1775117301205728,0,0,-1
1775117301225727,0,0,-1
1775117301245727,0,0,-1
1775117301265727,0,0,-1
1775117301285728,0,0,-1
1775117301305726,0,0,-1
1775117301325728,0,0,-1
1775117301345727,0,0,-1
1775117301365728,0,0,-1
1775117301385725,0,0,-1
1775117301405728,0,0,-1
1775117301425727,0,0,-1
1775117301445727,0,0,-1
1775117301465727,0,0,-1
1775117301485730,0,0,-1
1775117301505725,0,0,-1
1775117301525725,0,0,-1
1775117301545726,0,0,-1
1775117301565729,0,0,-1
1775117301585731,0,0,-1
1775117301605734,0,0,-1
1775117301625728,0,0,-1
1775117301645727,0,0,-1
1775117301665725,0,0,-1
1775117301685727,0,0,-1
1775117301705732,0,0,-1
1775117301725727,0,0,-1
1775117301745727,0,0,-1
1775117301765731,0,0,-1
1775117301785726,0,0,-1
1775117301805727,0,0,-1
1775117301825768,0,0,-1
1775117301845729,0,0,-1
1775117301865730,0,0,-1
1775117301885728,0,0,-1
1775117301905729,0,0,-1
1775117301925788,0,0,-1
1775117301945729,0,0,-1
1775117301965729,0,0,-1
1775117301985732,0,0,-1
1775117302005751,0,0,-1
1775117302025728,0,0,-1
1775117302045724,0,0,-1
1775117302065726,0,0,-1
1775117302085724,0,0,-1
1775117302105727,0,0,-1
1775117302125876,0,0,-1
1775117302145726,0,0,-1
1775117302165730,0,0,-1
1775117302185727,0,0,-1
1775117302205912,0,0,-1
1775117302225728,0,0,-1
1775117302245728,0,0,-1
1775117302265726,0,0,-1
1775117302285727,0,0,-1
1775117302305726,0,0,-1
1775117302325731,0,0,-1
1775117302345725,0,0,-1
1775117302365727,0,0,-1
1775117302385728,0,0,-1
1775117302405760,0,0,-1
1775117302425730,0,0,-1
1775117302445728,0,0,-1
1775117302465727,0,0,-1
1775117302485728,0,0,-1
1775117302505727,0,0,-1
1775117302525724,0,0,-1
1775117302545726,0,0,-1
1775117302565726,0,0,-1
1775117302585729,0,0,-1
1775117302605727,0,0,-1
1775117302625735,0,0,-1
1775117302645732,0,0,-1
1775117302665759,0,0,-1
1775117302685725,0,0,-1
1775117302705726,0,0,-1
1775117302725725,0,0,-1
1775117302745728,0,0,-1
1775117302765726,0,0,-1
1775117302785726,0,0,-1
1775117302805727,0,0,-1
1775117302825727,0,0,-1
1775117302845726,0,0,-1
1775117302865727,0,0,-1
1775117302885732,0,0,-1
1775117302905729,0,0,-1
1775117302925728,0,0,-1
1775117302945756,0,0,-1
1775117302965727,0,0,-1
1775117302985728,0,0,-1
1775117303005726,0,0,-1
1775117303025729,0,0,-1
1775117303045730,0,0,-1
1775117303065730,0,0,-1
1775117303085728,0,0,-1
1775117303105730,0,0,-1
1775117303125728,0,0,-1
1775117303145732,0,0,-1
1775117303165727,0,0,-1
1775117303185727,0,0,-1
1775117303205727,0,0,-1
1775117303225734,0,0,-1
1775117303245728,0,0,-1
1775117303265728,0,0,-1
1775117303285732,0,0,-1
1775117303305729,0,0,-1
1775117303325732,0,0,-1
1775117303345726,0,0,-1
1775117303365727,0,0,-1
1775117303385724,0,0,-1
1775117303405753,0,0,-1
1775117303425725,0,0,-1
1775117303445733,0,0,-1
1775117303465749,0,0,-1
1775117303485726,0,0,-1
1775117303505724,0,0,-1
1775117303525730,0,0,-1
1775117303545726,0,0,-1
1775117303565732,0,0,-1
1775117303585750,0,0,-1
1775117303605726,0,0,-1
1775117303625726,0,0,-1
1775117303645729,0,0,-1
1775117303665729,0,0,-1
1775117303685816,0,0,-1
1775117303705727,0,0,-1
1775117303725746,0,0,-1
1775117303745724,0,0,-1
1775117303765724,0,0,-1
1775117303785724,0,0,-1
1775117303805729,0,0,-1
1775117303825728,0,0,-1
1775117303845730,0,0,-1
1775117303865727,0,0,-1
1775117303885728,0,0,-1
1775117303905729,0,0,-1
1775117303925727,0,0,-1
1775117303945728,0,0,-1
1775117303965752,0,0,-1
1775117303985728,0,0,-1
1775117304005726,0,0,-1
1775117304025728,0,0,-1
1775117304045726,0,0,-1
1775117304065727,0,0,-1
1775117304085726,0,0,-1
1775117304105730,0,0,-1
1775117304125735,0,0,-1
1775117304145730,0,0,-1
1775117304165838,0,0,-1
1775117304185732,0,0,-1
1775117304205729,0,0,-1
1775117304225726,0,0,-1
1775117304245725,0,0,-1
1775117304265725,0,0,-1
1775117304285726,0,0,-1
1775117304305724,0,0,-1
1775117304325725,0,0,-1
1775117304345724,0,0,-1
1775117304365748,0,0,-1
1775117304385726,0,0,-1
1775117304405727,0,0,-1
1775117304425725,0,0,-1
1775117304445726,0,0,-1
1775117304465729,0,0,-1
1775117304485730,0,0,-1
1775117304505727,0,0,-1
1775117304525727,0,0,-1
1775117304545747,0,0,-1
1775117304565726,0,0,-1
1775117304585725,0,0,-1
1775117304605730,0,0,-1
1775117304625727,0,0,-1
1775117304645731,0,0,-1
1775117304665732,0,0,-1
1775117304685734,0,0,-1
1775117304705729,0,0,-1
1775117304725726,0,0,-1
1775117304745724,0,0,-1
1775117304765728,0,0,-1
1775117304785727,0,0,-1
1775117304805725,0,0,-1
1775117304825726,0,0,-1
1775117304845723,0,0,-1
1775117304865730,0,0,-1
1775117304885728,0,0,-1
1775117304905732,0,0,-1
1775117304925727,0,0,-1
1775117304945729,0,0,-1
1775117304965724,0,0,-1
1775117304985725,0,0,-1
1775117305005726,0,0,-1
1775117305025726,0,0,-1
1775117305045729,0,0,-1
1775117305065726,0,0,-1
1775117305085725,0,0,-1
1775117305105725,0,0,-1
1775117305125732,0,0,-1
1775117305145731,0,0,-1
1775117305165726,0,0,-1
1775117305185725,0,0,-1
1775117305205767,0,0,-1
1775117305225730,0,0,-1
1775117305245724,0,0,-1
1775117305265726,0,0,-1
1775117305285724,0,0,-1
1775117305305727,0,0,-1
1775117305325728,0,0,-1
1775117305345729,0,0,-1
1775117305365729,0,0,-1
1775117305385727,0,0,-1
1775117305405726,0,0,-1
1775117305425724,0,0,-1
1775117305445729,0,0,-1
1775117305465726,0,0,-1
1775117305485726,0,0,-1
1775117305505725,0,0,-1
1775117305525727,0,0,-1
1775117305545727,0,0,-1
1775117305565735,0,0,-1
1775117305585726,0,0,-1
1775117305605724,0,0,-1
1775117305625726,0,0,-1
1775117305645729,0,0,-1
1775117305665734,0,0,-1
1775117305685726,0,0,-1
1775117305705726,0,0,-1
1775117305725727,0,0,-1
1775117305745726,0,0,-1
1775117305765725,0,0,-1
1775117305785735,0,0,-1
1775117305805727,0,0,-1
1775117305825729,0,0,-1
1775117305845729,0,0,-1
1775117305865727,0,0,-1
1775117305885728,0,0,-1
1775117305905727,0,0,-1
1775117305925727,0,0,-1
1775117305945725,0,0,-1
1775117305965728,0,0,-1
1775117305985729,0,0,-1
1775117306005726,0,0,-1
1775117306025727,0,0,-1
1775117306045727,0,0,-1
1775117306065727,0,0,-1
1775117306085728,0,0,-1
1775117306105729,0,0,-1
1775117306125726,0,0,-1
1775117306145729,0,0,-1
1775117306165729,0,0,-1
1775117306185727,0,0,-1
1775117306205771,0,0,-1
1775117306225728,0,0,-1
1775117306245729,0,0,-1
1775117306265729,0,0,-1
1775117306285730,0,0,-1
1775117306305725,0,0,-1
1775117306325727,0,0,-1
1775117306345731,0,0,-1
1775117306365729,0,0,-1
1775117306385731,0,0,-1
1775117306405725,0,0,-1
1775117306425727,0,0,-1
1775117306445726,0,0,-1
1775117306465728,0,0,-1
1775117306485725,0,0,-1
1775117306505725,0,0,-1
1775117306525727,0,0,-1
1775117306545727,0,0,-1
1775117306565726,0,0,-1
1775117306585730,0,0,-1
1775117306605692,0,0,-1
1775117306625725,0,0,-1
1775117306645725,0,0,-1
1775117306665726,0,0,-1
1775117306685728,0,0,-1
1775117306705727,0,0,-1
1775117306725734,0,0,-1
1775117306745726,0,0,-1
1775117306765725,0,0,-1
1775117306785726,0,0,-1
1775117306805725,0,0,-1
1775117306825728,0,0,-1
1775117306845726,0,0,-1
1775117306865727,0,0,-1
1775117306885732,0,0,-1
1775117306905733,0,0,-1
1775117306925728,0,0,-1
1775117306945729,0,0,-1
1775117306965729,0,0,-1
1775117306985726,0,0,-1
1775117307005727,0,0,-1
1775117307025725,0,0,-1
1775117307045726,0,0,-1
1775117307065724,0,0,-1
1775117307085727,0,0,-1
1775117307105726,0,0,-1
1775117307125730,0,0,-1
1775117307145729,0,0,-1
1775117307165730,0,0,-1
1775117307185730,0,0,-1
1775117307205740,0,0,-1
1775117307225728,0,0,-1
1775117307245728,0,0,-1
1775117307265727,0,0,-1
1775117307285726,0,0,-1
1775117307305727,0,0,-1
1775117307325727,0,0,-1
1775117307345727,0,0,-1
1775117307365730,0,0,-1
1775117307385726,0,0,-1
1775117307405727,0,0,-1
1775117307425729,0,0,-1
1775117307445728,0,0,-1
1775117307465727,0,0,-1
1775117307485728,0,0,-1
1775117307505726,0,0,-1
1775117307525747,0,0,-1
1775117307545729,0,0,-1
1775117307565731,0,0,-1
1775117307585733,0,0,-1
1775117307605737,0,0,-1
1775117307625729,0,0,-1
1775117307645732,0,0,-1
1775117307665730,0,0,-1
1775117307685729,0,0,-1
1775117307705737,0,0,-1
1775117307725736,0,0,-1
1775117307745730,0,0,-1
1775117307765732,0,0,-1
1775117307785731,0,0,-1
1775117307805737,0,0,-1
1775117307825736,0,0,-1
1775117307845731,0,0,-1
1775117307865730,0,0,-1
1775117307885729,0,0,-1
1775117307905733,0,0,-1
1775117307925731,0,0,-1
1775117307945732,0,0,-1
1775117307965736,0,0,-1
1775117307985730,0,0,-1
1775117308005732,0,0,-1
1775117308025728,0,0,-1
1775117308045730,0,0,-1
1775117308065728,0,0,-1
1775117308085730,0,0,-1
1775117308105729,0,0,-1
1775117308125733,0,0,-1
1775117308145732,0,0,-1
1775117308165733,0,0,-1
1775117308185735,0,0,-1
1775117308205736,0,0,-1
1775117308225732,0,0,-1
1775117308245728,0,0,-1
1775117308265730,0,0,-1
1775117308285727,0,0,-1
1775117308305727,0,0,-1
1775117308325727,0,0,-1
1775117308345727,0,0,-1
1775117308365719,0,0,-1
1775117308385731,0,0,-1
1775117308405727,0,0,-1
1775117308425727,0,0,-1
1775117308445727,0,0,-1
1775117308465727,0,0,-1
1775117308485734,0,0,-1
1775117308505728,0,0,-1
1775117308525728,0,0,-1
1775117308545726,0,0,-1
1775117308565730,0,0,-1
1775117308585728,0,0,-1
1775117308605733,0,0,-1
1775117308625730,0,0,-1
1775117308645730,0,0,-1
1775117308665731,0,0,-1
1775117308685731,0,0,-1
1775117308705745,0,0,-1
1775117308725728,0,0,-1
1775117308745731,0,0,-1
1775117308765729,0,0,-1
1775117308785729,0,0,-1
1775117308805728,0,0,-1
1775117308825727,0,0,-1
1775117308845728,0,0,-1
1775117308865727,0,0,-1
1775117308885729,0,0,-1
1775117308905732,0,0,-1
1775117308925732,0,0,-1
1775117308945738,0,0,-1
1775117308965731,0,0,-1
1775117308985730,0,0,-1
1775117309005728,0,0,-1
1775117309025728,0,0,-1
1775117309045729,0,0,-1
1775117309065730,0,0,-1
1775117309085730,0,0,-1
1775117309105729,0,0,-1
1775117309125729,0,0,-1
1775117309145729,0,0,-1
1775117309165732,0,0,-1
1775117309185733,0,0,-1
1775117309205732,0,0,-1
1775117309225821,0,0,-1
1775117309245734,0,0,-1
1775117309265730,0,0,-1
1775117309285731,0,0,-1
1775117309305732,0,0,-1
1775117309325729,0,0,-1
1775117309345729,0,0,-1
1775117309365730,0,0,-1
1775117309385730,0,0,-1
1775117309405730,0,0,-1
1775117309425731,0,0,-1
1775117309445730,0,0,-1
1775117309465729,0,0,-1
1775117309485728,0,0,-1
1775117309505735,0,0,-1
1775117309525731,0,0,-1
1775117309545737,0,0,-1
1775117309565740,0,0,-1
1775117309585732,0,0,-1
1775117309605739,0,0,-1
1775117309625732,0,0,-1
1775117309645730,0,0,-1
1775117309665731,0,0,-1
1775117309685730,0,0,-1
1775117309705730,0,0,-1
1775117309725730,0,0,-1
1775117309745732,0,0,-1
1775117309765730,0,0,-1
1775117309785734,0,0,-1
1775117309805728,0,0,-1
1775117309825736,0,0,-1
1775117309845729,0,0,-1
1775117309865731,0,0,-1
1775117309885731,0,0,-1
1775117309905736,0,0,-1
1775117309925732,0,0,-1
1775117309945730,0,0,-1
1775117309965728,0,0,-1
1775117309985728,0,0,-1
1775117310005766,0,0,-1
1775117310025732,0,0,-1
1775117310045731,0,0,-1
1775117310065731,0,0,-1
1775117310085731,0,0,-1
1775117310105730,0,0,-1
1775117310125731,0,0,-1
1775117310145734,0,0,-1
1775117310165734,0,0,-1
1775117310185901,0,0,-1
1775117310205730,0,0,-1
1775117310225726,0,0,-1
1775117310245731,0,0,-1
1775117310265725,0,0,-1
1775117310285725,0,0,-1
1775117310305728,0,0,-1
1775117310325732,0,0,-1
1775117310345730,0,0,-1
1775117310365731,0,0,-1
1775117310385730,0,0,-1
1775117310405731,0,0,-1
1775117310425729,0,0,-1
1775117310445732,0,0,-1
1775117310465731,0,0,-1
1775117310485730,0,0,-1
1775117310505730,0,0,-1
1775117310525732,0,0,-1
1775117310545728,0,0,-1
1775117310565729,0,0,-1
1775117310585729,0,0,-1
1775117310605731,0,0,-1
1775117310625731,0,0,-1
1775117310645730,0,0,-1
1775117310665731,0,0,-1
1775117310685730,0,0,-1
1775117310705732,0,0,-1
1775117310725757,0,0,-1
1775117310745731,0,0,-1
1775117310765728,0,0,-1
1775117310785729,0,0,-1
1775117310805729,0,0,-1
1775117310825727,0,0,-1
1775117310845725,0,0,-1
1775117310865730,0,0,-1
1775117310885726,0,0,-1
1775117310905730,0,0,-1
1775117310925735,0,0,-1
1775117310945728,0,0,-1
1775117310965732,0,0,-1
1775117310985726,0,0,-1
1775117311005725,0,0,-1
1775117311025729,0,0,-1
1775117311045727,0,0,-1
1775117311065726,0,0,-1
1775117311085728,0,0,-1
1775117311105730,0,0,-1
1775117311125728,0,0,-1
1775117311145734,0,0,-1
1775117311165727,0,0,-1
1775117311185728,0,0,-1
1775117311205730,0,0,-1
1775117311225729,0,0,-1
1775117311245719,0,0,-1
1775117311265730,0,0,-1
1775117311285725,0,0,-1
1775117311306862,0,0,-1
1775117311325703,0,0,-1
1775117311345726,0,0,-1
1775117311365731,0,0,-1
1775117311385728,0,0,-1
1775117311405727,0,0,-1
1775117311425728,0,0,-1
1775117311445727,0,0,-1
1775117311465728,0,0,-1
1775117311485726,0,0,-1
1775117311505731,0,0,-1
1775117311525726,0,0,-1
1775117311545730,0,0,-1
1775117311565733,0,0,-1
1775117311585730,0,0,-1
1775117311605734,0,0,-1
1775117311625726,0,0,-1
1775117311645734,0,0,-1
1775117311665729,0,0,-1
1775117311685735,0,0,-1
1775117311705734,0,0,-1
1775117311725733,0,0,-1
1775117311745755,0,0,-1
1775117311765727,0,0,-1
1775117311785726,0,0,-1
1775117311805727,0,0,-1
1775117311825726,0,0,-1
1775117311845726,0,0,-1
1775117311865724,0,0,-1
1775117311885726,0,0,-1
1775117311905728,0,0,-1
1775117311925736,0,0,-1
1775117311945729,0,0,-1
1775117311965728,0,0,-1
1775117311985728,0,0,-1
1775117312005728,0,0,-1
1775117312025731,0,0,-1
1775117312045728,0,0,-1
1775117312065730,0,0,-1
1775117312085729,0,0,-1
1775117312105729,0,0,-1
1775117312125729,0,0,-1
1775117312145733,0,0,-1
1775117312165728,0,0,-1
1775117312185732,0,0,-1
1775117312205737,0,0,-1
1775117312225733,0,0,-1
1775117312245730,0,0,-1
1775117312265685,0,0,-1
1775117312285733,0,0,-1
1775117312305750,0,0,-1
1775117312325727,0,0,-1
1775117312345729,0,0,-1
1775117312365728,0,0,-1
1775117312385726,0,0,-1
1775117312405727,0,0,-1
1775117312425725,0,0,-1
1775117312445725,0,0,-1
1775117312465724,0,0,-1
1775117312485726,0,0,-1
1775117312505723,0,0,-1
1775117312525726,0,0,-1
1775117312545725,0,0,-1
1775117312565726,0,0,-1
1775117312585727,0,0,-1
1775117312605727,0,0,-1
1775117312625732,0,0,-1
1775117312645727,0,0,-1
1775117312665726,0,0,-1
1775117312685726,0,0,-1
1775117312705725,0,0,-1
1775117312725726,0,0,-1
1775117312745726,0,0,-1
1775117312765729,0,0,-1
1775117312785730,0,0,-1
1775117312805729,0,0,-1
1775117312825732,0,0,-1
1775117312845729,0,0,-1
1775117312865727,0,0,-1
1775117312885728,0,0,-1
1775117312905736,0,0,-1
1775117312925736,0,0,-1
1775117312945737,0,0,-1
1775117312965733,0,0,-1
1775117312985730,0,0,-1
1775117313005729,0,0,-1
1775117313025727,0,0,-1
1775117313045729,0,0,-1
1775117313065727,0,0,-1
1775117313085729,0,0,-1
1775117313105695,0,0,-1
1775117313125769,0,0,-1
1775117313145732,0,0,-1
1775117313165727,0,0,-1
1775117313185729,0,0,-1
1775117313205742,0,0,-1
1775117313225732,0,0,-1
1775117313245731,0,0,-1
1775117313265732,0,0,-1
1775117313285732,0,0,-1
1775117313305732,0,0,-1
1775117313325731,0,0,-1
1775117313345730,0,0,-1
1775117313365727,0,0,-1
1775117313385740,0,0,-1
1775117313405730,0,0,-1
1775117313425730,0,0,-1
1775117313445728,0,0,-1
1775117313465732,0,0,-1
1775117313485727,0,0,-1
1775117313505745,0,0,-1
1775117313525728,0,0,-1
1775117313545732,0,0,-1
1775117313565733,0,0,-1
1775117313585733,0,0,-1
1775117313605740,0,0,-1
1775117313625733,0,0,-1
1775117313645750,0,0,-1
1775117313665724,0,0,-1
1775117313685749,0,0,-1
1775117313705739,0,0,-1
1775117313725729,0,0,-1
1775117313745753,0,0,-1
1775117313765726,0,0,-1
1775117313785728,0,0,-1
1775117313805742,0,0,-1
1775117313825727,0,0,-1
1775117313845754,0,0,-1
1775117313865727,0,0,-1
1775117313885756,0,0,-1
1775117313905726,0,0,-1
1775117313925732,0,0,-1
1775117313945733,0,0,-1
1775117313965726,0,0,-1
1775117313985724,0,0,-1
1775117314005726,0,0,-1
1775117314025725,0,0,-1
1775117314045725,0,0,-1
1775117314065724,0,0,-1
1775117314085727,0,0,-1
1775117314105734,0,0,-1
1775117314125727,0,0,-1
1775117314145727,0,0,-1
1775117314165727,0,0,-1
1775117314185726,0,0,-1
1775117314205734,0,0,-1
1775117314225736,0,0,-1
1775117314245742,0,0,-1
1775117314265728,0,0,-1
1775117314285730,0,0,-1
1775117314305727,0,0,-1
1775117314325752,0,0,-1
1775117314345725,0,0,-1
1775117314365726,0,0,-1
1775117314385724,0,0,-1
1775117314405728,0,0,-1
1775117314425726,0,0,-1
1775117314445730,0,0,-1
1775117314465727,0,0,-1
1775117314485728,0,0,-1
1775117314505727,0,0,-1
1775117314525727,0,0,-1
1775117314545727,0,0,-1
1775117314565729,0,0,-1
1775117314585728,0,0,-1
1775117314605729,0,0,-1
1775117314625726,0,0,-1
1775117314645729,0,0,-1
1775117314665727,0,0,-1
1775117314685728,0,0,-1
1775117314705738,0,0,-1
1775117314725728,0,0,-1
1775117314745728,0,0,-1
1775117314765733,0,0,-1
1775117314785730,0,0,-1
1775117314805731,0,0,-1
1775117314825732,0,0,-1
1775117314845731,0,0,-1
1775117314865727,0,0,-1
1775117314885725,0,0,-1
1775117314905725,0,0,-1
1775117314925766,0,0,-1
1775117314945763,0,0,-1
1775117314965727,0,0,-1
1775117314985732,0,0,-1
1775117315005728,0,0,-1
1775117315025732,0,0,-1
1775117315045730,0,0,-1
1775117315065732,0,0,-1
1775117315085728,0,0,-1
1775117315105738,0,0,-1
1775117315125727,0,0,-1
1775117315145731,0,0,-1
1775117315165727,0,0,-1
1775117315185728,0,0,-1
1775117315205731,0,0,-1
1775117315225734,0,0,-1
1775117315245732,0,0,-1
1775117315265730,0,0,-1
1775117315285730,0,0,-1
1775117315305899,0,0,-1
1775117315325726,0,0,-1
1775117315345728,0,0,-1
1775117315365734,0,0,-1
1775117315385729,0,0,-1
1775117315405730,0,0,-1
1775117315425730,0,0,-1
1775117315445728,0,0,-1
1775117315465730,0,0,-1
1775117315485727,0,0,-1
1775117315505731,0,0,-1
1775117315525741,0,0,-1
1775117315545730,0,0,-1
1775117315565733,0,0,-1
1775117315585729,0,0,-1
1775117315605847,0,0,-1
1775117315625726,0,0,-1
1775117315645778,0,0,-1
1775117315665741,0,0,-1
1775117315685726,0,0,-1
1775117315705725,0,0,-1
1775117315725725,0,0,-1
1775117315745726,0,0,-1
1775117315765749,0,0,-1
1775117315785746,0,0,-1
1775117315805730,0,0,-1
1775117315825739,0,0,-1
1775117315845732,0,0,-1
1775117315865739,0,0,-1
1775117315885729,0,0,-1
1775117315905745,0,0,-1
1775117315925730,0,0,-1
1775117315945730,0,0,-1
1775117315965732,0,0,-1
1775117315985728,0,0,-1
1775117316005729,0,0,-1
1775117316025728,0,0,-1
1775117316045729,0,0,-1
1775117316065819,0,0,-1
1775117316085730,0,0,-1
1775117316105740,0,0,-1
1775117316125727,0,0,-1
1775117316145728,0,0,-1
1775117316165727,0,0,-1
1775117316185734,0,0,-1
1775117316205731,0,0,-1
1775117316225733,0,0,-1
1775117316245730,0,0,-1
1775117316265731,0,0,-1
1775117316285735,0,0,-1
1775117316306940,0,0,-1
1775117316325733,0,0,-1
1775117316345727,0,0,-1
1775117316365732,0,0,-1
1775117316385727,0,0,-1
1775117316405736,0,0,-1
1775117316425726,0,0,-1
1775117316445755,0,0,-1
1775117316465729,0,0,-1
1775117316485728,0,0,-1
1775117316505733,0,0,-1
1775117316525752,0,0,-1
1775117316545726,0,0,-1
1775117316565727,0,0,-1
1775117316585726,0,0,-1
1775117316605727,0,0,-1
1775117316625733,0,0,-1
1775117316645732,0,0,-1
1775117316665729,0,0,-1
1775117316685730,0,0,-1
1775117316705734,0,0,-1
1775117316725728,0,0,-1
1775117316745729,0,0,-1
1775117316765728,0,0,-1
1775117316785730,0,0,-1
1775117316805732,0,0,-1
1775117316825738,0,0,-1
1775117316845735,0,0,-1
1775117316865732,0,0,-1
1775117316885732,0,0,-1
1775117316905729,0,0,-1
1775117316925731,0,0,-1
1775117316945728,0,0,-1
1775117316965737,0,0,-1
1775117316985735,0,0,-1
1775117317005698,0,0,-1
1775117317025729,0,0,-1
1775117317045730,0,0,-1
1775117317065731,0,0,-1
1775117317085728,0,0,-1
1775117317105738,0,0,-1
1775117317125727,0,0,-1
1775117317145727,0,0,-1
1775117317165682,0,0,-1
1775117317185728,0,0,-1
1775117317205732,0,0,-1
1775117317225733,0,0,-1
1775117317245740,0,0,-1
1775117317265737,0,0,-1
1775117317285731,0,0,-1
1775117317305753,0,0,-1
1775117317325738,0,0,-1
1775117317345731,0,0,-1
1775117317365727,0,0,-1
1775117317385748,0,0,-1
1775117317405746,0,0,-1
1775117317425727,0,0,-1
1775117317445756,0,0,-1
1775117317465726,0,0,-1
1775117317485726,0,0,-1
1775117317505729,0,0,-1
1775117317525726,0,0,-1
1775117317545727,0,0,-1
1775117317565731,0,0,-1
1775117317585729,0,0,-1
1775117317605732,0,0,-1
1775117317625726,0,0,-1
1775117317645726,0,0,-1
1775117317665725,0,0,-1
1775117317685726,0,0,-1
1775117317705732,0,0,-1
1775117317725728,0,0,-1
1775117317745728,0,0,-1
1775117317765727,0,0,-1
1775117317785729,0,0,-1
1775117317805730,0,0,-1
1775117317825728,0,0,-1
1775117317845736,0,0,-1
1775117317865727,0,0,-1
1775117317885733,0,0,-1
1775117317905728,0,0,-1
1775117317925728,0,0,-1
1775117317945731,0,0,-1
1775117317965732,0,0,-1
1775117317985729,0,0,-1
1775117318005728,0,0,-1
1775117318025728,0,0,-1
1775117318045726,0,0,-1
1775117318065726,0,0,-1
1775117318085727,0,0,-1
1775117318105730,0,0,-1
1775117318125729,0,0,-1
1775117318145729,0,0,-1
1775117318165727,0,0,-1
1775117318185726,0,0,-1
1775117318205728,0,0,-1
1775117318225728,0,0,-1
1775117318245727,0,0,-1
1775117318265731,0,0,-1
1775117318285730,0,0,-1
1775117318305739,0,0,-1
1775117318325730,0,0,-1
1775117318345728,0,0,-1
1775117318365729,0,0,-1
1775117318385724,0,0,-1
1775117318405726,0,0,-1
1775117318425729,0,0,-1
1775117318445726,0,0,-1
1775117318465729,0,0,-1
1775117318485727,0,0,-1
1775117318505727,0,0,-1
1775117318525731,0,0,-1
1775117318545728,0,0,-1
1775117318565731,0,0,-1
1775117318585727,0,0,-1
1775117318605728,0,0,-1
1775117318625727,0,0,-1
1775117318645734,0,0,-1
1775117318665757,0,0,-1
1775117318685726,0,0,-1
1775117318705726,0,0,-1
1775117318725736,0,0,-1
1775117318745729,0,0,-1
1775117318765730,0,0,-1
1775117318785733,0,0,-1
1775117318805728,0,0,-1
1775117318825731,0,0,-1
1775117318845749,0,0,-1
1775117318865737,0,0,-1
1775117318885733,0,0,-1
1775117318905735,0,0,-1
1775117318925730,0,0,-1
1775117318945734,0,0,-1
1775117318965736,0,0,-1
1775117318985732,0,0,-1
1775117319005729,0,0,-1
1775117319025742,0,0,-1
1775117319045730,0,0,-1
1775117319065732,0,0,-1
1775117319085732,0,0,-1
1775117319105732,0,0,-1
1775117319125730,0,0,-1
1775117319145733,0,0,-1
1775117319165730,0,0,-1
1775117319185731,0,0,-1
1775117319205727,0,0,-1
1775117319225726,0,0,-1
1775117319245726,0,0,-1
1775117319265732,0,0,-1
1775117319285739,0,0,-1
1775117319305732,0,0,-1
1775117319325732,0,0,-1
1775117319345734,0,0,-1
1775117319365746,0,0,-1
1775117319385725,0,0,-1
1775117319405730,0,0,-1
1775117319425732,0,0,-1
1775117319445736,0,0,-1
1775117319465728,0,0,-1
1775117319485729,0,0,-1
1775117319505748,0,0,-1
1775117319525732,0,0,-1
1775117319545729,0,0,-1
1775117319565736,0,0,-1
1775117319585728,0,0,-1
1775117319605733,0,0,-1
1775117319625726,0,0,-1
1775117319645726,0,0,-1
1775117319665727,0,0,-1
1775117319685718,0,0,-1
1775117319705728,0,0,-1
1775117319725728,0,0,-1
1775117319745727,0,0,-1
1775117319765725,0,0,-1
1775117319785727,0,0,-1
1775117319805751,0,0,-1
1775117319825755,0,0,-1
1775117319845729,0,0,-1
1775117319865728,0,0,-1
1775117319885728,0,0,-1
1775117319905728,0,0,-1
1775117319925726,0,0,-1
1775117319945727,0,0,-1
1775117319965729,0,0,-1
1775117319985731,0,0,-1
1775117320005731,0,0,-1
1775117320025727,0,0,-1
1775117320045729,0,0,-1
1775117320065727,0,0,-1
1775117320085727,0,0,-1
1775117320105731,0,0,-1
1775117320125727,0,0,-1
1775117320145730,0,0,-1
1775117320165727,0,0,-1
1775117320185731,0,0,-1
1775117320205726,0,0,-1
1775117320225728,0,0,-1
1775117320245729,0,0,-1
1775117320265728,0,0,-1
1775117320285733,0,0,-1
1775117320305729,0,0,-1
1775117320325732,0,0,-1
1775117320345731,0,0,-1
1775117320365728,0,0,-1
1775117320385730,0,0,-1
1775117320405728,0,0,-1
1775117320425728,0,0,-1
1775117320445729,0,0,-1
1775117320465729,0,0,-1
1775117320485730,0,0,-1
1775117320505727,0,0,-1
1775117320525728,0,0,-1
1775117320545727,0,0,-1
1775117320565727,0,0,-1
1775117320585727,0,0,-1
1775117320605727,0,0,-1
1775117320625727,0,0,-1
1775117320645725,0,0,-1
1775117320665726,0,0,-1
1775117320685796,0,0,-1
1775117320705734,0,0,-1
1775117320725732,0,0,-1
1775117320745733,0,0,-1
1775117320765731,0,0,-1
1775117320785729,0,0,-1
1775117320805731,0,0,-1
1775117320825730,0,0,-1
1775117320845734,0,0,-1
1775117320865735,0,0,-1
1775117320885737,0,0,-1
1775117320905737,0,0,-1
1775117320925732,0,0,-1
1775117320945733,0,0,-1
1775117320965729,0,0,-1
1775117320985732,0,0,-1
1775117321005730,0,0,-1
1775117321025728,0,0,-1
1775117321045730,0,0,-1
1775117321065730,0,0,-1
1775117321085731,0,0,-1
1775117321105729,0,0,-1
1775117321125731,0,0,-1
1775117321145730,0,0,-1
1775117321165731,0,0,-1
1775117321185732,0,0,-1
1775117321205729,0,0,-1
1775117321225727,0,0,-1
1775117321245728,0,0,-1
1775117321265726,0,0,-1
1775117321285730,0,0,-1
1775117321305732,0,0,-1
1775117321325735,0,0,-1
1775117321345730,0,0,-1
1775117321365729,0,0,-1
1775117321385729,0,0,-1
1775117321405726,0,0,-1
1775117321425727,0,0,-1
1775117321445728,0,0,-1
1775117321465730,0,0,-1
1775117321485729,0,0,-1
1775117321505728,0,0,-1
1775117321525732,0,0,-1
1775117321545733,0,0,-1
1775117321565733,0,0,-1
1775117321585730,0,0,-1
1775117321605728,0,0,-1
1775117321625730,0,0,-1
1775117321645730,0,0,-1
1775117321665733,0,0,-1
1775117321685732,0,0,-1
1775117321705730,0,0,-1
1775117321725731,0,0,-1
1775117321745729,0,0,-1
1775117321765730,0,0,-1
1775117321785734,0,0,-1
1775117321805737,0,0,-1
1775117321825730,0,0,-1
1775117321845732,0,0,-1
1775117321865733,0,0,-1
1775117321885731,0,0,-1
1775117321905730,0,0,-1
1775117321925730,0,0,-1
1775117321945731,0,0,-1
1775117321965744,0,0,-1
1775117321985728,0,0,-1
1775117322005730,0,0,-1
1775117322025727,0,0,-1
1775117322045729,0,0,-1
1775117322065729,0,0,-1
1775117322085728,0,0,-1
1775117322105729,0,0,-1
1775117322125726,0,0,-1
1775117322145726,0,0,-1
1775117322165727,0,0,-1
1775117322185727,0,0,-1
1775117322205821,0,0,-1
1775117322225762,0,0,-1
1775117322245822,0,0,-1
1775117322265731,0,0,-1
1775117322285731,0,0,-1
1775117322305806,0,0,-1
1775117322325733,0,0,-1
1775117322345734,0,0,-1
1775117322365733,0,0,-1
1775117322385733,0,0,-1
1775117322405732,0,0,-1
1775117322425734,0,0,-1
1775117322445732,0,0,-1
1775117322465733,0,0,-1
1775117322485735,0,0,-1
1775117322505732,0,0,-1
1775117322525732,0,0,-1
1775117322545730,0,0,-1
1775117322565731,0,0,-1
1775117322585730,0,0,-1
1775117322605731,0,0,-1
1775117322625729,0,0,-1
1775117322645730,0,0,-1
1775117322665733,0,0,-1
1775117322685734,0,0,-1
1775117322705734,0,0,-1
1775117322725732,0,0,-1
1775117322745731,0,0,-1
1775117322765729,0,0,-1
1775117322785748,0,0,-1
1775117322805728,0,0,-1
1775117322825727,0,0,-1
1775117322845751,0,0,-1
1775117322865729,0,0,-1
1775117322885736,0,0,-1
1775117322905732,0,0,-1
1775117322925732,0,0,-1
1775117322945684,0,0,-1
1775117322965731,0,0,-1
1775117322985728,0,0,-1
1775117323005730,0,0,-1
1775117323025728,0,0,-1
1775117323045729,0,0,-1
1775117323065729,0,0,-1
1775117323085732,0,0,-1
1775117323105730,0,0,-1
1775117323125730,0,0,-1
1775117323145731,0,0,-1
1775117323165732,0,0,-1
1775117323185729,0,0,-1
1775117323205726,0,0,-1
1775117323225727,0,0,-1
1775117323245733,0,0,-1
1775117323265735,0,0,-1
1775117323285737,0,0,-1
1775117323305736,0,0,-1
1775117323325733,0,0,-1
1775117323345733,0,0,-1
1775117323365739,0,0,-1
1775117323385732,0,0,-1
1775117323405733,0,0,-1
1775117323425732,0,0,-1
1775117323445730,0,0,-1
1775117323465729,0,0,-1
1775117323485730,0,0,-1
1775117323505730,0,0,-1
1775117323525730,0,0,-1
1775117323545730,0,0,-1
1775117323565738,0,0,-1
1775117323585731,0,0,-1
1775117323605737,0,0,-1
1775117323625727,0,0,-1
1775117323645735,0,0,-1
1775117323665733,0,0,-1
1775117323685732,0,0,-1
1775117323705729,0,0,-1
1775117323725732,0,0,-1
1775117323745731,0,0,-1
1775117323765731,0,0,-1
1775117323785731,0,0,-1
1775117323805732,0,0,-1
1775117323825730,0,0,-1
1775117323845729,0,0,-1
1775117323865824,0,0,-1
1775117323885735,0,0,-1
1775117323905740,0,0,-1
1775117323925728,0,0,-1
1775117323945707,0,0,-1
1775117323965728,0,0,-1
1775117323985728,0,0,-1
1775117324005729,0,0,-1
1775117324025756,0,0,-1
1775117324045729,0,0,-1
1775117324065755,0,0,-1
1775117324085728,0,0,-1
1775117324105730,0,0,-1
1775117324125726,0,0,-1
1775117324145728,0,0,-1
1775117324165726,0,0,-1
1775117324185725,0,0,-1
1775117324205728,0,0,-1
1775117324225751,0,0,-1
1775117324245729,0,0,-1
1775117324265733,0,0,-1
1775117324285728,0,0,-1
1775117324305726,0,0,-1
1775117324325728,0,0,-1
1775117324345732,0,0,-1
1775117324365729,0,0,-1
1775117324385729,0,0,-1
1775117324405727,0,0,-1
1775117324425728,0,0,-1
1775117324445727,0,0,-1
1775117324465727,0,0,-1
1775117324485726,0,0,-1
1775117324505726,0,0,-1
1775117324525726,0,0,-1
1775117324545727,0,0,-1
1775117324565728,0,0,-1
1775117324585731,0,0,-1
1775117324605728,0,0,-1
1775117324625729,0,0,-1
1775117324645728,0,0,-1
1775117324665728,0,0,-1
1775117324685731,0,0,-1
1775117324705729,0,0,-1
1775117324725727,0,0,-1
1775117324745729,0,0,-1
1775117324765729,0,0,-1
1775117324785731,0,0,-1
1775117324805731,0,0,-1
1775117324825757,0,0,-1
1775117324845729,0,0,-1
1775117324865727,0,0,-1
1775117324885728,0,0,-1
1775117324905727,0,0,-1
1775117324925733,0,0,-1
1775117324945731,0,0,-1
1775117324965730,0,0,-1
1775117324985728,0,0,-1
1775117325005734,0,0,-1
1775117325025732,0,0,-1
1775117325045730,0,0,-1
1775117325065729,0,0,-1
1775117325085728,0,0,-1
1775117325105726,0,0,-1
1775117325125728,0,0,-1
1775117325145727,0,0,-1
1775117325165726,0,0,-1
1775117325185747,0,0,-1
1775117325205730,0,0,-1
1775117325225797,0,0,-1
1775117325245731,0,0,-1
1775117325265733,0,0,-1
1775117325285733,0,0,-1
1775117325305732,0,0,-1
1775117325325735,0,0,-1
1775117325345735,0,0,-1
1775117325365732,0,0,-1
1775117325385734,0,0,-1
1775117325405730,0,0,-1
1775117325425729,0,0,-1
1775117325445730,0,0,-1
1775117325465730,0,0,-1
1775117325485730,0,0,-1
1775117325505733,0,0,-1
1775117325525736,0,0,-1
1775117325545733,0,0,-1
1775117325565741,0,0,-1
1775117325585763,0,0,-1
1775117325605739,0,0,-1
1775117325625733,0,0,-1
1775117325645735,0,0,-1
1775117325665733,0,0,-1
1775117325685731,0,0,-1
1775117325705733,0,0,-1
1775117325725733,0,0,-1
1775117325745732,0,0,-1
1775117325765731,0,0,-1
1775117325785731,0,0,-1
1775117325805731,0,0,-1
1775117325825732,0,0,-1
1775117325845731,0,0,-1
1775117325865730,0,0,-1
1775117325885744,0,0,-1
1775117325905805,0,0,-1
1775117325925741,0,0,-1
1775117325945727,0,0,-1
1775117325965727,0,0,-1
1775117325985731,0,0,-1
1775117326005728,0,0,-1
1775117326025727,0,0,-1
1775117326045726,0,0,-1
1775117326065728,0,0,-1
1775117326085728,0,0,-1
1775117326105710,0,0,-1
1775117326125732,0,0,-1
1775117326145734,0,0,-1
1775117326165735,0,0,-1
1775117326185733,0,0,-1
1775117326205731,0,0,-1
1775117326225731,0,0,-1
1775117326245732,0,0,-1
1775117326265732,0,0,-1
1775117326285732,0,0,-1
1775117326306925,0,0,-1
1775117326325727,0,0,-1
1775117326345731,0,0,-1
1775117326365736,0,0,-1
1775117326385816,0,0,-1
1775117326405730,0,0,-1
1775117326425741,0,0,-1
1775117326445730,0,0,-1
1775117326465729,0,0,-1
1775117326485789,0,0,-1
1775117326505733,0,0,-1
1775117326525731,0,0,-1
1775117326545731,0,0,-1
1775117326565732,0,0,-1
1775117326585732,0,0,-1
1775117326605733,0,0,-1
1775117326625733,0,0,-1
1775117326645737,0,0,-1
1775117326665732,0,0,-1
1775117326685731,0,0,-1
1775117326705729,0,0,-1
1775117326725729,0,0,-1
1775117326745731,0,0,-1
1775117326765730,0,0,-1
1775117326785736,0,0,-1
1775117326805735,0,0,-1
1775117326825739,0,0,-1
1775117326845734,0,0,-1
1775117326865731,0,0,-1
1775117326885732,0,0,-1
1775117326905731,0,0,-1
1775117326925733,0,0,-1
1775117326945739,0,0,-1
1775117326965734,0,0,-1
1775117326985739,0,0,-1
1775117327005731,0,0,-1
1775117327025734,0,0,-1
1775117327045820,0,0,-1
1775117327065732,0,0,-1
1775117327085729,0,0,-1
1775117327105735,0,0,-1
1775117327125730,0,0,-1
1775117327145730,0,0,-1
1775117327165730,0,0,-1
1775117327185731,0,0,-1
1775117327205730,0,0,-1
1775117327225731,0,0,-1
1775117327245733,0,0,-1
1775117327265732,0,0,-1
1775117327285730,0,0,-1
1775117327305730,0,0,-1
1775117327325732,0,0,-1
1775117327345732,0,0,-1
1775117327365733,0,0,-1
1775117327385732,0,0,-1
1775117327405731,0,0,-1
1775117327425732,0,0,-1
1775117327445733,0,0,-1
1775117327465732,0,0,-1
1775117327485730,0,0,-1
1775117327505730,0,0,-1
1775117327525730,0,0,-1
1775117327545733,0,0,-1
1775117327565767,0,0,-1
1775117327585732,0,0,-1
1775117327605732,0,0,-1
1775117327625732,0,0,-1
1775117327645734,0,0,-1
1775117327665734,0,0,-1
1775117327685733,0,0,-1
1775117327705737,0,0,-1
1775117327725740,0,0,-1
1775117327745731,0,0,-1
1775117327765733,0,0,-1
1775117327785738,0,0,-1
1775117327805740,0,0,-1
1775117327825730,0,0,-1
1775117327845731,0,0,-1
1775117327865733,0,0,-1
1775117327885732,0,0,-1
1775117327905730,0,0,-1
1775117327925732,0,0,-1
1775117327945731,0,0,-1
1775117327965731,0,0,-1
1775117327985744,0,0,-1
1775117328005750,0,0,-1
1775117328025729,0,0,-1
1775117328045728,0,0,-1
1775117328065727,0,0,-1
1775117328085729,0,0,-1
1775117328105728,0,0,-1
1775117328125728,0,0,-1
1775117328145727,0,0,-1
1775117328165747,0,0,-1
1775117328185726,0,0,-1
1775117328205726,0,0,-1
1775117328225727,0,0,-1
1775117328245727,0,0,-1
1775117328265734,0,0,-1
1775117328285734,0,0,-1
1775117328305733,0,0,-1
1775117328325732,0,0,-1
1775117328345731,0,0,-1
1775117328365732,0,0,-1
1775117328385738,0,0,-1
1775117328405731,0,0,-1
1775117328425732,0,0,-1
1775117328445737,0,0,-1
1775117328465736,0,0,-1
1775117328485732,0,0,-1
1775117328505730,0,0,-1
1775117328525731,0,0,-1
1775117328545731,0,0,-1
1775117328565738,0,0,-1
1775117328585730,0,0,-1
1775117328605731,0,0,-1
1775117328625732,0,0,-1
1775117328645732,0,0,-1
1775117328665731,0,0,-1
1775117328685730,0,0,-1
1775117328705729,0,0,-1
1775117328725729,0,0,-1
1775117328745730,0,0,-1
1775117328765738,0,0,-1
1775117328785732,0,0,-1
1775117328805731,0,0,-1
1775117328825730,0,0,-1
1775117328845732,0,0,-1
1775117328865732,0,0,-1
1775117328885730,0,0,-1
1775117328905729,0,0,-1
1775117328925731,0,0,-1
1775117328945735,0,0,-1
1775117328965737,0,0,-1
1775117328985737,0,0,-1
1775117329005728,0,0,-1
1775117329025736,0,0,-1
1775117329045734,0,0,-1
1775117329065755,0,0,-1
1775117329085733,0,0,-1
1775117329105728,0,0,-1
1775117329125728,0,0,-1
1775117329145733,0,0,-1
1775117329165726,0,0,-1
1775117329185728,0,0,-1
1775117329205730,0,0,-1
1775117329225727,0,0,-1
1775117329245732,0,0,-1
1775117329265728,0,0,-1
1775117329285736,0,0,-1
1775117329305734,0,0,-1
1775117329325739,0,0,-1
1775117329345738,0,0,-1
1775117329365733,0,0,-1
1775117329385727,0,0,-1
1775117329405729,0,0,-1
1775117329425735,0,0,-1
1775117329445728,0,0,-1
1775117329465727,0,0,-1
1775117329485728,0,0,-1
1775117329505734,0,0,-1
1775117329525729,0,0,-1
1775117329545730,0,0,-1
1775117329565737,0,0,-1
1775117329585738,0,0,-1
1775117329605733,0,0,-1
1775117329625732,0,0,-1
1775117329645741,0,0,-1
1775117329665788,0,0,-1
1775117329685729,0,0,-1
1775117329705804,0,0,-1
1775117329725729,0,0,-1
1775117329745738,0,0,-1
1775117329765729,0,0,-1
1775117329785733,0,0,-1
1775117329805736,0,0,-1
1775117329825729,0,0,-1
1775117329845732,0,0,-1
1775117329865735,0,0,-1
1775117329885728,0,0,-1
1775117329905730,0,0,-1
1775117329925739,0,0,-1
1775117329945731,0,0,-1
1775117329965730,0,0,-1
1775117329985727,0,0,-1
1775117330005730,0,0,-1
1775117330025736,0,0,-1
1775117330045730,0,0,-1
1775117330065742,0,0,-1
1775117330085731,0,0,-1
1775117330105732,0,0,-1
1775117330125730,0,0,-1
1775117330145801,0,0,-1
1775117330165730,0,0,-1
1775117330185811,0,0,-1
1775117330205732,0,0,-1
1775117330225730,0,0,-1
1775117330245736,0,0,-1
1775117330265728,0,0,-1
1775117330285729,0,0,-1
1775117330305733,0,0,-1
1775117330325728,0,0,-1
1775117330345731,0,0,-1
1775117330365728,0,0,-1
1775117330385727,0,0,-1
1775117330405745,0,0,-1
1775117330425730,0,0,-1
1775117330445732,0,0,-1
1775117330465733,0,0,-1
1775117330485728,0,0,-1
1775117330505729,0,0,-1
1775117330525735,0,0,-1
1775117330545729,0,0,-1
1775117330565730,0,0,-1
1775117330585733,0,0,-1
1775117330605799,0,0,-1
1775117330625739,0,0,-1
1775117330645732,0,0,-1
1775117330665734,0,0,-1
1775117330685735,0,0,-1
1775117330705730,0,0,-1
1775117330725730,0,0,-1
1775117330745736,0,0,-1
1775117330765730,0,0,-1
1775117330785732,0,0,-1
1775117330805732,0,0,-1
1775117330825729,0,0,-1
1775117330845731,0,0,-1
1775117330865729,0,0,-1
1775117330885728,0,0,-1
1775117330905733,0,0,-1
1775117330925728,0,0,-1
1775117330945730,0,0,-1
1775117330965738,0,0,-1
1775117330985729,0,0,-1
1775117331005727,0,0,-1
1775117331025728,0,0,-1
1775117331045729,0,0,-1
1775117331065732,0,0,-1
1775117331085726,0,0,-1
1775117331105754,0,0,-1
1775117331125738,0,0,-1
1775117331145733,0,0,-1
1775117331165730,0,0,-1
1775117331185729,0,0,-1
1775117331205728,0,0,-1
1775117331225730,0,0,-1
1775117331245728,0,0,-1
1775117331265754,0,0,-1
1775117331285737,0,0,-1
1775117331305733,0,0,-1
1775117331325728,0,0,-1
1775117331345740,0,0,-1
1775117331365760,0,0,-1
1775117331385859,0,0,-1
1775117331405973,0,0,-1
1775117331425735,0,0,-1
1775117331445772,0,0,-1
1775117331465766,0,0,-1
1775117331485739,0,0,-1
1775117331505742,0,0,-1
1775117331525735,0,0,-1
1775117331545735,0,0,-1
1775117331565742,0,0,-1
1775117331585730,0,0,-1
1775117331605729,0,0,-1
1775117331625737,0,0,-1
1775117331645729,0,0,-1
1775117331665730,0,0,-1
1775117331685729,0,0,-1
1775117331705729,0,0,-1
1775117331725740,0,0,-1
1775117331745730,0,0,-1
1775117331765730,0,0,-1
1775117331785736,0,0,-1
1775117331805735,0,0,-1
1775117331825731,0,0,-1
1775117331845739,0,0,-1
1775117331865729,0,0,-1
1775117331885729,0,0,-1
1775117331905735,0,0,-1
1775117331925728,0,0,-1
1775117331945731,0,0,-1
1775117331965730,0,0,-1
1775117331985730,0,0,-1
1775117332005861,0,0,-1
1775117332025754,0,0,-1
1775117332045765,0,0,-1
1775117332065729,0,0,-1
1775117332085728,0,0,-1
1775117332105728,0,0,-1
1775117332125733,0,0,-1
1775117332145731,0,0,-1
1775117332165729,0,0,-1
1775117332185727,0,0,-1
1775117332205729,0,0,-1
1775117332225736,0,0,-1
1775117332245730,0,0,-1
1775117332265730,0,0,-1
1775117332285733,0,0,-1
1775117332305733,0,0,-1
1775117332325731,0,0,-1
1775117332345734,0,0,-1
1775117332365730,0,0,-1
1775117332385728,0,0,-1
1775117332405731,0,0,-1
1775117332425734,0,0,-1
1775117332445737,0,0,-1
1775117332465730,0,0,-1
1775117332485748,0,0,-1
1775117332505734,0,0,-1
1775117332525730,0,0,-1
1775117332545757,0,0,-1
1775117332565735,0,0,-1
1775117332585734,0,0,-1
1775117332605735,0,0,-1
1775117332625733,0,0,-1
1775117332645731,0,0,-1
1775117332665732,0,0,-1
1775117332685739,0,0,-1
1775117332705749,0,0,-1
1775117332725729,0,0,-1
1775117332745733,0,0,-1
1775117332765740,0,0,-1
1775117332785739,0,0,-1
1775117332805742,0,0,-1
1775117332825732,0,0,-1
1775117332845731,0,0,-1
1775117332865737,0,0,-1
1775117332885729,0,0,-1
1775117332905731,0,0,-1
1775117332925751,0,0,-1
1775117332945732,0,0,-1
1775117332965766,0,0,-1
1775117332985727,0,0,-1
1775117333005730,0,0,-1
1775117333025746,0,0,-1
1775117333045733,0,0,-1
1775117333065735,0,0,-1
1775117333085735,0,0,-1
1775117333105729,0,0,-1
1775117333125728,0,0,-1
1775117333145733,0,0,-1
1775117333165727,0,0,-1
1775117333185728,0,0,-1
1775117333205733,0,0,-1
1775117333225730,0,0,-1
1775117333245734,0,0,-1
1775117333265728,0,0,-1
1775117333285730,0,0,-1
1775117333305737,0,0,-1
1775117333325729,0,0,-1
1775117333345733,0,0,-1
1775117333365757,0,0,-1
1775117333385739,0,0,-1
1775117333405736,0,0,-1
1775117333425727,0,0,-1
1775117333445733,0,0,-1
1775117333465733,0,0,-1
1775117333485731,0,0,-1
1775117333505729,0,0,-1
1775117333525734,0,0,-1
1775117333545731,0,0,-1
1775117333565731,0,0,-1
1775117333585730,0,0,-1
1775117333605730,0,0,-1
1775117333625736,0,0,-1
1775117333645731,0,0,-1
1775117333665735,0,0,-1
1775117333685733,0,0,-1
1775117333705762,0,0,-1
1775117333725728,0,0,-1
1775117333745728,0,0,-1
1775117333765729,0,0,-1
1775117333785731,0,0,-1
1775117333805730,0,0,-1
1775117333825729,0,0,-1
1775117333845733,0,0,-1
1775117333865729,0,0,-1
1775117333885730,0,0,-1
1775117333905734,0,0,-1
1775117333925728,0,0,-1
1775117333945732,0,0,-1
1775117333965747,0,0,-1
1775117333985729,0,0,-1
1775117334005728,0,0,-1
1775117334025728,0,0,-1
1775117334045730,0,0,-1
1775117334065750,0,0,-1
1775117334085728,0,0,-1
1775117334105730,0,0,-1
1775117334125733,0,0,-1
1775117334145735,0,0,-1
1775117334165729,0,0,-1
1775117334185729,0,0,-1
1775117334205729,0,0,-1
1775117334225739,0,0,-1
1775117334245731,0,0,-1
1775117334265731,0,0,-1
1775117334285755,0,0,-1
1775117334305732,0,0,-1
1775117334325729,0,0,-1
1775117334345735,0,0,-1
1775117334365728,0,0,-1
1775117334385728,0,0,-1
1775117334405734,0,0,-1
1775117334425730,0,0,-1
1775117334445735,0,0,-1
1775117334465729,0,0,-1
1775117334485730,0,0,-1
1775117334505733,0,0,-1
1775117334525734,0,0,-1
1775117334545730,0,0,-1
1775117334565732,0,0,-1
1775117334585729,0,0,-1
1775117334605729,0,0,-1
1775117334625737,0,0,-1
1775117334645730,0,0,-1
1775117334665735,0,0,-1
1775117334685731,0,0,-1
1775117334705728,0,0,-1
1775117334725748,0,0,-1
1775117334745731,0,0,-1
1775117334765734,0,0,-1
1775117334785728,0,0,-1
1775117334805729,0,0,-1
1775117334825728,0,0,-1
1775117334845733,0,0,-1
1775117334865729,0,0,-1
1775117334885729,0,0,-1
1775117334905751,0,0,-1
1775117334925730,0,0,-1
1775117334945734,0,0,-1
1775117334965729,0,0,-1
1775117334985732,0,0,-1
1775117335005737,0,0,-1
1775117335025831,0,0,-1
1775117335045730,0,0,-1
1775117335065738,0,0,-1
1775117335085729,0,0,-1
1775117335105730,0,0,-1
1775117335125732,0,0,-1
1775117335145834,0,0,-1
1775117335165737,0,0,-1
1775117335185734,0,0,-1
1775117335205734,0,0,-1
1775117335225740,0,0,-1
1775117335245732,0,0,-1
1775117335265685,0,0,-1
1775117335285734,0,0,-1
1775117335305732,0,0,-1
1775117335325738,0,0,-1
1775117335345735,0,0,-1
1775117335365732,0,0,-1
1775117335385729,0,0,-1
1775117335405729,0,0,-1
1775117335425729,0,0,-1
1775117335445731,0,0,-1
1775117335465727,0,0,-1
1775117335485729,0,0,-1
1775117335505733,0,0,-1
1775117335525727,0,0,-1
1775117335545736,0,0,-1
1775117335565736,0,0,-1
1775117335585729,0,0,-1
1775117335605923,0,0,-1
1775117335625728,0,0,-1
1775117335645729,0,0,-1
1775117335665734,0,0,-1
1775117335685728,0,0,-1
1775117335705728,0,0,-1
1775117335725734,0,0,-1
1775117335745729,0,0,-1
1775117335765729,0,0,-1
1775117335785730,0,0,-1
1775117335805732,0,0,-1
1775117335825735,0,0,-1
1775117335845734,0,0,-1
1775117335865733,0,0,-1
1775117335885728,0,0,-1
1775117335905728,0,0,-1
1775117335925768,0,0,-1
1775117335945734,0,0,-1
1775117335965728,0,0,-1
1775117335985760,0,0,-1
1775117336005730,0,0,-1
1775117336025734,0,0,-1
1775117336045755,0,0,-1
1775117336065730,0,0,-1
1775117336085729,0,0,-1
1775117336105728,0,0,-1
1775117336125728,0,0,-1
1775117336145734,0,0,-1
1775117336165728,0,0,-1
1775117336185732,0,0,-1
1775117336205731,0,0,-1
1775117336225729,0,0,-1
1775117336245732,0,0,-1
1775117336265739,0,0,-1
1775117336285731,0,0,-1
1775117336307922,0,0,-1
1775117336325743,0,0,-1
1775117336345736,0,0,-1
1775117336365733,0,0,-1
1775117336385736,0,0,-1
1775117336405731,0,0,-1
1775117336425732,0,0,-1
1775117336445733,0,0,-1
1775117336465734,0,0,-1
1775117336485732,0,0,-1
1775117336505733,0,0,-1
1775117336525730,0,0,-1
1775117336545731,0,0,-1
1775117336565734,0,0,-1
1775117336585732,0,0,-1
1775117336605751,0,0,-1
1775117336625729,0,0,-1
1775117336645739,0,0,-1
1775117336665732,0,0,-1
1775117336685731,0,0,-1
1775117336705736,0,0,-1
1775117336725730,0,0,-1
1775117336745732,0,0,-1
1775117336765729,0,0,-1
1775117336785729,0,0,-1
1775117336805735,0,0,-1
1775117336825731,0,0,-1
1775117336845733,0,0,-1
1775117336865730,0,0,-1
1775117336885736,0,0,-1
1775117336905729,0,0,-1
1775117336925731,0,0,-1
1775117336945729,0,0,-1
1775117336965733,0,0,-1
1775117336985736,0,0,-1
1775117337005732,0,0,-1
1775117337025731,0,0,-1
1775117337045920,0,0,-1
1775117337065729,0,0,-1
1775117337085729,0,0,-1
1775117337105837,0,0,-1
1775117337125729,0,0,-1
1775117337145729,0,0,-1
1775117337165728,0,0,-1
1775117337185730,0,0,-1
1775117337205731,0,0,-1
1775117337225728,0,0,-1
1775117337245736,0,0,-1
1775117337265734,0,0,-1
1775117337285826,0,0,-1
1775117337321699,0,0,-1
1775117337325863,0,0,-1
1775117337345820,0,0,-1
1775117337365729,0,0,-1
1775117337385727,0,0,-1
1775117337405729,0,0,-1
1775117337425736,0,0,-1
1775117337445729,0,0,-1
1775117337465732,0,0,-1
1775117337485754,0,0,-1
1775117337505733,0,0,-1
1775117337525728,0,0,-1
1775117337545734,0,0,-1
1775117337565730,0,0,-1
1775117337585729,0,0,-1
1775117337605733,0,0,-1
1775117337625728,0,0,-1
1775117337645733,0,0,-1
1775117337665729,0,0,-1
1775117337685730,0,0,-1
1775117337705737,0,0,-1
1775117337725729,0,0,-1
1775117337745732,0,0,-1
1775117337765729,0,0,-1
1775117337785730,0,0,-1
1775117337805735,0,0,-1
1775117337825730,0,0,-1
1775117337845731,0,0,-1
1775117337865740,0,0,-1
1775117337885730,0,0,-1
1775117337905732,0,0,-1
1775117337925738,0,0,-1
1775117337945733,0,0,-1
1775117337965731,0,0,-1
1775117337985726,0,0,-1
1775117338005729,0,0,-1
1775117338025732,0,0,-1
1775117338045729,0,0,-1
1775117338065739,0,0,-1
1775117338085727,0,0,-1
1775117338105728,0,0,-1
1775117338125729,0,0,-1
1775117338145731,0,0,-1
1775117338165727,0,0,-1
1775117338185728,0,0,-1
1775117338205729,0,0,-1
1775117338225728,0,0,-1
1775117338245731,0,0,-1
1775117338265731,0,0,-1
1775117338285731,0,0,-1
1775117338305736,0,0,-1
1775117338325732,0,0,-1
1775117338345732,0,0,-1
1775117338365729,0,0,-1
1775117338385730,0,0,-1
1775117338405730,0,0,-1
1775117338425729,0,0,-1
1775117338445734,0,0,-1
1775117338465734,0,0,-1
1775117338485729,0,0,-1
1775117338505728,0,0,-1
1775117338525751,0,0,-1
1775117338545733,0,0,-1
1775117338565728,0,0,-1
1775117338585729,0,0,-1
1775117338605730,0,0,-1
1775117338625737,0,0,-1
1775117338645730,0,0,-1
1775117338665731,0,0,-1
1775117338685726,0,0,-1
1775117338705727,0,0,-1
1775117338725736,0,0,-1
1775117338745731,0,0,-1
1775117338765731,0,0,-1
1775117338785730,0,0,-1
1775117338805732,0,0,-1
1775117338825732,0,0,-1
1775117338845733,0,0,-1
1775117338865732,0,0,-1
1775117338885727,0,0,-1
1775117338905737,0,0,-1
1775117338925732,0,0,-1
1775117338945737,0,0,-1
1775117338965738,0,0,-1
1775117338985741,0,0,-1
1775117339005737,0,0,-1
1775117339025733,0,0,-1
1775117339045737,0,0,-1
1775117339065734,0,0,-1
1775117339085728,0,0,-1
1775117339105729,0,0,-1
1775117339125735,0,0,-1
1775117339145728,0,0,-1
1775117339165732,0,0,-1
1775117339185728,0,0,-1
1775117339205730,0,0,-1
1775117339225734,0,0,-1
1775117339245729,0,0,-1
1775117339265735,0,0,-1
1775117339285734,0,0,-1
1775117339305731,0,0,-1
1775117339325731,0,0,-1
1775117339345737,0,0,-1
1775117339365729,0,0,-1
1775117339385729,0,0,-1
1775117339405728,0,0,-1
1775117339425730,0,0,-1
1775117339445732,0,0,-1
1775117339465729,0,0,-1
1775117339485734,0,0,-1
1775117339505733,0,0,-1
1775117339525728,0,0,-1
1775117339545732,0,0,-1
1775117339565734,0,0,-1
1775117339585728,0,0,-1
1775117339605729,0,0,-1
1775117339625733,0,0,-1
1775117339645729,0,0,-1
1775117339665732,0,0,-1
1775117339685729,0,0,-1
1775117339705729,0,0,-1
1775117339725735,0,0,-1
1775117339745731,0,0,-1
1775117339765730,0,0,-1
1775117339785728,0,0,-1
1775117339805734,0,0,-1
1775117339825729,0,0,-1
1775117339845991,0,0,-1
1775117339865729,0,0,-1
1775117339885730,0,0,-1
1775117339905756,0,0,-1
1775117339925729,0,0,-1
1775117339945733,0,0,-1
1775117339965729,0,0,-1
1775117339985730,0,0,-1
1775117340005731,0,0,-1
1775117340025738,0,0,-1
1775117340045733,0,0,-1
1775117340065733,0,0,-1
1775117340085732,0,0,-1
1775117340105729,0,0,-1
1775117340125730,0,0,-1
1775117340145728,0,0,-1
1775117340165732,0,0,-1
1775117340185728,0,0,-1
1775117340205728,0,0,-1
1775117340225734,0,0,-1
1775117340245728,0,0,-1
1775117340265729,0,0,-1
1775117340285710,0,0,-1
1775117340305731,0,0,-1
1775117340325742,0,0,-1
1775117340345735,0,0,-1
1775117340365734,0,0,-1
1775117340385730,0,0,-1
1775117340405728,0,0,-1
1775117340425735,0,0,-1
1775117340445742,0,0,-1
1775117340465729,0,0,-1
1775117340485729,0,0,-1
1775117340505731,0,0,-1
1775117340525733,0,0,-1
1775117340545727,0,0,-1
1775117340565731,0,0,-1
1775117340585734,0,0,-1
1775117340605731,0,0,-1
1775117340625727,0,0,-1
1775117340645733,0,0,-1
1775117340665728,0,0,-1
1775117340685729,0,0,-1
1775117340705731,0,0,-1
1775117340725731,0,0,-1
1775117340745734,0,0,-1
1775117340765727,0,0,-1
1775117340785730,0,0,-1
1775117340805743,0,0,-1
1775117340825728,0,0,-1
1775117340845735,0,0,-1
1775117340865733,0,0,-1
1775117340885729,0,0,-1
1775117340905734,0,0,-1
1775117340925728,0,0,-1
1775117340945728,0,0,-1
1775117340965735,0,0,-1
1775117340985728,0,0,-1
1775117341005728,0,0,-1
1775117341025734,0,0,-1
1775117341045729,0,0,-1
1775117341065728,0,0,-1
1775117341085730,0,0,-1
1775117341105728,0,0,-1
1775117341125733,0,0,-1
1775117341145728,0,0,-1
1775117341165739,0,0,-1
1775117341185728,0,0,-1
1775117341205728,0,0,-1
1775117341225730,0,0,-1
1775117341245751,0,0,-1
1775117341265732,0,0,-1
1775117341285730,0,0,-1
1775117341308330,0,0,-1
1775117341325734,0,0,-1
1775117341345743,0,0,-1
1775117341365737,0,0,-1
1775117341385731,0,0,-1
1775117341405738,0,0,-1
1775117341425731,0,0,-1
1775117341445741,0,0,-1
1775117341465732,0,0,-1
1775117341485732,0,0,-1
1775117341505736,0,0,-1
1775117341525737,0,0,-1
1775117341545733,0,0,-1
1775117341565734,0,0,-1
1775117341585728,0,0,-1
1775117341605729,0,0,-1
1775117341625785,0,0,-1
1775117341645744,0,0,-1
1775117341665729,0,0,-1
1775117341685726,0,0,-1
1775117341705755,0,0,-1
1775117341725727,0,0,-1
1775117341745823,0,0,-1
1775117341765729,0,0,-1
1775117341785732,0,0,-1
1775117341805801,0,0,-1
1775117341825736,0,0,-1
1775117341845738,0,0,-1
1775117341865728,0,0,-1
1775117341885728,0,0,-1
1775117341905734,0,0,-1
1775117341925731,0,0,-1
1775117341945733,0,0,-1
1775117341965728,0,0,-1
1775117341985729,0,0,-1
1775117342005738,0,0,-1
1775117342025732,0,0,-1
1775117342045734,0,0,-1
1775117342065734,0,0,-1
1775117342085728,0,0,-1
1775117342105729,0,0,-1
1775117342125732,0,0,-1
1775117342145729,0,0,-1
1775117342165731,0,0,-1
1775117342185729,0,0,-1
1775117342205731,0,0,-1
1775117342225737,0,0,-1
1775117342245729,0,0,-1
1775117342265735,0,0,-1
1775117342285736,0,0,-1
1775117342305735,0,0,-1
1775117342325736,0,0,-1
1775117342345734,0,0,-1
1775117342365729,0,0,-1
1775117342385736,0,0,-1
1775117342405733,0,0,-1
1775117342425732,0,0,-1
1775117342445753,0,0,-1
1775117342465732,0,0,-1
1775117342485734,0,0,-1
1775117342505748,0,0,-1
1775117342525738,0,0,-1
1775117342545732,0,0,-1
1775117342565743,0,0,-1
1775117342585735,0,0,-1
1775117342605733,0,0,-1
1775117342625734,0,0,-1
1775117342645730,0,0,-1
1775117342665730,0,0,-1
1775117342685739,0,0,-1
1775117342705746,0,0,-1
1775117342725735,0,0,-1
1775117342745727,0,0,-1
1775117342765748,0,0,-1
1775117342785730,0,0,-1
1775117342805735,0,0,-1
1775117342825744,0,0,-1
1775117342845734,0,0,-1
1775117342865728,0,0,-1
1775117342885730,0,0,-1
1775117342905728,0,0,-1
1775117342925729,0,0,-1
1775117342945731,0,0,-1
1775117342965729,0,0,-1
1775117342985729,0,0,-1
1775117343005732,0,0,-1
1775117343025729,0,0,-1
1775117343045733,0,0,-1
1775117343065727,0,0,-1
1775117343085730,0,0,-1
1775117343105727,0,0,-1
1775117343125728,0,0,-1
1775117343145729,0,0,-1
1775117343165734,0,0,-1
1775117343185728,0,0,-1
1775117343205728,0,0,-1
1775117343225739,0,0,-1
1775117343245728,0,0,-1
1775117343265750,0,0,-1
1775117343285726,0,0,-1
1775117343305733,0,0,-1
1775117343325734,0,0,-1
1775117343345728,0,0,-1
1775117343365738,0,0,-1
1775117343385731,0,0,-1
1775117343405733,0,0,-1
1775117343425731,0,0,-1
1775117343445733,0,0,-1
1775117343465732,0,0,-1
1775117343485731,0,0,-1
1775117343505730,0,0,-1
1775117343525729,0,0,-1
1775117343545733,0,0,-1
1775117343565783,0,0,-1
1775117343585732,0,0,-1
1775117343605794,0,0,-1
1775117343625734,0,0,-1
1775117343645745,0,0,-1
1775117343665733,0,0,-1
1775117343685732,0,0,-1
1775117343705731,0,0,-1
1775117343725742,0,0,-1
1775117343745731,0,0,-1
1775117343765732,0,0,-1
1775117343785729,0,0,-1
1775117343805731,0,0,-1
1775117343825735,0,0,-1
1775117343845729,0,0,-1
1775117343865731,0,0,-1
1775117343885728,0,0,-1
1775117343905728,0,0,-1
1775117343925733,0,0,-1
1775117343945740,0,0,-1
1775117343965730,0,0,-1
1775117343985732,0,0,-1
1775117344005729,0,0,-1
1775117344025732,0,0,-1
1775117344045729,0,0,-1
1775117344065731,0,0,-1
1775117344085729,0,0,-1
1775117344105735,0,0,-1
1775117344125729,0,0,-1
1775117344145734,0,0,-1
1775117344165733,0,0,-1
1775117344185734,0,0,-1
1775117344205733,0,0,-1
1775117344225731,0,0,-1
1775117344245733,0,0,-1
1775117344265736,0,0,-1
1775117344285731,0,0,-1
1775117344305749,0,0,-1
1775117344325739,0,0,-1
1775117344345736,0,0,-1
1775117344365737,0,0,-1
1775117344385729,0,0,-1
1775117344405729,0,0,-1
1775117344425731,0,0,-1
1775117344445728,0,0,-1
1775117344465732,0,0,-1
1775117344485734,0,0,-1
1775117344505727,0,0,-1
1775117344525737,0,0,-1
1775117344545790,0,0,-1
1775117344565728,0,0,-1
1775117344585729,0,0,-1
1775117344605727,0,0,-1
1775117344625727,0,0,-1
1775117344645735,0,0,-1
1775117344665728,0,0,-1
1775117344685728,0,0,-1
1775117344705737,0,0,-1
1775117344725729,0,0,-1
1775117344745732,0,0,-1
1775117344765727,0,0,-1
1775117344785730,0,0,-1
1775117344805732,0,0,-1
1775117344825731,0,0,-1
1775117344845734,0,0,-1
1775117344865736,0,0,-1
1775117344885729,0,0,-1
1775117344905730,0,0,-1
1775117344925731,0,0,-1
1775117344945733,0,0,-1
1775117344965729,0,0,-1
1775117344985728,0,0,-1
1775117345005728,0,0,-1
1775117345025730,0,0,-1
1775117345045728,0,0,-1
1775117345065728,0,0,-1
1775117345085732,0,0,-1
1775117345105728,0,0,-1
1775117345125731,0,0,-1
1775117345145737,0,0,-1
1775117345165728,0,0,-1
1775117345185730,0,0,-1
1775117345205752,0,0,-1
1775117345225730,0,0,-1
1775117345245733,0,0,-1
1775117345265730,0,0,-1
1775117345285731,0,0,-1
1775117345305744,0,0,-1
1775117345325735,0,0,-1
1775117345345734,0,0,-1
1775117345365734,0,0,-1
1775117345385728,0,0,-1
1775117345405728,0,0,-1
1775117345425733,0,0,-1
1775117345445729,0,0,-1
1775117345465732,0,0,-1
1775117345485729,0,0,-1
1775117345505730,0,0,-1
1775117345525740,0,0,-1
1775117345545731,0,0,-1
1775117345565739,0,0,-1
1775117345585731,0,0,-1
1775117345605736,0,0,-1
1775117345625739,0,0,-1
1775117345645697,0,0,-1
1775117345665735,0,0,-1
1775117345685737,0,0,-1
1775117345705733,0,0,-1
1775117345725730,0,0,-1
1775117345745736,0,0,-1
1775117345765736,0,0,-1
1775117345785746,0,0,-1
1775117345805783,0,0,-1
1775117345825728,0,0,-1
1775117345845734,0,0,-1
1775117345865727,0,0,-1
1775117345885729,0,0,-1
1775117345905734,0,0,-1
1775117345925728,0,0,-1
1775117345945728,0,0,-1
1775117345965911,0,0,-1
1775117345985728,0,0,-1
1775117346005730,0,0,-1
1775117346025736,0,0,-1
1775117346045730,0,0,-1
1775117346065731,0,0,-1
1775117346085728,0,0,-1
1775117346105730,0,0,-1
1775117346125886,0,0,-1
1775117346145728,0,0,-1
1775117346165733,0,0,-1
1775117346185731,0,0,-1
1775117346205729,0,0,-1
1775117346225732,0,0,-1
1775117346245728,0,0,-1
1775117346265729,0,0,-1
1775117346285730,0,0,-1
1775117346307679,0,0,-1
1775117346325738,0,0,-1
1775117346345737,0,0,-1
1775117346365741,0,0,-1
1775117346385736,0,0,-1
1775117346405734,0,0,-1
1775117346425734,0,0,-1
1775117346445729,0,0,-1
1775117346465732,0,0,-1
1775117346485734,0,0,-1
1775117346505727,0,0,-1
1775117346525729,0,0,-1
1775117346545733,0,0,-1
1775117346565730,0,0,-1
1775117346585729,0,0,-1
1775117346605729,0,0,-1
1775117346625729,0,0,-1
1775117346645732,0,0,-1
1775117346665730,0,0,-1
1775117346685754,0,0,-1
1775117346705731,0,0,-1
1775117346725730,0,0,-1
1775117346745729,0,0,-1
1775117346765732,0,0,-1
1775117346785728,0,0,-1
1775117346805734,0,0,-1
1775117346825734,0,0,-1
1775117346845731,0,0,-1
1775117346865734,0,0,-1
1775117346885730,0,0,-1
1775117346905737,0,0,-1
1775117346925758,0,0,-1
1775117346945732,0,0,-1
1775117346965734,0,0,-1
1775117346985734,0,0,-1
1775117347005728,0,0,-1
1775117347025730,0,0,-1
1775117347045754,0,0,-1
1775117347065727,0,0,-1
1775117347085730,0,0,-1
1775117347105723,0,0,-1
1775117347125730,0,0,-1
1775117347145733,0,0,-1
1775117347165727,0,0,-1
1775117347185733,0,0,-1
1775117347205730,0,0,-1
1775117347225727,0,0,-1
1775117347245732,0,0,-1
1775117347265743,0,0,-1
1775117347285728,0,0,-1
1775117347305733,0,0,-1
1775117347325735,0,0,-1
1775117347345730,0,0,-1
1775117347365746,0,0,-1
1775117347385738,0,0,-1
1775117347405738,0,0,-1
1775117347425728,0,0,-1
1775117347445728,0,0,-1
1775117347465732,0,0,-1
1775117347485728,0,0,-1
1775117347505728,0,0,-1
1775117347525735,0,0,-1
1775117347545727,0,0,-1
1775117347565730,0,0,-1
1775117347585727,0,0,-1
1775117347605729,0,0,-1
1775117347625731,0,0,-1
1775117347645729,0,0,-1
1775117347665729,0,0,-1
1775117347685736,0,0,-1
1775117347705727,0,0,-1
1775117347725729,0,0,-1
1775117347745744,0,0,-1
1775117347765727,0,0,-1
1775117347785729,0,0,-1
1775117347805734,0,0,-1
1775117347825732,0,0,-1
1775117347845740,0,0,-1
1775117347865731,0,0,-1
1775117347885729,0,0,-1
1775117347905728,0,0,-1
1775117347925732,0,0,-1
1775117347945730,0,0,-1
1775117347965814,0,0,-1
1775117347985741,0,0,-1
1775117348005731,0,0,-1
1775117348025734,0,0,-1
1775117348045732,0,0,-1
1775117348065731,0,0,-1
1775117348085734,0,0,-1
1775117348105735,0,0,-1
1775117348125732,0,0,-1
1775117348145729,0,0,-1
1775117348165734,0,0,-1
1775117348185730,0,0,-1
1775117348205730,0,0,-1
1775117348225728,0,0,-1
1775117348245743,0,0,-1
1775117348265735,0,0,-1
1775117348285735,0,0,-1
1775117348305747,0,0,-1
1775117348325731,0,0,-1
1775117348345743,0,0,-1
1775117348365745,0,0,-1
1775117348385747,0,0,-1
1775117348405735,0,0,-1
1775117348425732,0,0,-1
1775117348445738,0,0,-1
1775117348465727,0,0,-1
1775117348485738,0,0,-1
1775117348505736,0,0,-1
1775117348525735,0,0,-1
1775117348545732,0,0,-1
1775117348565733,0,0,-1
1775117348585729,0,0,-1
1775117348605730,0,0,-1
1775117348625736,0,0,-1
1775117348645732,0,0,-1
1775117348665730,0,0,-1
1775117348685727,0,0,-1
1775117348705728,0,0,-1
1775117348725729,0,0,-1
1775117348745740,0,0,-1
1775117348765730,0,0,-1
1775117348785733,0,0,-1
1775117348805734,0,0,-1
1775117348825734,0,0,-1
1775117348845733,0,0,-1
1775117348865730,0,0,-1
1775117348885743,0,0,-1
1775117348905730,0,0,-1
1775117348925731,0,0,-1
1775117348945735,0,0,-1
1775117348965728,0,0,-1
1775117348985731,0,0,-1
1775117349005733,0,0,-1
1775117349025734,0,0,-1
1775117349045730,0,0,-1
1775117349065731,0,0,-1
1775117349085731,0,0,-1
1775117349105738,0,0,-1
1775117349125742,0,0,-1
1775117349145729,0,0,-1
1775117349165731,0,0,-1
1775117349185733,0,0,-1
1775117349205730,0,0,-1
1775117349225766,0,0,-1
1775117349245733,0,0,-1
1775117349265732,0,0,-1
1775117349285732,0,0,-1
1775117349305730,0,0,-1
1775117349325730,0,0,-1
1775117349345742,0,0,-1
1775117349365737,0,0,-1
1775117349385750,0,0,-1
1775117349405748,0,0,-1
1775117349425689,0,0,-1
1775117349445738,0,0,-1
1775117349465729,0,0,-1
1775117349485731,0,0,-1
1775117349505745,0,0,-1
1775117349525729,0,0,-1
1775117349545732,0,0,-1
1775117349565729,0,0,-1
1775117349585730,0,0,-1
1775117349605729,0,0,-1
1775117349625741,0,0,-1
1775117349645732,0,0,-1
1775117349665734,0,0,-1
1775117349685726,0,0,-1
1775117349705755,0,0,-1
1775117349725735,0,0,-1
1775117349745727,0,0,-1
1775117349765729,0,0,-1
1775117349785728,0,0,-1
1775117349805729,0,0,-1
1775117349825736,0,0,-1
1775117349845752,0,0,-1
1775117349865729,0,0,-1
1775117349885739,0,0,-1
1775117349905735,0,0,-1
1775117349925733,0,0,-1
1775117349945738,0,0,-1
1775117349965735,0,0,-1
1775117349985732,0,0,-1
1775117350005735,0,0,-1
1775117350025772,0,0,-1
1775117350045734,0,0,-1
1775117350065731,0,0,-1
1775117350085732,0,0,-1
1775117350105733,0,0,-1
1775117350125728,0,0,-1
1775117350145730,0,0,-1
1775117350165732,0,0,-1
1775117350185829,0,0,-1
1775117350205729,0,0,-1
1775117350225732,0,0,-1
1775117350245728,0,0,-1
1775117350265735,0,0,-1
1775117350285728,0,0,-1
1775117350305733,0,0,-1
1775117350325738,0,0,-1
1775117350345748,0,0,-1
1775117350365740,0,0,-1
1775117350385743,0,0,-1
1775117350405735,0,0,-1
1775117350425856,0,0,-1
1775117350445758,0,0,-1
1775117350465728,0,0,-1
1775117350485729,0,0,-1
1775117350505730,0,0,-1
1775117350525729,0,0,-1
1775117350545915,0,0,-1
1775117350565728,0,0,-1
1775117350585730,0,0,-1
1775117350605731,0,0,-1
1775117350625729,0,0,-1
1775117350645734,0,0,-1
1775117350665736,0,0,-1
1775117350685729,0,0,-1
1775117350705729,0,0,-1
1775117350725735,0,0,-1
1775117350745728,0,0,-1
1775117350765728,0,0,-1
1775117350785729,0,0,-1
1775117350805729,0,0,-1
1775117350825736,0,0,-1
1775117350845736,0,0,-1
1775117350865729,0,0,-1
1775117350885755,0,0,-1
1775117350905730,0,0,-1
1775117350925730,0,0,-1
1775117350945734,0,0,-1
1775117350965728,0,0,-1
1775117350985731,0,0,-1
1775117351005728,0,0,-1
1775117351025729,0,0,-1
1775117351045734,0,0,-1
1775117351065729,0,0,-1
1775117351085737,0,0,-1
1775117351105755,0,0,-1
1775117351125729,0,0,-1
1775117351145735,0,0,-1
1775117351165728,0,0,-1
1775117351185729,0,0,-1
1775117351205730,0,0,-1
1775117351225772,0,0,-1
1775117351245728,0,0,-1
1775117351265730,0,0,-1
1775117351285731,0,0,-1
1775117351307883,0,0,-1
1775117351325733,0,0,-1
1775117351345805,0,0,-1
1775117351366066,0,0,-1
1775117351386403,0,0,-1
1775117351405742,0,0,-1
1775117351425741,0,0,-1
1775117351445729,0,0,-1
1775117351465732,0,0,-1
1775117351485733,0,0,-1
1775117351505730,0,0,-1
1775117351525693,0,0,-1
1775117351545933,0,0,-1
1775117351565727,0,0,-1
1775117351585732,0,0,-1
1775117351605729,0,0,-1
1775117351625729,0,0,-1
1775117351645735,0,0,-1
1775117351665729,0,0,-1
1775117351685729,0,0,-1
1775117351705730,0,0,-1
1775117351725731,0,0,-1
1775117351745740,0,0,-1
1775117351765730,0,0,-1
1775117351785733,0,0,-1
1775117351805735,0,0,-1
1775117351825751,0,0,-1
1775117351845731,0,0,-1
1775117351865732,0,0,-1
1775117351885727,0,0,-1
1775117351905727,0,0,-1
1775117351925735,0,0,-1
1775117351945727,0,0,-1
1775117351965728,0,0,-1
1775117351985727,0,0,-1
1775117352005731,0,0,-1
1775117352025739,0,0,-1
1775117352045728,0,0,-1
1775117352065733,0,0,-1
1775117352085733,0,0,-1
1775117352105732,0,0,-1
1775117352125765,0,0,-1
1775117352145731,0,0,-1
1775117352165737,0,0,-1
1775117352185739,0,0,-1
1775117352205734,0,0,-1
1775117352225734,0,0,-1
1775117352245736,0,0,-1
1775117352265730,0,0,-1
1775117352285736,0,0,-1
1775117352305736,0,0,-1
1775117352325733,0,0,-1
1775117352345738,0,0,-1
1775117352365736,0,0,-1
1775117352385734,0,0,-1
1775117352405734,0,0,-1
1775117352425735,0,0,-1
1775117352445731,0,0,-1
1775117352465728,0,0,-1
1775117352485729,0,0,-1
1775117352505758,0,0,-1
1775117352525737,0,0,-1
1775117352545730,0,0,-1
1775117352565730,0,0,-1
1775117352585730,0,0,-1
1775117352605732,0,0,-1
1775117352625730,0,0,-1
1775117352645737,0,0,-1
1775117352665730,0,0,-1
1775117352685730,0,0,-1
1775117352705728,0,0,-1
1775117352725730,0,0,-1
1775117352745734,0,0,-1
1775117352765728,0,0,-1
1775117352785732,0,0,-1
1775117352805734,0,0,-1
1775117352825731,0,0,-1
1775117352845732,0,0,-1
1775117352865736,0,0,-1
1775117352885729,0,0,-1
1775117352905730,0,0,-1
1775117352925731,0,0,-1
1775117352945729,0,0,-1
1775117352965689,0,0,-1
1775117352985728,0,0,-1
1775117353005730,0,0,-1
1775117353025732,0,0,-1
1775117353045728,0,0,-1
1775117353065731,0,0,-1
1775117353085728,0,0,-1
1775117353105729,0,0,-1
1775117353125729,0,0,-1
1775117353145738,0,0,-1
1775117353165729,0,0,-1
1775117353185731,0,0,-1
1775117353205736,0,0,-1
1775117353225765,0,0,-1
1775117353245735,0,0,-1
1775117353265729,0,0,-1
1775117353285729,0,0,-1
1775117353305742,0,0,-1
1775117353325732,0,0,-1
1775117353345734,0,0,-1
1775117353365729,0,0,-1
1775117353385733,0,0,-1
1775117353405730,0,0,-1
1775117353425750,0,0,-1
1775117353445728,0,0,-1
1775117353465733,0,0,-1
1775117353485729,0,0,-1
1775117353505728,0,0,-1
1775117353525734,0,0,-1
1775117353545729,0,0,-1
1775117353565730,0,0,-1
1775117353585729,0,0,-1
1775117353605728,0,0,-1
1775117353625750,0,0,-1
1775117353645734,0,0,-1
1775117353665728,0,0,-1
1775117353685733,0,0,-1
1775117353705727,0,0,-1
1775117353725731,0,0,-1
1775117353745736,0,0,-1
1775117353765727,0,0,-1
1775117353785729,0,0,-1
1775117353805731,0,0,-1
1775117353825733,0,0,-1
1775117353845736,0,0,-1
1775117353865734,0,0,-1
1775117353885738,0,0,-1
1775117353905735,0,0,-1
1775117353925734,0,0,-1
1775117353945735,0,0,-1
1775117353965736,0,0,-1
1775117353985728,0,0,-1
1775117354005730,0,0,-1
1775117354025736,0,0,-1
1775117354045728,0,0,-1
1775117354065729,0,0,-1
1775117354085727,0,0,-1
1775117354105732,0,0,-1
1775117354125737,0,0,-1
1775117354145728,0,0,-1
1775117354165733,0,0,-1
1775117354185733,0,0,-1
1775117354205728,0,0,-1
1775117354225729,0,0,-1
1775117354245732,0,0,-1
1775117354265727,0,0,-1
1775117354285731,0,0,-1
1775117354305732,0,0,-1
1775117354325733,0,0,-1
1775117354345760,0,0,-1
1775117354365735,0,0,-1
1775117354385736,0,0,-1
1775117354405739,0,0,-1
1775117354425728,0,0,-1
1775117354445727,0,0,-1
1775117354465731,0,0,-1
1775117354485727,0,0,-1
1775117354505734,0,0,-1
1775117354525754,0,0,-1
1775117354545740,0,0,-1
1775117354565728,0,0,-1
1775117354585729,0,0,-1
1775117354605729,0,0,-1
1775117354625731,0,0,-1
1775117354645730,0,0,-1
1775117354665728,0,0,-1
1775117354685729,0,0,-1
1775117354705809,0,0,-1
1775117354725733,0,0,-1
1775117354745738,0,0,-1
1775117354765736,0,0,-1
1775117354785736,0,0,-1
1775117354805733,0,0,-1
1775117354825734,0,0,-1
1775117354845740,0,0,-1
1775117354865737,0,0,-1
1775117354885744,0,0,-1
1775117354905738,0,0,-1
1775117354925741,0,0,-1
1775117354945729,0,0,-1
1775117354965730,0,0,-1
1775117354985752,0,0,-1
1775117355005730,0,0,-1
1775117355025733,0,0,-1
1775117355045728,0,0,-1
1775117355065731,0,0,-1
1775117355085728,0,0,-1
1775117355105729,0,0,-1
1775117355125728,0,0,-1
1775117355145734,0,0,-1
1775117355165730,0,0,-1
1775117355185733,0,0,-1
1775117355205729,0,0,-1
1775117355225728,0,0,-1
1775117355245737,0,0,-1
1775117355265732,0,0,-1
1775117355285733,0,0,-1
1775117355305734,0,0,-1
1775117355325732,0,0,-1
1775117355345728,0,0,-1
1775117355365731,0,0,-1
1775117355385729,0,0,-1
1775117355405732,0,0,-1
1775117355425727,0,0,-1
1775117355445731,0,0,-1
1775117355465731,0,0,-1
1775117355485727,0,0,-1
1775117355505729,0,0,-1
1775117355525736,0,0,-1
1775117355545727,0,0,-1
1775117355565728,0,0,-1
1775117355585728,0,0,-1
1775117355605728,0,0,-1
1775117355625736,0,0,-1
1775117355645731,0,0,-1
1775117355665734,0,0,-1
1775117355685731,0,0,-1
1775117355705727,0,0,-1
1775117355725824,0,0,-1
1775117355745736,0,0,-1
1775117355765734,0,0,-1
1775117355785737,0,0,-1
1775117355805730,0,0,-1
1775117355825737,0,0,-1
1775117355845729,0,0,-1
1775117355865732,0,0,-1
1775117355885733,0,0,-1
1775117355905730,0,0,-1
1775117355925728,0,0,-1
1775117355945733,0,0,-1
1775117355965734,0,0,-1
1775117355990099,0,0,-1
1775117356005751,0,0,-1
1775117356025744,0,0,-1
1775117356045730,0,0,-1
1775117356065730,0,0,-1
1775117356085728,0,0,-1
1775117356105728,0,0,-1
1775117356125734,0,0,-1
1775117356145729,0,0,-1
1775117356165729,0,0,-1
1775117356185729,0,0,-1
1775117356205729,0,0,-1
1775117356225737,0,0,-1
1775117356245730,0,0,-1
1775117356265732,0,0,-1
1775117356285735,0,0,-1
1775117356305731,0,0,-1
1775117356325733,0,0,-1
1775117356345732,0,0,-1
1775117356365733,0,0,-1
1775117356385736,0,0,-1
1775117356405727,0,0,-1
1775117356425727,0,0,-1
1775117356445736,0,0,-1
1775117356465726,0,0,-1
1775117356485727,0,0,-1
1775117356505726,0,0,-1
1775117356525728,0,0,-1
1775117356545733,0,0,-1
1775117356565727,0,0,-1
1775117356585730,0,0,-1
1775117356605755,0,0,-1
1775117356625726,0,0,-1
1775117356645729,0,0,-1
1775117356665732,0,0,-1
1775117356685726,0,0,-1
1775117356705728,0,0,-1
1775117356725735,0,0,-1
1775117356745727,0,0,-1
1775117356765730,0,0,-1
1775117356785727,0,0,-1
1775117356805729,0,0,-1
1775117356825737,0,0,-1
1775117356845732,0,0,-1
1775117356865734,0,0,-1
1775117356885734,0,0,-1
1775117356905728,0,0,-1
1775117356925728,0,0,-1
1775117356945735,0,0,-1
1775117356965750,0,0,-1
1775117356985728,0,0,-1
1775117357005730,0,0,-1
1775117357025729,0,0,-1
1775117357045732,0,0,-1
1775117357065726,0,0,-1
1775117357085728,0,0,-1
1775117357105737,0,0,-1
1775117357125736,0,0,-1
1775117357145730,0,0,-1
1775117357165730,0,0,-1
1775117357185754,0,0,-1
1775117357205753,0,0,-1
1775117357225826,0,0,-1
1775117357245735,0,0,-1
1775117357265733,0,0,-1
1775117357285730,0,0,-1
1775117357305734,0,0,-1
1775117357325742,0,0,-1
1775117357345729,0,0,-1
1775117357365738,0,0,-1
1775117357385733,0,0,-1
1775117357405732,0,0,-1
1775117357425731,0,0,-1
1775117357445748,0,0,-1
1775117357465730,0,0,-1
1775117357485730,0,0,-1
1775117357505734,0,0,-1
1775117357525728,0,0,-1
1775117357545731,0,0,-1
1775117357565728,0,0,-1
1775117357585729,0,0,-1
1775117357605728,0,0,-1
1775117357625731,0,0,-1
1775117357645731,0,0,-1
1775117357665739,0,0,-1
1775117357685732,0,0,-1
1775117357705731,0,0,-1
1775117357725736,0,0,-1
1775117357745733,0,0,-1
1775117357765734,0,0,-1
1775117357785728,0,0,-1
1775117357805729,0,0,-1
1775117357825734,0,0,-1
1775117357845731,0,0,-1
1775117357865734,0,0,-1
1775117357885731,0,0,-1
1775117357905728,0,0,-1
1775117357925733,0,0,-1
1775117357945737,0,0,-1
1775117357965731,0,0,-1
1775117357985737,0,0,-1
1775117358005735,0,0,-1
1775117358025737,0,0,-1
1775117358045736,0,0,-1
1775117358065736,0,0,-1
1775117358085731,0,0,-1
1775117358105740,0,0,-1
1775117358125730,0,0,-1
1775117358145732,0,0,-1
1775117358165729,0,0,-1
1775117358185730,0,0,-1
1775117358205732,0,0,-1
1775117358225728,0,0,-1
1775117358245732,0,0,-1
1775117358265732,0,0,-1
1775117358285728,0,0,-1
1775117358305728,0,0,-1
1775117358325739,0,0,-1
1775117358345731,0,0,-1
1775117358365731,0,0,-1
1775117358385741,0,0,-1
1775117358405739,0,0,-1
1775117358425758,0,0,-1
1775117358445731,0,0,-1
1775117358465730,0,0,-1
1775117358485727,0,0,-1
1775117358505728,0,0,-1
1775117358525752,0,0,-1
1775117358545729,0,0,-1
1775117358565733,0,0,-1
1775117358585731,0,0,-1
1775117358605729,0,0,-1
1775117358625731,0,0,-1
1775117358645728,0,0,-1
1775117358665732,0,0,-1
1775117358685730,0,0,-1
1775117358705729,0,0,-1
1775117358725730,0,0,-1
1775117358745736,0,0,-1
1775117358765727,0,0,-1
1775117358785729,0,0,-1
1775117358805730,0,0,-1
1775117358825737,0,0,-1
1775117358845737,0,0,-1
1775117358865732,0,0,-1
1775117358885731,0,0,-1
1775117358905742,0,0,-1
1775117358925732,0,0,-1
1775117358945729,0,0,-1
1775117358965735,0,0,-1
1775117358985727,0,0,-1
1775117359005729,0,0,-1
1775117359025745,0,0,-1
1775117359045729,0,0,-1
1775117359065739,0,0,-1
1775117359085727,0,0,-1
1775117359105729,0,0,-1
1775117359125735,0,0,-1
1775117359145735,0,0,-1
1775117359165732,0,0,-1
1775117359185735,0,0,-1
1775117359205732,0,0,-1
1775117359225728,0,0,-1
1775117359245739,0,0,-1
1775117359265730,0,0,-1
1775117359285731,0,0,-1
1775117359305738,0,0,-1
1775117359325734,0,0,-1
1775117359345735,0,0,-1
1775117359365728,0,0,-1
1775117359385728,0,0,-1
1775117359405735,0,0,-1
1775117359425730,0,0,-1
1775117359445729,0,0,-1
1775117359465735,0,0,-1
1775117359485730,0,0,-1
1775117359505729,0,0,-1
1775117359525759,0,0,-1
1775117359545729,0,0,-1
1775117359565764,0,0,-1
1775117359585731,0,0,-1
1775117359605730,0,0,-1
1775117359625734,0,0,-1
1775117359645727,0,0,-1
1775117359665732,0,0,-1
1775117359685728,0,0,-1
1775117359705731,0,0,-1
1775117359725730,0,0,-1
1775117359745731,0,0,-1
1775117359765729,0,0,-1
1775117359785730,0,0,-1
1775117359805734,0,0,-1
1775117359825733,0,0,-1
1775117359845733,0,0,-1
1775117359865728,0,0,-1
1775117359885735,0,0,-1
1775117359905749,0,0,-1
1775117359925735,0,0,-1
1775117359945737,0,0,-1
1775117359965732,0,0,-1
1775117359985737,0,0,-1
1775117360005729,0,0,-1
1775117360025727,0,0,-1
1775117360045728,0,0,-1
1775117360065732,0,0,-1
1775117360085729,0,0,-1
1775117360105730,0,0,-1
1775117360125734,0,0,-1
1775117360145728,0,0,-1
1775117360165729,0,0,-1
1775117360185792,0,0,-1
1775117360205731,0,0,-1
1775117360225734,0,0,-1
1775117360245728,0,0,-1
1775117360265730,0,0,-1
1775117360285731,0,0,-1
1775117360305743,0,0,-1
1775117360325729,0,0,-1
1775117360345734,0,0,-1
1775117360365728,0,0,-1
1775117360385732,0,0,-1
1775117360405733,0,0,-1
1775117360425732,0,0,-1
1775117360445729,0,0,-1
1775117360465735,0,0,-1
1775117360485733,0,0,-1
1775117360505727,0,0,-1
1775117360525730,0,0,-1
1775117360545733,0,0,-1
1775117360565728,0,0,-1
1775117360585730,0,0,-1
1775117360605731,0,0,-1
1775117360625729,0,0,-1
1775117360645728,0,0,-1
1775117360665733,0,0,-1
1775117360685733,0,0,-1
1775117360705730,0,0,-1
1775117360725736,0,0,-1
1775117360745791,0,0,-1
1775117360765738,0,0,-1
1775117360785733,0,0,-1
1775117360805733,0,0,-1
1775117360825740,0,0,-1
1775117360845734,0,0,-1
1775117360865733,0,0,-1
1775117360885734,0,0,-1
1775117360905740,0,0,-1
1775117360925731,0,0,-1
1775117360945797,0,0,-1
1775117360965728,0,0,-1
1775117360985732,0,0,-1
1775117361005730,0,0,-1
1775117361025732,0,0,-1
1775117361045730,0,0,-1
1775117361065760,0,0,-1
1775117361085731,0,0,-1
1775117361105731,0,0,-1
1775117361125731,0,0,-1
1775117361145731,0,0,-1
1775117361165732,0,0,-1
1775117361185730,0,0,-1
1775117361205729,0,0,-1
1775117361225737,0,0,-1
1775117361245728,0,0,-1
1775117361265733,0,0,-1
1775117361285774,0,0,-1
1775117361305729,0,0,-1
1775117361325810,0,0,-1
1775117361345814,0,0,-1
1775117361365780,0,0,-1
1775117361385740,0,0,-1
1775117361405737,0,0,-1
1775117361425740,0,0,-1
1775117361445738,0,0,-1
1775117361465738,0,0,-1
1775117361485736,0,0,-1
1775117361505730,0,0,-1
1775117361525729,0,0,-1
1775117361545806,0,0,-1
1775117361565727,0,0,-1
1775117361585757,0,0,-1
1775117361605732,0,0,-1
1775117361625727,0,0,-1
1775117361645728,0,0,-1
1775117361665733,0,0,-1
1775117361685727,0,0,-1
1775117361705727,0,0,-1
1775117361725737,0,0,-1
1775117361745729,0,0,-1
1775117361765731,0,0,-1
1775117361785729,0,0,-1
1775117361805728,0,0,-1
1775117361825741,0,0,-1
1775117361845729,0,0,-1
1775117361865737,0,0,-1
1775117361885738,0,0,-1
1775117361905729,0,0,-1
1775117361925730,0,0,-1
1775117361945731,0,0,-1
1775117361965728,0,0,-1
1775117361985732,0,0,-1
1775117362005741,0,0,-1
1775117362025732,0,0,-1
1775117362045732,0,0,-1
1775117362065726,0,0,-1
1775117362085729,0,0,-1
1775117362105735,0,0,-1
1775117362125733,0,0,-1
1775117362145729,0,0,-1
1775117362165735,0,0,-1
1775117362185727,0,0,-1
1775117362205730,0,0,-1
1775117362225761,0,0,-1
1775117362245731,0,0,-1
1775117362265733,0,0,-1
1775117362285728,0,0,-1
1775117362305727,0,0,-1
1775117362325740,0,0,-1
1775117362345731,0,0,-1
1775117362365735,0,0,-1
1775117362385775,0,0,-1
1775117362405746,0,0,-1
1775117362425741,0,0,-1
1775117362445738,0,0,-1
1775117362465736,0,0,-1
1775117362485737,0,0,-1
1775117362505734,0,0,-1
1775117362525734,0,0,-1
1775117362545738,0,0,-1
1775117362565733,0,0,-1
1775117362585733,0,0,-1
1775117362605735,0,0,-1
1775117362625735,0,0,-1
1775117362645742,0,0,-1
1775117362665734,0,0,-1
1775117362685738,0,0,-1
1775117362705733,0,0,-1
1775117362725733,0,0,-1
1775117362745729,0,0,-1
1775117362765733,0,0,-1
1775117362785728,0,0,-1
1775117362805815,0,0,-1
1775117362825742,0,0,-1
1775117362845741,0,0,-1
1775117362865754,0,0,-1
1775117362885732,0,0,-1
1775117362905771,0,0,-1
1775117362925873,0,0,-1
1775117362945805,0,0,-1
1775117362965736,0,0,-1
1775117362985738,0,0,-1
1775117363005732,0,0,-1
1775117363025730,0,0,-1
1775117363045742,0,0,-1
1775117363065728,0,0,-1
1775117363085729,0,0,-1
1775117363105734,0,0,-1
1775117363125733,0,0,-1
1775117363145735,0,0,-1
1775117363165727,0,0,-1
1775117363185729,0,0,-1
1775117363205729,0,0,-1
1775117363225729,0,0,-1
1775117363245756,0,0,-1
1775117363265735,0,0,-1
1775117363285731,0,0,-1
1775117363305728,0,0,-1
1775117363325738,0,0,-1
1775117363345741,0,0,-1
1775117363365732,0,0,-1
1775117363385743,0,0,-1
1775117363405787,0,0,-1
1775117363425746,0,0,-1
1775117363445733,0,0,-1
1775117363465731,0,0,-1
1775117363485727,0,0,-1
1775117363505734,0,0,-1
1775117363525729,0,0,-1
1775117363545728,0,0,-1
1775117363565728,0,0,-1
1775117363585733,0,0,-1
1775117363605729,0,0,-1
1775117363625730,0,0,-1
1775117363645734,0,0,-1
1775117363665730,0,0,-1
1775117363685731,0,0,-1
1775117363705737,0,0,-1
1775117363725729,0,0,-1
1775117363745728,0,0,-1
1775117363765742,0,0,-1
1775117363785731,0,0,-1
1775117363805731,0,0,-1
1775117363825733,0,0,-1
1775117363845735,0,0,-1
1775117363865736,0,0,-1
1775117363885729,0,0,-1
1775117363905733,0,0,-1
1775117363925735,0,0,-1
1775117363945727,0,0,-1
1775117363965845,0,0,-1
1775117363985728,0,0,-1
1775117364005728,0,0,-1
1775117364025730,0,0,-1
1775117364045733,0,0,-1
1775117364065727,0,0,-1
1775117364085729,0,0,-1
1775117364105751,0,0,-1
1775117364125730,0,0,-1
1775117364145735,0,0,-1
1775117364165757,0,0,-1
1775117364185729,0,0,-1
1775117364205728,0,0,-1
1775117364225728,0,0,-1
1775117364245735,0,0,-1
1775117364265730,0,0,-1
1775117364285734,0,0,-1
1775117364305730,0,0,-1
1775117364325732,0,0,-1
1775117364345731,0,0,-1
1775117364365729,0,0,-1
1775117364385737,0,0,-1
1775117364405737,0,0,-1
1775117364425736,0,0,-1
1775117364445737,0,0,-1
1775117364465732,0,0,-1
1775117364485742,0,0,-1
1775117364505759,0,0,-1
1775117364525745,0,0,-1
1775117364545738,0,0,-1
1775117364565736,0,0,-1
1775117364585741,0,0,-1
1775117364605739,0,0,-1
1775117364625747,0,0,-1
1775117364645736,0,0,-1
1775117364665740,0,0,-1
1775117364685733,0,0,-1
1775117364705733,0,0,-1
1775117364725737,0,0,-1
1775117364745736,0,0,-1
1775117364765728,0,0,-1
1775117364785728,0,0,-1
1775117364805728,0,0,-1
1775117364825738,0,0,-1
1775117364845733,0,0,-1
1775117364865736,0,0,-1
1775117364885734,0,0,-1
1775117364905731,0,0,-1
1775117364925728,0,0,-1
1775117364945733,0,0,-1
1775117364965736,0,0,-1
1775117364985729,0,0,-1
1775117365005730,0,0,-1
1775117365025741,0,0,-1
1775117365045697,0,0,-1
1775117365065729,0,0,-1
1775117365085728,0,0,-1
1775117365105728,0,0,-1
1775117365125740,0,0,-1
1775117365145727,0,0,-1
1775117365165728,0,0,-1
1775117365185728,0,0,-1
1775117365205730,0,0,-1
1775117365225733,0,0,-1
1775117365245760,0,0,-1
1775117365265731,0,0,-1
1775117365285728,0,0,-1
1775117365305727,0,0,-1
1775117365325733,0,0,-1
1775117365345732,0,0,-1
1775117365365729,0,0,-1
1775117365385732,0,0,-1
1775117365405738,0,0,-1
1775117365425741,0,0,-1
1775117365445740,0,0,-1
1775117365465733,0,0,-1
1775117365485730,0,0,-1
1775117365505809,0,0,-1
1775117365525729,0,0,-1
1775117365545732,0,0,-1
1775117365565735,0,0,-1
1775117365585728,0,0,-1
1775117365605728,0,0,-1
1775117365625736,0,0,-1
1775117365645729,0,0,-1
1775117365665732,0,0,-1
1775117365685727,0,0,-1
1775117365705731,0,0,-1
1775117365725732,0,0,-1
1775117365745730,0,0,-1
1775117365765731,0,0,-1
1775117365785728,0,0,-1
1775117365805730,0,0,-1
1775117365825743,0,0,-1
1775117365845731,0,0,-1
1775117365865758,0,0,-1
1775117365885731,0,0,-1
1775117365905733,0,0,-1
1775117365925731,0,0,-1
1775117365945736,0,0,-1
1775117365965730,0,0,-1
1775117365985732,0,0,-1
1775117366005732,0,0,-1
1775117366025731,0,0,-1
1775117366045736,0,0,-1
1775117366065731,0,0,-1
1775117366085734,0,0,-1
1775117366105729,0,0,-1
1775117366125729,0,0,-1
1775117366145729,0,0,-1
1775117366165735,0,0,-1
1775117366185728,0,0,-1
1775117366205729,0,0,-1
1775117366225731,0,0,-1
1775117366245730,0,0,-1
1775117366265733,0,0,-1
1775117366285731,0,0,-1
1775117366305733,0,0,-1
1775117366325739,0,0,-1
1775117366345729,0,0,-1
1775117366365734,0,0,-1
1775117366385736,0,0,-1
1775117366405776,0,0,-1
1775117366428933,0,0,-1
1775117366445735,0,0,-1
1775117366465729,0,0,-1
1775117366485730,0,0,-1
1775117366505709,0,0,-1
1775117366525734,0,0,-1
1775117366545732,0,0,-1
1775117366565736,0,0,-1
1775117366585739,0,0,-1
1775117366605729,0,0,-1
1775117366625732,0,0,-1
1775117366645729,0,0,-1
1775117366665734,0,0,-1
1775117366685727,0,0,-1
1775117366705728,0,0,-1
1775117366725735,0,0,-1
1775117366745744,0,0,-1
1775117366765736,0,0,-1
1775117366785727,0,0,-1
1775117366805729,0,0,-1
1775117366825739,0,0,-1
1775117366845735,0,0,-1
1775117366865730,0,0,-1
1775117366885736,0,0,-1
1775117366905735,0,0,-1
1775117366925745,0,0,-1
1775117366945731,0,0,-1
1775117366965738,0,0,-1
1775117366985760,0,0,-1
1775117367005733,0,0,-1
1775117367025731,0,0,-1
1775117367045733,0,0,-1
1775117367065749,0,0,-1
1775117367085728,0,0,-1
1775117367105733,0,0,-1
1775117367125732,0,0,-1
1775117367145732,0,0,-1
1775117367165730,0,0,-1
1775117367185730,0,0,-1
1775117367205734,0,0,-1
1775117367225729,0,0,-1
1775117367245728,0,0,-1
1775117367265734,0,0,-1
1775117367285733,0,0,-1
1775117367305730,0,0,-1
1775117367325737,0,0,-1
1775117367345761,0,0,-1
1775117367365733,0,0,-1
1775117367385757,0,0,-1
1775117367405742,0,0,-1
1775117367425742,0,0,-1
1775117367445745,0,0,-1
1775117367465731,0,0,-1
1775117367485731,0,0,-1
1775117367505729,0,0,-1
1775117367525731,0,0,-1
1775117367545731,0,0,-1
1775117367565735,0,0,-1
1775117367585730,0,0,-1
1775117367605730,0,0,-1
1775117367625745,0,0,-1
1775117367645736,0,0,-1
1775117367665739,0,0,-1
1775117367685735,0,0,-1
1775117367705735,0,0,-1
1775117367725733,0,0,-1
1775117367745749,0,0,-1
1775117367765740,0,0,-1
1775117367785730,0,0,-1
1775117367805730,0,0,-1
1775117367825732,0,0,-1
1775117367845734,0,0,-1
1775117367865729,0,0,-1
1775117367885732,0,0,-1
1775117367905731,0,0,-1
1775117367925779,0,0,-1
1775117367945781,0,0,-1
1775117367965732,0,0,-1
1775117367985729,0,0,-1
1775117368005727,0,0,-1
1775117368025729,0,0,-1
1775117368045737,0,0,-1
1775117368065730,0,0,-1
1775117368085730,0,0,-1
1775117368105743,0,0,-1
1775117368125731,0,0,-1
1775117368145733,0,0,-1
1775117368165730,0,0,-1
1775117368185728,0,0,-1
1775117368205730,0,0,-1
1775117368225736,0,0,-1
1775117368245729,0,0,-1
1775117368265735,0,0,-1
1775117368285729,0,0,-1
1775117368305731,0,0,-1
1775117368325741,0,0,-1
1775117368345733,0,0,-1
1775117368365734,0,0,-1
1775117368385735,0,0,-1
1775117368405739,0,0,-1
1775117368425745,0,0,-1
1775117368445750,0,0,-1
1775117368465736,0,0,-1
1775117368485729,0,0,-1
1775117368505736,0,0,-1
1775117368525729,0,0,-1
1775117368545735,0,0,-1
1775117368565727,0,0,-1
1775117368585728,0,0,-1
1775117368605727,0,0,-1
1775117368625729,0,0,-1
1775117368645727,0,0,-1
1775117368665733,0,0,-1
1775117368685728,0,0,-1
1775117368705727,0,0,-1
1775117368725733,0,0,-1
1775117368745729,0,0,-1
1775117368765758,0,0,-1
1775117368785728,0,0,-1
1775117368805728,0,0,-1
1775117368825735,0,0,-1
1775117368845735,0,0,-1
1775117368865735,0,0,-1
1775117368885733,0,0,-1
1775117368905730,0,0,-1
1775117368925735,0,0,-1
1775117368945731,0,0,-1
1775117368965727,0,0,-1
1775117368985732,0,0,-1
1775117369005728,0,0,-1
1775117369025729,0,0,-1
1775117369045732,0,0,-1
1775117369065731,0,0,-1
1775117369085728,0,0,-1
1775117369105727,0,0,-1
1775117369125733,0,0,-1
1775117369145735,0,0,-1
1775117369165732,0,0,-1
1775117369185730,0,0,-1
1775117369205730,0,0,-1
1775117369225728,0,0,-1
1775117369245730,0,0,-1
1775117369265737,0,0,-1
1775117369285762,0,0,-1
1775117369305729,0,0,-1
1775117369325838,0,0,-1
1775117369345823,0,0,-1
1775117369365733,0,0,-1
1775117369385733,0,0,-1
1775117369405983,0,0,-1
1775117369425746,0,0,-1
1775117369445739,0,0,-1
1775117369465736,0,0,-1
1775117369485729,0,0,-1
1775117369505729,0,0,-1
1775117369525749,0,0,-1
1775117369545733,0,0,-1
1775117369565731,0,0,-1
1775117369585731,0,0,-1
1775117369605729,0,0,-1
1775117369625734,0,0,-1
1775117369645730,0,0,-1
1775117369665731,0,0,-1
1775117369685729,0,0,-1
1775117369705730,0,0,-1
1775117369725728,0,0,-1
1775117369745736,0,0,-1
1775117369765728,0,0,-1
1775117369785729,0,0,-1
1775117369805727,0,0,-1
1775117369825736,0,0,-1
1775117369845735,0,0,-1
1775117369865736,0,0,-1
1775117369885730,0,0,-1
1775117369905732,0,0,-1
1775117369925747,0,0,-1
1775117369945741,0,0,-1
1775117369965730,0,0,-1
1775117369985728,0,0,-1
1775117370005733,0,0,-1
1775117370025742,0,0,-1
1775117370045952,0,0,-1
1775117370089752,0,0,-1
1775117370116250,0,0,-1
1775117370123397,0,0,-1
1775117370133902,0,0,-1
1775117370145730,0,0,-1
1775117370165753,0,0,-1
1775117370185727,0,0,-1
1775117370205728,0,0,-1
1775117370225748,0,0,-1
1775117370245728,0,0,-1
1775117370265734,0,0,-1
1775117370285733,0,0,-1
1775117370305726,0,0,-1
1775117370325735,0,0,-1
1775117370345740,0,0,-1
1775117370365736,0,0,-1
1775117370385730,0,0,-1
1775117370405736,0,0,-1
1775117370425731,0,0,-1
1775117370445737,0,0,-1
1775117370465732,0,0,-1
1775117370485730,0,0,-1
1775117370505730,0,0,-1
1775117370525729,0,0,-1
1775117370545733,0,0,-1
1775117370565735,0,0,-1
1775117370585730,0,0,-1
1775117370605729,0,0,-1
1775117370625729,0,0,-1
1775117370645732,0,0,-1
1775117370665730,0,0,-1
1775117370685728,0,0,-1
1775117370705728,0,0,-1
1775117370725728,0,0,-1
1775117370745732,0,0,-1
1775117370765735,0,0,-1
1775117370785727,0,0,-1
1775117370805729,0,0,-1
1775117370827014,0,0,-1
1775117370845740,0,0,-1
1775117370865731,0,0,-1
1775117370885731,0,0,-1
1775117370905732,0,0,-1
1775117370925737,0,0,-1
1775117370945732,0,0,-1
1775117370965733,0,0,-1
1775117370985728,0,0,-1
1775117371005728,0,0,-1
1775117371025728,0,0,-1
1775117371045727,0,0,-1
1775117371065729,0,0,-1
1775117371085730,0,0,-1
1775117371105729,0,0,-1
1775117371125729,0,0,-1
1775117371145729,0,0,-1
1775117371165745,0,0,-1
1775117371185728,0,0,-1
1775117371205728,0,0,-1
1775117371225830,0,0,-1
1775117371245727,0,0,-1
1775117371265732,0,0,-1
1775117371285728,0,0,-1
1775117371305730,0,0,-1
1775117371325744,0,0,-1
1775117371345737,0,0,-1
1775117371365736,0,0,-1
1775117371385730,0,0,-1
1775117371405732,0,0,-1
1775117371425742,0,0,-1
1775117371445740,0,0,-1
1775117371465745,0,0,-1
1775117371485737,0,0,-1
1775117371505727,0,0,-1
1775117371525728,0,0,-1
1775117371545734,0,0,-1
1775117371565728,0,0,-1
1775117371585728,0,0,-1
1775117371605731,0,0,-1
1775117371625733,0,0,-1
1775117371645732,0,0,-1
1775117371665745,0,0,-1
1775117371685728,0,0,-1
1775117371705730,0,0,-1
1775117371725728,0,0,-1
1775117371745730,0,0,-1
1775117371765733,0,0,-1
1775117371785729,0,0,-1
1775117371805728,0,0,-1
1775117371825737,0,0,-1
1775117371845732,0,0,-1
1775117371865730,0,0,-1
1775117371885730,0,0,-1
1775117371905731,0,0,-1
1775117371925739,0,0,-1
1775117371945729,0,0,-1
1775117371965729,0,0,-1
1775117371985738,0,0,-1
1775117372005728,0,0,-1
1775117372025729,0,0,-1
1775117372045739,0,0,-1
1775117372065728,0,0,-1
1775117372085730,0,0,-1
1775117372105726,0,0,-1
1775117372125729,0,0,-1
1775117372145737,0,0,-1
1775117372165727,0,0,-1
1775117372185758,0,0,-1
1775117372205727,0,0,-1
1775117372225730,0,0,-1
1775117372245731,0,0,-1
1775117372265734,0,0,-1
1775117372285729,0,0,-1
1775117372305729,0,0,-1
1775117372325738,0,0,-1
1775117372345736,0,0,-1
1775117372365738,0,0,-1
1775117372385734,0,0,-1
1775117372405737,0,0,-1
1775117372425740,0,0,-1
1775117372445732,0,0,-1
1775117372465733,0,0,-1
1775117372485727,0,0,-1
1775117372505728,0,0,-1
1775117372525728,0,0,-1
1775117372545737,0,0,-1
1775117372565730,0,0,-1
1775117372585732,0,0,-1
1775117372605731,0,0,-1
1775117372625729,0,0,-1
1775117372645735,0,0,-1
1775117372665727,0,0,-1
1775117372685731,0,0,-1
1775117372705760,0,0,-1
1775117372725729,0,0,-1
1775117372745732,0,0,-1
1775117372765735,0,0,-1
1775117372785730,0,0,-1
1775117372805733,0,0,-1
1775117372825735,0,0,-1
1775117372845737,0,0,-1
1775117372865730,0,0,-1
1775117372885729,0,0,-1
1775117372905734,0,0,-1
1775117372925736,0,0,-1
1775117372945732,0,0,-1
1775117372965761,0,0,-1
1775117372985727,0,0,-1
1775117373005753,0,0,-1
1775117373025735,0,0,-1
1775117373045731,0,0,-1
1775117373065728,0,0,-1
1775117373085734,0,0,-1
1775117373105735,0,0,-1
1775117373125728,0,0,-1
1775117373145732,0,0,-1
1775117373165730,0,0,-1
1775117373185729,0,0,-1
1775117373205727,0,0,-1
1775117373225728,0,0,-1
1775117373245736,0,0,-1
1775117373265730,0,0,-1
1775117373285733,0,0,-1
1775117373305729,0,0,-1
1775117373325735,0,0,-1
1775117373345732,0,0,-1
1775117373365735,0,0,-1
1775117373385729,0,0,-1
1775117373405741,0,0,-1
1775117373425751,0,0,-1
1775117373445739,0,0,-1
1775117373465746,0,0,-1
1775117373485730,0,0,-1
1775117373505732,0,0,-1
1775117373525730,0,0,-1
1775117373545729,0,0,-1
1775117373565731,0,0,-1
1775117373585728,0,0,-1
1775117373605729,0,0,-1
1775117373625732,0,0,-1
1775117373645735,0,0,-1
1775117373665733,0,0,-1
1775117373685730,0,0,-1
1775117373705730,0,0,-1
1775117373725732,0,0,-1
1775117373745734,0,0,-1
1775117373765731,0,0,-1
1775117373785730,0,0,-1
1775117373805731,0,0,-1
1775117373825734,0,0,-1
1775117373845732,0,0,-1
1775117373865739,0,0,-1
1775117373885733,0,0,-1
1775117373905729,0,0,-1
1775117373925740,0,0,-1
1775117373945731,0,0,-1
1775117373965730,0,0,-1
1775117373985731,0,0,-1
1775117374005731,0,0,-1
1775117374025729,0,0,-1
1775117374045728,0,0,-1
1775117374065731,0,0,-1
1775117374085726,0,0,-1
1775117374105729,0,0,-1
1775117374125736,0,0,-1
1775117374145730,0,0,-1
1775117374165731,0,0,-1
1775117374185731,0,0,-1
1775117374205730,0,0,-1
1775117374225736,0,0,-1
1775117374245729,0,0,-1
1775117374265733,0,0,-1
1775117374285747,0,0,-1
1775117374305793,0,0,-1
1775117374325736,0,0,-1
1775117374345742,0,0,-1
1775117374365737,0,0,-1
1775117374385731,0,0,-1
1775117374405729,0,0,-1
1775117374425729,0,0,-1
1775117374445735,0,0,-1
1775117374465729,0,0,-1
1775117374485729,0,0,-1
1775117374505728,0,0,-1
1775117374525730,0,0,-1
1775117374545727,0,0,-1
1775117374565734,0,0,-1
1775117374585730,0,0,-1
1775117374605861,0,0,-1
1775117374625737,0,0,-1
1775117374645730,0,0,-1
1775117374665759,0,0,-1
1775117374685728,0,0,-1
1775117374705729,0,0,-1
1775117374725733,0,0,-1
1775117374745727,0,0,-1
1775117374765732,0,0,-1
1775117374785734,0,0,-1
1775117374805734,0,0,-1
1775117374825733,0,0,-1
1775117374845742,0,0,-1
1775117374865748,0,0,-1
1775117374885744,0,0,-1
1775117374905732,0,0,-1
1775117374925737,0,0,-1
1775117374945736,0,0,-1
1775117374965736,0,0,-1
1775117374985730,0,0,-1
1775117375005737,0,0,-1
1775117375025744,0,0,-1
1775117375045744,0,0,-1
1775117375065736,0,0,-1
1775117375085744,0,0,-1
1775117375105744,0,0,-1
1775117375125736,0,0,-1
1775117375145730,0,0,-1
1775117375165732,0,0,-1
1775117375185726,0,0,-1
1775117375205728,0,0,-1
1775117375225743,0,0,-1
1775117375245731,0,0,-1
1775117375265735,0,0,-1
1775117375285733,0,0,-1
1775117375305732,0,0,-1
1775117375325736,0,0,-1
1775117375345733,0,0,-1
1775117375365738,0,0,-1
1775117375385737,0,0,-1
1775117375405730,0,0,-1
1775117375425778,0,0,-1
1775117375445899,0,0,-1
1775117375465738,0,0,-1
1775117375485738,0,0,-1
1775117375505730,0,0,-1
1775117375525731,0,0,-1
1775117375545735,0,0,-1
1775117375565734,0,0,-1
1775117375585732,0,0,-1
1775117375605729,0,0,-1
1775117375625730,0,0,-1
1775117375645732,0,0,-1
1775117375665737,0,0,-1
1775117375685736,0,0,-1
1775117375705755,0,0,-1
1775117375725734,0,0,-1
1775117375745731,0,0,-1
1775117375765733,0,0,-1
1775117375785730,0,0,-1
1775117375805730,0,0,-1
1775117375825735,0,0,-1
1775117375845734,0,0,-1
1775117375865735,0,0,-1
1775117375885728,0,0,-1
1775117375905732,0,0,-1
1775117375925737,0,0,-1
1775117375945751,0,0,-1
1775117375965729,0,0,-1
1775117375985729,0,0,-1
1775117376005732,0,0,-1
1775117376025731,0,0,-1
1775117376045735,0,0,-1
1775117376065729,0,0,-1
1775117376085730,0,0,-1
1775117376105731,0,0,-1
1775117376125730,0,0,-1
1775117376145734,0,0,-1
1775117376165733,0,0,-1
1775117376185729,0,0,-1
1775117376205732,0,0,-1
1775117376225730,0,0,-1
1775117376245732,0,0,-1
1775117376265733,0,0,-1
1775117376285729,0,0,-1
1775117376305730,0,0,-1
1775117376325735,0,0,-1
1775117376345736,0,0,-1
1775117376365731,0,0,-1
1775117376385727,0,0,-1
1775117376405733,0,0,-1
1775117376425734,0,0,-1
1775117376445750,0,0,-1
1775117376465728,0,0,-1
1775117376485731,0,0,-1
1775117376505727,0,0,-1
1775117376525728,0,0,-1
1775117376545733,0,0,-1
1775117376565729,0,0,-1
1775117376585731,0,0,-1
1775117376605729,0,0,-1
1775117376625728,0,0,-1
1775117376645736,0,0,-1
1775117376665731,0,0,-1
1775117376685728,0,0,-1
1775117376705727,0,0,-1
1775117376725732,0,0,-1
1775117376745730,0,0,-1
1775117376765730,0,0,-1
1775117376785729,0,0,-1
1775117376805767,0,0,-1
1775117376825748,0,0,-1
1775117376845740,0,0,-1
1775117376865699,0,0,-1
1775117376885764,0,0,-1
1775117376905738,0,0,-1
1775117376925732,0,0,-1
1775117376945731,0,0,-1
1775117376965748,0,0,-1
1775117376985744,0,0,-1
1775117377005741,0,0,-1
1775117377025736,0,0,-1
1775117377045739,0,0,-1
1775117377065727,0,0,-1
1775117377085731,0,0,-1
1775117377105729,0,0,-1
1775117377125730,0,0,-1
1775117377145735,0,0,-1
1775117377165731,0,0,-1
1775117377185734,0,0,-1
1775117377205729,0,0,-1
1775117377225731,0,0,-1
1775117377245762,0,0,-1
1775117377265737,0,0,-1
1775117377285729,0,0,-1
1775117377305731,0,0,-1
1775117377325731,0,0,-1
1775117377345732,0,0,-1
1775117377365736,0,0,-1
1775117377385731,0,0,-1
1775117377405729,0,0,-1
1775117377425752,0,0,-1
1775117377445734,0,0,-1
1775117377465729,0,0,-1
1775117377485727,0,0,-1
1775117377505730,0,0,-1
1775117377525735,0,0,-1
1775117377545728,0,0,-1
1775117377565732,0,0,-1
1775117377585731,0,0,-1
1775117377605727,0,0,-1
1775117377625730,0,0,-1
1775117377645733,0,0,-1
1775117377665751,0,0,-1
1775117377685762,0,0,-1
1775117377705727,0,0,-1
1775117377725728,0,0,-1
1775117377745750,0,0,-1
1775117377765732,0,0,-1
1775117377785728,0,0,-1
1775117377805729,0,0,-1
1775117377825730,0,0,-1
1775117377845732,0,0,-1
1775117377865736,0,0,-1
1775117377885728,0,0,-1
1775117377905746,0,0,-1
1775117377925742,0,0,-1
1775117377945737,0,0,-1
1775117377965736,0,0,-1
1775117377985776,0,0,-1
1775117378005737,0,0,-1
1775117378025736,0,0,-1
1775117378045739,0,0,-1
1775117378065730,0,0,-1
1775117378085732,0,0,-1
1775117378105729,0,0,-1
1775117378125734,0,0,-1
1775117378145729,0,0,-1
1775117378165759,0,0,-1
1775117378185728,0,0,-1
1775117378205729,0,0,-1
1775117378225730,0,0,-1
1775117378245737,0,0,-1
1775117378265730,0,0,-1
1775117378285732,0,0,-1
1775117378305729,0,0,-1
1775117378325727,0,0,-1
1775117378345737,0,0,-1
1775117378365730,0,0,-1
1775117378385736,0,0,-1
1775117378405731,0,0,-1
1775117378425732,0,0,-1
1775117378445751,0,0,-1
1775117378465729,0,0,-1
1775117378485740,0,0,-1
1775117378505740,0,0,-1
1775117378525736,0,0,-1
1775117378545736,0,0,-1
1775117378565728,0,0,-1
1775117378585728,0,0,-1
1775117378605727,0,0,-1
1775117378625729,0,0,-1
1775117378645732,0,0,-1
1775117378665735,0,0,-1
1775117378685730,0,0,-1
1775117378705735,0,0,-1
1775117378725728,0,0,-1
1775117378745728,0,0,-1
1775117378765757,0,0,-1
1775117378785728,0,0,-1
1775117378805728,0,0,-1
1775117378825737,0,0,-1
1775117378845739,0,0,-1
1775117378865742,0,0,-1
1775117378885733,0,0,-1
1775117378905733,0,0,-1
1775117378925742,0,0,-1
1775117378945736,0,0,-1
1775117378965738,0,0,-1
1775117378985737,0,0,-1
1775117379005729,0,0,-1
1775117379025730,0,0,-1
1775117379045738,0,0,-1
1775117379065728,0,0,-1
1775117379085731,0,0,-1
1775117379105731,0,0,-1
1775117379125730,0,0,-1
1775117379145738,0,0,-1
1775117379165731,0,0,-1
1775117379185733,0,0,-1
1775117379205733,0,0,-1
1775117379225731,0,0,-1
1775117379245734,0,0,-1
1775117379265734,0,0,-1
1775117379285729,0,0,-1
1775117379305729,0,0,-1
1775117379325709,0,0,-1
1775117379345735,0,0,-1
1775117379365736,0,0,-1
1775117379385729,0,0,-1
1775117379405747,0,0,-1
1775117379425749,0,0,-1
1775117379445736,0,0,-1
1775117379465739,0,0,-1
1775117379485738,0,0,-1
1775117379505734,0,0,-1
1775117379525735,0,0,-1
1775117379545749,0,0,-1
1775117379565733,0,0,-1
1775117379585740,0,0,-1
1775117379605738,0,0,-1
1775117379625738,0,0,-1
1775117379645744,0,0,-1
1775117379665739,0,0,-1
1775117379685734,0,0,-1
1775117379705737,0,0,-1
1775117379725740,0,0,-1
1775117379745745,0,0,-1
1775117379765739,0,0,-1
1775117379785743,0,0,-1
1775117379805734,0,0,-1
1775117379825735,0,0,-1
1775117379845739,0,0,-1
1775117379865743,0,0,-1
1775117379885732,0,0,-1
1775117379905729,0,0,-1
1775117379925734,0,0,-1
1775117379945739,0,0,-1
1775117379965735,0,0,-1
1775117379985734,0,0,-1
1775117380005731,0,0,-1
1775117380025735,0,0,-1
1775117380045732,0,0,-1
1775117380065733,0,0,-1
1775117380085730,0,0,-1
1775117380105729,0,0,-1
1775117380125734,0,0,-1
1775117380145729,0,0,-1
1775117380165732,0,0,-1
1775117380185735,0,0,-1
1775117380205729,0,0,-1
1775117380225729,0,0,-1
1775117380245731,0,0,-1
1775117380265731,0,0,-1
1775117380285729,0,0,-1
1775117380305727,0,0,-1
1775117380325732,0,0,-1
1775117380345733,0,0,-1
1775117380365732,0,0,-1
1775117380385730,0,0,-1
1775117380405733,0,0,-1
1775117380425729,0,0,-1
1775117380445732,0,0,-1
1775117380465735,0,0,-1
1775117380485727,0,0,-1
1775117380505728,0,0,-1
1775117380525733,0,0,-1
1775117380545733,0,0,-1
1775117380565730,0,0,-1
1775117380585730,0,0,-1
1775117380605732,0,0,-1
1775117380625734,0,0,-1
1775117380645727,0,0,-1
1775117380665734,0,0,-1
1775117380685734,0,0,-1
1775117380705728,0,0,-1
1775117380725727,0,0,-1
1775117380745733,0,0,-1
1775117380765731,0,0,-1
1775117380785733,0,0,-1
1775117380805730,0,0,-1
1775117380825731,0,0,-1
1775117380845738,0,0,-1
1775117380865735,0,0,-1
1775117380885731,0,0,-1
1775117380905743,0,0,-1
1775117380925740,0,0,-1
1775117380945735,0,0,-1
1775117380965757,0,0,-1
1775117380985743,0,0,-1
1775117381005749,0,0,-1
1775117381025738,0,0,-1
1775117381045748,0,0,-1
1775117381065734,0,0,-1
1775117381085757,0,0,-1
1775117381105731,0,0,-1
1775117381125734,0,0,-1
1775117381145729,0,0,-1
1775117381165733,0,0,-1
1775117381185729,0,0,-1
1775117381205730,0,0,-1
1775117381225729,0,0,-1
1775117381245726,0,0,-1
1775117381265729,0,0,-1
1775117381285730,0,0,-1
1775117381305727,0,0,-1
1775117381325730,0,0,-1
1775117381345733,0,0,-1
1775117381365737,0,0,-1
1775117381385732,0,0,-1
1775117381405727,0,0,-1
1775117381425730,0,0,-1
1775117381445732,0,0,-1
1775117381465731,0,0,-1
1775117381485729,0,0,-1
1775117381505732,0,0,-1
1775117381525730,0,0,-1
1775117381545729,0,0,-1
1775117381565749,0,0,-1
1775117381585728,0,0,-1
1775117381605728,0,0,-1
1775117381625731,0,0,-1
1775117381645727,0,0,-1
1775117381665734,0,0,-1
1775117381685729,0,0,-1
1775117381705735,0,0,-1
1775117381725730,0,0,-1
1775117381745729,0,0,-1
1775117381765735,0,0,-1
1775117381785730,0,0,-1
1775117381805729,0,0,-1
1775117381825729,0,0,-1
1775117381845736,0,0,-1
1775117381865729,0,0,-1
1775117381885731,0,0,-1
1775117381905727,0,0,-1
1775117381925730,0,0,-1
1775117381945744,0,0,-1
1775117381965786,0,0,-1
1775117381985768,0,0,-1
1775117382005733,0,0,-1
1775117382025732,0,0,-1
1775117382045740,0,0,-1
1775117382065735,0,0,-1
1775117382085733,0,0,-1
1775117382105730,0,0,-1
1775117382125733,0,0,-1
1775117382145732,0,0,-1
1775117382165728,0,0,-1
1775117382185728,0,0,-1
1775117382205729,0,0,-1
1775117382225728,0,0,-1
1775117382245728,0,0,-1
1775117382265727,0,0,-1
1775117382285728,0,0,-1
1775117382305735,0,0,-1
1775117382325730,0,0,-1
1775117382345739,0,0,-1
1775117382365739,0,0,-1
1775117382385734,0,0,-1
1775117382405737,0,0,-1
1775117382425742,0,0,-1
1775117382445734,0,0,-1
1775117382465731,0,0,-1
1775117382485731,0,0,-1
1775117382505788,0,0,-1
1775117382525734,0,0,-1
1775117382545729,0,0,-1
1775117382565738,0,0,-1
1775117382585734,0,0,-1
1775117382605733,0,0,-1
1775117382625732,0,0,-1
1775117382645745,0,0,-1
1775117382665734,0,0,-1
1775117382685733,0,0,-1
1775117382705732,0,0,-1
1775117382725731,0,0,-1
1775117382745735,0,0,-1
1775117382765728,0,0,-1
1775117382785729,0,0,-1
1775117382805728,0,0,-1
1775117382825729,0,0,-1
1775117382845747,0,0,-1
1775117382873857,0,0,-1
1775117382885732,0,0,-1
1775117382905732,0,0,-1
1775117382925737,0,0,-1
1775117382945740,0,0,-1
1775117382965741,0,0,-1
1775117382985737,0,0,-1
1775117383005737,0,0,-1
1775117383025738,0,0,-1
1775117383045728,0,0,-1
1775117383065732,0,0,-1
1775117383085728,0,0,-1
1775117383105728,0,0,-1
1775117383125732,0,0,-1
1775117383145728,0,0,-1
1775117383165732,0,0,-1
1775117383185732,0,0,-1
1775117383205756,0,0,-1
1775117383225729,0,0,-1
1775117383245793,0,0,-1
1775117383265732,0,0,-1
1775117383285755,0,0,-1
1775117383305728,0,0,-1
1775117383325728,0,0,-1
1775117383345738,0,0,-1
1775117383365730,0,0,-1
1775117383385739,0,0,-1
1775117383405729,0,0,-1
1775117383425730,0,0,-1
1775117383445736,0,0,-1
1775117383465982,0,0,-1
1775117383485729,0,0,-1
1775117383505730,0,0,-1
1775117383525918,0,0,-1
1775117383545729,0,0,-1
1775117383565734,0,0,-1
1775117383585728,0,0,-1
1775117383605728,0,0,-1
1775117383625729,0,0,-1
1775117383645729,0,0,-1
1775117383665733,0,0,-1
1775117383685729,0,0,-1
1775117383705730,0,0,-1
1775117383725729,0,0,-1
1775117383745732,0,0,-1
1775117383765730,0,0,-1
1775117383785730,0,0,-1
1775117383805728,0,0,-1
1775117383825730,0,0,-1
1775117383845740,0,0,-1
1775117383865733,0,0,-1
1775117383885731,0,0,-1
1775117383905728,0,0,-1
1775117383925731,0,0,-1
1775117383945737,0,0,-1
1775117383965808,0,0,-1
1775117383985732,0,0,-1
1775117384005756,0,0,-1
1775117384025741,0,0,-1
1775117384045742,0,0,-1
1775117384065743,0,0,-1
1775117384085739,0,0,-1
1775117384105741,0,0,-1
1775117384125733,0,0,-1
1775117384145729,0,0,-1
1775117384165730,0,0,-1
1775117384185729,0,0,-1
1775117384205729,0,0,-1
1775117384225733,0,0,-1
1775117384245729,0,0,-1
1775117384265736,0,0,-1
1775117384285728,0,0,-1
1775117384305730,0,0,-1
1775117384325728,0,0,-1
1775117384345735,0,0,-1
1775117384365734,0,0,-1
1775117384385733,0,0,-1
1775117384405741,0,0,-1
1775117384425734,0,0,-1
1775117384445735,0,0,-1
1775117384465789,0,0,-1
1775117384485733,0,0,-1
1775117384505735,0,0,-1
1775117384525734,0,0,-1
1775117384545735,0,0,-1
1775117384565731,0,0,-1
1775117384585729,0,0,-1
1775117384605732,0,0,-1
1775117384625726,0,0,-1
1775117384645728,0,0,-1
1775117384665733,0,0,-1
1775117384685730,0,0,-1
1775117384705730,0,0,-1
1775117384725729,0,0,-1
1775117384745728,0,0,-1
1775117384765734,0,0,-1
1775117384785730,0,0,-1
1775117384805732,0,0,-1
1775117384825732,0,0,-1
1775117384845780,0,0,-1
1775117384865760,0,0,-1
1775117384885732,0,0,-1
1775117384905732,0,0,-1
1775117384925732,0,0,-1
1775117384945735,0,0,-1
1775117384965740,0,0,-1
1775117384985732,0,0,-1
1775117385005730,0,0,-1
1775117385025729,0,0,-1
1775117385045736,0,0,-1
1775117385065730,0,0,-1
1775117385085731,0,0,-1
1775117385105734,0,0,-1
1775117385125728,0,0,-1
1775117385145729,0,0,-1
1775117385165738,0,0,-1
1775117385185729,0,0,-1
1775117385205728,0,0,-1
1775117385225732,0,0,-1
1775117385245730,0,0,-1
1775117385265730,0,0,-1
1775117385285730,0,0,-1
1775117385305731,0,0,-1
1775117385325732,0,0,-1
1775117385345737,0,0,-1
1775117385365747,0,0,-1
1775117385385872,0,0,-1
1775117385405733,0,0,-1
1775117385425744,0,0,-1
1775117385445740,0,0,-1
1775117385465780,0,0,-1
1775117385485738,0,0,-1
1775117385505745,0,0,-1
1775117385525739,0,0,-1
1775117385545741,0,0,-1
1775117385565746,0,0,-1
1775117385585734,0,0,-1
1775117385605731,0,0,-1
1775117385625734,0,0,-1
1775117385645734,0,0,-1
1775117385665739,0,0,-1
1775117385685728,0,0,-1
1775117385705728,0,0,-1
1775117385725742,0,0,-1
1775117385745737,0,0,-1
1775117385765738,0,0,-1
1775117385785735,0,0,-1
1775117385805737,0,0,-1
1775117385825739,0,0,-1
1775117385845737,0,0,-1
1775117385865737,0,0,-1
1775117385885732,0,0,-1
1775117385905730,0,0,-1
1775117385925731,0,0,-1
1775117385945734,0,0,-1
1775117385965729,0,0,-1
1775117385985728,0,0,-1
1775117386005749,0,0,-1
1775117386025730,0,0,-1
1775117386045734,0,0,-1
1775117386065728,0,0,-1
1775117386085727,0,0,-1
1775117386105729,0,0,-1
1775117386125730,0,0,-1
1775117386145732,0,0,-1
1775117386165738,0,0,-1
1775117386185728,0,0,-1
1775117386205729,0,0,-1
1775117386225728,0,0,-1
1775117386245729,0,0,-1
1775117386265732,0,0,-1
1775117386285728,0,0,-1
1775117386305727,0,0,-1
1775117386325729,0,0,-1
1775117386345735,0,0,-1
1775117386365735,0,0,-1
1775117386385733,0,0,-1
1775117386405732,0,0,-1
1775117386425732,0,0,-1
1775117386445729,0,0,-1
1775117386465739,0,0,-1
1775117386485741,0,0,-1
1775117386505735,0,0,-1
1775117386525729,0,0,-1
1775117386545734,0,0,-1
1775117386565727,0,0,-1
1775117386585730,0,0,-1
1775117386605728,0,0,-1
1775117386625731,0,0,-1
1775117386645740,0,0,-1
1775117386665732,0,0,-1
1775117386685731,0,0,-1
1775117386705728,0,0,-1
1775117386725729,0,0,-1
1775117386745728,0,0,-1
1775117386765729,0,0,-1
1775117386785728,0,0,-1
1775117386805730,0,0,-1
1775117386825733,0,0,-1
1775117386845738,0,0,-1
1775117386865737,0,0,-1
1775117386885730,0,0,-1
1775117386905752,0,0,-1
1775117386925740,0,0,-1
1775117386945766,0,0,-1
1775117386965738,0,0,-1
1775117386985735,0,0,-1
1775117387005734,0,0,-1
1775117387025734,0,0,-1
1775117387045732,0,0,-1
1775117387065764,0,0,-1
1775117387085737,0,0,-1
1775117387105728,0,0,-1
1775117387125733,0,0,-1
1775117387145739,0,0,-1
1775117387165792,0,0,-1
1775117387185731,0,0,-1
1775117387205730,0,0,-1
1775117387225729,0,0,-1
1775117387245735,0,0,-1
1775117387265731,0,0,-1
1775117387285737,0,0,-1
1775117387305736,0,0,-1
1775117387325728,0,0,-1
1775117387345730,0,0,-1
1775117387365862,0,0,-1
1775117387385743,0,0,-1
1775117387405743,0,0,-1
1775117387425737,0,0,-1
1775117387445740,0,0,-1
1775117387465731,0,0,-1
1775117387485728,0,0,-1
1775117387505733,0,0,-1
1775117387525729,0,0,-1
1775117387545728,0,0,-1
1775117387565732,0,0,-1
1775117387585735,0,0,-1
1775117387605727,0,0,-1
1775117387625729,0,0,-1
1775117387645736,0,0,-1
1775117387665728,0,0,-1
1775117387685731,0,0,-1
1775117387705729,0,0,-1
1775117387725729,0,0,-1
1775117387745733,0,0,-1
1775117387765729,0,0,-1
1775117387785731,0,0,-1
1775117387805727,0,0,-1
1775117387825730,0,0,-1
1775117387845738,0,0,-1
1775117387865870,0,0,-1
1775117387897274,0,0,-1
1775117387905730,0,0,-1
1775117387925734,0,0,-1
1775117387945734,0,0,-1
1775117387965753,0,0,-1
1775117387985744,0,0,-1
1775117388005751,0,0,-1
1775117388025735,0,0,-1
1775117388045736,0,0,-1
1775117388065735,0,0,-1
1775117388085741,0,0,-1
1775117388105744,0,0,-1
1775117388125743,0,0,-1
1775117388145742,0,0,-1
1775117388165775,0,0,-1
1775117388185737,0,0,-1
1775117388205730,0,0,-1
1775117388225729,0,0,-1
1775117388245734,0,0,-1
1775117388265765,0,0,-1
1775117388285734,0,0,-1
1775117388305729,0,0,-1
1775117388325728,0,0,-1
1775117388345739,0,0,-1
1775117388365735,0,0,-1
1775117388385734,0,0,-1
1775117388405730,0,0,-1
1775117388425729,0,0,-1
1775117388445729,0,0,-1
1775117388465735,0,0,-1
1775117388485729,0,0,-1
1775117388505728,0,0,-1
1775117388525736,0,0,-1
1775117388545772,0,0,-1
1775117388565729,0,0,-1
1775117388585735,0,0,-1
1775117388605729,0,0,-1
1775117388625729,0,0,-1
1775117388645732,0,0,-1
1775117388665731,0,0,-1
1775117388685734,0,0,-1
1775117388705734,0,0,-1
1775117388725728,0,0,-1
1775117388745734,0,0,-1
1775117388765735,0,0,-1
1775117388785732,0,0,-1
1775117388805733,0,0,-1
1775117388825733,0,0,-1
1775117388845740,0,0,-1
1775117388865735,0,0,-1
1775117388885746,0,0,-1
1775117388905743,0,0,-1
1775117388925741,0,0,-1
1775117388945896,0,0,-1
1775117388965734,0,0,-1
1775117388985735,0,0,-1
1775117389005731,0,0,-1
1775117389025736,0,0,-1
1775117389045728,0,0,-1
1775117389065732,0,0,-1
1775117389085728,0,0,-1
1775117389105732,0,0,-1
1775117389125729,0,0,-1
1775117389145727,0,0,-1
1775117389165732,0,0,-1
1775117389185736,0,0,-1
1775117389205728,0,0,-1
1775117389225727,0,0,-1
1775117389245734,0,0,-1
1775117389265729,0,0,-1
1775117389285762,0,0,-1
1775117389305767,0,0,-1
1775117389325728,0,0,-1
1775117389345742,0,0,-1
1775117389365737,0,0,-1
1775117389385738,0,0,-1
1775117389405731,0,0,-1
1775117389425732,0,0,-1
1775117389445732,0,0,-1
1775117389465736,0,0,-1
1775117389485733,0,0,-1
1775117389505728,0,0,-1
1775117389525728,0,0,-1
1775117389545729,0,0,-1
1775117389565732,0,0,-1
1775117389585730,0,0,-1
1775117389605728,0,0,-1
1775117389625732,0,0,-1
1775117389645728,0,0,-1
1775117389665732,0,0,-1
1775117389685728,0,0,-1
1775117389705729,0,0,-1
1775117389725729,0,0,-1
1775117389745728,0,0,-1
1775117389765729,0,0,-1
1775117389785733,0,0,-1
1775117389805729,0,0,-1
1775117389825730,0,0,-1
1775117389845740,0,0,-1
1775117389865739,0,0,-1
1775117389885736,0,0,-1
1775117389905734,0,0,-1
1775117389925738,0,0,-1
1775117389945737,0,0,-1
1775117389965740,0,0,-1
1775117389985735,0,0,-1
1775117390005785,0,0,-1
1775117390025736,0,0,-1
1775117390045731,0,0,-1
1775117390065736,0,0,-1
1775117390085733,0,0,-1
1775117390105729,0,0,-1
1775117390125730,0,0,-1
1775117390145728,0,0,-1
1775117390165880,0,0,-1
1775117390185730,0,0,-1
1775117390205730,0,0,-1
1775117390225738,0,0,-1
1775117390245731,0,0,-1
1775117390265735,0,0,-1
1775117390285729,0,0,-1
1775117390305732,0,0,-1
1775117390325727,0,0,-1
1775117390345737,0,0,-1
1775117390365735,0,0,-1
1775117390385735,0,0,-1
1775117390405731,0,0,-1
1775117390425734,0,0,-1
1775117390445738,0,0,-1
1775117390465743,0,0,-1
1775117390485865,0,0,-1
1775117390505738,0,0,-1
1775117390525732,0,0,-1
1775117390545737,0,0,-1
1775117390565728,0,0,-1
1775117390585730,0,0,-1
1775117390605727,0,0,-1
1775117390625728,0,0,-1
1775117390645728,0,0,-1
1775117390665734,0,0,-1
1775117390685727,0,0,-1
1775117390705730,0,0,-1
1775117390725733,0,0,-1
1775117390745729,0,0,-1
1775117390765736,0,0,-1
1775117390785729,0,0,-1
1775117390805728,0,0,-1
1775117390825745,0,0,-1
1775117390845739,0,0,-1
1775117390865734,0,0,-1
1775117390885742,0,0,-1
1775117390905731,0,0,-1
1775117390925730,0,0,-1
1775117390945735,0,0,-1
1775117390965738,0,0,-1
1775117390985732,0,0,-1
1775117391005728,0,0,-1
1775117391025730,0,0,-1
1775117391045734,0,0,-1
1775117391065730,0,0,-1
1775117391085735,0,0,-1
1775117391105730,0,0,-1
1775117391125730,0,0,-1
1775117391145743,0,0,-1
1775117391165732,0,0,-1
1775117391185729,0,0,-1
1775117391205732,0,0,-1
1775117391225731,0,0,-1
1775117391245730,0,0,-1
1775117391265733,0,0,-1
1775117391285738,0,0,-1
1775117391305746,0,0,-1
1775117391325733,0,0,-1
1775117391345789,0,0,-1
1775117391365760,0,0,-1
1775117391386070,0,0,-1
1775117391425695,0,0,-1
1775117391427094,0,0,-1
1775117391445757,0,0,-1
1775117391465737,0,0,-1
1775117391485745,0,0,-1
1775117391505730,0,0,-1
1775117391525731,0,0,-1
1775117391545755,0,0,-1
1775117391565753,0,0,-1
1775117391585728,0,0,-1
1775117391605729,0,0,-1
1775117391625734,0,0,-1
1775117391645734,0,0,-1
1775117391665728,0,0,-1
1775117391685731,0,0,-1
1775117391705730,0,0,-1
1775117391725731,0,0,-1
1775117391745730,0,0,-1
1775117391765734,0,0,-1
1775117391785731,0,0,-1
1775117391805729,0,0,-1
1775117391825728,0,0,-1
1775117391845735,0,0,-1
1775117391865733,0,0,-1
1775117391885730,0,0,-1
1775117391905729,0,0,-1
1775117391925741,0,0,-1
1775117391945730,0,0,-1
1775117391965738,0,0,-1
1775117391985727,0,0,-1
1775117392005737,0,0,-1
1775117392025734,0,0,-1
1775117392045734,0,0,-1
1775117392065744,0,0,-1
1775117392085740,0,0,-1
1775117392105738,0,0,-1
1775117392125735,0,0,-1
1775117392145744,0,0,-1
1775117392165733,0,0,-1
1775117392185731,0,0,-1
1775117392205731,0,0,-1
1775117392225729,0,0,-1
1775117392245734,0,0,-1
1775117392265729,0,0,-1
1775117392285730,0,0,-1
1775117392305734,0,0,-1
1775117392325734,0,0,-1
1775117392345745,0,0,-1
1775117392365734,0,0,-1
1775117392385730,0,0,-1
1775117392405734,0,0,-1
1775117392425740,0,0,-1
1775117392445742,0,0,-1
1775117392465740,0,0,-1
1775117392485740,0,0,-1
1775117392505744,0,0,-1
1775117392525748,0,0,-1
1775117392545733,0,0,-1
1775117392565737,0,0,-1
1775117392585733,0,0,-1
1775117392605734,0,0,-1
1775117392625731,0,0,-1
1775117392645729,0,0,-1
1775117392665731,0,0,-1
1775117392685730,0,0,-1
1775117392705729,0,0,-1
1775117392725728,0,0,-1
1775117392745734,0,0,-1
1775117392765730,0,0,-1
1775117392785731,0,0,-1
1775117392805729,0,0,-1
1775117392825729,0,0,-1
1775117392845715,0,0,-1
1775117392865760,0,0,-1
1775117392885734,0,0,-1
1775117392905737,0,0,-1
1775117392925730,0,0,-1
1775117392945728,0,0,-1
1775117392965735,0,0,-1
1775117392985730,0,0,-1
1775117393005732,0,0,-1
1775117393025749,0,0,-1
1775117393045729,0,0,-1
1775117393065732,0,0,-1
1775117393085727,0,0,-1
1775117393105728,0,0,-1
1775117393125732,0,0,-1
1775117393145728,0,0,-1
1775117393165735,0,0,-1
1775117393185732,0,0,-1
1775117393205731,0,0,-1
1775117393225729,0,0,-1
1775117393245732,0,0,-1
1775117393265728,0,0,-1
1775117393285728,0,0,-1
1775117393305726,0,0,-1
1775117393325730,0,0,-1
1775117393345756,0,0,-1
1775117393365733,0,0,-1
1775117393385734,0,0,-1
1775117393405729,0,0,-1
1775117393425728,0,0,-1
1775117393445745,0,0,-1
1775117393465748,0,0,-1
1775117393485734,0,0,-1
1775117393505742,0,0,-1
1775117393525740,0,0,-1
1775117393545734,0,0,-1
1775117393565732,0,0,-1
1775117393585753,0,0,-1
1775117393605728,0,0,-1
1775117393625730,0,0,-1
1775117393645758,0,0,-1
1775117393665732,0,0,-1
1775117393685729,0,0,-1
1775117393705731,0,0,-1
1775117393725736,0,0,-1
1775117393745732,0,0,-1
1775117393765728,0,0,-1
1775117393785732,0,0,-1
1775117393805728,0,0,-1
1775117393825728,0,0,-1
1775117393845745,0,0,-1
1775117393865731,0,0,-1
1775117393885731,0,0,-1
1775117393905737,0,0,-1
1775117393925730,0,0,-1
1775117393945752,0,0,-1
1775117393965730,0,0,-1
1775117393985731,0,0,-1
1775117394005735,0,0,-1
1775117394025727,0,0,-1
1775117394045729,0,0,-1
1775117394065736,0,0,-1
1775117394085729,0,0,-1
1775117394105729,0,0,-1
1775117394125733,0,0,-1
1775117394145728,0,0,-1
1775117394165736,0,0,-1
1775117394185728,0,0,-1
1775117394205730,0,0,-1
1775117394225731,0,0,-1
1775117394245735,0,0,-1
1775117394265733,0,0,-1
1775117394285731,0,0,-1
1775117394305727,0,0,-1
1775117394325729,0,0,-1
1775117394345744,0,0,-1
1775117394365763,0,0,-1
1775117394385734,0,0,-1
1775117394405733,0,0,-1
1775117394425782,0,0,-1
1775117394445752,0,0,-1
1775117394465739,0,0,-1
1775117394485741,0,0,-1
1775117394505746,0,0,-1
1775117394525828,0,0,-1
1775117394545739,0,0,-1
1775117394565733,0,0,-1
1775117394585729,0,0,-1
1775117394605730,0,0,-1
1775117394625728,0,0,-1
1775117394645732,0,0,-1
1775117394665734,0,0,-1
1775117394685726,0,0,-1
1775117394705731,0,0,-1
1775117394725808,0,0,-1
1775117394745727,0,0,-1
1775117394765730,0,0,-1
1775117394785729,0,0,-1
1775117394805729,0,0,-1
1775117394825732,0,0,-1
1775117394845752,0,0,-1
1775117394865790,0,0,-1
1775117394885734,0,0,-1
1775117394905736,0,0,-1
1775117394925738,0,0,-1
1775117394945734,0,0,-1
1775117394965740,0,0,-1
1775117394985736,0,0,-1
1775117395005733,0,0,-1
1775117395025709,0,0,-1
1775117395045732,0,0,-1
1775117395065730,0,0,-1
1775117395085731,0,0,-1
1775117395105728,0,0,-1
1775117395125731,0,0,-1
1775117395145732,0,0,-1
1775117395165729,0,0,-1
1775117395185728,0,0,-1
1775117395205742,0,0,-1
1775117395225743,0,0,-1
1775117395245736,0,0,-1
1775117395265729,0,0,-1
1775117395285730,0,0,-1
1775117395305734,0,0,-1
1775117395325730,0,0,-1
1775117395345731,0,0,-1
1775117395365738,0,0,-1
1775117395385732,0,0,-1
1775117395405740,0,0,-1
1775117395425741,0,0,-1
1775117395445744,0,0,-1
1775117395465735,0,0,-1
1775117395485730,0,0,-1
1775117395505736,0,0,-1
1775117395525734,0,0,-1
1775117395545733,0,0,-1
1775117395565729,0,0,-1
1775117395585729,0,0,-1
1775117395605729,0,0,-1
1775117395625733,0,0,-1
1775117395645746,0,0,-1
1775117395665748,0,0,-1
1775117395685734,0,0,-1
1775117395705743,0,0,-1
1775117395725737,0,0,-1
1775117395745742,0,0,-1
1775117395765736,0,0,-1
1775117395785735,0,0,-1
1775117395805730,0,0,-1
1775117395825778,0,0,-1
1775117395845730,0,0,-1
1775117395865735,0,0,-1
1775117395885733,0,0,-1
1775117395905738,0,0,-1
1775117395925732,0,0,-1
1775117395945730,0,0,-1
1775117395965800,0,0,-1
1775117395985733,0,0,-1
1775117396005729,0,0,-1
1775117396025730,0,0,-1
1775117396045731,0,0,-1
1775117396065751,0,0,-1
1775117396085729,0,0,-1
1775117396105731,0,0,-1
1775117396125729,0,0,-1
1775117396145737,0,0,-1
1775117396165729,0,0,-1
1775117396185729,0,0,-1
1775117396205731,0,0,-1
1775117396225731,0,0,-1
1775117396245740,0,0,-1
1775117396265734,0,0,-1
1775117396285731,0,0,-1
1775117396305735,0,0,-1
1775117396325731,0,0,-1
1775117396345732,0,0,-1
1775117396365735,0,0,-1
1775117396385735,0,0,-1
1775117396405738,0,0,-1
1775117396425735,0,0,-1
1775117396445733,0,0,-1
1775117396465775,0,0,-1
1775117396485739,0,0,-1
1775117396505739,0,0,-1
1775117396525730,0,0,-1
1775117396545732,0,0,-1
1775117396565777,0,0,-1
1775117396585735,0,0,-1
1775117396605728,0,0,-1
1775117396625728,0,0,-1
1775117396645733,0,0,-1
1775117396665727,0,0,-1
1775117396685728,0,0,-1
1775117396705729,0,0,-1
1775117396725732,0,0,-1
1775117396745735,0,0,-1
1775117396765736,0,0,-1
1775117396785734,0,0,-1
1775117396805726,0,0,-1
1775117396825729,0,0,-1
1775117396845735,0,0,-1
1775117396865737,0,0,-1
1775117396885733,0,0,-1
1775117396905743,0,0,-1
1775117396925738,0,0,-1
1775117396945740,0,0,-1
1775117396965743,0,0,-1
1775117396985736,0,0,-1
1775117397005735,0,0,-1
1775117397025748,0,0,-1
1775117397045727,0,0,-1
1775117397065735,0,0,-1
1775117397085730,0,0,-1
1775117397105732,0,0,-1
1775117397125729,0,0,-1
1775117397145729,0,0,-1
1775117397165730,0,0,-1
1775117397185732,0,0,-1
1775117397205731,0,0,-1
1775117397225729,0,0,-1
1775117397245742,0,0,-1
1775117397265728,0,0,-1
1775117397285693,0,0,-1
1775117397305729,0,0,-1
1775117397325730,0,0,-1
1775117397345733,0,0,-1
1775117397365854,0,0,-1
1775117397385732,0,0,-1
1775117397405736,0,0,-1
1775117397425735,0,0,-1
1775117397445737,0,0,-1
1775117397465738,0,0,-1
1775117397485734,0,0,-1
1775117397505745,0,0,-1
1775117397525743,0,0,-1
1775117397545738,0,0,-1
1775117397565741,0,0,-1
1775117397585736,0,0,-1
1775117397605734,0,0,-1
1775117397625734,0,0,-1
1775117397645728,0,0,-1
1775117397665731,0,0,-1
1775117397685741,0,0,-1
1775117397705728,0,0,-1
1775117397725731,0,0,-1
1775117397745742,0,0,-1
1775117397765734,0,0,-1
1775117397785737,0,0,-1
1775117397805729,0,0,-1
1775117397825729,0,0,-1
1775117397845740,0,0,-1
1775117397865735,0,0,-1
1775117397885740,0,0,-1
1775117397905737,0,0,-1
1775117397925737,0,0,-1
1775117397945731,0,0,-1
1775117397965730,0,0,-1
1775117397985732,0,0,-1
1775117398005735,0,0,-1
1775117398025729,0,0,-1
1775117398045729,0,0,-1
1775117398065732,0,0,-1
1775117398085727,0,0,-1
1775117398105727,0,0,-1
1775117398125732,0,0,-1
1775117398145730,0,0,-1
1775117398165730,0,0,-1
1775117398185729,0,0,-1
1775117398205728,0,0,-1
1775117398225729,0,0,-1
1775117398245728,0,0,-1
1775117398265734,0,0,-1
1775117398285734,0,0,-1
1775117398305729,0,0,-1
1775117398325727,0,0,-1
1775117398345734,0,0,-1
1775117398365735,0,0,-1
1775117398385731,0,0,-1
1775117398405732,0,0,-1
1775117398425736,0,0,-1
1775117398445740,0,0,-1
1775117398465740,0,0,-1
1775117398485728,0,0,-1
1775117398505737,0,0,-1
1775117398525735,0,0,-1
1775117398545734,0,0,-1
1775117398565731,0,0,-1
1775117398585729,0,0,-1
1775117398605732,0,0,-1
1775117398625730,0,0,-1
1775117398645728,0,0,-1
1775117398665763,0,0,-1
1775117398685728,0,0,-1
1775117398705728,0,0,-1
1775117398725730,0,0,-1
1775117398745733,0,0,-1
1775117398765737,0,0,-1
1775117398785733,0,0,-1
1775117398805728,0,0,-1
1775117398825731,0,0,-1
1775117398845729,0,0,-1
1775117398865738,0,0,-1
1775117398885733,0,0,-1
1775117398905734,0,0,-1
1775117398925732,0,0,-1
1775117398945731,0,0,-1
1775117398965738,0,0,-1
1775117398985729,0,0,-1
1775117399005731,0,0,-1
1775117399025778,0,0,-1
1775117399045733,0,0,-1
1775117399065740,0,0,-1
1775117399085736,0,0,-1
1775117399105800,0,0,-1
1775117399125759,0,0,-1
1775117399145751,0,0,-1
1775117399165738,0,0,-1
1775117399185742,0,0,-1
1775117399205743,0,0,-1
1775117399225742,0,0,-1
1775117399245751,0,0,-1
1775117399265735,0,0,-1
1775117399285729,0,0,-1
1775117399305729,0,0,-1
1775117399325730,0,0,-1
1775117399345733,0,0,-1
1775117399365733,0,0,-1
1775117399385736,0,0,-1
1775117399405733,0,0,-1
1775117399425739,0,0,-1
1775117399445739,0,0,-1
1775117399465734,0,0,-1
1775117399485736,0,0,-1
1775117399505730,0,0,-1
1775117399525735,0,0,-1
1775117399545736,0,0,-1
1775117399565730,0,0,-1
1775117399585731,0,0,-1
1775117399605732,0,0,-1
1775117399625728,0,0,-1
1775117399645735,0,0,-1
1775117399665733,0,0,-1
1775117399685728,0,0,-1
1775117399705731,0,0,-1
1775117399725740,0,0,-1
1775117399745730,0,0,-1
1775117399765732,0,0,-1
1775117399785728,0,0,-1
1775117399805727,0,0,-1
1775117399825730,0,0,-1
1775117399845729,0,0,-1
1775117399865741,0,0,-1
1775117399885762,0,0,-1
1775117399905739,0,0,-1
1775117399925737,0,0,-1
1775117399945740,0,0,-1
1775117399965735,0,0,-1
1775117399985740,0,0,-1
1775117400005732,0,0,-1
1775117400025734,0,0,-1
1775117400045731,0,0,-1
1775117400065731,0,0,-1
1775117400085734,0,0,-1
1775117400105730,0,0,-1
1775117400125733,0,0,-1
1775117400145731,0,0,-1
1775117400165737,0,0,-1
1775117400185733,0,0,-1
1775117400205732,0,0,-1
1775117400225734,0,0,-1
1775117400245731,0,0,-1
1775117400265739,0,0,-1
1775117400285692,0,0,-1
1775117400305732,0,0,-1
1775117400325736,0,0,-1
1775117400345730,0,0,-1
1775117400365744,0,0,-1
1775117400385737,0,0,-1
1775117400405738,0,0,-1
1775117400425744,0,0,-1
1775117400445745,0,0,-1
1775117400465741,0,0,-1
1775117400485737,0,0,-1
1775117400505735,0,0,-1
1775117400525729,0,0,-1
1775117400545777,0,0,-1
1775117400565729,0,0,-1
1775117400585729,0,0,-1
1775117400605726,0,0,-1
1775117400625728,0,0,-1
1775117400645733,0,0,-1
1775117400665728,0,0,-1
1775117400685729,0,0,-1
1775117400705732,0,0,-1
1775117400725727,0,0,-1
1775117400745729,0,0,-1
1775117400765735,0,0,-1
1775117400785727,0,0,-1
1775117400805729,0,0,-1
1775117400825732,0,0,-1
1775117400845732,0,0,-1
1775117400865740,0,0,-1
1775117400885732,0,0,-1
1775117400905741,0,0,-1
1775117400925736,0,0,-1
1775117400945732,0,0,-1
1775117400965734,0,0,-1
1775117400985859,0,0,-1
1775117401005732,0,0,-1
1775117401025730,0,0,-1
1775117401045740,0,0,-1
1775117401065729,0,0,-1
1775117401085730,0,0,-1
1775117401105732,0,0,-1
1775117401125733,0,0,-1
1775117401145735,0,0,-1
1775117401165734,0,0,-1
1775117401185728,0,0,-1
1775117401205733,0,0,-1
1775117401225734,0,0,-1
1775117401245730,0,0,-1
1775117401265738,0,0,-1
1775117401285731,0,0,-1
1775117401305729,0,0,-1
1775117401325737,0,0,-1
1775117401345729,0,0,-1
1775117401365738,0,0,-1
1775117401385737,0,0,-1
1775117401405733,0,0,-1
1775117401425742,0,0,-1
1775117401445742,0,0,-1
1775117401465748,0,0,-1
1775117401485732,0,0,-1
1775117401505737,0,0,-1
1775117401525735,0,0,-1
1775117401545730,0,0,-1
1775117401565734,0,0,-1
1775117401585734,0,0,-1
1775117401605728,0,0,-1
1775117401625728,0,0,-1
1775117401645755,0,0,-1
1775117401665755,0,0,-1
1775117401685761,0,0,-1
1775117401705728,0,0,-1
1775117401725731,0,0,-1
1775117401745734,0,0,-1
1775117401765727,0,0,-1
1775117401785730,0,0,-1
1775117401805732,0,0,-1
1775117401825728,0,0,-1
1775117401845727,0,0,-1
1775117401865764,0,0,-1
1775117401885738,0,0,-1
1775117401905737,0,0,-1
1775117401925744,0,0,-1
1775117401945735,0,0,-1
1775117401965739,0,0,-1
1775117401985733,0,0,-1
1775117402005732,0,0,-1
1775117402025730,0,0,-1
1775117402045729,0,0,-1
1775117402065730,0,0,-1
1775117402085735,0,0,-1
1775117402105728,0,0,-1
1775117402125729,0,0,-1
1775117402145736,0,0,-1
1775117402165730,0,0,-1
1775117402185731,0,0,-1
1775117402205728,0,0,-1
1775117402225731,0,0,-1
1775117402245759,0,0,-1
1775117402265833,0,0,-1
1775117402285730,0,0,-1
1775117402305734,0,0,-1
1775117402325728,0,0,-1
1775117402345729,0,0,-1
1775117402365741,0,0,-1
1775117402385741,0,0,-1
1775117402405741,0,0,-1
1775117402425738,0,0,-1
1775117402445749,0,0,-1
1775117402465733,0,0,-1
1775117402485735,0,0,-1
1775117402505750,0,0,-1
1775117402525733,0,0,-1
1775117402545746,0,0,-1
1775117402565747,0,0,-1
1775117402585741,0,0,-1
1775117402605743,0,0,-1
1775117402625742,0,0,-1
1775117402645740,0,0,-1
1775117402665742,0,0,-1
1775117402685741,0,0,-1
1775117402705742,0,0,-1
1775117402725744,0,0,-1
1775117402745743,0,0,-1
1775117402765728,0,0,-1
1775117402785733,0,0,-1
1775117402805729,0,0,-1
1775117402825733,0,0,-1
1775117402845742,0,0,-1
1775117402865734,0,0,-1
1775117402885737,0,0,-1
1775117402905729,0,0,-1
1775117402925731,0,0,-1
1775117402945732,0,0,-1
1775117402965735,0,0,-1
1775117402985756,0,0,-1
1775117403005734,0,0,-1
1775117403025788,0,0,-1
1775117403045733,0,0,-1
1775117403065739,0,0,-1
1775117403085732,0,0,-1
1775117403105733,0,0,-1
1775117403125735,0,0,-1
1775117403145730,0,0,-1
1775117403165734,0,0,-1
1775117403185737,0,0,-1
1775117403205795,0,0,-1
1775117403225735,0,0,-1
1775117403245742,0,0,-1
1775117403265733,0,0,-1
1775117403285736,0,0,-1
1775117403305735,0,0,-1
1775117403325734,0,0,-1
1775117403345742,0,0,-1
1775117403365732,0,0,-1
1775117403385745,0,0,-1
1775117403405742,0,0,-1
1775117403425747,0,0,-1
1775117403445736,0,0,-1
1775117403465732,0,0,-1
1775117403485735,0,0,-1
1775117403505729,0,0,-1
1775117403525731,0,0,-1
1775117403545730,0,0,-1
1775117403565741,0,0,-1
1775117403585739,0,0,-1
1775117403605737,0,0,-1
1775117403625730,0,0,-1
1775117403645730,0,0,-1
1775117403665733,0,0,-1
1775117403685732,0,0,-1
1775117403705734,0,0,-1
1775117403725735,0,0,-1
1775117403745730,0,0,-1
1775117403765736,0,0,-1
1775117403785731,0,0,-1
1775117403805732,0,0,-1
1775117403825735,0,0,-1
1775117403845731,0,0,-1
1775117403865734,0,0,-1
1775117403885745,0,0,-1
1775117403905734,0,0,-1
1775117403925731,0,0,-1
1775117403945738,0,0,-1
1775117403965732,0,0,-1
1775117403985736,0,0,-1
1775117404005735,0,0,-1
1775117404025732,0,0,-1
1775117404045752,0,0,-1
1775117404065728,0,0,-1
1775117404085726,0,0,-1
1775117404105731,0,0,-1
1775117404125727,0,0,-1
1775117404145727,0,0,-1
1775117404165733,0,0,-1
1775117404185729,0,0,-1
1775117404205730,0,0,-1
1775117404225729,0,0,-1
1775117404245729,0,0,-1
1775117404265731,0,0,-1
1775117404285732,0,0,-1
1775117404305730,0,0,-1
1775117404325731,0,0,-1
1775117404345735,0,0,-1
1775117404365802,0,0,-1
1775117404385739,0,0,-1
1775117404405743,0,0,-1
1775117404425741,0,0,-1
1775117404445743,0,0,-1
1775117404465731,0,0,-1
1775117404485737,0,0,-1
1775117404505721,0,0,-1
1775117404525730,0,0,-1
1775117404545729,0,0,-1
1775117404565827,0,0,-1
1775117404594034,0,0,-1
1775117404605894,0,0,-1
1775117404625754,0,0,-1
1775117404645729,0,0,-1
1775117404665732,0,0,-1
1775117404685733,0,0,-1
1775117404705737,0,0,-1
1775117404725727,0,0,-1
1775117404745728,0,0,-1
1775117404765759,0,0,-1
1775117404785727,0,0,-1
1775117404805728,0,0,-1
1775117404825731,0,0,-1
1775117404845738,0,0,-1
1775117404865733,0,0,-1
1775117404885734,0,0,-1
1775117404905734,0,0,-1
1775117404925731,0,0,-1
1775117404945729,0,0,-1
1775117404965736,0,0,-1
1775117404985730,0,0,-1
1775117405005732,0,0,-1
1775117405025738,0,0,-1
1775117405045731,0,0,-1
1775117405065732,0,0,-1
1775117405085742,0,0,-1
1775117405105733,0,0,-1
1775117405125731,0,0,-1
1775117405145744,0,0,-1
1775117405165728,0,0,-1
1775117405185730,0,0,-1
1775117405205730,0,0,-1
1775117405225683,0,0,-1
1775117405245733,0,0,-1
1775117405265728,0,0,-1
1775117405285731,0,0,-1
1775117405305731,0,0,-1
1775117405325731,0,0,-1
1775117405345728,0,0,-1
1775117405365739,0,0,-1
1775117405385743,0,0,-1
1775117405405747,0,0,-1
1775117405425748,0,0,-1
1775117405445739,0,0,-1
1775117405465745,0,0,-1
1775117405485733,0,0,-1
1775117405505733,0,0,-1
1775117405525731,0,0,-1
1775117405545740,0,0,-1
1775117405565740,0,0,-1
1775117405585776,0,0,-1
1775117405605739,0,0,-1
1775117405625759,0,0,-1
1775117405645741,0,0,-1
1775117405665741,0,0,-1
1775117405685740,0,0,-1
1775117405705743,0,0,-1
1775117405725752,0,0,-1
1775117405745733,0,0,-1
1775117405765730,0,0,-1
1775117405785730,0,0,-1
1775117405805732,0,0,-1
1775117405825728,0,0,-1
1775117405845737,0,0,-1
1775117405865731,0,0,-1
1775117405885734,0,0,-1
1775117405905732,0,0,-1
1775117405925757,0,0,-1
1775117405945742,0,0,-1
1775117405965730,0,0,-1
1775117405985732,0,0,-1
1775117406005743,0,0,-1
1775117406025730,0,0,-1
1775117406045730,0,0,-1
1775117406065734,0,0,-1
1775117406085728,0,0,-1
1775117406105761,0,0,-1
1775117406125732,0,0,-1
1775117406145758,0,0,-1
1775117406165734,0,0,-1
1775117406185729,0,0,-1
1775117406205729,0,0,-1
1775117406225740,0,0,-1
1775117406245728,0,0,-1
1775117406265733,0,0,-1
1775117406285732,0,0,-1
1775117406305762,0,0,-1
1775117406325728,0,0,-1
1775117406345730,0,0,-1
1775117406365862,0,0,-1
1775117406385767,0,0,-1
1775117406405738,0,0,-1
1775117406425749,0,0,-1
1775117406445770,0,0,-1
1775117406465730,0,0,-1
1775117406485732,0,0,-1
1775117406505727,0,0,-1
1775117406525733,0,0,-1
1775117406545742,0,0,-1
1775117406565741,0,0,-1
1775117406585732,0,0,-1
1775117406605733,0,0,-1
1775117406625729,0,0,-1
1775117406645729,0,0,-1
1775117406665734,0,0,-1
1775117406685735,0,0,-1
1775117406705732,0,0,-1
1775117406725727,0,0,-1
1775117406745729,0,0,-1
1775117406765752,0,0,-1
1775117406785727,0,0,-1
1775117406805727,0,0,-1
1775117406825737,0,0,-1
1775117406845738,0,0,-1
1775117406865742,0,0,-1
1775117406885741,0,0,-1
1775117406905735,0,0,-1
1775117406925734,0,0,-1
1775117406945732,0,0,-1
1775117406965730,0,0,-1
1775117406985737,0,0,-1
1775117407005731,0,0,-1
1775117407025730,0,0,-1
1775117407045735,0,0,-1
1775117407065733,0,0,-1
1775117407085731,0,0,-1
1775117407105730,0,0,-1
1775117407125728,0,0,-1
1775117407145738,0,0,-1
1775117407165739,0,0,-1
1775117407185729,0,0,-1
1775117407205727,0,0,-1
1775117407225728,0,0,-1
1775117407245816,0,0,-1
1775117407265732,0,0,-1
1775117407285728,0,0,-1
1775117407305733,0,0,-1
1775117407325732,0,0,-1
1775117407345729,0,0,-1
1775117407365743,0,0,-1
1775117407385744,0,0,-1
1775117407405739,0,0,-1
1775117407425736,0,0,-1
1775117407445735,0,0,-1
1775117407465739,0,0,-1
1775117407485732,0,0,-1
1775117407505730,0,0,-1
1775117407525729,0,0,-1
1775117407545733,0,0,-1
1775117407565742,0,0,-1
1775117407585736,0,0,-1
1775117407605731,0,0,-1
1775117407625730,0,0,-1
1775117407645729,0,0,-1
1775117407665737,0,0,-1
1775117407685731,0,0,-1
1775117407705727,0,0,-1
1775117407725727,0,0,-1
1775117407745733,0,0,-1
1775117407765736,0,0,-1
1775117407785739,0,0,-1
1775117407805728,0,0,-1
1775117407825729,0,0,-1
1775117407845731,0,0,-1
1775117407865733,0,0,-1
1775117407885742,0,0,-1
1775117407905747,0,0,-1
1775117407925735,0,0,-1
1775117407945745,0,0,-1
1775117407965735,0,0,-1
1775117407985731,0,0,-1
1775117408005730,0,0,-1
1775117408025731,0,0,-1
1775117408045730,0,0,-1
1775117408065735,0,0,-1
1775117408085732,0,0,-1
1775117408105731,0,0,-1
1775117408125733,0,0,-1
1775117408145729,0,0,-1
1775117408165728,0,0,-1
1775117408185821,0,0,-1
1775117408205727,0,0,-1
1775117408225728,0,0,-1
1775117408245731,0,0,-1
1775117408265728,0,0,-1
1775117408285707,0,0,-1
1775117408305759,0,0,-1
1775117408325734,0,0,-1
1775117408345737,0,0,-1
1775117408365751,0,0,-1
1775117408385741,0,0,-1
1775117408405737,0,0,-1
1775117408425739,0,0,-1
1775117408445734,0,0,-1
1775117408465741,0,0,-1
1775117408485743,0,0,-1
1775117408505733,0,0,-1
1775117408525731,0,0,-1
1775117408545743,0,0,-1
1775117408565746,0,0,-1
1775117408585741,0,0,-1
1775117408605734,0,0,-1
1775117408625730,0,0,-1
1775117408645731,0,0,-1
1775117408665734,0,0,-1
1775117408685737,0,0,-1
1775117408705737,0,0,-1
1775117408725741,0,0,-1
1775117408745741,0,0,-1
1775117408765743,0,0,-1
1775117408785745,0,0,-1
1775117408805739,0,0,-1
1775117408825732,0,0,-1
1775117408845730,0,0,-1
1775117408865738,0,0,-1
1775117408885742,0,0,-1
1775117408905737,0,0,-1
1775117408925734,0,0,-1
1775117408945733,0,0,-1
1775117408965734,0,0,-1
1775117408985766,0,0,-1
1775117409005731,0,0,-1
1775117409025740,0,0,-1
1775117409045733,0,0,-1
1775117409065735,0,0,-1
1775117409085731,0,0,-1
1775117409105735,0,0,-1
1775117409125733,0,0,-1
1775117409145735,0,0,-1
1775117409165735,0,0,-1
1775117409185730,0,0,-1
1775117409205730,0,0,-1
1775117409225729,0,0,-1
1775117409245728,0,0,-1
1775117409265731,0,0,-1
1775117409285728,0,0,-1
1775117409305730,0,0,-1
1775117409325729,0,0,-1
1775117409345729,0,0,-1
1775117409365737,0,0,-1
1775117409385745,0,0,-1
1775117409405736,0,0,-1
1775117409425736,0,0,-1
1775117409445736,0,0,-1
1775117409465734,0,0,-1
1775117409485728,0,0,-1
1775117409505729,0,0,-1
1775117409525729,0,0,-1
1775117409545730,0,0,-1
1775117409565747,0,0,-1
1775117409585763,0,0,-1
1775117409605738,0,0,-1
1775117409625734,0,0,-1
1775117409645728,0,0,-1
1775117409665731,0,0,-1
1775117409685734,0,0,-1
1775117409705730,0,0,-1
1775117409725729,0,0,-1
1775117409745733,0,0,-1
1775117409765730,0,0,-1
1775117409785731,0,0,-1
1775117409805729,0,0,-1
1775117409825731,0,0,-1
1775117409845744,0,0,-1
1775117409865741,0,0,-1
1775117409885735,0,0,-1
1775117409905733,0,0,-1
1775117409925734,0,0,-1
1775117409945732,0,0,-1
1775117409965740,0,0,-1
1775117409985736,0,0,-1
1775117410005735,0,0,-1
1775117410025734,0,0,-1
1775117410045731,0,0,-1
1775117410065735,0,0,-1
1775117410085729,0,0,-1
1775117410105730,0,0,-1
1775117410125734,0,0,-1
1775117410145730,0,0,-1
1775117410165755,0,0,-1
1775117410185726,0,0,-1
1775117410205729,0,0,-1
1775117410225731,0,0,-1
1775117410245729,0,0,-1
1775117410265732,0,0,-1
1775117410285729,0,0,-1
1775117410305726,0,0,-1
1775117410325730,0,0,-1
1775117410345736,0,0,-1
1775117410365739,0,0,-1
1775117410385748,0,0,-1
1775117410405739,0,0,-1
1775117410425741,0,0,-1
1775117410445739,0,0,-1
1775117410465731,0,0,-1
1775117410485734,0,0,-1
1775117410505705,0,0,-1
1775117410525735,0,0,-1
1775117410545738,0,0,-1
1775117410565750,0,0,-1
1775117410585735,0,0,-1
1775117410605736,0,0,-1
1775117410625728,0,0,-1
1775117410645728,0,0,-1
1775117410665733,0,0,-1
1775117410685729,0,0,-1
1775117410705728,0,0,-1
1775117410725733,0,0,-1
1775117410745729,0,0,-1
1775117410765733,0,0,-1
1775117410785735,0,0,-1
1775117410805730,0,0,-1
1775117410825736,0,0,-1
1775117410845730,0,0,-1
1775117410865735,0,0,-1
1775117410885734,0,0,-1
1775117410905732,0,0,-1
1775117410925732,0,0,-1
1775117410945738,0,0,-1
1775117410965730,0,0,-1
1775117410985732,0,0,-1
1775117411005728,0,0,-1
1775117411025848,0,0,-1
1775117411045738,0,0,-1
1775117411065743,0,0,-1
1775117411085752,0,0,-1
1775117411105759,0,0,-1
1775117411125728,0,0,-1
1775117411145730,0,0,-1
1775117411165754,0,0,-1
1775117411185729,0,0,-1
1775117411205729,0,0,-1
1775117411225727,0,0,-1
1775117411245729,0,0,-1
1775117411265731,0,0,-1
1775117411285727,0,0,-1
1775117411305728,0,0,-1
1775117411325736,0,0,-1
1775117411345728,0,0,-1
1775117411365738,0,0,-1
1775117411385734,0,0,-1
1775117411405731,0,0,-1
1775117411425733,0,0,-1
1775117411445730,0,0,-1
1775117411465735,0,0,-1
1775117411485737,0,0,-1
1775117411505729,0,0,-1
1775117411525799,0,0,-1
1775117411545730,0,0,-1
1775117411565729,0,0,-1
1775117411585732,0,0,-1
1775117411605726,0,0,-1
1775117411625727,0,0,-1
1775117411645732,0,0,-1
1775117411665729,0,0,-1
1775117411685730,0,0,-1
1775117411705729,0,0,-1
1775117411725736,0,0,-1
1775117411745746,0,0,-1
1775117411765737,0,0,-1
1775117411785738,0,0,-1
1775117411805734,0,0,-1
1775117411825744,0,0,-1
1775117411845734,0,0,-1
1775117411865746,0,0,-1
1775117411885737,0,0,-1
1775117411905735,0,0,-1
1775117411925778,0,0,-1
1775117411945741,0,0,-1
1775117411965778,0,0,-1
1775117411985733,0,0,-1
1775117412005729,0,0,-1
1775117412025737,0,0,-1
1775117412045729,0,0,-1
1775117412065742,0,0,-1
1775117412085741,0,0,-1
1775117412105730,0,0,-1
1775117412125730,0,0,-1
1775117412145736,0,0,-1
1775117412165727,0,0,-1
1775117412185731,0,0,-1
1775117412205728,0,0,-1
1775117412225755,0,0,-1
1775117412245734,0,0,-1
1775117412265728,0,0,-1
1775117412285740,0,0,-1
1775117412305729,0,0,-1
1775117412325727,0,0,-1
1775117412345742,0,0,-1
1775117412365734,0,0,-1
1775117412385733,0,0,-1
1775117412405735,0,0,-1
1775117412425731,0,0,-1
1775117412445732,0,0,-1
1775117412465734,0,0,-1
1775117412485741,0,0,-1
1775117412505736,0,0,-1
1775117412525737,0,0,-1
1775117412545734,0,0,-1
1775117412565744,0,0,-1
1775117412585735,0,0,-1
1775117412605736,0,0,-1
1775117412625731,0,0,-1
1775117412645731,0,0,-1
1775117412665732,0,0,-1
1775117412685736,0,0,-1
1775117412705730,0,0,-1
1775117412725730,0,0,-1
1775117412745734,0,0,-1
1775117412765762,0,0,-1
1775117412785767,0,0,-1
1775117412805727,0,0,-1
1775117412825729,0,0,-1
1775117412845735,0,0,-1
1775117412865730,0,0,-1
1775117412885731,0,0,-1
1775117412905734,0,0,-1
1775117412925737,0,0,-1
1775117412945743,0,0,-1
1775117412965740,0,0,-1
1775117412985735,0,0,-1
1775117413005734,0,0,-1
1775117413025775,0,0,-1
1775117413045739,0,0,-1
1775117413065778,0,0,-1
1775117413085801,0,0,-1
1775117413105734,0,0,-1
1775117413125731,0,0,-1
1775117413145729,0,0,-1
1775117413165758,0,0,-1
1775117413185730,0,0,-1
1775117413205732,0,0,-1
1775117413225737,0,0,-1
1775117413245733,0,0,-1
1775117413265735,0,0,-1
1775117413285740,0,0,-1
1775117413305730,0,0,-1
1775117413325734,0,0,-1
1775117413345739,0,0,-1
1775117413365737,0,0,-1
1775117413385737,0,0,-1
1775117413405733,0,0,-1
1775117413425732,0,0,-1
1775117413445727,0,0,-1
1775117413465734,0,0,-1
1775117413485731,0,0,-1
1775117413505731,0,0,-1
1775117413525728,0,0,-1
1775117413545736,0,0,-1
1775117413565736,0,0,-1
1775117413585776,0,0,-1
1775117413605768,0,0,-1
1775117413625733,0,0,-1
1775117413645744,0,0,-1
1775117413665788,0,0,-1
1775117413685733,0,0,-1
1775117413705730,0,0,-1
1775117413725730,0,0,-1
1775117413745728,0,0,-1
1775117413765729,0,0,-1
1775117413785731,0,0,-1
1775117413805727,0,0,-1
1775117413825729,0,0,-1
1775117413845735,0,0,-1
1775117413865732,0,0,-1
1775117413885734,0,0,-1
1775117413905775,0,0,-1
1775117413925780,0,0,-1
1775117413945737,0,0,-1
1775117413965730,0,0,-1
1775117413985739,0,0,-1
1775117414005731,0,0,-1
1775117414025781,0,0,-1
1775117414045789,0,0,-1
1775117414065728,0,0,-1
1775117414085736,0,0,-1
1775117414105730,0,0,-1
1775117414125780,0,0,-1
1775117414145732,0,0,-1
1775117414165739,0,0,-1
1775117414185731,0,0,-1
1775117414205732,0,0,-1
1775117414225790,0,0,-1
1775117414245728,0,0,-1
1775117414265737,0,0,-1
1775117414285736,0,0,-1
1775117414305728,0,0,-1
1775117414325729,0,0,-1
1775117414345735,0,0,-1
1775117414365739,0,0,-1
1775117414385738,0,0,-1
1775117414405732,0,0,-1
1775117414425737,0,0,-1
1775117414445735,0,0,-1
1775117414465735,0,0,-1
1775117414485730,0,0,-1
1775117414505728,0,0,-1
1775117414525728,0,0,-1
1775117414545733,0,0,-1
1775117414565731,0,0,-1
1775117414585736,0,0,-1
1775117414605731,0,0,-1
1775117414625732,0,0,-1
1775117414645732,0,0,-1
1775117414665805,0,0,-1
1775117414685777,0,0,-1
1775117414705737,0,0,-1
1775117414725737,0,0,-1
1775117414745742,0,0,-1
1775117414765737,0,0,-1
1775117414785732,0,0,-1
1775117414805736,0,0,-1
1775117414825740,0,0,-1
1775117414845732,0,0,-1
1775117414865734,0,0,-1
1775117414885742,0,0,-1
1775117414905757,0,0,-1
1775117414947037,0,0,-1
1775117414948063,0,0,-1
1775117414965745,0,0,-1
1775117414985734,0,0,-1
1775117415005734,0,0,-1
1775117415025732,0,0,-1
1775117415045735,0,0,-1
1775117415065731,0,0,-1
1775117415085736,0,0,-1
1775117415105731,0,0,-1
1775117415125731,0,0,-1
1775117415145729,0,0,-1
1775117415165732,0,0,-1
1775117415185730,0,0,-1
1775117415205730,0,0,-1
1775117415225734,0,0,-1
1775117415245763,0,0,-1
1775117415265741,0,0,-1
1775117415285734,0,0,-1
1775117415305728,0,0,-1
1775117415325729,0,0,-1
1775117415345742,0,0,-1
1775117415365747,0,0,-1
1775117415385735,0,0,-1
1775117415405732,0,0,-1
1775117415425734,0,0,-1
1775117415445736,0,0,-1
1775117415465744,0,0,-1
1775117415485742,0,0,-1
1775117415505737,0,0,-1
1775117415525740,0,0,-1
1775117415545740,0,0,-1
1775117415565742,0,0,-1
1775117415585734,0,0,-1
1775117415605730,0,0,-1
1775117415625730,0,0,-1
1775117415645733,0,0,-1
1775117415665742,0,0,-1
1775117415685728,0,0,-1
1775117415705731,0,0,-1
1775117415725737,0,0,-1
1775117415745732,0,0,-1
1775117415765732,0,0,-1
1775117415785729,0,0,-1
1775117415805731,0,0,-1
1775117415825731,0,0,-1
1775117415845727,0,0,-1
1775117415865737,0,0,-1
1775117415885742,0,0,-1
1775117415905736,0,0,-1
1775117415925742,0,0,-1
1775117415945742,0,0,-1
1775117415965731,0,0,-1
1775117415985733,0,0,-1
1775117416005730,0,0,-1
1775117416025733,0,0,-1
1775117416045739,0,0,-1
1775117416065806,0,0,-1
1775117416085742,0,0,-1
1775117416105738,0,0,-1
1775117416125730,0,0,-1
1775117416145735,0,0,-1
1775117416165747,0,0,-1
1775117416185729,0,0,-1
1775117416205732,0,0,-1
1775117416225728,0,0,-1
1775117416245732,0,0,-1
1775117416265772,0,0,-1
1775117416285729,0,0,-1
1775117416305729,0,0,-1
1775117416325750,0,0,-1
1775117416345730,0,0,-1
1775117416365738,0,0,-1
1775117416385748,0,0,-1
1775117416405745,0,0,-1
1775117416425777,0,0,-1
1775117416445736,0,0,-1
1775117416465735,0,0,-1
1775117416485754,0,0,-1
1775117416505737,0,0,-1
1775117416525735,0,0,-1
1775117416545735,0,0,-1
1775117416565740,0,0,-1
1775117416585737,0,0,-1
1775117416605741,0,0,-1
1775117416625733,0,0,-1
1775117416645739,0,0,-1
1775117416665731,0,0,-1
1775117416685730,0,0,-1
1775117416705729,0,0,-1
1775117416725730,0,0,-1
1775117416745737,0,0,-1
1775117416765738,0,0,-1
1775117416785735,0,0,-1
1775117416805740,0,0,-1
1775117416825732,0,0,-1
1775117416845733,0,0,-1
1775117416865738,0,0,-1
1775117416885734,0,0,-1
1775117416905733,0,0,-1
1775117416925733,0,0,-1
1775117416945728,0,0,-1
1775117416965733,0,0,-1
1775117416985731,0,0,-1
1775117417005732,0,0,-1
1775117417025732,0,0,-1
1775117417045731,0,0,-1
1775117417065736,0,0,-1
1775117417085734,0,0,-1
1775117417105729,0,0,-1
1775117417125729,0,0,-1
1775117417145731,0,0,-1
1775117417165729,0,0,-1
1775117417185735,0,0,-1
1775117417205731,0,0,-1
1775117417225729,0,0,-1
1775117417245733,0,0,-1
1775117417265729,0,0,-1
1775117417285730,0,0,-1
1775117417305728,0,0,-1
1775117417325730,0,0,-1
1775117417345728,0,0,-1
1775117417365736,0,0,-1
1775117417385733,0,0,-1
1775117417405734,0,0,-1
1775117417425738,0,0,-1
1775117417445743,0,0,-1
1775117417465738,0,0,-1
1775117417485735,0,0,-1
1775117417505731,0,0,-1
1775117417525728,0,0,-1
1775117417545740,0,0,-1
1775117417565757,0,0,-1
1775117417585737,0,0,-1
1775117417605729,0,0,-1
1775117417625733,0,0,-1
1775117417645736,0,0,-1
1775117417665734,0,0,-1
1775117417685734,0,0,-1
1775117417705734,0,0,-1
1775117417725737,0,0,-1
1775117417745737,0,0,-1
1775117417765749,0,0,-1
1775117417785739,0,0,-1
1775117417805732,0,0,-1
1775117417825730,0,0,-1
1775117417845731,0,0,-1
1775117417865737,0,0,-1
1775117417885732,0,0,-1
1775117417905732,0,0,-1
1775117417925741,0,0,-1
1775117417945732,0,0,-1
1775117417965746,0,0,-1
1775117417985739,0,0,-1
1775117418005738,0,0,-1
1775117418025754,0,0,-1
1775117418045769,0,0,-1
1775117418065732,0,0,-1
1775117418085731,0,0,-1
1775117418105729,0,0,-1
1775117418125729,0,0,-1
1775117418145726,0,0,-1
1775117418165730,0,0,-1
1775117418185731,0,0,-1
1775117418205728,0,0,-1
1775117418225731,0,0,-1
1775117418245732,0,0,-1
1775117418265728,0,0,-1
1775117418285729,0,0,-1
1775117418305730,0,0,-1
1775117418325729,0,0,-1
1775117418345732,0,0,-1
1775117418365754,0,0,-1
1775117418385741,0,0,-1
1775117418405740,0,0,-1
1775117418425736,0,0,-1
1775117418445734,0,0,-1
1775117418465740,0,0,-1
1775117418485740,0,0,-1
1775117418505737,0,0,-1
1775117418525737,0,0,-1
1775117418545816,0,0,-1
1775117418566628,0,0,-1
1775117418585734,0,0,-1
1775117418605730,0,0,-1
1775117418625729,0,0,-1
1775117418645737,0,0,-1
1775117418665735,0,0,-1
1775117418685743,0,0,-1
1775117418705741,0,0,-1
1775117418725736,0,0,-1
1775117418745733,0,0,-1
1775117418765734,0,0,-1
1775117418785733,0,0,-1
1775117418805728,0,0,-1
1775117418825727,0,0,-1
1775117418845735,0,0,-1
1775117418865735,0,0,-1
1775117418885736,0,0,-1
1775117418905730,0,0,-1
1775117418925734,0,0,-1
1775117418945738,0,0,-1
1775117418965755,0,0,-1
1775117418985736,0,0,-1
1775117419005743,0,0,-1
1775117419025737,0,0,-1
1775117419045741,0,0,-1
1775117419065736,0,0,-1
1775117419085739,0,0,-1
1775117419105744,0,0,-1
1775117419125736,0,0,-1
1775117419145738,0,0,-1
1775117419165733,0,0,-1
1775117419185728,0,0,-1
1775117419205729,0,0,-1
1775117419225729,0,0,-1
1775117419245731,0,0,-1
1775117419265732,0,0,-1
1775117419285728,0,0,-1
1775117419305730,0,0,-1
1775117419325730,0,0,-1
1775117419345728,0,0,-1
1775117419365732,0,0,-1
1775117419385738,0,0,-1
1775117419405746,0,0,-1
1775117419425730,0,0,-1
1775117419445744,0,0,-1
1775117419465736,0,0,-1
1775117419485738,0,0,-1
1775117419505734,0,0,-1
1775117419525735,0,0,-1
1775117419545743,0,0,-1
1775117419565756,0,0,-1
1775117419585735,0,0,-1
1775117419605733,0,0,-1
1775117419625726,0,0,-1
1775117419645728,0,0,-1
1775117419665734,0,0,-1
1775117419685726,0,0,-1
1775117419705728,0,0,-1
1775117419725746,0,0,-1
1775117419745776,0,0,-1
1775117419765733,0,0,-1
1775117419785730,0,0,-1
1775117419805727,0,0,-1
1775117419825731,0,0,-1
1775117419845733,0,0,-1
1775117419865732,0,0,-1
1775117419885733,0,0,-1
1775117419909552,0,0,-1
1775117419925739,0,0,-1
1775117419945743,0,0,-1
1775117419965813,0,0,-1
1775117419985743,0,0,-1
1775117420005736,0,0,-1
1775117420025730,0,0,-1
1775117420045730,0,0,-1
1775117420065730,0,0,-1
1775117420085858,0,0,-1
1775117420105733,0,0,-1
1775117420125729,0,0,-1
1775117420145735,0,0,-1
1775117420165728,0,0,-1
1775117420185730,0,0,-1
1775117420205735,0,0,-1
1775117420225729,0,0,-1
1775117420245728,0,0,-1
1775117420265735,0,0,-1
1775117420285728,0,0,-1
1775117420305728,0,0,-1
1775117420325729,0,0,-1
1775117420345729,0,0,-1
1775117420365732,0,0,-1
1775117420385742,0,0,-1
1775117420405741,0,0,-1
1775117420425771,0,0,-1
1775117420445755,0,0,-1
1775117420465744,0,0,-1
1775117420485745,0,0,-1
1775117420505744,0,0,-1
1775117420525736,0,0,-1
1775117420545732,0,0,-1
1775117420565729,0,0,-1
1775117420585733,0,0,-1
1775117420605732,0,0,-1
1775117420625728,0,0,-1
1775117420645728,0,0,-1
1775117420665733,0,0,-1
1775117420685729,0,0,-1
1775117420705729,0,0,-1
1775117420725728,0,0,-1
1775117420745730,0,0,-1
1775117420765735,0,0,-1
1775117420785728,0,0,-1
1775117420805728,0,0,-1
1775117420825734,0,0,-1
1775117420845727,0,0,-1
1775117420865736,0,0,-1
1775117420885734,0,0,-1
1775117420905736,0,0,-1
1775117420925733,0,0,-1
1775117420945750,0,0,-1
1775117420965688,0,0,-1
1775117420985735,0,0,-1
1775117421005729,0,0,-1
1775117421025730,0,0,-1
1775117421046675,0,0,-1
1775117421065739,0,0,-1
1775117421085741,0,0,-1
1775117421105788,0,0,-1
1775117421125742,0,0,-1
1775117421145743,0,0,-1
1775117421165737,0,0,-1
1775117421185745,0,0,-1
1775117421205744,0,0,-1
1775117421225742,0,0,-1
1775117421245738,0,0,-1
1775117421265749,0,0,-1
1775117421285743,0,0,-1
1775117421305741,0,0,-1
1775117421325737,0,0,-1
1775117421345733,0,0,-1
1775117421365740,0,0,-1
1775117421385768,0,0,-1
1775117421405787,0,0,-1
1775117421425754,0,0,-1
1775117421445736,0,0,-1
1775117421465743,0,0,-1
1775117421485734,0,0,-1
1775117421509595,0,0,-1
1775117421525736,0,0,-1
1775117421545734,0,0,-1
1775117421565742,0,0,-1
1775117421585734,0,0,-1
1775117421605755,0,0,-1
1775117421625884,0,0,-1
1775117421645736,0,0,-1
1775117421665730,0,0,-1
1775117421685730,0,0,-1
1775117421705732,0,0,-1
1775117421725730,0,0,-1
1775117421745735,0,0,-1
1775117421765727,0,0,-1
1775117421785735,0,0,-1
1775117421805727,0,0,-1
1775117421825730,0,0,-1
1775117421845730,0,0,-1
1775117421865749,0,0,-1
1775117421885736,0,0,-1
1775117421905739,0,0,-1
1775117421925736,0,0,-1
1775117421945740,0,0,-1
1775117421965735,0,0,-1
1775117421985738,0,0,-1
1775117422005735,0,0,-1
1775117422025731,0,0,-1
1775117422045732,0,0,-1
1775117422065736,0,0,-1
1775117422085731,0,0,-1
1775117422105732,0,0,-1
1775117422125773,0,0,-1
1775117422145732,0,0,-1
1775117422165730,0,0,-1
1775117422185737,0,0,-1
1775117422205728,0,0,-1
1775117422225729,0,0,-1
1775117422245758,0,0,-1
1775117422265729,0,0,-1
1775117422285732,0,0,-1
1775117422305730,0,0,-1
1775117422325733,0,0,-1
1775117422345928,0,0,-1
1775117422365728,0,0,-1
1775117422385740,0,0,-1
1775117422405744,0,0,-1
1775117422425742,0,0,-1
1775117422445775,0,0,-1
1775117422465736,0,0,-1
1775117422485735,0,0,-1
1775117422505737,0,0,-1
1775117422525731,0,0,-1
1775117422545731,0,0,-1
1775117422565735,0,0,-1
1775117422585733,0,0,-1
1775117422605735,0,0,-1
1775117422625732,0,0,-1
1775117422645729,0,0,-1
1775117422665734,0,0,-1
1775117422685726,0,0,-1
1775117422705731,0,0,-1
1775117422725729,0,0,-1
1775117422745728,0,0,-1
1775117422765729,0,0,-1
1775117422785731,0,0,-1
1775117422805728,0,0,-1
1775117422825728,0,0,-1
1775117422845735,0,0,-1
1775117422865727,0,0,-1
1775117422885734,0,0,-1
1775117422905742,0,0,-1
1775117422925738,0,0,-1
1775117422945734,0,0,-1
1775117422965759,0,0,-1
1775117422985735,0,0,-1
1775117423005730,0,0,-1
1775117423025732,0,0,-1
1775117423045735,0,0,-1
1775117423065740,0,0,-1
1775117423085733,0,0,-1
1775117423105729,0,0,-1
1775117423125732,0,0,-1
1775117423145728,0,0,-1
1775117423165734,0,0,-1
1775117423185729,0,0,-1
1775117423205729,0,0,-1
1775117423225728,0,0,-1
1775117423245730,0,0,-1
1775117423265733,0,0,-1
1775117423285772,0,0,-1
1775117423305729,0,0,-1
1775117423325954,0,0,-1
1775117423345731,0,0,-1
1775117423365732,0,0,-1
1775117423385736,0,0,-1
1775117423405763,0,0,-1
1775117423425742,0,0,-1
1775117423445737,0,0,-1
1775117423465738,0,0,-1
1775117423485729,0,0,-1
1775117423505734,0,0,-1
1775117423525727,0,0,-1
1775117423545733,0,0,-1
1775117423565731,0,0,-1
1775117423585738,0,0,-1
1775117423605728,0,0,-1
1775117423625729,0,0,-1
1775117423645738,0,0,-1
1775117423665751,0,0,-1
1775117423685745,0,0,-1
1775117423705740,0,0,-1
1775117423725739,0,0,-1
1775117423745754,0,0,-1
1775117423765734,0,0,-1
1775117423785732,0,0,-1
1775117423805727,0,0,-1
1775117423825775,0,0,-1
1775117423845955,0,0,-1
1775117423865728,0,0,-1
1775117423885741,0,0,-1
1775117423905737,0,0,-1
1775117423925800,0,0,-1
1775117423945760,0,0,-1
1775117423965730,0,0,-1
1775117423985735,0,0,-1
1775117424005737,0,0,-1
1775117424025729,0,0,-1
1775117424045731,0,0,-1
1775117424065733,0,0,-1
1775117424085735,0,0,-1
1775117424105738,0,0,-1
1775117424125977,0,0,-1
1775117424145736,0,0,-1
1775117424165735,0,0,-1
1775117424185728,0,0,-1
1775117424205732,0,0,-1
1775117424225730,0,0,-1
1775117424245727,0,0,-1
1775117424265728,0,0,-1
1775117424285730,0,0,-1
1775117424305755,0,0,-1
1775117424325730,0,0,-1
1775117424345731,0,0,-1
1775117424365727,0,0,-1
1775117424385736,0,0,-1
1775117424405737,0,0,-1
1775117424425740,0,0,-1
1775117424445739,0,0,-1
1775117424465740,0,0,-1
1775117424486906,0,0,-1
1775117424505744,0,0,-1
1775117424525894,0,0,-1
1775117424569697,0,0,-1
1775117424601521,0,0,-1
1775117424602550,0,0,-1
1775117424605728,0,0,-1
1775117424625733,0,0,-1
1775117424645731,0,0,-1
1775117424665732,0,0,-1
1775117424685736,0,0,-1
1775117424705733,0,0,-1
1775117424725730,0,0,-1
1775117424745733,0,0,-1
1775117424765728,0,0,-1
1775117424785735,0,0,-1
1775117424805735,0,0,-1
1775117424825730,0,0,-1
1775117424845731,0,0,-1
1775117424865799,0,0,-1
1775117424885736,0,0,-1
1775117424905735,0,0,-1
1775117424925734,0,0,-1
1775117424945730,0,0,-1
1775117424965738,0,0,-1
1775117424985730,0,0,-1
1775117425005730,0,0,-1
1775117425025731,0,0,-1
1775117425045731,0,0,-1
1775117425065747,0,0,-1
1775117425085742,0,0,-1
1775117425105742,0,0,-1
1775117425125738,0,0,-1
1775117425145731,0,0,-1
1775117425165730,0,0,-1
1775117425185730,0,0,-1
1775117425205726,0,0,-1
1775117425225727,0,0,-1
1775117425245734,0,0,-1
1775117425265728,0,0,-1
1775117425285731,0,0,-1
1775117425305731,0,0,-1
1775117425325732,0,0,-1
1775117425345734,0,0,-1
1775117425365732,0,0,-1
1775117425385736,0,0,-1
1775117425405734,0,0,-1
1775117425425736,0,0,-1
1775117425445737,0,0,-1
1775117425465737,0,0,-1
1775117425485728,0,0,-1
1775117425505728,0,0,-1
1775117425525753,0,0,-1
1775117425545730,0,0,-1
1775117425565865,0,0,-1
1775117425585736,0,0,-1
1775117425605741,0,0,-1
1775117425625733,0,0,-1
1775117425645730,0,0,-1
1775117425665735,0,0,-1
1775117425685738,0,0,-1
1775117425705735,0,0,-1
1775117425725732,0,0,-1
1775117425745760,0,0,-1
1775117425765730,0,0,-1
1775117425785731,0,0,-1
1775117425805730,0,0,-1
1775117425825730,0,0,-1
1775117425845737,0,0,-1
1775117425865728,0,0,-1
1775117425885736,0,0,-1
1775117425905737,0,0,-1
1775117425925739,0,0,-1
1775117425945737,0,0,-1
1775117425965737,0,0,-1
1775117425985738,0,0,-1
1775117426005734,0,0,-1
1775117426025731,0,0,-1
1775117426045754,0,0,-1
1775117426065760,0,0,-1
1775117426085734,0,0,-1
1775117426105742,0,0,-1
1775117426125785,0,0,-1
1775117426145741,0,0,-1
1775117426165782,0,0,-1
1775117426185739,0,0,-1
1775117426205742,0,0,-1
1775117426225732,0,0,-1
1775117426245737,0,0,-1
1775117426266002,0,0,-1
1775117426285741,0,0,-1
1775117426305738,0,0,-1
1775117426325741,0,0,-1
1775117426345740,0,0,-1
1775117426365742,0,0,-1
1775117426385782,0,0,-1
1775117426405742,0,0,-1
1775117426425752,0,0,-1
1775117426445734,0,0,-1
1775117426465737,0,0,-1
1775117426485735,0,0,-1
1775117426505736,0,0,-1
1775117426525771,0,0,-1
1775117426545733,0,0,-1
1775117426565745,0,0,-1
1775117426585740,0,0,-1
1775117426605737,0,0,-1
1775117426625771,0,0,-1
1775117426645733,0,0,-1
1775117426665728,0,0,-1
1775117426685759,0,0,-1
1775117426705729,0,0,-1
1775117426725729,0,0,-1
1775117426745738,0,0,-1
1775117426765733,0,0,-1
1775117426785729,0,0,-1
1775117426805727,0,0,-1
1775117426825728,0,0,-1
1775117426845730,0,0,-1
1775117426865733,0,0,-1
1775117426885734,0,0,-1
1775117426905734,0,0,-1
1775117426925732,0,0,-1
1775117426945730,0,0,-1
1775117426965734,0,0,-1
1775117426985740,0,0,-1
1775117427005737,0,0,-1
1775117427025734,0,0,-1
1775117427045733,0,0,-1
1775117427065749,0,0,-1
1775117427085736,0,0,-1
1775117427105758,0,0,-1
1775117427125731,0,0,-1
1775117427145731,0,0,-1
1775117427165728,0,0,-1
1775117427185752,0,0,-1
1775117427205731,0,0,-1
1775117427225727,0,0,-1
1775117427245834,0,0,-1
1775117427265729,0,0,-1
1775117427285735,0,0,-1
1775117427305729,0,0,-1
1775117427325731,0,0,-1
1775117427346238,0,0,-1
1775117427365728,0,0,-1
1775117427385732,0,0,-1
1775117427405734,0,0,-1
1775117427425760,0,0,-1
1775117427445744,0,0,-1
1775117427465736,0,0,-1
1775117427485793,0,0,-1
1775117427505749,0,0,-1
1775117427525734,0,0,-1
1775117427545731,0,0,-1
1775117427565734,0,0,-1
1775117427586084,0,0,-1
1775117427614298,0,0,-1
1775117427625791,0,0,-1
1775117427645730,0,0,-1
1775117427665732,0,0,-1
1775117427685729,0,0,-1
1775117427705732,0,0,-1
1775117427725738,0,0,-1
1775117427745728,0,0,-1
1775117427765731,0,0,-1
1775117427785753,0,0,-1
1775117427805728,0,0,-1
1775117427825729,0,0,-1
1775117427845734,0,0,-1
1775117427865727,0,0,-1
1775117427885732,0,0,-1
1775117427905733,0,0,-1
1775117427925729,0,0,-1
1775117427945749,0,0,-1
1775117427965734,0,0,-1
1775117427985740,0,0,-1
1775117428005743,0,0,-1
1775117428025744,0,0,-1
1775117428045740,0,0,-1
1775117428065743,0,0,-1
1775117428085737,0,0,-1
1775117428105733,0,0,-1
1775117428125734,0,0,-1
1775117428145774,0,0,-1
1775117428165730,0,0,-1
1775117428185735,0,0,-1
1775117428205733,0,0,-1
1775117428225732,0,0,-1
1775117428245732,0,0,-1
1775117428265736,0,0,-1
1775117428285728,0,0,-1
1775117428305727,0,0,-1
1775117428325734,0,0,-1
1775117428345758,0,0,-1
1775117428365732,0,0,-1
1775117428385735,0,0,-1
1775117428405731,0,0,-1
1775117428425735,0,0,-1
1775117428445733,0,0,-1
1775117428465731,0,0,-1
1775117428485742,0,0,-1
1775117428505737,0,0,-1
1775117428525734,0,0,-1
1775117428545743,0,0,-1
1775117428565741,0,0,-1
1775117428585781,0,0,-1
1775117428605742,0,0,-1
1775117428625733,0,0,-1
1775117428645779,0,0,-1
1775117428665728,0,0,-1
1775117428685732,0,0,-1
1775117428705728,0,0,-1
1775117428725733,0,0,-1
1775117428745736,0,0,-1
1775117428765738,0,0,-1
1775117428785737,0,0,-1
1775117428805736,0,0,-1
1775117428825730,0,0,-1
1775117428845782,0,0,-1
1775117428865740,0,0,-1
1775117428885738,0,0,-1
1775117428905747,0,0,-1
1775117428925737,0,0,-1
1775117428945738,0,0,-1
1775117428965739,0,0,-1
1775117428985734,0,0,-1
1775117429005730,0,0,-1
1775117429025728,0,0,-1
1775117429045728,0,0,-1
1775117429065749,0,0,-1
1775117429085730,0,0,-1
1775117429105734,0,0,-1
1775117429125733,0,0,-1
1775117429145733,0,0,-1
1775117429165729,0,0,-1
1775117429185728,0,0,-1
1775117429205731,0,0,-1
1775117429225731,0,0,-1
1775117429245756,0,0,-1
1775117429265729,0,0,-1
1775117429285735,0,0,-1
1775117429305727,0,0,-1
1775117429325730,0,0,-1
1775117429345730,0,0,-1
1775117429365729,0,0,-1
1775117429385732,0,0,-1
1775117429405746,0,0,-1
1775117429425744,0,0,-1
1775117429445743,0,0,-1
1775117429465739,0,0,-1
1775117429485728,0,0,-1
1775117429505742,0,0,-1
1775117429525747,0,0,-1
1775117429545736,0,0,-1
1775117429565732,0,0,-1
1775117429585728,0,0,-1
1775117429605739,0,0,-1
1775117429625742,0,0,-1
1775117429645745,0,0,-1
1775117429665737,0,0,-1
1775117429685735,0,0,-1
1775117429705736,0,0,-1
1775117429725731,0,0,-1
1775117429745741,0,0,-1
1775117429765729,0,0,-1
1775117429785730,0,0,-1
1775117429805726,0,0,-1
1775117429825727,0,0,-1
1775117429845762,0,0,-1
1775117429865728,0,0,-1
1775117429885736,0,0,-1
1775117429905740,0,0,-1
1775117429925733,0,0,-1
1775117429945732,0,0,-1
1775117429965739,0,0,-1
1775117429985730,0,0,-1
1775117430005892,0,0,-1
1775117430030883,0,0,-1
1775117430045736,0,0,-1
1775117430065734,0,0,-1
1775117430085733,0,0,-1
1775117430105730,0,0,-1
1775117430125747,0,0,-1
1775117430145728,0,0,-1
1775117430165734,0,0,-1
1775117430185728,0,0,-1
1775117430205729,0,0,-1
1775117430225729,0,0,-1
1775117430245727,0,0,-1
1775117430265729,0,0,-1
1775117430285734,0,0,-1
1775117430305729,0,0,-1
1775117430325729,0,0,-1
1775117430345737,0,0,-1
1775117430365729,0,0,-1
1775117430385736,0,0,-1
1775117430405734,0,0,-1
1775117430425734,0,0,-1
1775117430445736,0,0,-1
1775117430465758,0,0,-1
1775117430485736,0,0,-1
1775117430505736,0,0,-1
1775117430525730,0,0,-1
1775117430545733,0,0,-1
1775117430565737,0,0,-1
1775117430585731,0,0,-1
1775117430605743,0,0,-1
1775117430625737,0,0,-1
1775117430645738,0,0,-1
1775117430665771,0,0,-1
1775117430685730,0,0,-1
1775117430705731,0,0,-1
1775117430725733,0,0,-1
1775117430745733,0,0,-1
1775117430765754,0,0,-1
1775117430785807,0,0,-1
1775117430805730,0,0,-1
1775117430825728,0,0,-1
1775117430845741,0,0,-1
1775117430865730,0,0,-1
1775117430885758,0,0,-1
1775117430905734,0,0,-1
1775117430925735,0,0,-1
1775117430945744,0,0,-1
1775117430965736,0,0,-1
1775117430985736,0,0,-1
1775117431005732,0,0,-1
1775117431025731,0,0,-1
1775117431045736,0,0,-1
1775117431065733,0,0,-1
1775117431085733,0,0,-1
1775117431105734,0,0,-1
1775117431125733,0,0,-1
1775117431145734,0,0,-1
1775117431165731,0,0,-1
1775117431185732,0,0,-1
1775117431205734,0,0,-1
1775117431225732,0,0,-1
1775117431245735,0,0,-1
1775117431265748,0,0,-1
1775117431285733,0,0,-1
1775117431305770,0,0,-1
1775117431325738,0,0,-1
1775117431345732,0,0,-1
1775117431365729,0,0,-1
1775117431385738,0,0,-1
1775117431405743,0,0,-1
1775117431425738,0,0,-1
1775117431445757,0,0,-1
1775117431465733,0,0,-1
1775117431485737,0,0,-1
1775117431505733,0,0,-1
1775117431525731,0,0,-1
1775117431545847,0,0,-1
1775117431565764,0,0,-1
1775117431585739,0,0,-1
1775117431605732,0,0,-1
1775117431625737,0,0,-1
1775117431645734,0,0,-1
1775117431665739,0,0,-1
1775117431685742,0,0,-1
1775117431705776,0,0,-1
1775117431725741,0,0,-1
1775117431745739,0,0,-1
1775117431765734,0,0,-1
1775117431785728,0,0,-1
1775117431805727,0,0,-1
1775117431825740,0,0,-1
1775117431845727,0,0,-1
1775117431865733,0,0,-1
1775117431885737,0,0,-1
1775117431905749,0,0,-1
1775117431925733,0,0,-1
1775117431945729,0,0,-1
1775117431965738,0,0,-1
1775117431985734,0,0,-1
1775117432005736,0,0,-1
1775117432025767,0,0,-1
1775117432045737,0,0,-1
1775117432065736,0,0,-1
1775117432085750,0,0,-1
1775117432105732,0,0,-1
1775117432125730,0,0,-1
1775117432145820,0,0,-1
1775117432165729,0,0,-1
1775117432185730,0,0,-1
1775117432205735,0,0,-1
1775117432225730,0,0,-1
1775117432245733,0,0,-1
1775117432265729,0,0,-1
1775117432285731,0,0,-1
1775117432305734,0,0,-1
1775117432325728,0,0,-1
1775117432345728,0,0,-1
1775117432365741,0,0,-1
1775117432385735,0,0,-1
1775117432405733,0,0,-1
1775117432425734,0,0,-1
1775117432445739,0,0,-1
1775117432465740,0,0,-1
1775117432485734,0,0,-1
1775117432505731,0,0,-1
1775117432525732,0,0,-1
1775117432545728,0,0,-1
1775117432565733,0,0,-1
1775117432585730,0,0,-1
1775117432605739,0,0,-1
1775117432625730,0,0,-1
1775117432645729,0,0,-1
1775117432665728,0,0,-1
1775117432685733,0,0,-1
1775117432705728,0,0,-1
1775117432725730,0,0,-1
1775117432745731,0,0,-1
1775117432765726,0,0,-1
1775117432785731,0,0,-1
1775117432805729,0,0,-1
1775117432825729,0,0,-1
1775117432845746,0,0,-1
1775117432865730,0,0,-1
1775117432885739,0,0,-1
1775117432905870,0,0,-1
1775117432946452,0,0,-1
1775117432961758,0,0,-1
1775117432965731,0,0,-1
1775117432985781,0,0,-1
1775117433005854,0,0,-1
1775117433025729,0,0,-1
1775117433045734,0,0,-1
1775117433065744,0,0,-1
1775117433085735,0,0,-1
1775117433105731,0,0,-1
1775117433125744,0,0,-1
1775117433145737,0,0,-1
1775117433165736,0,0,-1
1775117433185733,0,0,-1
1775117433205735,0,0,-1
1775117433225730,0,0,-1
1775117433245728,0,0,-1
1775117433265732,0,0,-1
1775117433285730,0,0,-1
1775117433305730,0,0,-1
1775117433325730,0,0,-1
1775117433345728,0,0,-1
1775117433365732,0,0,-1
1775117433385743,0,0,-1
1775117433405738,0,0,-1
1775117433425735,0,0,-1
1775117433445745,0,0,-1
1775117433465734,0,0,-1
1775117433485730,0,0,-1
1775117433505754,0,0,-1
1775117433525739,0,0,-1
1775117433545741,0,0,-1
1775117433565744,0,0,-1
1775117433585734,0,0,-1
1775117433605736,0,0,-1
1775117433625737,0,0,-1
1775117433645732,0,0,-1
1775117433665740,0,0,-1
1775117433685729,0,0,-1
1775117433705728,0,0,-1
1775117433725734,0,0,-1
1775117433745737,0,0,-1
1775117433765851,0,0,-1
1775117433810947,0,0,-1
1775117433829486,0,0,-1
1775117433836684,0,0,-1
1775117433845775,0,0,-1
1775117433865741,0,0,-1
1775117433885738,0,0,-1
1775117433905736,0,0,-1
1775117433925733,0,0,-1
1775117433945734,0,0,-1
1775117433965742,0,0,-1
1775117433985728,0,0,-1
1775117434005732,0,0,-1
1775117434025731,0,0,-1
1775117434045730,0,0,-1
1775117434065764,0,0,-1
1775117434085736,0,0,-1
1775117434105739,0,0,-1
1775117434125762,0,0,-1
1775117434145754,0,0,-1
1775117434165736,0,0,-1
1775117434185734,0,0,-1
1775117434205731,0,0,-1
1775117434225751,0,0,-1
1775117434245741,0,0,-1
1775117434265769,0,0,-1
1775117434285735,0,0,-1
1775117434305727,0,0,-1
1775117434325728,0,0,-1
1775117434345730,0,0,-1
1775117434365731,0,0,-1
1775117434385733,0,0,-1
1775117434405729,0,0,-1
1775117434425741,0,0,-1
1775117434445741,0,0,-1
1775117434465736,0,0,-1
1775117434485737,0,0,-1
1775117434505734,0,0,-1
1775117434525741,0,0,-1
1775117434545733,0,0,-1
1775117434565737,0,0,-1
1775117434585732,0,0,-1
1775117434605742,0,0,-1
1775117434625742,0,0,-1
1775117434645745,0,0,-1
1775117434665731,0,0,-1
1775117434685735,0,0,-1
1775117434705728,0,0,-1
1775117434725729,0,0,-1
1775117434745735,0,0,-1
1775117434765728,0,0,-1
1775117434785728,0,0,-1
1775117434805731,0,0,-1
1775117434825730,0,0,-1
1775117434845734,0,0,-1
1775117434865729,0,0,-1
1775117434885732,0,0,-1
1775117434905735,0,0,-1
1775117434925734,0,0,-1
1775117434945779,0,0,-1
1775117434965737,0,0,-1
1775117434985734,0,0,-1
1775117435005748,0,0,-1
1775117435025811,0,0,-1
1775117435045780,0,0,-1
1775117435065742,0,0,-1
1775117435085744,0,0,-1
1775117435105750,0,0,-1
1775117435125735,0,0,-1
1775117435145735,0,0,-1
1775117435165736,0,0,-1
1775117435185729,0,0,-1
1775117435205733,0,0,-1
1775117435225728,0,0,-1
1775117435245729,0,0,-1
1775117435265733,0,0,-1
1775117435285727,0,0,-1
1775117435305729,0,0,-1
1775117435325734,0,0,-1
1775117435345728,0,0,-1
1775117435365732,0,0,-1
1775117435385796,0,0,-1
1775117435405745,0,0,-1
1775117435425740,0,0,-1
1775117435445743,0,0,-1
1775117435465740,0,0,-1
1775117435485736,0,0,-1
1775117435505730,0,0,-1
1775117435525729,0,0,-1
1775117435545735,0,0,-1
1775117435565732,0,0,-1
1775117435585736,0,0,-1
1775117435605740,0,0,-1
1775117435625739,0,0,-1
1775117435645744,0,0,-1
1775117435665730,0,0,-1
1775117435685729,0,0,-1
1775117435705736,0,0,-1
1775117435725729,0,0,-1
1775117435745728,0,0,-1
1775117435765802,0,0,-1
1775117435785731,0,0,-1
1775117435805732,0,0,-1
1775117435825747,0,0,-1
1775117435845732,0,0,-1
1775117435865734,0,0,-1
1775117435885735,0,0,-1
1775117435905736,0,0,-1
1775117435925733,0,0,-1
1775117435945734,0,0,-1
1775117435965739,0,0,-1
1775117435985734,0,0,-1
1775117436005733,0,0,-1
1775117436025731,0,0,-1
1775117436045739,0,0,-1
1775117436065733,0,0,-1
1775117436085789,0,0,-1
1775117436105732,0,0,-1
1775117436125732,0,0,-1
1775117436145737,0,0,-1
1775117436165730,0,0,-1
1775117436185731,0,0,-1
1775117436205729,0,0,-1
1775117436225730,0,0,-1
1775117436245729,0,0,-1
1775117436265732,0,0,-1
1775117436285733,0,0,-1
1775117436305737,0,0,-1
1775117436325737,0,0,-1
1775117436345747,0,0,-1
1775117436365743,0,0,-1
1775117436385737,0,0,-1
1775117436405743,0,0,-1
1775117436425741,0,0,-1
1775117436445760,0,0,-1
1775117436465748,0,0,-1
1775117436485736,0,0,-1
1775117436505740,0,0,-1
1775117436525733,0,0,-1
1775117436545731,0,0,-1
1775117436565735,0,0,-1
1775117436586072,0,0,-1
1775117436621763,0,0,-1
1775117436625727,0,0,-1
1775117436645912,0,0,-1
1775117436665744,0,0,-1
1775117436685744,0,0,-1
1775117436705735,0,0,-1
1775117436725732,0,0,-1
1775117436745736,0,0,-1
1775117436765728,0,0,-1
1775117436785729,0,0,-1
1775117436805748,0,0,-1
1775117436825729,0,0,-1
1775117436845734,0,0,-1
1775117436865730,0,0,-1
1775117436885730,0,0,-1
1775117436905741,0,0,-1
1775117436925736,0,0,-1
1775117436945742,0,0,-1
1775117436965740,0,0,-1
1775117436985734,0,0,-1
1775117437005746,0,0,-1
1775117437025741,0,0,-1
1775117437045738,0,0,-1
1775117437065781,0,0,-1
1775117437085743,0,0,-1
1775117437105730,0,0,-1
1775117437125731,0,0,-1
1775117437145741,0,0,-1
1775117437165730,0,0,-1
1775117437185731,0,0,-1
1775117437205728,0,0,-1
1775117437225729,0,0,-1
1775117437245736,0,0,-1
1775117437265731,0,0,-1
1775117437285736,0,0,-1
1775117437305737,0,0,-1
1775117437325732,0,0,-1
1775117437345728,0,0,-1
1775117437365733,0,0,-1
1775117437385728,0,0,-1
1775117437405742,0,0,-1
1775117437425736,0,0,-1
1775117437445735,0,0,-1
1775117437465740,0,0,-1
1775117437485731,0,0,-1
1775117437505736,0,0,-1
1775117437525733,0,0,-1
1775117437545729,0,0,-1
1775117437565729,0,0,-1
1775117437585743,0,0,-1
1775117437605754,0,0,-1
1775117437625754,0,0,-1
1775117437645743,0,0,-1
1775117437665732,0,0,-1
1775117437685738,0,0,-1
1775117437705732,0,0,-1
1775117437725731,0,0,-1
1775117437745734,0,0,-1
1775117437765731,0,0,-1
1775117437785732,0,0,-1
1775117437805733,0,0,-1
1775117437825731,0,0,-1
1775117437845811,0,0,-1
1775117437865731,0,0,-1
1775117437885729,0,0,-1
1775117437905737,0,0,-1
1775117437925737,0,0,-1
1775117437945736,0,0,-1
1775117437965744,0,0,-1
1775117437985730,0,0,-1
1775117438005733,0,0,-1
1775117438025827,0,0,-1
1775117438045729,0,0,-1
1775117438065734,0,0,-1
1775117438085733,0,0,-1
1775117438105738,0,0,-1
1775117438125749,0,0,-1
1775117438145728,0,0,-1
1775117438165736,0,0,-1
1775117438185734,0,0,-1
1775117438205729,0,0,-1
1775117438225729,0,0,-1
1775117438245731,0,0,-1
1775117438265729,0,0,-1
1775117438285730,0,0,-1
1775117438305729,0,0,-1
1775117438325729,0,0,-1
1775117438345732,0,0,-1
1775117438365729,0,0,-1
1775117438385730,0,0,-1
1775117438405739,0,0,-1
1775117438425743,0,0,-1
1775117438445739,0,0,-1
1775117438465742,0,0,-1
1775117438485744,0,0,-1
1775117438505738,0,0,-1
1775117438525732,0,0,-1
1775117438545734,0,0,-1
1775117438565749,0,0,-1
1775117438585730,0,0,-1
1775117438605732,0,0,-1
1775117438625771,0,0,-1
1775117438645733,0,0,-1
1775117438666056,0,0,-1
1775117438685744,0,0,-1
1775117438705746,0,0,-1
1775117438725731,0,0,-1
1775117438745729,0,0,-1
1775117438765733,0,0,-1
1775117438785745,0,0,-1
1775117438805739,0,0,-1
1775117438825739,0,0,-1
1775117438845754,0,0,-1
1775117438865731,0,0,-1
1775117438885739,0,0,-1
1775117438905739,0,0,-1
1775117438925934,0,0,-1
1775117438945853,0,0,-1
1775117438965737,0,0,-1
1775117438985735,0,0,-1
1775117439005732,0,0,-1
1775117439025732,0,0,-1
1775117439045737,0,0,-1
1775117439065741,0,0,-1
1775117439085733,0,0,-1
1775117439105737,0,0,-1
1775117439125732,0,0,-1
1775117439145732,0,0,-1
1775117439165735,0,0,-1
1775117439185755,0,0,-1
1775117439205755,0,0,-1
1775117439225731,0,0,-1
1775117439245727,0,0,-1
1775117439265733,0,0,-1
1775117439285729,0,0,-1
1775117439305732,0,0,-1
1775117439325731,0,0,-1
1775117439345734,0,0,-1
1775117439365728,0,0,-1
1775117439385731,0,0,-1
1775117439405741,0,0,-1
1775117439425746,0,0,-1
1775117439445761,0,0,-1
1775117439465744,0,0,-1
1775117439485740,0,0,-1
1775117439505738,0,0,-1
1775117439525736,0,0,-1
1775117439545740,0,0,-1
1775117439565734,0,0,-1
1775117439585741,0,0,-1
1775117439605735,0,0,-1
1775117439625736,0,0,-1
1775117439645746,0,0,-1
1775117439665743,0,0,-1
1775117439685743,0,0,-1
1775117439705738,0,0,-1
1775117439725733,0,0,-1
1775117439745728,0,0,-1
1775117439765731,0,0,-1
1775117439785731,0,0,-1
1775117439805729,0,0,-1
1775117439825738,0,0,-1
1775117439845728,0,0,-1
1775117439865791,0,0,-1
1775117439885735,0,0,-1
1775117439905738,0,0,-1
1775117439925747,0,0,-1
1775117439945733,0,0,-1
1775117439965735,0,0,-1
1775117439985884,0,0,-1
1775117440005727,0,0,-1
1775117440025732,0,0,-1
1775117440045729,0,0,-1
1775117440065731,0,0,-1
1775117440085735,0,0,-1
1775117440105729,0,0,-1
1775117440125729,0,0,-1
1775117440145756,0,0,-1
1775117440165752,0,0,-1
1775117440185748,0,0,-1
1775117440205737,0,0,-1
1775117440225731,0,0,-1
1775117440245735,0,0,-1
1775117440265731,0,0,-1
1775117440285731,0,0,-1
1775117440305766,0,0,-1
1775117440325728,0,0,-1
1775117440345731,0,0,-1
1775117440365764,0,0,-1
1775117440385731,0,0,-1
1775117440405734,0,0,-1
1775117440425735,0,0,-1
1775117440445736,0,0,-1
1775117440465736,0,0,-1
1775117440486254,0,0,-1
1775117440505743,0,0,-1
1775117440525738,0,0,-1
1775117440545744,0,0,-1
1775117440565740,0,0,-1
1775117440585736,0,0,-1
1775117440605736,0,0,-1
1775117440625744,0,0,-1
1775117440645744,0,0,-1
1775117440665740,0,0,-1
1775117440685739,0,0,-1
1775117440705729,0,0,-1
1775117440725741,0,0,-1
1775117440745735,0,0,-1
1775117440765736,0,0,-1
1775117440785738,0,0,-1
1775117440805740,0,0,-1
1775117440825734,0,0,-1
1775117440845775,0,0,-1
1775117440865746,0,0,-1
1775117440885756,0,0,-1
1775117440905742,0,0,-1
1775117440925737,0,0,-1
1775117440945741,0,0,-1
1775117440965737,0,0,-1
1775117440985740,0,0,-1
1775117441005744,0,0,-1
1775117441025737,0,0,-1
1775117441045734,0,0,-1
1775117441065745,0,0,-1
1775117441085741,0,0,-1
1775117441105754,0,0,-1
1775117441125736,0,0,-1
1775117441145736,0,0,-1
1775117441165732,0,0,-1
1775117441185735,0,0,-1
1775117441205730,0,0,-1
1775117441225731,0,0,-1
1775117441245728,0,0,-1
1775117441265735,0,0,-1
1775117441285728,0,0,-1
1775117441305727,0,0,-1
1775117441325844,0,0,-1
1775117441345729,0,0,-1
1775117441365734,0,0,-1
1775117441385730,0,0,-1
1775117441405759,0,0,-1
1775117441425746,0,0,-1
1775117441445739,0,0,-1
1775117441465741,0,0,-1
1775117441485736,0,0,-1
1775117441505741,0,0,-1
1775117441525735,0,0,-1
1775117441545730,0,0,-1
1775117441565730,0,0,-1
1775117441585734,0,0,-1
1775117441605727,0,0,-1
1775117441625736,0,0,-1
1775117441645742,0,0,-1
1775117441665791,0,0,-1
1775117441685740,0,0,-1
1775117441705731,0,0,-1
1775117441725730,0,0,-1
1775117441745729,0,0,-1
1775117441765729,0,0,-1
1775117441785733,0,0,-1
1775117441805732,0,0,-1
1775117441825728,0,0,-1
1775117441845729,0,0,-1
1775117441865737,0,0,-1
1775117441885730,0,0,-1
1775117441905740,0,0,-1
1775117441925734,0,0,-1
1775117441945731,0,0,-1
1775117441965738,0,0,-1
1775117441985731,0,0,-1
1775117442005729,0,0,-1
1775117442025729,0,0,-1
1775117442045729,0,0,-1
1775117442065734,0,0,-1
1775117442085731,0,0,-1
1775117442105732,0,0,-1
1775117442125731,0,0,-1
1775117442145730,0,0,-1
1775117442165730,0,0,-1
1775117442185733,0,0,-1
1775117442205726,0,0,-1
1775117442225728,0,0,-1
1775117442245735,0,0,-1
1775117442265729,0,0,-1
1775117442285730,0,0,-1
1775117442305729,0,0,-1
1775117442325728,0,0,-1
1775117442345728,0,0,-1
1775117442365729,0,0,-1
1775117442385729,0,0,-1
1775117442405740,0,0,-1
1775117442425787,0,0,-1
1775117442445736,0,0,-1
1775117442465742,0,0,-1
1775117442485738,0,0,-1
1775117442505735,0,0,-1
1775117442525729,0,0,-1
1775117442545729,0,0,-1
1775117442565735,0,0,-1
1775117442585737,0,0,-1
1775117442605749,0,0,-1
1775117442625737,0,0,-1
1775117442645812,0,0,-1
1775117442691764,0,0,-1
1775117442712947,0,0,-1
1775117442713801,0,0,-1
1775117442725743,0,0,-1
1775117442745744,0,0,-1
1775117442765730,0,0,-1
1775117442785736,0,0,-1
1775117442805739,0,0,-1
1775117442825867,0,0,-1
1775117442845744,0,0,-1
1775117442865740,0,0,-1
1775117442885758,0,0,-1
1775117442905740,0,0,-1
1775117442925737,0,0,-1
1775117442945743,0,0,-1
1775117442965736,0,0,-1
1775117442985742,0,0,-1
1775117443005734,0,0,-1
1775117443025734,0,0,-1
1775117443045736,0,0,-1
1775117443065779,0,0,-1
1775117443085738,0,0,-1
1775117443105742,0,0,-1
1775117443125738,0,0,-1
1775117443145744,0,0,-1
1775117443165740,0,0,-1
1775117443185732,0,0,-1
1775117443205731,0,0,-1
1775117443225734,0,0,-1
1775117443245728,0,0,-1
1775117443265746,0,0,-1
1775117443285727,0,0,-1
1775117443305739,0,0,-1
1775117443325730,0,0,-1
1775117443345728,0,0,-1
1775117443365734,0,0,-1
1775117443385744,0,0,-1
1775117443405734,0,0,-1
1775117443425815,0,0,-1
1775117443472288,0,0,-1
1775117443507648,0,0,-1
1775117443508824,0,0,-1
1775117443510026,0,0,-1
1775117443525735,0,0,-1
1775117443545736,0,0,-1
1775117443565730,0,0,-1
1775117443585734,0,0,-1
1775117443605731,0,0,-1
1775117443625733,0,0,-1
1775117443645738,0,0,-1
1775117443665733,0,0,-1
1775117443685739,0,0,-1
1775117443705737,0,0,-1
1775117443725731,0,0,-1
1775117443745732,0,0,-1
1775117443765738,0,0,-1
1775117443785732,0,0,-1
1775117443805733,0,0,-1
1775117443825733,0,0,-1
1775117443845730,0,0,-1
1775117443865740,0,0,-1
1775117443885732,0,0,-1
1775117443905736,0,0,-1
1775117443925750,0,0,-1
1775117443945742,0,0,-1
1775117443965736,0,0,-1
1775117443985735,0,0,-1
1775117444005881,0,0,-1
1775117444025730,0,0,-1
1775117444045740,0,0,-1
1775117444065733,0,0,-1
1775117444085735,0,0,-1
1775117444105731,0,0,-1
1775117444125731,0,0,-1
1775117444145734,0,0,-1
1775117444165779,0,0,-1
1775117444186039,0,0,-1
1775117444206509,0,0,-1
1775117444225732,0,0,-1
1775117444245733,0,0,-1
1775117444265879,0,0,-1
1775117444285730,0,0,-1
1775117444305735,0,0,-1
1775117444325728,0,0,-1
1775117444345731,0,0,-1
1775117444365737,0,0,-1
1775117444385729,0,0,-1
1775117444405733,0,0,-1
1775117444425743,0,0,-1
1775117444445734,0,0,-1
1775117444465740,0,0,-1
1775117444485737,0,0,-1
1775117444505742,0,0,-1
1775117444525749,0,0,-1
1775117444545762,0,0,-1
1775117444565739,0,0,-1
1775117444585731,0,0,-1
1775117444605731,0,0,-1
1775117444625731,0,0,-1
1775117444645733,0,0,-1
1775117444665735,0,0,-1
1775117444685731,0,0,-1
1775117444705779,0,0,-1
1775117444725731,0,0,-1
1775117444745731,0,0,-1
1775117444765728,0,0,-1
1775117444785735,0,0,-1
1775117444805737,0,0,-1
1775117444825798,0,0,-1
1775117444845733,0,0,-1
1775117444865740,0,0,-1
1775117444885744,0,0,-1
1775117444905743,0,0,-1
1775117444925745,0,0,-1
1775117444945739,0,0,-1
1775117444965775,0,0,-1
1775117444985737,0,0,-1
1775117445005732,0,0,-1
1775117445025730,0,0,-1
1775117445045732,0,0,-1
1775117445065740,0,0,-1
1775117445085748,0,0,-1
1775117445105739,0,0,-1
1775117445125736,0,0,-1
1775117445145740,0,0,-1
1775117445165743,0,0,-1
1775117445185735,0,0,-1
1775117445205737,0,0,-1
1775117445225786,0,0,-1
1775117445245758,0,0,-1
1775117445265733,0,0,-1
1775117445285732,0,0,-1
1775117445305728,0,0,-1
1775117445325742,0,0,-1
1775117445345730,0,0,-1
1775117445365729,0,0,-1
1775117445385746,0,0,-1
1775117445405749,0,0,-1
1775117445425735,0,0,-1
1775117445445732,0,0,-1
1775117445465733,0,0,-1
1775117445485737,0,0,-1
1775117445505729,0,0,-1
1775117445525730,0,0,-1
1775117445545734,0,0,-1
1775117445565730,0,0,-1
1775117445585733,0,0,-1
1775117445605728,0,0,-1
1775117445625733,0,0,-1
1775117445645751,0,0,-1
1775117445665739,0,0,-1
1775117445685738,0,0,-1
1775117445705732,0,0,-1
1775117445725728,0,0,-1
1775117445745728,0,0,-1
1775117445765728,0,0,-1
1775117445785728,0,0,-1
1775117445805730,0,0,-1
1775117445825727,0,0,-1
1775117445845731,0,0,-1
1775117445865733,0,0,-1
1775117445885730,0,0,-1
1775117445905735,0,0,-1
1775117445925758,0,0,-1
1775117445945734,0,0,-1
1775117445965735,0,0,-1
1775117445985735,0,0,-1
1775117446005733,0,0,-1
1775117446025735,0,0,-1
1775117446045740,0,0,-1
1775117446065743,0,0,-1
1775117446085740,0,0,-1
1775117446105739,0,0,-1
1775117446125729,0,0,-1
1775117446145735,0,0,-1
1775117446165731,0,0,-1
1775117446185734,0,0,-1
1775117446205727,0,0,-1
1775117446225748,0,0,-1
1775117446245733,0,0,-1
1775117446265726,0,0,-1
1775117446285729,0,0,-1
1775117446305795,0,0,-1
1775117446325759,0,0,-1
1775117446345728,0,0,-1
1775117446365830,0,0,-1
1775117446385734,0,0,-1
1775117446405740,0,0,-1
1775117446425740,0,0,-1
1775117446445744,0,0,-1
1775117446465741,0,0,-1
1775117446485801,0,0,-1
1775117446505736,0,0,-1
1775117446525736,0,0,-1
1775117446545731,0,0,-1
1775117446565734,0,0,-1
1775117446585734,0,0,-1
1775117446605889,0,0,-1
1775117446625751,0,0,-1
1775117446645730,0,0,-1
1775117446665746,0,0,-1
1775117446685739,0,0,-1
1775117446705735,0,0,-1
1775117446725736,0,0,-1
1775117446745908,0,0,-1
1775117446789738,0,0,-1
1775117446829801,0,0,-1
1775117446830898,0,0,-1
1775117446832008,0,0,-1
1775117446845737,0,0,-1
1775117446865733,0,0,-1
1775117446885731,0,0,-1
1775117446905738,0,0,-1
1775117446925734,0,0,-1
1775117446945736,0,0,-1
1775117446965732,0,0,-1
1775117446985737,0,0,-1
1775117447005729,0,0,-1
1775117447025730,0,0,-1
1775117447045736,0,0,-1
1775117447065736,0,0,-1
1775117447085733,0,0,-1
1775117447105734,0,0,-1
1775117447125731,0,0,-1
1775117447145735,0,0,-1
1775117447165727,0,0,-1
1775117447185732,0,0,-1
1775117447205728,0,0,-1
1775117447225729,0,0,-1
1775117447245729,0,0,-1
1775117447265733,0,0,-1
1775117447285727,0,0,-1
1775117447305728,0,0,-1
1775117447325730,0,0,-1
1775117447345726,0,0,-1
1775117447365729,0,0,-1
1775117447385733,0,0,-1
1775117447405731,0,0,-1
1775117447425744,0,0,-1
1775117447445747,0,0,-1
1775117447465741,0,0,-1
1775117447485742,0,0,-1
1775117447505739,0,0,-1
1775117447525741,0,0,-1
1775117447545762,0,0,-1
1775117447565785,0,0,-1
1775117447585731,0,0,-1
1775117447605731,0,0,-1
1775117447625731,0,0,-1
1775117447645733,0,0,-1
1775117447665730,0,0,-1
1775117447685733,0,0,-1
1775117447705735,0,0,-1
1775117447725728,0,0,-1
1775117447745728,0,0,-1
1775117447765734,0,0,-1
1775117447785730,0,0,-1
1775117447805822,0,0,-1
1775117447825733,0,0,-1
1775117447845734,0,0,-1
1775117447865728,0,0,-1
1775117447885731,0,0,-1
1775117447905736,0,0,-1
1775117447925734,0,0,-1
1775117447945745,0,0,-1
1775117447965742,0,0,-1
1775117447985745,0,0,-1
1775117448005737,0,0,-1
1775117448025753,0,0,-1
1775117448045732,0,0,-1
1775117448065735,0,0,-1
1775117448085730,0,0,-1
1775117448105734,0,0,-1
1775117448125737,0,0,-1
1775117448145742,0,0,-1
1775117448165739,0,0,-1
1775117448185740,0,0,-1
1775117448205742,0,0,-1
1775117448225742,0,0,-1
1775117448245743,0,0,-1
1775117448265738,0,0,-1
1775117448285737,0,0,-1
1775117448305731,0,0,-1
1775117448325733,0,0,-1
1775117448345735,0,0,-1
1775117448365735,0,0,-1
1775117448385731,0,0,-1
1775117448405730,0,0,-1
1775117448425736,0,0,-1
1775117448445735,0,0,-1
1775117448465731,0,0,-1
1775117448485739,0,0,-1
1775117448505736,0,0,-1
1775117448525743,0,0,-1
1775117448545749,0,0,-1
1775117448565739,0,0,-1
1775117448585743,0,0,-1
1775117448605736,0,0,-1
1775117448625731,0,0,-1
1775117448645732,0,0,-1
1775117448665733,0,0,-1
1775117448685733,0,0,-1
1775117448705732,0,0,-1
1775117448725734,0,0,-1
1775117448745732,0,0,-1
1775117448765733,0,0,-1
1775117448785728,0,0,-1
1775117448805731,0,0,-1
1775117448825777,0,0,-1
1775117448845736,0,0,-1
1775117448865735,0,0,-1
1775117448885736,0,0,-1
1775117448905737,0,0,-1
1775117448925782,0,0,-1
1775117448945743,0,0,-1
1775117448965741,0,0,-1
1775117448985739,0,0,-1
1775117449005734,0,0,-1
1775117449025730,0,0,-1
1775117449045900,0,0,-1
1775117449065730,0,0,-1
1775117449085732,0,0,-1
1775117449105742,0,0,-1
1775117449125761,0,0,-1
1775117449145876,0,0,-1
1775117449168108,0,0,-1
1775117449185740,0,0,-1
1775117449205754,0,0,-1
1775117449225730,0,0,-1
1775117449245731,0,0,-1
1775117449265890,0,0,-1
1775117449285729,0,0,-1
1775117449305727,0,0,-1
1775117449325727,0,0,-1
1775117449345728,0,0,-1
1775117449365732,0,0,-1
1775117449385729,0,0,-1
1775117449405958,0,0,-1
1775117449425735,0,0,-1
1775117449445729,0,0,-1
1775117449465736,0,0,-1
1775117449485739,0,0,-1
1775117449505734,0,0,-1
1775117449525734,0,0,-1
1775117449545744,0,0,-1
1775117449565731,0,0,-1
1775117449585740,0,0,-1
1775117449605731,0,0,-1
1775117449625730,0,0,-1
1775117449645738,0,0,-1
1775117449665745,0,0,-1
1775117449685742,0,0,-1
1775117449705750,0,0,-1
1775117449725740,0,0,-1
1775117449745759,0,0,-1
1775117449765730,0,0,-1
1775117449785756,0,0,-1
1775117449805736,0,0,-1
1775117449825730,0,0,-1
1775117449845731,0,0,-1
1775117449865735,0,0,-1
1775117449885727,0,0,-1
1775117449905733,0,0,-1
1775117449925732,0,0,-1
1775117449945737,0,0,-1
1775117449965743,0,0,-1
1775117449985739,0,0,-1
1775117450005736,0,0,-1
1775117450025736,0,0,-1
1775117450045730,0,0,-1
1775117450065733,0,0,-1
1775117450085728,0,0,-1
1775117450105731,0,0,-1
1775117450125734,0,0,-1
1775117450145734,0,0,-1
1775117450165731,0,0,-1
1775117450185735,0,0,-1
1775117450205729,0,0,-1
1775117450225729,0,0,-1
1775117450245738,0,0,-1
1775117450265728,0,0,-1
1775117450285730,0,0,-1
1775117450305730,0,0,-1
1775117450325730,0,0,-1
1775117450345732,0,0,-1
1775117450365728,0,0,-1
1775117450385730,0,0,-1
1775117450405728,0,0,-1
1775117450425740,0,0,-1
1775117450445800,0,0,-1
1775117450466248,0,0,-1
1775117450485743,0,0,-1
1775117450505734,0,0,-1
1775117450525741,0,0,-1
1775117450545737,0,0,-1
1775117450565763,0,0,-1
1775117450585732,0,0,-1
1775117450605735,0,0,-1
1775117450625787,0,0,-1
1775117450645744,0,0,-1
1775117450665737,0,0,-1
1775117450685740,0,0,-1
1775117450705737,0,0,-1
1775117450725837,0,0,-1
1775117450745748,0,0,-1
1775117450765732,0,0,-1
1775117450785734,0,0,-1
1775117450805742,0,0,-1
1775117450825740,0,0,-1
1775117450845742,0,0,-1
1775117450865742,0,0,-1
1775117450885742,0,0,-1
1775117450905736,0,0,-1
1775117450925773,0,0,-1
1775117450945743,0,0,-1
1775117450965736,0,0,-1
1775117450985740,0,0,-1
1775117451005734,0,0,-1
1775117451025734,0,0,-1
1775117451045735,0,0,-1
1775117451065735,0,0,-1
1775117451085740,0,0,-1
1775117451105733,0,0,-1
1775117451125739,0,0,-1
1775117451145751,0,0,-1
1775117451165753,0,0,-1
1775117451185747,0,0,-1
1775117451205743,0,0,-1
1775117451225731,0,0,-1
1775117451245756,0,0,-1
1775117451265734,0,0,-1
1775117451285729,0,0,-1
1775117451305731,0,0,-1
1775117451325727,0,0,-1
1775117451345729,0,0,-1
1775117451365733,0,0,-1
1775117451385737,0,0,-1
1775117451405729,0,0,-1
1775117451425734,0,0,-1
1775117451445735,0,0,-1
1775117451465737,0,0,-1
1775117451485792,0,0,-1
1775117451505753,0,0,-1
1775117451525734,0,0,-1
1775117451545729,0,0,-1
1775117451565732,0,0,-1
1775117451585744,0,0,-1
1775117451605735,0,0,-1
1775117451625734,0,0,-1
1775117451645741,0,0,-1
1775117451665734,0,0,-1
1775117451685770,0,0,-1
1775117451705738,0,0,-1
1775117451725736,0,0,-1
1775117451745752,0,0,-1
1775117451765729,0,0,-1
1775117451785743,0,0,-1
1775117451805741,0,0,-1
1775117451825739,0,0,-1
1775117451845735,0,0,-1
1775117451865874,0,0,-1
1775117451885729,0,0,-1
1775117451905732,0,0,-1
1775117451925741,0,0,-1
1775117451945737,0,0,-1
1775117451965738,0,0,-1
1775117451985735,0,0,-1
1775117452005736,0,0,-1
1775117452025752,0,0,-1
1775117452045769,0,0,-1
1775117452065737,0,0,-1
1775117452085737,0,0,-1
1775117452105735,0,0,-1
1775117452125742,0,0,-1
1775117452145738,0,0,-1
1775117452165737,0,0,-1
1775117452192214,0,0,-1
1775117452205733,0,0,-1
1775117452225734,0,0,-1
1775117452245737,0,0,-1
1775117452265727,0,0,-1
1775117452285728,0,0,-1
1775117452305726,0,0,-1
1775117452325728,0,0,-1
1775117452345757,0,0,-1
1775117452365731,0,0,-1
1775117452385732,0,0,-1
1775117452405727,0,0,-1
1775117452425735,0,0,-1
1775117452445735,0,0,-1
1775117452465735,0,0,-1
1775117452485766,0,0,-1
1775117452505738,0,0,-1
1775117452525896,0,0,-1
1775117452545729,0,0,-1
1775117452565776,0,0,-1
1775117452585728,0,0,-1
1775117452605734,0,0,-1
1775117452625735,0,0,-1
1775117452645733,0,0,-1
1775117452665737,0,0,-1
1775117452685741,0,0,-1
1775117452705745,0,0,-1
1775117452725751,0,0,-1
1775117452745731,0,0,-1
1775117452765729,0,0,-1
1775117452785744,0,0,-1
1775117452805732,0,0,-1
1775117452825736,0,0,-1
1775117452845759,0,0,-1
1775117452865741,0,0,-1
1775117452885740,0,0,-1
1775117452905734,0,0,-1
1775117452925741,0,0,-1
1775117452945741,0,0,-1
1775117452965744,0,0,-1
1775117452985739,0,0,-1
1775117453005741,0,0,-1
1775117453025737,0,0,-1
1775117453045742,0,0,-1
1775117453065734,0,0,-1
1775117453085757,0,0,-1
1775117453105735,0,0,-1
1775117453125738,0,0,-1
1775117453145733,0,0,-1
1775117453165735,0,0,-1
1775117453185731,0,0,-1
1775117453205733,0,0,-1
1775117453225746,0,0,-1
1775117453245745,0,0,-1
1775117453265744,0,0,-1
1775117453285731,0,0,-1
1775117453305729,0,0,-1
1775117453325730,0,0,-1
1775117453345737,0,0,-1
1775117453365730,0,0,-1
1775117453385733,0,0,-1
1775117453405857,0,0,-1
1775117453425731,0,0,-1
1775117453445732,0,0,-1
1775117453465734,0,0,-1
1775117453485732,0,0,-1
1775117453505732,0,0,-1
1775117453525732,0,0,-1
1775117453545731,0,0,-1
1775117453565733,0,0,-1
1775117453585743,0,0,-1
1775117453605739,0,0,-1
1775117453625941,0,0,-1
1775117453661730,0,0,-1
1775117453665735,0,0,-1
1775117453685801,0,0,-1
1775117453705885,0,0,-1
1775117453725775,0,0,-1
1775117453745735,0,0,-1
1775117453765730,0,0,-1
1775117453785735,0,0,-1
1775117453805727,0,0,-1
1775117453825730,0,0,-1
1775117453845733,0,0,-1
1775117453865736,0,0,-1
1775117453885726,0,0,-1
1775117453905754,0,0,-1
1775117453925736,0,0,-1
1775117453945736,0,0,-1
1775117453965735,0,0,-1
1775117453985754,0,0,-1
1775117454005737,0,0,-1
1775117454025737,0,0,-1
1775117454045728,0,0,-1
1775117454065733,0,0,-1
1775117454086421,0,0,-1
1775117454105738,0,0,-1
1775117454125735,0,0,-1
1775117454145704,0,0,-1
1775117454165739,0,0,-1
1775117454185741,0,0,-1
1775117454205735,0,0,-1
1775117454225738,0,0,-1
1775117454245736,0,0,-1
1775117454265738,0,0,-1
1775117454285732,0,0,-1
1775117454305728,0,0,-1
1775117454325727,0,0,-1
1775117454345726,0,0,-1
1775117454365730,0,0,-1
1775117454385732,0,0,-1
1775117454405735,0,0,-1
1775117454425736,0,0,-1
1775117454445733,0,0,-1
1775117454465738,0,0,-1
1775117454485734,0,0,-1
1775117454505740,0,0,-1
1775117454525867,0,0,-1
1775117454545734,0,0,-1
1775117454565737,0,0,-1
1775117454585730,0,0,-1
1775117454605743,0,0,-1
1775117454625739,0,0,-1
1775117454645737,0,0,-1
1775117454665738,0,0,-1
1775117454685740,0,0,-1
1775117454705740,0,0,-1
1775117454725779,0,0,-1
1775117454745787,0,0,-1
1775117454765737,0,0,-1
1775117454785738,0,0,-1
1775117454805771,0,0,-1
1775117454825733,0,0,-1
1775117454845744,0,0,-1
1775117454865739,0,0,-1
1775117454885742,0,0,-1
1775117454905740,0,0,-1
1775117454925742,0,0,-1
1775117454945741,0,0,-1
1775117454965735,0,0,-1
1775117454985744,0,0,-1
1775117455005736,0,0,-1
1775117455025731,0,0,-1
1775117455045737,0,0,-1
1775117455065739,0,0,-1
1775117455085733,0,0,-1
1775117455105735,0,0,-1
1775117455125733,0,0,-1
1775117455145742,0,0,-1
1775117455165740,0,0,-1
1775117455185738,0,0,-1
1775117455205736,0,0,-1
1775117455225736,0,0,-1
1775117455245740,0,0,-1
1775117455265735,0,0,-1
1775117455285737,0,0,-1
1775117455305737,0,0,-1
1775117455325740,0,0,-1
1775117455345729,0,0,-1
1775117455365732,0,0,-1
1775117455385728,0,0,-1
1775117455405730,0,0,-1
1775117455425732,0,0,-1
1775117455445750,0,0,-1
1775117455465740,0,0,-1
1775117455485737,0,0,-1
1775117455505739,0,0,-1
1775117455525737,0,0,-1
1775117455545742,0,0,-1
1775117455565734,0,0,-1
1775117455585732,0,0,-1
1775117455605754,0,0,-1
1775117455625758,0,0,-1
1775117455645738,0,0,-1
1775117455665740,0,0,-1
1775117455685739,0,0,-1
1775117455705737,0,0,-1
1775117455725739,0,0,-1
1775117455745738,0,0,-1
1775117455765740,0,0,-1
1775117455785740,0,0,-1
1775117455805741,0,0,-1
1775117455825831,0,0,-1
1775117455845736,0,0,-1
1775117455865737,0,0,-1
1775117455885726,0,0,-1
1775117455905729,0,0,-1
1775117455925732,0,0,-1
1775117455945735,0,0,-1
1775117455965738,0,0,-1
1775117455985732,0,0,-1
1775117456005742,0,0,-1
1775117456025748,0,0,-1
1775117456045734,0,0,-1
1775117456065731,0,0,-1
1775117456085730,0,0,-1
1775117456105729,0,0,-1
1775117456125738,0,0,-1
1775117456145741,0,0,-1
1775117456165787,0,0,-1
1775117456207945,0,0,-1
1775117456224529,0,0,-1
1775117456225726,0,0,-1
1775117456245736,0,0,-1
1775117456265729,0,0,-1
1775117456285733,0,0,-1
1775117456305732,0,0,-1
1775117456325731,0,0,-1
1775117456345882,0,0,-1
1775117456365732,0,0,-1
1775117456385733,0,0,-1
1775117456405734,0,0,-1
1775117456425736,0,0,-1
1775117456445690,0,0,-1
1775117456465737,0,0,-1
1775117456485895,0,0,-1
1775117456505683,0,0,-1
1775117456525729,0,0,-1
1775117456545729,0,0,-1
1775117456565735,0,0,-1
1775117456585731,0,0,-1
1775117456605777,0,0,-1
1775117456625734,0,0,-1
1775117456645732,0,0,-1
1775117456665740,0,0,-1
1775117456685760,0,0,-1
1775117456720454,0,0,-1
1775117456725729,0,0,-1
1775117456745734,0,0,-1
1775117456765731,0,0,-1
1775117456785740,0,0,-1
1775117456805733,0,0,-1
1775117456825741,0,0,-1
1775117456845740,0,0,-1
1775117456865740,0,0,-1
1775117456885878,0,0,-1
1775117456913908,0,0,-1
1775117456925749,0,0,-1
1775117456945737,0,0,-1
1775117456965737,0,0,-1
1775117456985735,0,0,-1
1775117457005744,0,0,-1
1775117457025735,0,0,-1
1775117457045760,0,0,-1
1775117457065736,0,0,-1
1775117457085730,0,0,-1
1775117457105734,0,0,-1
1775117457125731,0,0,-1
1775117457145736,0,0,-1
1775117457165730,0,0,-1
1775117457185737,0,0,-1
1775117457205734,0,0,-1
1775117457225752,0,0,-1
1775117457245737,0,0,-1
1775117457265734,0,0,-1
1775117457285730,0,0,-1
1775117457305747,0,0,-1
1775117457325732,0,0,-1
1775117457345727,0,0,-1
1775117457365729,0,0,-1
1775117457385728,0,0,-1
1775117457405729,0,0,-1
1775117457425720,0,0,-1
1775117457445744,0,0,-1
1775117457465742,0,0,-1
1775117457485741,0,0,-1
1775117457505741,0,0,-1
1775117457525711,0,0,-1
1775117457545740,0,0,-1
1775117457565736,0,0,-1
1775117457585734,0,0,-1
1775117457605729,0,0,-1
1775117457625740,0,0,-1
1775117457645739,0,0,-1
1775117457665743,0,0,-1
1775117457685739,0,0,-1
1775117457705742,0,0,-1
1775117457725738,0,0,-1
1775117457745740,0,0,-1
1775117457765739,0,0,-1
1775117457785736,0,0,-1
1775117457805740,0,0,-1
1775117457825732,0,0,-1
1775117457845728,0,0,-1
1775117457865732,0,0,-1
1775117457885728,0,0,-1
1775117457905729,0,0,-1
1775117457925733,0,0,-1
1775117457945838,0,0,-1
1775117457965734,0,0,-1
1775117457985734,0,0,-1
1775117458005739,0,0,-1
1775117458025735,0,0,-1
1775117458045742,0,0,-1
1775117458065780,0,0,-1
1775117458085743,0,0,-1
1775117458105739,0,0,-1
1775117458125731,0,0,-1
1775117458145735,0,0,-1
1775117458165754,0,0,-1
1775117458185907,0,0,-1
1775117458205751,0,0,-1
1775117458225734,0,0,-1
1775117458245731,0,0,-1
1775117458265735,0,0,-1
1775117458285730,0,0,-1
1775117458305745,0,0,-1
1775117458325736,0,0,-1
1775117458345731,0,0,-1
1775117458365735,0,0,-1
1775117458385729,0,0,-1
1775117458405732,0,0,-1
1775117458425735,0,0,-1
1775117458445735,0,0,-1
1775117458465736,0,0,-1
1775117458485737,0,0,-1
1775117458505734,0,0,-1
1775117458525738,0,0,-1
1775117458545737,0,0,-1
1775117458565729,0,0,-1
1775117458585737,0,0,-1
1775117458605758,0,0,-1
1775117458641579,0,0,-1
1775117458679328,0,0,-1
1775117458706070,0,0,-1
1775117458707159,0,0,-1
1775117458708852,0,0,-1
1775117458725735,0,0,-1
1775117458745739,0,0,-1
1775117458765744,0,0,-1
1775117458785729,0,0,-1
1775117458805734,0,0,-1
1775117458825736,0,0,-1
1775117458845738,0,0,-1
1775117458865734,0,0,-1
1775117458885745,0,0,-1
1775117458905754,0,0,-1
1775117458925745,0,0,-1
1775117458945738,0,0,-1
1775117458965737,0,0,-1
1775117458985734,0,0,-1
1775117459005741,0,0,-1
1775117459025734,0,0,-1
1775117459045734,0,0,-1
1775117459065733,0,0,-1
1775117459085740,0,0,-1
1775117459105738,0,0,-1
1775117459125742,0,0,-1
1775117459145743,0,0,-1
1775117459165738,0,0,-1
1775117459185736,0,0,-1
1775117459205737,0,0,-1
1775117459225741,0,0,-1
1775117459245743,0,0,-1
1775117459265773,0,0,-1
1775117459285731,0,0,-1
1775117459305764,0,0,-1
1775117459325741,0,0,-1
1775117459345729,0,0,-1
1775117459365730,0,0,-1
1775117459385731,0,0,-1
1775117459405729,0,0,-1
1775117459425734,0,0,-1
1775117459445733,0,0,-1
1775117459465791,0,0,-1
1775117459485738,0,0,-1
1775117459505733,0,0,-1
1775117459525736,0,0,-1
1775117459545734,0,0,-1
1775117459565737,0,0,-1
1775117459585729,0,0,-1
1775117459605765,0,0,-1
1775117459625734,0,0,-1
1775117459645733,0,0,-1
1775117459665736,0,0,-1
1775117459685733,0,0,-1
1775117459705736,0,0,-1
1775117459725735,0,0,-1
1775117459745734,0,0,-1
1775117459765746,0,0,-1
1775117459785729,0,0,-1
1775117459805729,0,0,-1
1775117459825726,0,0,-1
1775117459845729,0,0,-1
1775117459865731,0,0,-1
1775117459885767,0,0,-1
1775117459905732,0,0,-1
1775117459925736,0,0,-1
1775117459945743,0,0,-1
1775117459965749,0,0,-1
1775117459985742,0,0,-1
1775117460005739,0,0,-1
1775117460026005,0,0,-1
1775117460045731,0,0,-1
1775117460065732,0,0,-1
1775117460085735,0,0,-1
1775117460105737,0,0,-1
1775117460125731,0,0,-1
1775117460145735,0,0,-1
1775117460165736,0,0,-1
1775117460185736,0,0,-1
1775117460205732,0,0,-1
1775117460225733,0,0,-1
1775117460245737,0,0,-1
1775117460265741,0,0,-1
1775117460285734,0,0,-1
1775117460305735,0,0,-1
1775117460325739,0,0,-1
1775117460345731,0,0,-1
1775117460365735,0,0,-1
1775117460385733,0,0,-1
1775117460405755,0,0,-1
1775117460425736,0,0,-1
1775117460445733,0,0,-1
1775117460465730,0,0,-1
1775117460485733,0,0,-1
1775117460505741,0,0,-1
1775117460525735,0,0,-1
1775117460545742,0,0,-1
1775117460565735,0,0,-1
1775117460585737,0,0,-1
1775117460605707,0,0,-1
1775117460625731,0,0,-1
1775117460645747,0,0,-1
1775117460665738,0,0,-1
1775117460685737,0,0,-1
1775117460705732,0,0,-1
1775117460725740,0,0,-1
1775117460745744,0,0,-1
1775117460765742,0,0,-1
1775117460785739,0,0,-1
1775117460805739,0,0,-1
1775117460825741,0,0,-1
1775117460845734,0,0,-1
1775117460865736,0,0,-1
1775117460885785,0,0,-1
1775117460905737,0,0,-1
1775117460925743,0,0,-1
1775117460945958,0,0,-1
1775117460982002,0,0,-1
1775117460985735,0,0,-1
1775117461005740,0,0,-1
1775117461025741,0,0,-1
1775117461045743,0,0,-1
1775117461065736,0,0,-1
1775117461085736,0,0,-1
1775117461105754,0,0,-1
1775117461125733,0,0,-1
1775117461145728,0,0,-1
1775117461165754,0,0,-1
1775117461185737,0,0,-1
1775117461205739,0,0,-1
1775117461225737,0,0,-1
1775117461245738,0,0,-1
1775117461265767,0,0,-1
1775117461285774,0,0,-1
1775117461305738,0,0,-1
1775117461325737,0,0,-1
1775117461345817,0,0,-1
1775117461365727,0,0,-1
1775117461385733,0,0,-1
1775117461405735,0,0,-1
1775117461425737,0,0,-1
1775117461445860,0,0,-1
1775117461465732,0,0,-1
1775117461485735,0,0,-1
1775117461505735,0,0,-1
1775117461525736,0,0,-1
1775117461545732,0,0,-1
1775117461565730,0,0,-1
1775117461585735,0,0,-1
1775117461605736,0,0,-1
1775117461625733,0,0,-1
1775117461645737,0,0,-1
1775117461665736,0,0,-1
1775117461685740,0,0,-1
1775117461705732,0,0,-1
1775117461725862,0,0,-1
1775117461745730,0,0,-1
1775117461765735,0,0,-1
1775117461785730,0,0,-1
1775117461805729,0,0,-1
1775117461825731,0,0,-1
1775117461845729,0,0,-1
1775117461865743,0,0,-1
1775117461885743,0,0,-1
1775117461905735,0,0,-1
1775117461925736,0,0,-1
1775117461945750,0,0,-1
1775117461965739,0,0,-1
1775117461985736,0,0,-1
1775117462005733,0,0,-1
1775117462025764,0,0,-1
1775117462045738,0,0,-1
1775117462065731,0,0,-1
1775117462085735,0,0,-1
1775117462105746,0,0,-1
1775117462125740,0,0,-1
1775117462145734,0,0,-1
1775117462165736,0,0,-1
1775117462185738,0,0,-1
1775117462205741,0,0,-1
1775117462225734,0,0,-1
1775117462245736,0,0,-1
1775117462265738,0,0,-1
1775117462285734,0,0,-1
1775117462305732,0,0,-1
1775117462325738,0,0,-1
1775117462345732,0,0,-1
1775117462365756,0,0,-1
1775117462385733,0,0,-1
1775117462405730,0,0,-1
1775117462425732,0,0,-1
1775117462445738,0,0,-1
1775117462465736,0,0,-1
1775117462485744,0,0,-1
1775117462505738,0,0,-1
1775117462525731,0,0,-1
1775117462545743,0,0,-1
1775117462565732,0,0,-1
1775117462585735,0,0,-1
1775117462605732,0,0,-1
1775117462625733,0,0,-1
1775117462645740,0,0,-1
1775117462665731,0,0,-1
1775117462685746,0,0,-1
1775117462705743,0,0,-1
1775117462725738,0,0,-1
1775117462745730,0,0,-1
1775117462765737,0,0,-1
1775117462785729,0,0,-1
1775117462805732,0,0,-1
1775117462825728,0,0,-1
1775117462845730,0,0,-1
1775117462865737,0,0,-1
1775117462885733,0,0,-1
1775117462905738,0,0,-1
1775117462925737,0,0,-1
1775117462945753,0,0,-1
1775117462965745,0,0,-1
1775117462985743,0,0,-1
1775117463005743,0,0,-1
1775117463025742,0,0,-1
1775117463045739,0,0,-1
1775117463065740,0,0,-1
1775117463085742,0,0,-1
1775117463105743,0,0,-1
1775117463125742,0,0,-1
1775117463145742,0,0,-1
1775117463165741,0,0,-1
1775117463185743,0,0,-1
1775117463205736,0,0,-1
1775117463225743,0,0,-1
1775117463245927,0,0,-1
1775117463265729,0,0,-1
1775117463285729,0,0,-1
1775117463305727,0,0,-1
1775117463325729,0,0,-1
1775117463345728,0,0,-1
1775117463365757,0,0,-1
1775117463385727,0,0,-1
1775117463405729,0,0,-1
1775117463425736,0,0,-1
1775117463445732,0,0,-1
1775117463465735,0,0,-1
1775117463485735,0,0,-1
1775117463505730,0,0,-1
1775117463525967,0,0,-1
1775117463545731,0,0,-1
1775117463565736,0,0,-1
1775117463585731,0,0,-1
1775117463605733,0,0,-1
1775117463625738,0,0,-1
1775117463645739,0,0,-1
1775117463665734,0,0,-1
1775117463685737,0,0,-1
1775117463705738,0,0,-1
1775117463725741,0,0,-1
1775117463745735,0,0,-1
1775117463765731,0,0,-1
1775117463785718,0,0,-1
1775117463805728,0,0,-1
1775117463825727,0,0,-1
1775117463845731,0,0,-1
1775117463865731,0,0,-1
1775117463885730,0,0,-1
1775117463905733,0,0,-1
1775117463925732,0,0,-1
1775117463945733,0,0,-1
1775117463965732,0,0,-1
1775117463985734,0,0,-1
1775117464005732,0,0,-1
1775117464025731,0,0,-1
1775117464045737,0,0,-1
1775117464065738,0,0,-1
1775117464085728,0,0,-1
1775117464105742,0,0,-1
1775117464125744,0,0,-1
1775117464145742,0,0,-1
1775117464165742,0,0,-1
1775117464185736,0,0,-1
1775117464205733,0,0,-1
1775117464225733,0,0,-1
1775117464245729,0,0,-1
1775117464265733,0,0,-1
1775117464285739,0,0,-1
1775117464305729,0,0,-1
1775117464325728,0,0,-1
1775117464345740,0,0,-1
1775117464365727,0,0,-1
1775117464385728,0,0,-1
1775117464405731,0,0,-1
1775117464425729,0,0,-1
1775117464445730,0,0,-1
1775117464465737,0,0,-1
1775117464485732,0,0,-1
1775117464505733,0,0,-1
1775117464525735,0,0,-1
1775117464545731,0,0,-1
1775117464565750,0,0,-1
1775117464585734,0,0,-1
1775117464605734,0,0,-1
1775117464625932,0,0,-1
1775117464659770,0,0,-1
1775117464694821,0,0,-1
1775117464697209,0,0,-1
1775117464705742,0,0,-1
1775117464725733,0,0,-1
1775117464745730,0,0,-1
1775117464765764,0,0,-1
1775117464785729,0,0,-1
1775117464805729,0,0,-1
1775117464825732,0,0,-1
1775117464845734,0,0,-1
1775117464865735,0,0,-1
1775117464885740,0,0,-1
1775117464905744,0,0,-1
1775117464925743,0,0,-1
1775117464945744,0,0,-1
1775117464965744,0,0,-1
1775117464985745,0,0,-1
1775117465005738,0,0,-1
1775117465025743,0,0,-1
1775117465045738,0,0,-1
1775117465065734,0,0,-1
1775117465085733,0,0,-1
1775117465105753,0,0,-1
1775117465125742,0,0,-1
1775117465145737,0,0,-1
1775117465165734,0,0,-1
1775117465185740,0,0,-1
1775117465205733,0,0,-1
1775117465225733,0,0,-1
1775117465245782,0,0,-1
1775117465265732,0,0,-1
1775117465285734,0,0,-1
1775117465305736,0,0,-1
1775117465325727,0,0,-1
1775117465345780,0,0,-1
1775117465365736,0,0,-1
1775117465385728,0,0,-1
1775117465405728,0,0,-1
1775117465425733,0,0,-1
1775117465445735,0,0,-1
1775117465465736,0,0,-1
1775117465485732,0,0,-1
1775117465505743,0,0,-1
1775117465525739,0,0,-1
1775117465545740,0,0,-1
1775117465565731,0,0,-1
1775117465585731,0,0,-1
1775117465605742,0,0,-1
1775117465625736,0,0,-1
1775117465645743,0,0,-1
1775117465665778,0,0,-1
1775117465685735,0,0,-1
1775117465705730,0,0,-1
1775117465725730,0,0,-1
1775117465745820,0,0,-1
1775117465765733,0,0,-1
1775117465785732,0,0,-1
1775117465805731,0,0,-1
1775117465825731,0,0,-1
1775117465845734,0,0,-1
1775117465865739,0,0,-1
1775117465885728,0,0,-1
1775117465905731,0,0,-1
1775117465925735,0,0,-1
1775117465945774,0,0,-1
1775117465965743,0,0,-1
1775117465985739,0,0,-1
1775117466005740,0,0,-1
1775117466025748,0,0,-1
1775117466045738,0,0,-1
1775117466065735,0,0,-1
1775117466085737,0,0,-1
1775117466105735,0,0,-1
1775117466125741,0,0,-1
1775117466145733,0,0,-1
1775117466165735,0,0,-1
1775117466185737,0,0,-1
1775117466205731,0,0,-1
1775117466225731,0,0,-1
1775117466245728,0,0,-1
1775117466265755,0,0,-1
1775117466285731,0,0,-1
1775117466305772,0,0,-1
1775117466325729,0,0,-1
1775117466345734,0,0,-1
1775117466365728,0,0,-1
1775117466385729,0,0,-1
1775117466405730,0,0,-1
1775117466425728,0,0,-1
1775117466445738,0,0,-1
1775117466465755,0,0,-1
1775117466485734,0,0,-1
1775117466505738,0,0,-1
1775117466525730,0,0,-1
1775117466545740,0,0,-1
1775117466565736,0,0,-1
1775117466585770,0,0,-1
1775117466605741,0,0,-1
1775117466625754,0,0,-1
1775117466645744,0,0,-1
1775117466665737,0,0,-1
1775117466685732,0,0,-1
1775117466705731,0,0,-1
1775117466725757,0,0,-1
1775117466745735,0,0,-1
1775117466765731,0,0,-1
1775117466785734,0,0,-1
1775117466805734,0,0,-1
1775117466825730,0,0,-1
1775117466845731,0,0,-1
1775117466865733,0,0,-1
1775117466885735,0,0,-1
1775117466905736,0,0,-1
1775117466925738,0,0,-1
1775117466945743,0,0,-1
1775117466965740,0,0,-1
1775117466985744,0,0,-1
1775117467005737,0,0,-1
1775117467025736,0,0,-1
1775117467045739,0,0,-1
1775117467065731,0,0,-1
1775117467085734,0,0,-1
1775117467105731,0,0,-1
1775117467125745,0,0,-1
1775117467145742,0,0,-1
1775117467165736,0,0,-1
1775117467185742,0,0,-1
1775117467205731,0,0,-1
1775117467225729,0,0,-1
1775117467245729,0,0,-1
1775117467265858,0,0,-1
1775117467285732,0,0,-1
1775117467305731,0,0,-1
1775117467325754,0,0,-1
1775117467345728,0,0,-1
1775117467365732,0,0,-1
1775117467385739,0,0,-1
1775117467405733,0,0,-1
1775117467425734,0,0,-1
1775117467445730,0,0,-1
1775117467465762,0,0,-1
1775117467485823,0,0,-1
1775117467505736,0,0,-1
1775117467525753,0,0,-1
1775117467545731,0,0,-1
1775117467565735,0,0,-1
1775117467585740,0,0,-1
1775117467605883,0,0,-1
1775117467625740,0,0,-1
1775117467645738,0,0,-1
1775117467665741,0,0,-1
1775117467685781,0,0,-1
1775117467705736,0,0,-1
1775117467725736,0,0,-1
1775117467745780,0,0,-1
1775117467765736,0,0,-1
1775117467785736,0,0,-1
1775117467805731,0,0,-1
1775117467825728,0,0,-1
1775117467845728,0,0,-1
1775117467865731,0,0,-1
1775117467885732,0,0,-1
1775117467905736,0,0,-1
1775117467925734,0,0,-1
1775117467945735,0,0,-1
1775117467965739,0,0,-1
1775117467985732,0,0,-1
1775117468005742,0,0,-1
1775117468025745,0,0,-1
1775117468045735,0,0,-1
1775117468065745,0,0,-1
1775117468085744,0,0,-1
1775117468105741,0,0,-1
1775117468125737,0,0,-1
1775117468145745,0,0,-1
1775117468165736,0,0,-1
1775117468185738,0,0,-1
1775117468205736,0,0,-1
1775117468225741,0,0,-1
1775117468245740,0,0,-1
1775117468265731,0,0,-1
1775117468285730,0,0,-1
1775117468305730,0,0,-1
1775117468325728,0,0,-1
1775117468345741,0,0,-1
1775117468365764,0,0,-1
1775117468385728,0,0,-1
1775117468405732,0,0,-1
1775117468425726,0,0,-1
1775117468445736,0,0,-1
1775117468465740,0,0,-1
1775117468485735,0,0,-1
1775117468505732,0,0,-1
1775117468525752,0,0,-1
1775117468545737,0,0,-1
1775117468565748,0,0,-1
1775117468585740,0,0,-1
1775117468605744,0,0,-1
1775117468625743,0,0,-1
1775117468645739,0,0,-1
1775117468665742,0,0,-1
1775117468685743,0,0,-1
1775117468705731,0,0,-1
1775117468725735,0,0,-1
1775117468745743,0,0,-1
1775117468765730,0,0,-1
1775117468785735,0,0,-1
1775117468805744,0,0,-1
1775117468825771,0,0,-1
1775117468845792,0,0,-1
1775117468865756,0,0,-1
1775117468885741,0,0,-1
1775117468905739,0,0,-1
1775117468925740,0,0,-1
1775117468945739,0,0,-1
1775117468965740,0,0,-1
1775117468985737,0,0,-1
1775117469005738,0,0,-1
1775117469025736,0,0,-1
1775117469045740,0,0,-1
1775117469065733,0,0,-1
1775117469085745,0,0,-1
1775117469105743,0,0,-1
1775117469125747,0,0,-1
1775117469145736,0,0,-1
1775117469165737,0,0,-1
1775117469185737,0,0,-1
1775117469205730,0,0,-1
1775117469225739,0,0,-1
1775117469245738,0,0,-1
1775117469265733,0,0,-1
1775117469285733,0,0,-1
1775117469305730,0,0,-1
1775117469325729,0,0,-1
1775117469345850,0,0,-1
1775117469365731,0,0,-1
1775117469385731,0,0,-1
1775117469405759,0,0,-1
1775117469425734,0,0,-1
1775117469445793,0,0,-1
1775117469465741,0,0,-1
1775117469485736,0,0,-1
1775117469505737,0,0,-1
1775117469525737,0,0,-1
1775117469545760,0,0,-1
1775117469576630,0,0,-1
1775117469585737,0,0,-1
1775117469605739,0,0,-1
1775117469625737,0,0,-1
1775117469645731,0,0,-1
1775117469665737,0,0,-1
1775117469685733,0,0,-1
1775117469705728,0,0,-1
1775117469725731,0,0,-1
1775117469745730,0,0,-1
1775117469765729,0,0,-1
1775117469785734,0,0,-1
1775117469805727,0,0,-1
1775117469825727,0,0,-1
1775117469845732,0,0,-1
1775117469865734,0,0,-1
1775117469885742,0,0,-1
1775117469905733,0,0,-1
1775117469925730,0,0,-1
1775117469945750,0,0,-1
1775117469965746,0,0,-1
1775117469985737,0,0,-1
1775117470005742,0,0,-1
1775117470025738,0,0,-1
1775117470045743,0,0,-1
1775117470065746,0,0,-1
1775117470085741,0,0,-1
1775117470105732,0,0,-1
1775117470125746,0,0,-1
1775117470145729,0,0,-1
1775117470165733,0,0,-1
1775117470185736,0,0,-1
1775117470205731,0,0,-1
1775117470225732,0,0,-1
1775117470245730,0,0,-1
1775117470265734,0,0,-1
1775117470285744,0,0,-1
1775117470305732,0,0,-1
1775117470325731,0,0,-1
1775117470345736,0,0,-1
1775117470365731,0,0,-1
1775117470385733,0,0,-1
1775117470405734,0,0,-1
1775117470425731,0,0,-1
1775117470445737,0,0,-1
1775117470465738,0,0,-1
1775117470485736,0,0,-1
1775117470505738,0,0,-1
1775117470525741,0,0,-1
1775117470545741,0,0,-1
1775117470565742,0,0,-1
1775117470585741,0,0,-1
1775117470605767,0,0,-1
1775117470625736,0,0,-1
1775117470645732,0,0,-1
1775117470665750,0,0,-1
1775117470685742,0,0,-1
1775117470705739,0,0,-1
1775117470725740,0,0,-1
1775117470745739,0,0,-1
1775117470765742,0,0,-1
1775117470785742,0,0,-1
1775117470805743,0,0,-1
1775117470825742,0,0,-1
1775117470845733,0,0,-1
1775117470865730,0,0,-1
1775117470885731,0,0,-1
1775117470905854,0,0,-1
1775117470952493,0,0,-1
1775117470954853,0,0,-1
1775117470965737,0,0,-1
1775117470985739,0,0,-1
1775117471005813,0,0,-1
1775117471025781,0,0,-1
1775117471045731,0,0,-1
1775117471065730,0,0,-1
1775117471085735,0,0,-1
1775117471105730,0,0,-1
1775117471125739,0,0,-1
1775117471145736,0,0,-1
1775117471165736,0,0,-1
1775117471185737,0,0,-1
1775117471205729,0,0,-1
1775117471225780,0,0,-1
1775117471245733,0,0,-1
1775117471265737,0,0,-1
1775117471285735,0,0,-1
1775117471305731,0,0,-1
1775117471325731,0,0,-1
1775117471345738,0,0,-1
1775117471365729,0,0,-1
1775117471385730,0,0,-1
1775117471405735,0,0,-1
1775117471425732,0,0,-1
1775117471445733,0,0,-1
1775117471465734,0,0,-1
1775117471485817,0,0,-1
1775117471517817,0,0,-1
1775117471525730,0,0,-1
1775117471545787,0,0,-1
1775117471565733,0,0,-1
1775117471585731,0,0,-1
1775117471605732,0,0,-1
1775117471625738,0,0,-1
1775117471645734,0,0,-1
1775117471665740,0,0,-1
1775117471685729,0,0,-1
1775117471705730,0,0,-1
1775117471725736,0,0,-1
1775117471745728,0,0,-1
1775117471765745,0,0,-1
1775117471785728,0,0,-1
1775117471805729,0,0,-1
1775117471825734,0,0,-1
1775117471845828,0,0,-1
1775117471865769,0,0,-1
1775117471885735,0,0,-1
1775117471905737,0,0,-1
1775117471925741,0,0,-1
1775117471945834,0,0,-1
1775117471965741,0,0,-1
1775117471985739,0,0,-1
1775117472005734,0,0,-1
1775117472025733,0,0,-1
1775117472045745,0,0,-1
1775117472065734,0,0,-1
1775117472085771,0,0,-1
1775117472105738,0,0,-1
1775117472125743,0,0,-1
1775117472145734,0,0,-1
1775117472165730,0,0,-1
1775117472185732,0,0,-1
1775117472205737,0,0,-1
1775117472225732,0,0,-1
1775117472245734,0,0,-1
1775117472265832,0,0,-1
1775117472285729,0,0,-1
1775117472305737,0,0,-1
1775117472325732,0,0,-1
1775117472345736,0,0,-1
1775117472365735,0,0,-1
1775117472385730,0,0,-1
1775117472405732,0,0,-1
1775117472425729,0,0,-1
1775117472445731,0,0,-1
1775117472465737,0,0,-1
1775117472485734,0,0,-1
1775117472505732,0,0,-1
1775117472525749,0,0,-1
1775117472545731,0,0,-1
1775117472565743,0,0,-1
1775117472585742,0,0,-1
1775117472605743,0,0,-1
1775117472625746,0,0,-1
1775117472645738,0,0,-1
1775117472665735,0,0,-1
1775117472685735,0,0,-1
1775117472705754,0,0,-1
1775117472725734,0,0,-1
1775117472745732,0,0,-1
1775117472765738,0,0,-1
1775117472785782,0,0,-1
1775117472805734,0,0,-1
1775117472825730,0,0,-1
1775117472845735,0,0,-1
1775117472865780,0,0,-1
1775117472885755,0,0,-1
1775117472905741,0,0,-1
1775117472925741,0,0,-1
1775117472945735,0,0,-1
1775117472965742,0,0,-1
1775117472985747,0,0,-1
1775117473005790,0,0,-1
1775117473025741,0,0,-1
1775117473045864,0,0,-1
1775117473066918,0,0,-1
1775117473085756,0,0,-1
1775117473105742,0,0,-1
1775117473125737,0,0,-1
1775117473145728,0,0,-1
1775117473165730,0,0,-1
1775117473185731,0,0,-1
1775117473205734,0,0,-1
1775117473225729,0,0,-1
1775117473245732,0,0,-1
1775117473265785,0,0,-1
1775117473285763,0,0,-1
1775117473305735,0,0,-1
1775117473325736,0,0,-1
1775117473345729,0,0,-1
1775117473365781,0,0,-1
1775117473385743,0,0,-1
1775117473405732,0,0,-1
1775117473425729,0,0,-1
1775117473445736,0,0,-1
1775117473465736,0,0,-1
1775117473485732,0,0,-1
1775117473505737,0,0,-1
1775117473525736,0,0,-1
1775117473545740,0,0,-1
1775117473565744,0,0,-1
1775117473585746,0,0,-1
1775117473605744,0,0,-1
1775117473625739,0,0,-1
1775117473645732,0,0,-1
1775117473665769,0,0,-1
1775117473685737,0,0,-1
1775117473705793,0,0,-1
1775117473725731,0,0,-1
1775117473745743,0,0,-1
1775117473765749,0,0,-1
1775117473785741,0,0,-1
1775117473805746,0,0,-1
1775117473825737,0,0,-1
1775117473845738,0,0,-1
1775117473865732,0,0,-1
1775117473885732,0,0,-1
1775117473905738,0,0,-1
1775117473925742,0,0,-1
1775117473945733,0,0,-1
1775117473965738,0,0,-1
1775117473985737,0,0,-1
1775117474005734,0,0,-1
1775117474025732,0,0,-1
1775117474045733,0,0,-1
1775117474065742,0,0,-1
1775117474085740,0,0,-1
1775117474105737,0,0,-1
1775117474125732,0,0,-1
1775117474145737,0,0,-1
1775117474165741,0,0,-1
1775117474185744,0,0,-1
1775117474205739,0,0,-1
1775117474225738,0,0,-1
1775117474245736,0,0,-1
1775117474265735,0,0,-1
1775117474285732,0,0,-1
1775117474305738,0,0,-1
1775117474325746,0,0,-1
1775117474345736,0,0,-1
1775117474365730,0,0,-1
1775117474385730,0,0,-1
1775117474405729,0,0,-1
1775117474425728,0,0,-1
1775117474445734,0,0,-1
1775117474465732,0,0,-1
1775117474485756,0,0,-1
1775117474505738,0,0,-1
1775117474525741,0,0,-1
1775117474545751,0,0,-1
1775117474565735,0,0,-1
1775117474585740,0,0,-1
1775117474605746,0,0,-1
1775117474625744,0,0,-1
1775117474645754,0,0,-1
1775117474665742,0,0,-1
1775117474685733,0,0,-1
1775117474705731,0,0,-1
1775117474725736,0,0,-1
1775117474745737,0,0,-1
1775117474765730,0,0,-1
1775117474785730,0,0,-1
1775117474805733,0,0,-1
1775117474825728,0,0,-1
1775117474845735,0,0,-1
1775117474865741,0,0,-1
1775117474885737,0,0,-1
1775117474905737,0,0,-1
1775117474925743,0,0,-1
1775117474945784,0,0,-1
1775117474965738,0,0,-1
1775117474985746,0,0,-1
1775117475005743,0,0,-1
1775117475025751,0,0,-1
1775117475045737,0,0,-1
1775117475065737,0,0,-1
1775117475085980,0,0,-1
1775117475105773,0,0,-1
1775117475125746,0,0,-1
1775117475145757,0,0,-1
1775117475165741,0,0,-1
1775117475185735,0,0,-1
1775117475205739,0,0,-1
1775117475225733,0,0,-1
1775117475245735,0,0,-1
1775117475265745,0,0,-1
1775117475285734,0,0,-1
1775117475305733,0,0,-1
1775117475325738,0,0,-1
1775117475345730,0,0,-1
1775117475365735,0,0,-1
1775117475385727,0,0,-1
1775117475405729,0,0,-1
1775117475425743,0,0,-1
1775117475445734,0,0,-1
1775117475465731,0,0,-1
1775117475485753,0,0,-1
1775117475505738,0,0,-1
1775117475525737,0,0,-1
1775117475545736,0,0,-1
1775117475565729,0,0,-1
1775117475585731,0,0,-1
1775117475605741,0,0,-1
1775117475625744,0,0,-1
1775117475645763,0,0,-1
1775117475665732,0,0,-1
1775117475685731,0,0,-1
1775117475705728,0,0,-1
1775117475725731,0,0,-1
1775117475745958,0,0,-1
1775117475765732,0,0,-1
1775117475785732,0,0,-1
1775117475805728,0,0,-1
1775117475825771,0,0,-1
1775117475845738,0,0,-1
1775117475865729,0,0,-1
1775117475885729,0,0,-1
1775117475905731,0,0,-1
1775117475925730,0,0,-1
1775117475945737,0,0,-1
1775117475965734,0,0,-1
1775117475985731,0,0,-1
1775117476005737,0,0,-1
1775117476026010,0,0,-1
1775117476058664,0,0,-1
1775117476065730,0,0,-1
1775117476085737,0,0,-1
1775117476105741,0,0,-1
1775117476125740,0,0,-1
1775117476145731,0,0,-1
1775117476165732,0,0,-1
1775117476185733,0,0,-1
1775117476205732,0,0,-1
1775117476225753,0,0,-1
1775117476245732,0,0,-1
1775117476265736,0,0,-1
1775117476285732,0,0,-1
1775117476305733,0,0,-1
1775117476325735,0,0,-1
1775117476345729,0,0,-1
1775117476365763,0,0,-1
1775117476385735,0,0,-1
1775117476405730,0,0,-1
1775117476425735,0,0,-1
1775117476445744,0,0,-1
1775117476465742,0,0,-1
1775117476485748,0,0,-1
1775117476505931,0,0,-1
1775117476525735,0,0,-1
1775117476545742,0,0,-1
1775117476565748,0,0,-1
1775117476585806,0,0,-1
1775117476605737,0,0,-1
1775117476625742,0,0,-1
1775117476645749,0,0,-1
1775117476665741,0,0,-1
1775117476685731,0,0,-1
1775117476705743,0,0,-1
1775117476725734,0,0,-1
1775117476745739,0,0,-1
1775117476765730,0,0,-1
1775117476785744,0,0,-1
1775117476805776,0,0,-1
1775117476825740,0,0,-1
1775117476845754,0,0,-1
1775117476865733,0,0,-1
1775117476885732,0,0,-1
1775117476905732,0,0,-1
1775117476925737,0,0,-1
1775117476945735,0,0,-1
1775117476965764,0,0,-1
1775117476985734,0,0,-1
1775117477005735,0,0,-1
1775117477025912,0,0,-1
1775117477045740,0,0,-1
1775117477065738,0,0,-1
1775117477085733,0,0,-1
1775117477105737,0,0,-1
1775117477125729,0,0,-1
1775117477145740,0,0,-1
1775117477165732,0,0,-1
1775117477185730,0,0,-1
1775117477205782,0,0,-1
1775117477225734,0,0,-1
1775117477245766,0,0,-1
1775117477265733,0,0,-1
1775117477285731,0,0,-1
1775117477305732,0,0,-1
1775117477325734,0,0,-1
1775117477345729,0,0,-1
1775117477365729,0,0,-1
1775117477385730,0,0,-1
1775117477405752,0,0,-1
1775117477425733,0,0,-1
1775117477445733,0,0,-1
1775117477465743,0,0,-1
1775117477485734,0,0,-1
1775117477505733,0,0,-1
1775117477530172,0,0,-1
1775117477545742,0,0,-1
1775117477565743,0,0,-1
1775117477585734,0,0,-1
1775117477605730,0,0,-1
1775117477625728,0,0,-1
1775117477645722,0,0,-1
1775117477665738,0,0,-1
1775117477685730,0,0,-1
1775117477705730,0,0,-1
1775117477725732,0,0,-1
1775117477745731,0,0,-1
1775117477765732,0,0,-1
1775117477785732,0,0,-1
1775117477805733,0,0,-1
1775117477825763,0,0,-1
1775117477845744,0,0,-1
1775117477865741,0,0,-1
1775117477885734,0,0,-1
1775117477905834,0,0,-1
1775117477925740,0,0,-1
1775117477945734,0,0,-1
1775117477965774,0,0,-1
1775117477985742,0,0,-1
1775117478005742,0,0,-1
1775117478025743,0,0,-1
1775117478045746,0,0,-1
1775117478065736,0,0,-1
1775117478085738,0,0,-1
1775117478105739,0,0,-1
1775117478125740,0,0,-1
1775117478145737,0,0,-1
1775117478165749,0,0,-1
1775117478185738,0,0,-1
1775117478205742,0,0,-1
1775117478225744,0,0,-1
1775117478245742,0,0,-1
1775117478265916,0,0,-1
1775117478285728,0,0,-1
1775117478305731,0,0,-1
1775117478325736,0,0,-1
1775117478345732,0,0,-1
1775117478365738,0,0,-1
1775117478385729,0,0,-1
1775117478405730,0,0,-1
1775117478425728,0,0,-1
1775117478445735,0,0,-1
1775117478465730,0,0,-1
1775117478485731,0,0,-1
1775117478505736,0,0,-1
1775117478525741,0,0,-1
1775117478545746,0,0,-1
1775117478565740,0,0,-1
1775117478585738,0,0,-1
1775117478605737,0,0,-1
1775117478625743,0,0,-1
1775117478645744,0,0,-1
1775117478665740,0,0,-1
1775117478685735,0,0,-1
1775117478705731,0,0,-1
1775117478725763,0,0,-1
1775117478745742,0,0,-1
1775117478765738,0,0,-1
1775117478785738,0,0,-1
1775117478805742,0,0,-1
1775117478825768,0,0,-1
1775117478845736,0,0,-1
1775117478865732,0,0,-1
1775117478885726,0,0,-1
1775117478905729,0,0,-1
1775117478925757,0,0,-1
1775117478945734,0,0,-1
1775117478965738,0,0,-1
1775117478985731,0,0,-1
1775117479005738,0,0,-1
1775117479025779,0,0,-1
1775117479045736,0,0,-1
1775117479065882,0,0,-1
1775117479085731,0,0,-1
1775117479105743,0,0,-1
1775117479125745,0,0,-1
1775117479145744,0,0,-1
1775117479165741,0,0,-1
1775117479185744,0,0,-1
1775117479205729,0,0,-1
1775117479225733,0,0,-1
1775117479245733,0,0,-1
1775117479265731,0,0,-1
1775117479285730,0,0,-1
1775117479305728,0,0,-1
1775117479325841,0,0,-1
1775117479345743,0,0,-1
1775117479365741,0,0,-1
1775117479385779,0,0,-1
1775117479405742,0,0,-1
1775117479425740,0,0,-1
1775117479445747,0,0,-1
1775117479465744,0,0,-1
1775117479485737,0,0,-1
1775117479505741,0,0,-1
1775117479525742,0,0,-1
1775117479545735,0,0,-1
1775117479565772,0,0,-1
1775117479585730,0,0,-1
1775117479605742,0,0,-1
1775117479625741,0,0,-1
1775117479645742,0,0,-1
1775117479665734,0,0,-1
1775117479685738,0,0,-1
1775117479705733,0,0,-1
1775117479725737,0,0,-1
1775117479745739,0,0,-1
1775117479765728,0,0,-1
1775117479785733,0,0,-1
1775117479805727,0,0,-1
1775117479825732,0,0,-1
1775117479845736,0,0,-1
1775117479865728,0,0,-1
1775117479885730,0,0,-1
1775117479905731,0,0,-1
1775117479925727,0,0,-1
1775117479945735,0,0,-1
1775117479965737,0,0,-1
1775117479985772,0,0,-1
1775117480005735,0,0,-1
1775117480025759,0,0,-1
1775117480045738,0,0,-1
1775117480065736,0,0,-1
1775117480085744,0,0,-1
1775117480105743,0,0,-1
1775117480125741,0,0,-1
1775117480145736,0,0,-1
1775117480165736,0,0,-1
1775117480185737,0,0,-1
1775117480205736,0,0,-1
1775117480225735,0,0,-1
1775117480245730,0,0,-1
1775117480265734,0,0,-1
1775117480285754,0,0,-1
1775117480305730,0,0,-1
1775117480325733,0,0,-1
1775117480345741,0,0,-1
1775117480365729,0,0,-1
1775117480385730,0,0,-1
1775117480405732,0,0,-1
1775117480425730,0,0,-1
1775117480445742,0,0,-1
1775117480465768,0,0,-1
1775117480485739,0,0,-1
1775117480505741,0,0,-1
1775117480525749,0,0,-1
1775117480545745,0,0,-1
1775117480565739,0,0,-1
1775117480585737,0,0,-1
1775117480605735,0,0,-1
1775117480625795,0,0,-1
1775117480645731,0,0,-1
1775117480665729,0,0,-1
1775117480685729,0,0,-1
1775117480705732,0,0,-1
1775117480725769,0,0,-1
1775117480745730,0,0,-1
1775117480765730,0,0,-1
1775117480785778,0,0,-1
1775117480805728,0,0,-1
1775117480825728,0,0,-1
1775117480845746,0,0,-1
1775117480865739,0,0,-1
1775117480885735,0,0,-1
1775117480905756,0,0,-1
1775117480925737,0,0,-1
1775117480945741,0,0,-1
1775117480965783,0,0,-1
1775117480985745,0,0,-1
1775117481005741,0,0,-1
1775117481025747,0,0,-1
1775117481045749,0,0,-1
1775117481065742,0,0,-1
1775117481085741,0,0,-1
1775117481105741,0,0,-1
1775117481125736,0,0,-1
1775117481145737,0,0,-1
1775117481165740,0,0,-1
1775117481185731,0,0,-1
1775117481205732,0,0,-1
1775117481225735,0,0,-1
1775117481245732,0,0,-1
1775117481265741,0,0,-1
1775117481285734,0,0,-1
1775117481305736,0,0,-1
1775117481325743,0,0,-1
1775117481345733,0,0,-1
1775117481365732,0,0,-1
1775117481385734,0,0,-1
1775117481405728,0,0,-1
1775117481425730,0,0,-1
1775117481445741,0,0,-1
1775117481465733,0,0,-1
1775117481485735,0,0,-1
1775117481505737,0,0,-1
1775117481525733,0,0,-1
1775117481545737,0,0,-1
1775117481565737,0,0,-1
1775117481585967,0,0,-1
1775117481623538,0,0,-1
1775117481626990,0,0,-1
1775117481645738,0,0,-1
1775117481665735,0,0,-1
1775117481685732,0,0,-1
1775117481705732,0,0,-1
1775117481725734,0,0,-1
1775117481745733,0,0,-1
1775117481765738,0,0,-1
1775117481785731,0,0,-1
1775117481805736,0,0,-1
1775117481825871,0,0,-1
1775117481845733,0,0,-1
1775117481865735,0,0,-1
1775117481885728,0,0,-1
1775117481905730,0,0,-1
1775117481925739,0,0,-1
1775117481945731,0,0,-1
1775117481965739,0,0,-1
1775117481985733,0,0,-1
1775117482005739,0,0,-1
1775117482025733,0,0,-1
1775117482045739,0,0,-1
1775117482065739,0,0,-1
1775117482085739,0,0,-1
1775117482105719,0,0,-1
1775117482125739,0,0,-1
1775117482145739,0,0,-1
1775117482165739,0,0,-1
1775117482185741,0,0,-1
1775117482205736,0,0,-1
1775117482225735,0,0,-1
1775117482245730,0,0,-1
1775117482265731,0,0,-1
1775117482285731,0,0,-1
1775117482305733,0,0,-1
1775117482325735,0,0,-1
1775117482345745,0,0,-1
1775117482365799,0,0,-1
1775117482385821,0,0,-1
1775117482428483,0,0,-1
1775117482429601,0,0,-1
1775117482445783,0,0,-1
1775117482465740,0,0,-1
1775117482485743,0,0,-1
1775117482505740,0,0,-1
1775117482525799,0,0,-1
1775117482545742,0,0,-1
1775117482565746,0,0,-1
1775117482585743,0,0,-1
1775117482605743,0,0,-1
1775117482625736,0,0,-1
1775117482645738,0,0,-1
1775117482665738,0,0,-1
1775117482685732,0,0,-1
1775117482705731,0,0,-1
1775117482725731,0,0,-1
1775117482745740,0,0,-1
1775117482765743,0,0,-1
1775117482785735,0,0,-1
1775117482805741,0,0,-1
1775117482825737,0,0,-1
1775117482845735,0,0,-1
1775117482865733,0,0,-1
1775117482885738,0,0,-1
1775117482905731,0,0,-1
1775117482925729,0,0,-1
1775117482945785,0,0,-1
1775117482965736,0,0,-1
1775117482985735,0,0,-1
1775117483005734,0,0,-1
1775117483025754,0,0,-1
1775117483045737,0,0,-1
1775117483065735,0,0,-1
1775117483085734,0,0,-1
1775117483105731,0,0,-1
1775117483125743,0,0,-1
1775117483145750,0,0,-1
1775117483165742,0,0,-1
1775117483185732,0,0,-1
1775117483205731,0,0,-1
1775117483225731,0,0,-1
1775117483245732,0,0,-1
1775117483265737,0,0,-1
1775117483285734,0,0,-1
1775117483305732,0,0,-1
1775117483325783,0,0,-1
1775117483345727,0,0,-1
1775117483365732,0,0,-1
1775117483385727,0,0,-1
1775117483405729,0,0,-1
1775117483425730,0,0,-1
1775117483445732,0,0,-1
1775117483465732,0,0,-1
1775117483485735,0,0,-1
1775117483505732,0,0,-1
1775117483525734,0,0,-1
1775117483545738,0,0,-1
1775117483565737,0,0,-1
1775117483585731,0,0,-1
1775117483605738,0,0,-1
1775117483625744,0,0,-1
1775117483645741,0,0,-1
1775117483665744,0,0,-1
1775117483685746,0,0,-1
1775117483705739,0,0,-1
1775117483725732,0,0,-1
1775117483745732,0,0,-1
1775117483765734,0,0,-1
1775117483785732,0,0,-1
1775117483805729,0,0,-1
1775117483825726,0,0,-1
1775117483845734,0,0,-1
1775117483865733,0,0,-1
1775117483885733,0,0,-1
1775117483905733,0,0,-1
1775117483925744,0,0,-1
1775117483945742,0,0,-1
1775117483965739,0,0,-1
1775117483985742,0,0,-1
1775117484005743,0,0,-1
1775117484025744,0,0,-1
1775117484045736,0,0,-1
1775117484065741,0,0,-1
1775117484085742,0,0,-1
1775117484105743,0,0,-1
1775117484125742,0,0,-1
1775117484145742,0,0,-1
1775117484165742,0,0,-1
1775117484185740,0,0,-1
1775117484205733,0,0,-1
1775117484225733,0,0,-1
1775117484245741,0,0,-1
1775117484265734,0,0,-1
1775117484285743,0,0,-1
1775117484305734,0,0,-1
1775117484325737,0,0,-1
1775117484345741,0,0,-1
1775117484365772,0,0,-1
1775117484385732,0,0,-1
1775117484405730,0,0,-1
1775117484425755,0,0,-1
1775117484445731,0,0,-1
1775117484465737,0,0,-1
1775117484485736,0,0,-1
1775117484505737,0,0,-1
1775117484525748,0,0,-1
1775117484545743,0,0,-1
1775117484565747,0,0,-1
1775117484585742,0,0,-1
1775117484605737,0,0,-1
1775117484625733,0,0,-1
1775117484645734,0,0,-1
1775117484665730,0,0,-1
1775117484685737,0,0,-1
1775117484705870,0,0,-1
1775117484725741,0,0,-1
1775117484745887,0,0,-1
1775117484799480,0,0,-1
1775117484800560,0,0,-1
1775117484805729,0,0,-1
1775117484825756,0,0,-1
1775117484845729,0,0,-1
1775117484865736,0,0,-1
1775117484885733,0,0,-1
1775117484905729,0,0,-1
1775117484925732,0,0,-1
1775117484945738,0,0,-1
1775117484965731,0,0,-1
1775117484985735,0,0,-1
1775117485005734,0,0,-1
1775117485025738,0,0,-1
1775117485046107,0,0,-1
1775117485074404,0,0,-1
1775117485085730,0,0,-1
1775117485105735,0,0,-1
1775117485125793,0,0,-1
1775117485145748,0,0,-1
1775117485165742,0,0,-1
1775117485185736,0,0,-1
1775117485205731,0,0,-1
1775117485225737,0,0,-1
1775117485245758,0,0,-1
1775117485265731,0,0,-1
1775117485285731,0,0,-1
1775117485305729,0,0,-1
1775117485325744,0,0,-1
1775117485345731,0,0,-1
1775117485365840,0,0,-1
1775117485406657,0,0,-1
1775117485426557,0,0,-1
1775117485434090,0,0,-1
1775117485445747,0,0,-1
1775117485465746,0,0,-1
1775117485485747,0,0,-1
1775117485505740,0,0,-1
1775117485525741,0,0,-1
1775117485545742,0,0,-1
1775117485565740,0,0,-1
1775117485585739,0,0,-1
1775117485605735,0,0,-1
1775117485625745,0,0,-1
1775117485645742,0,0,-1
1775117485665740,0,0,-1
1775117485685735,0,0,-1
1775117485705735,0,0,-1
1775117485725729,0,0,-1
1775117485745730,0,0,-1
1775117485765753,0,0,-1
1775117485785731,0,0,-1
1775117485805732,0,0,-1
1775117485825834,0,0,-1
1775117485845732,0,0,-1
1775117485865733,0,0,-1
1775117485885733,0,0,-1
1775117485905729,0,0,-1
1775117485925729,0,0,-1
1775117485945735,0,0,-1
1775117485965735,0,0,-1
1775117485985735,0,0,-1
1775117486005732,0,0,-1
1775117486025738,0,0,-1
1775117486045736,0,0,-1
1775117486065745,0,0,-1
1775117486085982,0,0,-1
1775117486105740,0,0,-1
1775117486125737,0,0,-1
1775117486145730,0,0,-1
1775117486165738,0,0,-1
1775117486185729,0,0,-1
1775117486205732,0,0,-1
1775117486225731,0,0,-1
1775117486245730,0,0,-1
1775117486265736,0,0,-1
1775117486285772,0,0,-1
1775117486305729,0,0,-1
1775117486325741,0,0,-1
1775117486345730,0,0,-1
1775117486365734,0,0,-1
1775117486385728,0,0,-1
1775117486405729,0,0,-1
1775117486425730,0,0,-1
1775117486445728,0,0,-1
1775117486465738,0,0,-1
1775117486485761,0,0,-1
1775117486505735,0,0,-1
1775117486525739,0,0,-1
1775117486545741,0,0,-1
1775117486565738,0,0,-1
1775117486585739,0,0,-1
1775117486605771,0,0,-1
1775117486625733,0,0,-1
1775117486645738,0,0,-1
1775117486665730,0,0,-1
1775117486685731,0,0,-1
1775117486705735,0,0,-1
1775117486725888,0,0,-1
1775117486764582,0,0,-1
1775117486769387,0,0,-1
1775117486785734,0,0,-1
1775117486805737,0,0,-1
1775117486825745,0,0,-1
1775117486845735,0,0,-1
1775117486865736,0,0,-1
1775117486885738,0,0,-1
1775117486905728,0,0,-1
1775117486925728,0,0,-1
1775117486945737,0,0,-1
1775117486965738,0,0,-1
1775117486985738,0,0,-1
1775117487005776,0,0,-1
1775117487025745,0,0,-1
1775117487045745,0,0,-1
1775117487065954,0,0,-1
1775117487087617,0,0,-1
1775117487105747,0,0,-1
1775117487125741,0,0,-1
1775117487145747,0,0,-1
1775117487165745,0,0,-1
1775117487185755,0,0,-1
1775117487205746,0,0,-1
1775117487225736,0,0,-1
1775117487245734,0,0,-1
1775117487265752,0,0,-1
1775117487285733,0,0,-1
1775117487305734,0,0,-1
1775117487325760,0,0,-1
1775117487345734,0,0,-1
1775117487365745,0,0,-1
1775117487385732,0,0,-1
1775117487405734,0,0,-1
1775117487425736,0,0,-1
1775117487445796,0,0,-1
1775117487465754,0,0,-1
1775117487485738,0,0,-1
1775117487505731,0,0,-1
1775117487525759,0,0,-1
1775117487545755,0,0,-1
1775117487565730,0,0,-1
1775117487585731,0,0,-1
1775117487605741,0,0,-1
1775117487625738,0,0,-1
1775117487645740,0,0,-1
1775117487665731,0,0,-1
1775117487685739,0,0,-1
1775117487705738,0,0,-1
1775117487725735,0,0,-1
1775117487745741,0,0,-1
1775117487765735,0,0,-1
1775117487785738,0,0,-1
1775117487805742,0,0,-1
1775117487825734,0,0,-1
1775117487845735,0,0,-1
1775117487865739,0,0,-1
1775117487885733,0,0,-1
1775117487905733,0,0,-1
1775117487925743,0,0,-1
1775117487945728,0,0,-1
1775117487965740,0,0,-1
1775117487985742,0,0,-1
1775117488005740,0,0,-1
1775117488025739,0,0,-1
1775117488045801,0,0,-1
1775117488065739,0,0,-1
1775117488085740,0,0,-1
1775117488105733,0,0,-1
1775117488125746,0,0,-1
1775117488145736,0,0,-1
1775117488165730,0,0,-1
1775117488185738,0,0,-1
1775117488205731,0,0,-1
1775117488225735,0,0,-1
1775117488245732,0,0,-1
1775117488265766,0,0,-1
1775117488285729,0,0,-1
1775117488305730,0,0,-1
1775117488325746,0,0,-1
1775117488345732,0,0,-1
1775117488365736,0,0,-1
1775117488385730,0,0,-1
1775117488405737,0,0,-1
1775117488425777,0,0,-1
1775117488445741,0,0,-1
1775117488465742,0,0,-1
1775117488485744,0,0,-1
1775117488505745,0,0,-1
1775117488525780,0,0,-1
1775117488545774,0,0,-1
1775117488565745,0,0,-1
1775117488585741,0,0,-1
1775117488605736,0,0,-1
1775117488625756,0,0,-1
1775117488645740,0,0,-1
1775117488665741,0,0,-1
1775117488685734,0,0,-1
1775117488705738,0,0,-1
1775117488725736,0,0,-1
1775117488745745,0,0,-1
1775117488765736,0,0,-1
1775117488785733,0,0,-1
1775117488805732,0,0,-1
1775117488825729,0,0,-1
1775117488845735,0,0,-1
1775117488865731,0,0,-1
1775117488885733,0,0,-1
1775117488905726,0,0,-1
1775117488925728,0,0,-1
1775117488945728,0,0,-1
1775117488965732,0,0,-1
1775117488985745,0,0,-1
1775117489005736,0,0,-1
1775117489025736,0,0,-1
1775117489045742,0,0,-1
1775117489065735,0,0,-1
1775117489085742,0,0,-1
1775117489105746,0,0,-1
1775117489125744,0,0,-1
1775117489145732,0,0,-1
1775117489165730,0,0,-1
1775117489185739,0,0,-1
1775117489205731,0,0,-1
1775117489225734,0,0,-1
1775117489245750,0,0,-1
1775117489265734,0,0,-1
1775117489285737,0,0,-1
1775117489305736,0,0,-1
1775117489325729,0,0,-1
1775117489345734,0,0,-1
1775117489365730,0,0,-1
1775117489385728,0,0,-1
1775117489405729,0,0,-1
1775117489425730,0,0,-1
1775117489445728,0,0,-1
1775117489465740,0,0,-1
1775117489485736,0,0,-1
1775117489505743,0,0,-1
1775117489525736,0,0,-1
1775117489545804,0,0,-1
1775117489570940,0,0,-1
1775117489585736,0,0,-1
1775117489605868,0,0,-1
1775117489625734,0,0,-1
1775117489645730,0,0,-1
1775117489665733,0,0,-1
1775117489685736,0,0,-1
1775117489705744,0,0,-1
1775117489725744,0,0,-1
1775117489745735,0,0,-1
1775117489765740,0,0,-1
1775117489785744,0,0,-1
1775117489805743,0,0,-1
1775117489825735,0,0,-1
1775117489845739,0,0,-1
1775117489865733,0,0,-1
1775117489885737,0,0,-1
1775117489905733,0,0,-1
1775117489925737,0,0,-1
1775117489945736,0,0,-1
1775117489965770,0,0,-1
1775117489985946,0,0,-1
1775117490043191,0,0,-1
1775117490090269,0,0,-1
1775117490113865,0,0,-1
1775117490114899,0,0,-1
1775117490116033,0,0,-1
1775117490116892,0,0,-1
1775117490125775,0,0,-1
1775117490145773,0,0,-1
1775117490165740,0,0,-1
1775117490185740,0,0,-1
1775117490205734,0,0,-1
1775117490225731,0,0,-1
1775117490245734,0,0,-1
1775117490265731,0,0,-1
1775117490285734,0,0,-1
1775117490305730,0,0,-1
1775117490325734,0,0,-1
1775117490345733,0,0,-1
1775117490365739,0,0,-1
1775117490385734,0,0,-1
1775117490405729,0,0,-1
1775117490425734,0,0,-1
1775117490445730,0,0,-1
1775117490465734,0,0,-1
1775117490485733,0,0,-1
1775117490505740,0,0,-1
1775117490525756,0,0,-1
1775117490545742,0,0,-1
1775117490565742,0,0,-1
1775117490585733,0,0,-1
1775117490605732,0,0,-1
1775117490625734,0,0,-1
1775117490645733,0,0,-1
1775117490665732,0,0,-1
1775117490685742,0,0,-1
1775117490705733,0,0,-1
1775117490725732,0,0,-1
1775117490745734,0,0,-1
1775117490765732,0,0,-1
1775117490785734,0,0,-1
1775117490805736,0,0,-1
1775117490825730,0,0,-1
1775117490845880,0,0,-1
1775117490865727,0,0,-1
1775117490885732,0,0,-1
1775117490905733,0,0,-1
1775117490925727,0,0,-1
1775117490945728,0,0,-1
1775117490965799,0,0,-1
1775117490985798,0,0,-1
1775117491005750,0,0,-1
1775117491025736,0,0,-1
1775117491045738,0,0,-1
1775117491065748,0,0,-1
1775117491085741,0,0,-1
1775117491105733,0,0,-1
1775117491125802,0,0,-1
1775117491145766,0,0,-1
1775117491165737,0,0,-1
1775117491185753,0,0,-1
1775117491205734,0,0,-1
1775117491225730,0,0,-1
1775117491245767,0,0,-1
1775117491265746,0,0,-1
1775117491285739,0,0,-1
1775117491305731,0,0,-1
1775117491325732,0,0,-1
1775117491345777,0,0,-1
1775117491365731,0,0,-1
1775117491385731,0,0,-1
1775117491405734,0,0,-1
1775117491425736,0,0,-1
1775117491445744,0,0,-1
1775117491465738,0,0,-1
1775117491485780,0,0,-1
1775117491505742,0,0,-1
1775117491525742,0,0,-1
1775117491545739,0,0,-1
1775117491565736,0,0,-1
1775117491585734,0,0,-1
1775117491605733,0,0,-1
1775117491625734,0,0,-1
1775117491645734,0,0,-1
1775117491665742,0,0,-1
1775117491685732,0,0,-1
1775117491705736,0,0,-1
1775117491725746,0,0,-1
1775117491745787,0,0,-1
1775117491765746,0,0,-1
1775117491785740,0,0,-1
1775117491805741,0,0,-1
1775117491825737,0,0,-1
1775117491845738,0,0,-1
1775117491865729,0,0,-1
1775117491885735,0,0,-1
1775117491905732,0,0,-1
1775117491925730,0,0,-1
1775117491945966,0,0,-1
1775117491990611,0,0,-1
1775117491991683,0,0,-1
1775117492005739,0,0,-1
1775117492025733,0,0,-1
1775117492045738,0,0,-1
1775117492065736,0,0,-1
1775117492085738,0,0,-1
1775117492105754,0,0,-1
1775117492125782,0,0,-1
1775117492145746,0,0,-1
1775117492165746,0,0,-1
1775117492185738,0,0,-1
1775117492205733,0,0,-1
1775117492225729,0,0,-1
1775117492245733,0,0,-1
1775117492265743,0,0,-1
1775117492285736,0,0,-1
1775117492305743,0,0,-1
1775117492325734,0,0,-1
1775117492345741,0,0,-1
1775117492365736,0,0,-1
1775117492385734,0,0,-1
1775117492405731,0,0,-1
1775117492425730,0,0,-1
1775117492445729,0,0,-1
1775117492465745,0,0,-1
1775117492485753,0,0,-1
1775117492505738,0,0,-1
1775117492525741,0,0,-1
1775117492545749,0,0,-1
1775117492566554,0,0,-1
1775117492585745,0,0,-1
1775117492605746,0,0,-1
1775117492625739,0,0,-1
1775117492645744,0,0,-1
1775117492665730,0,0,-1
1775117492685733,0,0,-1
1775117492705730,0,0,-1
1775117492725730,0,0,-1
1775117492745734,0,0,-1
1775117492765731,0,0,-1
1775117492785737,0,0,-1
1775117492805734,0,0,-1
1775117492825734,0,0,-1
1775117492845734,0,0,-1
1775117492865738,0,0,-1
1775117492885730,0,0,-1
1775117492905737,0,0,-1
1775117492925739,0,0,-1
1775117492945737,0,0,-1
1775117492965738,0,0,-1
1775117492985743,0,0,-1
1775117493005746,0,0,-1
1775117493025748,0,0,-1
1775117493045744,0,0,-1
1775117493065745,0,0,-1
1775117493085734,0,0,-1
1775117493105734,0,0,-1
1775117493125739,0,0,-1
1775117493145745,0,0,-1
1775117493165737,0,0,-1
1775117493185734,0,0,-1
1775117493205729,0,0,-1
1775117493225731,0,0,-1
1775117493245745,0,0,-1
1775117493265730,0,0,-1
1775117493285738,0,0,-1
1775117493305731,0,0,-1
1775117493325733,0,0,-1
1775117493345738,0,0,-1
1775117493365743,0,0,-1
1775117493385788,0,0,-1
1775117493405797,0,0,-1
1775117493425744,0,0,-1
1775117493445729,0,0,-1
1775117493465735,0,0,-1
1775117493485732,0,0,-1
1775117493505733,0,0,-1
1775117493525741,0,0,-1
1775117493545734,0,0,-1
1775117493565741,0,0,-1
1775117493585742,0,0,-1
1775117493605743,0,0,-1
1775117493625738,0,0,-1
1775117493645746,0,0,-1
1775117493665737,0,0,-1
1775117493685740,0,0,-1
1775117493705737,0,0,-1
1775117493725732,0,0,-1
1775117493745736,0,0,-1
1775117493765737,0,0,-1
1775117493785731,0,0,-1
1775117493805730,0,0,-1
1775117493825758,0,0,-1
1775117493845741,0,0,-1
1775117493865732,0,0,-1
1775117493885729,0,0,-1
1775117493905728,0,0,-1
1775117493925731,0,0,-1
1775117493945731,0,0,-1
1775117493965733,0,0,-1
1775117493985726,0,0,-1
1775117494005764,0,0,-1
1775117494025734,0,0,-1
1775117494045740,0,0,-1
1775117494065735,0,0,-1
1775117494085740,0,0,-1
1775117494105741,0,0,-1
1775117494125741,0,0,-1
1775117494145753,0,0,-1
1775117494165741,0,0,-1
1775117494185737,0,0,-1
1775117494205735,0,0,-1
1775117494225739,0,0,-1
1775117494245743,0,0,-1
1775117494265734,0,0,-1
1775117494285743,0,0,-1
1775117494305736,0,0,-1
1775117494325746,0,0,-1
1775117494345742,0,0,-1
1775117494365741,0,0,-1
1775117494385730,0,0,-1
1775117494405779,0,0,-1
1775117494425739,0,0,-1
1775117494445732,0,0,-1
1775117494465739,0,0,-1
1775117494485739,0,0,-1
1775117494505735,0,0,-1
1775117494525742,0,0,-1
1775117494545742,0,0,-1
1775117494565776,0,0,-1
1775117494585736,0,0,-1
1775117494605732,0,0,-1
1775117494625736,0,0,-1
1775117494645738,0,0,-1
1775117494665738,0,0,-1
1775117494685736,0,0,-1
1775117494705733,0,0,-1
1775117494725730,0,0,-1
1775117494745737,0,0,-1
1775117494765735,0,0,-1
1775117494785735,0,0,-1
1775117494805746,0,0,-1
1775117494825734,0,0,-1
1775117494845731,0,0,-1
1775117494865734,0,0,-1
1775117494885733,0,0,-1
1775117494905740,0,0,-1
1775117494925740,0,0,-1
1775117494945733,0,0,-1
1775117494965742,0,0,-1
1775117494985734,0,0,-1
1775117495005735,0,0,-1
1775117495025733,0,0,-1
1775117495045737,0,0,-1
1775117495065731,0,0,-1
1775117495085739,0,0,-1
1775117495105733,0,0,-1
1775117495125796,0,0,-1
1775117495145755,0,0,-1
1775117495165738,0,0,-1
1775117495185740,0,0,-1
1775117495205730,0,0,-1
1775117495225731,0,0,-1
1775117495245738,0,0,-1
1775117495265766,0,0,-1
1775117495285730,0,0,-1
1775117495305731,0,0,-1
1775117495325729,0,0,-1
1775117495345736,0,0,-1
1775117495365786,0,0,-1
1775117495385731,0,0,-1
1775117495405734,0,0,-1
1775117495425728,0,0,-1
1775117495445729,0,0,-1
1775117495466124,0,0,-1
1775117495485732,0,0,-1
1775117495505731,0,0,-1
1775117495525748,0,0,-1
1775117495545738,0,0,-1
1775117495565743,0,0,-1
1775117495585742,0,0,-1
1775117495605742,0,0,-1
1775117495625757,0,0,-1
1775117495645738,0,0,-1
1775117495665740,0,0,-1
1775117495685735,0,0,-1
1775117495705738,0,0,-1
1775117495725736,0,0,-1
1775117495745727,0,0,-1
1775117495765730,0,0,-1
1775117495785760,0,0,-1
1775117495805729,0,0,-1
1775117495825735,0,0,-1
1775117495845983,0,0,-1
1775117495865730,0,0,-1
1775117495885730,0,0,-1
1775117495905734,0,0,-1
1775117495925730,0,0,-1
1775117495945745,0,0,-1
1775117495965742,0,0,-1
1775117495985743,0,0,-1
1775117496005742,0,0,-1
1775117496025742,0,0,-1
1775117496045740,0,0,-1
1775117496065738,0,0,-1
1775117496085745,0,0,-1
1775117496105742,0,0,-1
1775117496126001,0,0,-1
1775117496152759,0,0,-1
1775117496165736,0,0,-1
1775117496185729,0,0,-1
1775117496205734,0,0,-1
1775117496225736,0,0,-1
1775117496245732,0,0,-1
1775117496265737,0,0,-1
1775117496285740,0,0,-1
1775117496305738,0,0,-1
1775117496325734,0,0,-1
1775117496345738,0,0,-1
1775117496365737,0,0,-1
1775117496385741,0,0,-1
1775117496405730,0,0,-1
1775117496425736,0,0,-1
1775117496445775,0,0,-1
1775117496465733,0,0,-1
1775117496485736,0,0,-1
1775117496505734,0,0,-1
1775117496525738,0,0,-1
1775117496545737,0,0,-1
1775117496565733,0,0,-1
1775117496585734,0,0,-1
1775117496605734,0,0,-1
1775117496625735,0,0,-1
1775117496645743,0,0,-1
1775117496665751,0,0,-1
1775117496685763,0,0,-1
1775117496705734,0,0,-1
1775117496725736,0,0,-1
1775117496745735,0,0,-1
1775117496765737,0,0,-1
1775117496785729,0,0,-1
1775117496805732,0,0,-1
1775117496825730,0,0,-1
1775117496845730,0,0,-1
1775117496865730,0,0,-1
1775117496885730,0,0,-1
1775117496905728,0,0,-1
1775117496925729,0,0,-1
1775117496945729,0,0,-1
1775117496965732,0,0,-1
1775117496985733,0,0,-1
1775117497005730,0,0,-1
1775117497025714,0,0,-1
1775117497045738,0,0,-1
1775117497065731,0,0,-1
1775117497085739,0,0,-1
1775117497105741,0,0,-1
1775117497125743,0,0,-1
1775117497145737,0,0,-1
1775117497165731,0,0,-1
1775117497185733,0,0,-1
1775117497205729,0,0,-1
1775117497225731,0,0,-1
1775117497245730,0,0,-1
1775117497265975,0,0,-1
1775117497285731,0,0,-1
1775117497305732,0,0,-1
1775117497325729,0,0,-1
1775117497345732,0,0,-1
1775117497365733,0,0,-1
1775117497385730,0,0,-1
1775117497405729,0,0,-1
1775117497425737,0,0,-1
1775117497445736,0,0,-1
1775117497465738,0,0,-1
1775117497485739,0,0,-1
1775117497505752,0,0,-1
1775117497525744,0,0,-1
1775117497545743,0,0,-1
1775117497565742,0,0,-1
1775117497585744,0,0,-1
1775117497605743,0,0,-1
1775117497625748,0,0,-1
1775117497645747,0,0,-1
1775117497665740,0,0,-1
1775117497685741,0,0,-1
1775117497705737,0,0,-1
1775117497725737,0,0,-1
1775117497745739,0,0,-1
1775117497765732,0,0,-1
1775117497785823,0,0,-1
1775117497805777,0,0,-1
1775117497825731,0,0,-1
1775117497845735,0,0,-1
1775117497865731,0,0,-1
1775117497885747,0,0,-1
1775117497905741,0,0,-1
1775117497925742,0,0,-1
1775117497945738,0,0,-1
1775117497965741,0,0,-1
1775117497985774,0,0,-1
1775117498005734,0,0,-1
1775117498025733,0,0,-1
1775117498045779,0,0,-1
1775117498065747,0,0,-1
1775117498085741,0,0,-1
1775117498105737,0,0,-1
1775117498125735,0,0,-1
1775117498145732,0,0,-1
1775117498165755,0,0,-1
1775117498185728,0,0,-1
1775117498205731,0,0,-1
1775117498225765,0,0,-1
1775117498245740,0,0,-1
1775117498265775,0,0,-1
1775117498292014,0,0,-1
1775117498305730,0,0,-1
1775117498325730,0,0,-1
1775117498345747,0,0,-1
1775117498365735,0,0,-1
1775117498385739,0,0,-1
1775117498405730,0,0,-1
1775117498425735,0,0,-1
1775117498445740,0,0,-1
1775117498465732,0,0,-1
1775117498485733,0,0,-1
1775117498505742,0,0,-1
1775117498525739,0,0,-1
1775117498545738,0,0,-1
1775117498565735,0,0,-1
1775117498585743,0,0,-1
1775117498605738,0,0,-1
1775117498625734,0,0,-1
1775117498645745,0,0,-1
1775117498665738,0,0,-1
1775117498685742,0,0,-1
1775117498705736,0,0,-1
1775117498725927,0,0,-1
1775117498745729,0,0,-1
1775117498765731,0,0,-1
1775117498785731,0,0,-1
1775117498805732,0,0,-1
1775117498825731,0,0,-1
1775117498845760,0,0,-1
1775117498865733,0,0,-1
1775117498885730,0,0,-1
1775117498905731,0,0,-1
1775117498925733,0,0,-1
1775117498945738,0,0,-1
1775117498965737,0,0,-1
1775117498985754,0,0,-1
1775117499005743,0,0,-1
1775117499025756,0,0,-1
1775117499045742,0,0,-1
1775117499065739,0,0,-1
1775117499085740,0,0,-1
1775117499105747,0,0,-1
1775117499125745,0,0,-1
1775117499145755,0,0,-1
1775117499165737,0,0,-1
1775117499185734,0,0,-1
1775117499205731,0,0,-1
1775117499225731,0,0,-1
1775117499245741,0,0,-1
1775117499265735,0,0,-1
1775117499285735,0,0,-1
1775117499305732,0,0,-1
1775117499325730,0,0,-1
1775117499345735,0,0,-1
1775117499365738,0,0,-1
1775117499385729,0,0,-1
1775117499405733,0,0,-1
1775117499425732,0,0,-1
1775117499445729,0,0,-1
1775117499465735,0,0,-1
1775117499485731,0,0,-1
1775117499505732,0,0,-1
1775117499525736,0,0,-1
1775117499545779,0,0,-1
1775117499565746,0,0,-1
1775117499585745,0,0,-1
1775117499605741,0,0,-1
1775117499625743,0,0,-1
1775117499645735,0,0,-1
1775117499665730,0,0,-1
1775117499685765,0,0,-1
1775117499705731,0,0,-1
1775117499725737,0,0,-1
1775117499745763,0,0,-1
1775117499765735,0,0,-1
1775117499785740,0,0,-1
1775117499805739,0,0,-1
1775117499825739,0,0,-1
1775117499845743,0,0,-1
1775117499865737,0,0,-1
1775117499885772,0,0,-1
1775117499905736,0,0,-1
1775117499925827,0,0,-1
1775117499945734,0,0,-1
1775117499965736,0,0,-1
1775117499985733,0,0,-1
1775117500005736,0,0,-1
1775117500025735,0,0,-1
1775117500045736,0,0,-1
1775117500065737,0,0,-1
1775117500085750,0,0,-1
1775117500105744,0,0,-1
1775117500125738,0,0,-1
1775117500145740,0,0,-1
1775117500165733,0,0,-1
1775117500185733,0,0,-1
1775117500205733,0,0,-1
1775117500225741,0,0,-1
1775117500245733,0,0,-1
1775117500265738,0,0,-1
1775117500285735,0,0,-1
1775117500305737,0,0,-1
1775117500325745,0,0,-1
1775117500345745,0,0,-1
1775117500365752,0,0,-1
1775117500385729,0,0,-1
1775117500405733,0,0,-1
1775117500425736,0,0,-1
1775117500445739,0,0,-1
1775117500465736,0,0,-1
1775117500485742,0,0,-1
1775117500505740,0,0,-1
1775117500525736,0,0,-1
1775117500545780,0,0,-1
1775117500565738,0,0,-1
1775117500585739,0,0,-1
1775117500605746,0,0,-1
1775117500625737,0,0,-1
1775117500645792,0,0,-1
1775117500665737,0,0,-1
1775117500685738,0,0,-1
1775117500705735,0,0,-1
1775117500725752,0,0,-1
1775117500745729,0,0,-1
1775117500765732,0,0,-1
1775117500785728,0,0,-1
1775117500805735,0,0,-1
1775117500825745,0,0,-1
1775117500845747,0,0,-1
1775117500865736,0,0,-1
1775117500885737,0,0,-1
1775117500905723,0,0,-1
1775117500925737,0,0,-1
1775117500945739,0,0,-1
1775117500965733,0,0,-1
1775117500985773,0,0,-1
1775117501005748,0,0,-1
1775117501025743,0,0,-1
1775117501045743,0,0,-1
1775117501065738,0,0,-1
1775117501085742,0,0,-1
1775117501105737,0,0,-1
1775117501125754,0,0,-1
1775117501145746,0,0,-1
1775117501165741,0,0,-1
1775117501185732,0,0,-1
1775117501205742,0,0,-1
1775117501225739,0,0,-1
1775117501245731,0,0,-1
1775117501265740,0,0,-1
1775117501285733,0,0,-1
1775117501305734,0,0,-1
1775117501325751,0,0,-1
1775117501345740,0,0,-1
1775117501365738,0,0,-1
1775117501385735,0,0,-1
1775117501405734,0,0,-1
1775117501425731,0,0,-1
1775117501445728,0,0,-1
1775117501465730,0,0,-1
1775117501485737,0,0,-1
1775117501505733,0,0,-1
1775117501525736,0,0,-1
1775117501545738,0,0,-1
1775117501565735,0,0,-1
1775117501585735,0,0,-1
1775117501605737,0,0,-1
1775117501625734,0,0,-1
1775117501645732,0,0,-1
1775117501665833,0,0,-1
1775117501685738,0,0,-1
1775117501705740,0,0,-1
1775117501725731,0,0,-1
1775117501745741,0,0,-1
1775117501765772,0,0,-1
1775117501789672,0,0,-1
1775117501805733,0,0,-1
1775117501825730,0,0,-1
1775117501845731,0,0,-1
1775117501865735,0,0,-1
1775117501885732,0,0,-1
1775117501905734,0,0,-1
1775117501925734,0,0,-1
1775117501945728,0,0,-1
1775117501965733,0,0,-1
1775117501985736,0,0,-1
1775117502005737,0,0,-1
1775117502025743,0,0,-1
1775117502045742,0,0,-1
1775117502065736,0,0,-1
1775117502085730,0,0,-1
1775117502105736,0,0,-1
1775117502125744,0,0,-1
1775117502145750,0,0,-1
1775117502165737,0,0,-1
1775117502185736,0,0,-1
1775117502205765,0,0,-1
1775117502225729,0,0,-1
1775117502245736,0,0,-1
1775117502265741,0,0,-1
1775117502285734,0,0,-1
1775117502305735,0,0,-1
1775117502325730,0,0,-1
1775117502345733,0,0,-1
1775117502365773,0,0,-1
1775117502385742,0,0,-1
1775117502405744,0,0,-1
1775117502425776,0,0,-1
1775117502445734,0,0,-1
1775117502465733,0,0,-1
1775117502485733,0,0,-1
1775117502505735,0,0,-1
1775117502525735,0,0,-1
1775117502545738,0,0,-1
1775117502565740,0,0,-1
1775117502585742,0,0,-1
1775117502605741,0,0,-1
1775117502625742,0,0,-1
1775117502645732,0,0,-1
1775117502665737,0,0,-1
1775117502685732,0,0,-1
1775117502705732,0,0,-1
1775117502725735,0,0,-1
1775117502745733,0,0,-1
1775117502765737,0,0,-1
1775117502785736,0,0,-1
1775117502805739,0,0,-1
1775117502825740,0,0,-1
1775117502845744,0,0,-1
1775117502865738,0,0,-1
1775117502885751,0,0,-1
1775117502905740,0,0,-1
1775117502925742,0,0,-1
1775117502945741,0,0,-1
1775117502965740,0,0,-1
1775117502985733,0,0,-1
1775117503005735,0,0,-1
1775117503025733,0,0,-1
1775117503045732,0,0,-1
1775117503065735,0,0,-1
1775117503085738,0,0,-1
1775117503105733,0,0,-1
1775117503125737,0,0,-1
1775117503145741,0,0,-1
1775117503165743,0,0,-1
1775117503185737,0,0,-1
1775117503205742,0,0,-1
1775117503225734,0,0,-1
1775117503245736,0,0,-1
1775117503265741,0,0,-1
1775117503285737,0,0,-1
1775117503305736,0,0,-1
1775117503325788,0,0,-1
1775117503345736,0,0,-1
1775117503365736,0,0,-1
1775117503385732,0,0,-1
1775117503405733,0,0,-1
1775117503425772,0,0,-1
1775117503445742,0,0,-1
1775117503465748,0,0,-1
1775117503485742,0,0,-1
1775117503505742,0,0,-1
1775117503525742,0,0,-1
1775117503545743,0,0,-1
1775117503565750,0,0,-1
1775117503585742,0,0,-1
1775117503605739,0,0,-1
1775117503625738,0,0,-1
1775117503645739,0,0,-1
1775117503665753,0,0,-1
1775117503685740,0,0,-1
1775117503705744,0,0,-1
1775117503725745,0,0,-1
1775117503745738,0,0,-1
1775117503765730,0,0,-1
1775117503785731,0,0,-1
1775117503805734,0,0,-1
1775117503825734,0,0,-1
1775117503845736,0,0,-1
1775117503865733,0,0,-1
1775117503885731,0,0,-1
1775117503905738,0,0,-1
1775117503925740,0,0,-1
1775117503945863,0,0,-1
1775117503965732,0,0,-1
1775117503985751,0,0,-1
1775117504005737,0,0,-1
1775117504025730,0,0,-1
1775117504045728,0,0,-1
1775117504065736,0,0,-1
1775117504085786,0,0,-1
1775117504105742,0,0,-1
1775117504125740,0,0,-1
1775117504145743,0,0,-1
1775117504165741,0,0,-1
1775117504185755,0,0,-1
1775117504205739,0,0,-1
1775117504225742,0,0,-1
1775117504245740,0,0,-1
1775117504265739,0,0,-1
1775117504285736,0,0,-1
1775117504305735,0,0,-1
1775117504325733,0,0,-1
1775117504345729,0,0,-1
1775117504365729,0,0,-1
1775117504385758,0,0,-1
1775117504405727,0,0,-1
1775117504425729,0,0,-1
1775117504445735,0,0,-1
1775117504465729,0,0,-1
1775117504485731,0,0,-1
1775117504505731,0,0,-1
1775117504525859,0,0,-1
1775117504545732,0,0,-1
1775117504565730,0,0,-1
1775117504585734,0,0,-1
1775117504605745,0,0,-1
1775117504625736,0,0,-1
1775117504645735,0,0,-1
1775117504665738,0,0,-1
1775117504685731,0,0,-1
1775117504705729,0,0,-1
1775117504725743,0,0,-1
1775117504745733,0,0,-1
1775117504765733,0,0,-1
1775117504785730,0,0,-1
1775117504805732,0,0,-1
1775117504826196,0,0,-1
1775117504845745,0,0,-1
1775117504865739,0,0,-1
1775117504885733,0,0,-1
1775117504905732,0,0,-1
1775117504925737,0,0,-1
1775117504945740,0,0,-1
1775117504965733,0,0,-1
1775117504985736,0,0,-1
1775117505005743,0,0,-1
1775117505025741,0,0,-1
1775117505045749,0,0,-1
1775117505065738,0,0,-1
1775117505085739,0,0,-1
1775117505105748,0,0,-1
1775117505125742,0,0,-1
1775117505145740,0,0,-1
1775117505165744,0,0,-1
1775117505185738,0,0,-1
1775117505205746,0,0,-1
1775117505225742,0,0,-1
1775117505245737,0,0,-1
1775117505265732,0,0,-1
1775117505285743,0,0,-1
1775117505305740,0,0,-1
1775117505325735,0,0,-1
1775117505345734,0,0,-1
1775117505365735,0,0,-1
1775117505394899,0,0,-1
1775117505405854,0,0,-1
1775117505425738,0,0,-1
1775117505445731,0,0,-1
1775117505465734,0,0,-1
1775117505485737,0,0,-1
1775117505505739,0,0,-1
1775117505525751,0,0,-1
1775117505545743,0,0,-1
1775117505565740,0,0,-1
1775117505585737,0,0,-1
1775117505605734,0,0,-1
1775117505625735,0,0,-1
1775117505645737,0,0,-1
1775117505665739,0,0,-1
1775117505685739,0,0,-1
1775117505705731,0,0,-1
1775117505725735,0,0,-1
1775117505745920,0,0,-1
1775117505765732,0,0,-1
1775117505785735,0,0,-1
1775117505805728,0,0,-1
1775117505825730,0,0,-1
1775117505845740,0,0,-1
1775117505865729,0,0,-1
1775117505885733,0,0,-1
1775117505905730,0,0,-1
1775117505925728,0,0,-1
1775117505945730,0,0,-1
1775117505965730,0,0,-1
1775117505985732,0,0,-1
1775117506005738,0,0,-1
1775117506025734,0,0,-1
1775117506045731,0,0,-1
1775117506065735,0,0,-1
1775117506085734,0,0,-1
1775117506105737,0,0,-1
1775117506125747,0,0,-1
1775117506145743,0,0,-1
1775117506165736,0,0,-1
1775117506185746,0,0,-1
1775117506205756,0,0,-1
1775117506225728,0,0,-1
1775117506245767,0,0,-1
1775117506265736,0,0,-1
1775117506285739,0,0,-1
1775117506305734,0,0,-1
1775117506325728,0,0,-1
1775117506345744,0,0,-1
1775117506365745,0,0,-1
1775117506385741,0,0,-1
1775117506405739,0,0,-1
1775117506425735,0,0,-1
1775117506445758,0,0,-1
1775117506465730,0,0,-1
1775117506485757,0,0,-1
1775117506505740,0,0,-1
1775117506525742,0,0,-1
1775117506545737,0,0,-1
1775117506565747,0,0,-1
1775117506585739,0,0,-1
1775117506605745,0,0,-1
1775117506625753,0,0,-1
1775117506645780,0,0,-1
1775117506665780,0,0,-1
1775117506685748,0,0,-1
1775117506705738,0,0,-1
1775117506725739,0,0,-1
1775117506745730,0,0,-1
1775117506765752,0,0,-1
1775117506785736,0,0,-1
1775117506805732,0,0,-1
1775117506825731,0,0,-1
1775117506845731,0,0,-1
1775117506865729,0,0,-1
1775117506885730,0,0,-1
1775117506905741,0,0,-1
1775117506925740,0,0,-1
1775117506945738,0,0,-1
1775117506965734,0,0,-1
1775117506985742,0,0,-1
1775117507005743,0,0,-1
1775117507025735,0,0,-1
1775117507045737,0,0,-1
1775117507065744,0,0,-1
1775117507085756,0,0,-1
1775117507105736,0,0,-1
1775117507125730,0,0,-1
1775117507145745,0,0,-1
1775117507165739,0,0,-1
1775117507185745,0,0,-1
1775117507205745,0,0,-1
1775117507225732,0,0,-1
1775117507245735,0,0,-1
1775117507265771,0,0,-1
1775117507285739,0,0,-1
1775117507305733,0,0,-1
1775117507325730,0,0,-1
1775117507345733,0,0,-1
1775117507365734,0,0,-1
1775117507385742,0,0,-1
1775117507405731,0,0,-1
1775117507425735,0,0,-1
1775117507445795,0,0,-1
1775117507465729,0,0,-1
1775117507485733,0,0,-1
1775117507505735,0,0,-1
1775117507525738,0,0,-1
1775117507545735,0,0,-1
1775117507565734,0,0,-1
1775117507585734,0,0,-1
1775117507605735,0,0,-1
1775117507625739,0,0,-1
1775117507645741,0,0,-1
1775117507665809,0,0,-1
1775117507685743,0,0,-1
1775117507705736,0,0,-1
1775117507725734,0,0,-1
1775117507745738,0,0,-1
1775117507765734,0,0,-1
1775117507785738,0,0,-1
1775117507805737,0,0,-1
1775117507825769,0,0,-1
1775117507845741,0,0,-1
1775117507865746,0,0,-1
1775117507885746,0,0,-1
1775117507905741,0,0,-1
1775117507925736,0,0,-1
1775117507945828,0,0,-1
1775117507965740,0,0,-1
1775117507985744,0,0,-1
1775117508005743,0,0,-1
1775117508025745,0,0,-1
1775117508045742,0,0,-1
1775117508065742,0,0,-1
1775117508085747,0,0,-1
1775117508105741,0,0,-1
1775117508125741,0,0,-1
1775117508145741,0,0,-1
1775117508165885,0,0,-1
1775117508200751,0,0,-1
1775117508208600,0,0,-1
1775117508225737,0,0,-1
1775117508245735,0,0,-1
1775117508265736,0,0,-1
1775117508285730,0,0,-1
1775117508305731,0,0,-1
1775117508325740,0,0,-1
1775117508345731,0,0,-1
1775117508365744,0,0,-1
1775117508385741,0,0,-1
1775117508405740,0,0,-1
1775117508425741,0,0,-1
1775117508445736,0,0,-1
1775117508465744,0,0,-1
1775117508485743,0,0,-1
1775117508505740,0,0,-1
1775117508525776,0,0,-1
1775117508545742,0,0,-1
1775117508565742,0,0,-1
1775117508585740,0,0,-1
1775117508605734,0,0,-1
1775117508625731,0,0,-1
1775117508645744,0,0,-1
1775117508665734,0,0,-1
1775117508685733,0,0,-1
1775117508705735,0,0,-1
1775117508725740,0,0,-1
1775117508745740,0,0,-1
1775117508765736,0,0,-1
1775117508785785,0,0,-1
1775117508805746,0,0,-1
1775117508825731,0,0,-1
1775117508845770,0,0,-1
1775117508865752,0,0,-1
1775117508885778,0,0,-1
1775117508905738,0,0,-1
1775117508925736,0,0,-1
1775117508945733,0,0,-1
1775117508965734,0,0,-1
1775117508985733,0,0,-1
1775117509005734,0,0,-1
1775117509025736,0,0,-1
1775117509045736,0,0,-1
1775117509065737,0,0,-1
1775117509085734,0,0,-1
1775117509105732,0,0,-1
1775117509125745,0,0,-1
1775117509145744,0,0,-1
1775117509165742,0,0,-1
1775117509185738,0,0,-1
1775117509205731,0,0,-1
1775117509225735,0,0,-1
1775117509245729,0,0,-1
1775117509265739,0,0,-1
1775117509285742,0,0,-1
1775117509305732,0,0,-1
1775117509325733,0,0,-1
1775117509345740,0,0,-1
1775117509365736,0,0,-1
1775117509385733,0,0,-1
1775117509405729,0,0,-1
1775117509425729,0,0,-1
1775117509445737,0,0,-1
1775117509465737,0,0,-1
1775117509486086,0,0,-1
1775117509505737,0,0,-1
1775117509525735,0,0,-1
1775117509545742,0,0,-1
1775117509565741,0,0,-1
1775117509585785,0,0,-1
1775117509605743,0,0,-1
1775117509625743,0,0,-1
1775117509645740,0,0,-1
1775117509665749,0,0,-1
1775117509685744,0,0,-1
1775117509705734,0,0,-1
1775117509725745,0,0,-1
1775117509745735,0,0,-1
1775117509765733,0,0,-1
1775117509785732,0,0,-1
1775117509805743,0,0,-1
1775117509825739,0,0,-1
1775117509845743,0,0,-1
1775117509865734,0,0,-1
1775117509885739,0,0,-1
1775117509905728,0,0,-1
1775117509925729,0,0,-1
1775117509945738,0,0,-1
1775117509965737,0,0,-1
1775117509985734,0,0,-1
1775117510005737,0,0,-1
1775117510025731,0,0,-1
1775117510045733,0,0,-1
1775117510065738,0,0,-1
1775117510085744,0,0,-1
1775117510105737,0,0,-1
1775117510125730,0,0,-1
1775117510145740,0,0,-1
1775117510165741,0,0,-1
1775117510185751,0,0,-1
1775117510205738,0,0,-1
1775117510225749,0,0,-1
1775117510245729,0,0,-1
1775117510265737,0,0,-1
1775117510285727,0,0,-1
1775117510305734,0,0,-1
1775117510325732,0,0,-1
1775117510345729,0,0,-1
1775117510365733,0,0,-1
1775117510385731,0,0,-1
1775117510405739,0,0,-1
1775117510425754,0,0,-1
1775117510445734,0,0,-1
1775117510465728,0,0,-1
1775117510485731,0,0,-1
1775117510505733,0,0,-1
1775117510525734,0,0,-1
1775117510545733,0,0,-1
1775117510565741,0,0,-1
1775117510585732,0,0,-1
1775117510605734,0,0,-1
1775117510625730,0,0,-1
1775117510645730,0,0,-1
1775117510665729,0,0,-1
1775117510685759,0,0,-1
1775117510705749,0,0,-1
1775117510725736,0,0,-1
1775117510745743,0,0,-1
1775117510765735,0,0,-1
1775117510785731,0,0,-1
1775117510805729,0,0,-1
1775117510825731,0,0,-1
1775117510845737,0,0,-1
1775117510865734,0,0,-1
1775117510885735,0,0,-1
1775117510905736,0,0,-1
1775117510925747,0,0,-1
1775117510945746,0,0,-1
1775117510965736,0,0,-1
1775117510985741,0,0,-1
1775117511005780,0,0,-1
1775117511025768,0,0,-1
1775117511045740,0,0,-1
1775117511065742,0,0,-1
1775117511085745,0,0,-1
1775117511105750,0,0,-1
1775117511125744,0,0,-1
1775117511145744,0,0,-1
1775117511165742,0,0,-1
1775117511185762,0,0,-1
1775117511205735,0,0,-1
1775117511225732,0,0,-1
1775117511245735,0,0,-1
1775117511265733,0,0,-1
1775117511285743,0,0,-1
1775117511305737,0,0,-1
1775117511325739,0,0,-1
1775117511345736,0,0,-1
1775117511365735,0,0,-1
1775117511385735,0,0,-1
1775117511405729,0,0,-1
1775117511425705,0,0,-1
1775117511445739,0,0,-1
1775117511465738,0,0,-1
1775117511485741,0,0,-1
1775117511505738,0,0,-1
1775117511525738,0,0,-1
1775117511545752,0,0,-1
1775117511565742,0,0,-1
1775117511585738,0,0,-1
1775117511605737,0,0,-1
1775117511625747,0,0,-1
1775117511645749,0,0,-1
1775117511665741,0,0,-1
1775117511685736,0,0,-1
1775117511705745,0,0,-1
1775117511725731,0,0,-1
1775117511745732,0,0,-1
1775117511765837,0,0,-1
1775117511785732,0,0,-1
1775117511805734,0,0,-1
1775117511825737,0,0,-1
1775117511845733,0,0,-1
1775117511865735,0,0,-1
1775117511885732,0,0,-1
1775117511905730,0,0,-1
1775117511925732,0,0,-1
1775117511945730,0,0,-1
1775117511965737,0,0,-1
1775117511985734,0,0,-1
1775117512005733,0,0,-1
1775117512025732,0,0,-1
1775117512045737,0,0,-1
1775117512065737,0,0,-1
1775117512085740,0,0,-1
1775117512105739,0,0,-1
1775117512125741,0,0,-1
1775117512145744,0,0,-1
1775117512165739,0,0,-1
1775117512185740,0,0,-1
1775117512205734,0,0,-1
1775117512225741,0,0,-1
1775117512245749,0,0,-1
1775117512265740,0,0,-1
1775117512285740,0,0,-1
1775117512305770,0,0,-1
1775117512325730,0,0,-1
1775117512345999,0,0,-1
1775117512365731,0,0,-1
1775117512385773,0,0,-1
1775117512405738,0,0,-1
1775117512425736,0,0,-1
1775117512445736,0,0,-1
1775117512465739,0,0,-1
1775117512485740,0,0,-1
1775117512505740,0,0,-1
1775117512525739,0,0,-1
1775117512545743,0,0,-1
1775117512565739,0,0,-1
1775117512585959,0,0,-1
1775117512635304,0,0,-1
1775117512636320,0,0,-1
1775117512645738,0,0,-1
1775117512665788,0,0,-1
1775117512685746,0,0,-1
1775117512705740,0,0,-1
1775117512725742,0,0,-1
1775117512745861,0,0,-1
1775117512765740,0,0,-1
1775117512785736,0,0,-1
1775117512805729,0,0,-1
1775117512825730,0,0,-1
1775117512845740,0,0,-1
1775117512865729,0,0,-1
1775117512885706,0,0,-1
1775117512905745,0,0,-1
1775117512925737,0,0,-1
1775117512945739,0,0,-1
1775117512965732,0,0,-1
1775117512985742,0,0,-1
1775117513005741,0,0,-1
1775117513025737,0,0,-1
1775117513045737,0,0,-1
1775117513065746,0,0,-1
1775117513085742,0,0,-1
1775117513105742,0,0,-1
1775117513125744,0,0,-1
1775117513145739,0,0,-1
1775117513165748,0,0,-1
1775117513185734,0,0,-1
1775117513205733,0,0,-1
1775117513225742,0,0,-1
1775117513245736,0,0,-1
1775117513265735,0,0,-1
1775117513285729,0,0,-1
1775117513305733,0,0,-1
1775117513325731,0,0,-1
1775117513345731,0,0,-1
1775117513365731,0,0,-1
1775117513385737,0,0,-1
1775117513405737,0,0,-1
1775117513425783,0,0,-1
1775117513445737,0,0,-1
1775117513465729,0,0,-1
1775117513485719,0,0,-1
1775117513505733,0,0,-1
1775117513525734,0,0,-1
1775117513545738,0,0,-1
1775117513565743,0,0,-1
1775117513585740,0,0,-1
1775117513605733,0,0,-1
1775117513625781,0,0,-1
1775117513645735,0,0,-1
1775117513665743,0,0,-1
1775117513685743,0,0,-1
1775117513705742,0,0,-1
1775117513725741,0,0,-1
1775117513745730,0,0,-1
1775117513765737,0,0,-1
1775117513785731,0,0,-1
1775117513805734,0,0,-1
1775117513825729,0,0,-1
1775117513845731,0,0,-1
1775117513865734,0,0,-1
1775117513885733,0,0,-1
1775117513905739,0,0,-1
1775117513925734,0,0,-1
1775117513945740,0,0,-1
1775117513965734,0,0,-1
1775117513985738,0,0,-1
1775117514005740,0,0,-1
1775117514025739,0,0,-1
1775117514045735,0,0,-1
1775117514065743,0,0,-1
1775117514085739,0,0,-1
1775117514105742,0,0,-1
1775117514125741,0,0,-1
1775117514145740,0,0,-1
1775117514165743,0,0,-1
1775117514185805,0,0,-1
1775117514205738,0,0,-1
1775117514225740,0,0,-1
1775117514245733,0,0,-1
1775117514265732,0,0,-1
1775117514285741,0,0,-1
1775117514305736,0,0,-1
1775117514325736,0,0,-1
1775117514345742,0,0,-1
1775117514365732,0,0,-1
1775117514385741,0,0,-1
1775117514405743,0,0,-1
1775117514425774,0,0,-1
1775117514445736,0,0,-1
1775117514465834,0,0,-1
1775117514485735,0,0,-1
1775117514505770,0,0,-1
1775117514525739,0,0,-1
1775117514545744,0,0,-1
1775117514565748,0,0,-1
1775117514585737,0,0,-1
1775117514605937,0,0,-1
1775117514625738,0,0,-1
1775117514645737,0,0,-1
1775117514665743,0,0,-1
1775117514685740,0,0,-1
1775117514705732,0,0,-1
1775117514725732,0,0,-1
1775117514745733,0,0,-1
1775117514765733,0,0,-1
1775117514785733,0,0,-1
1775117514805730,0,0,-1
1775117514825733,0,0,-1
1775117514845728,0,0,-1
1775117514865732,0,0,-1
1775117514885731,0,0,-1
1775117514905745,0,0,-1
1775117514925744,0,0,-1
1775117514945750,0,0,-1
1775117514965733,0,0,-1
1775117514985736,0,0,-1
1775117515005732,0,0,-1
1775117515025731,0,0,-1
1775117515045735,0,0,-1
1775117515065739,0,0,-1
1775117515085739,0,0,-1
1775117515105734,0,0,-1
1775117515125741,0,0,-1
1775117515145743,0,0,-1
1775117515165740,0,0,-1
1775117515185737,0,0,-1
1775117515205748,0,0,-1
1775117515225729,0,0,-1
1775117515245732,0,0,-1
1775117515265736,0,0,-1
1775117515285732,0,0,-1
1775117515305736,0,0,-1
1775117515325738,0,0,-1
1775117515345730,0,0,-1
1775117515365736,0,0,-1
1775117515385743,0,0,-1
1775117515405742,0,0,-1
1775117515425739,0,0,-1
1775117515445737,0,0,-1
1775117515465732,0,0,-1
1775117515485738,0,0,-1
1775117515505740,0,0,-1
1775117515525736,0,0,-1
1775117515545739,0,0,-1
1775117515565740,0,0,-1
1775117515585741,0,0,-1
1775117515605745,0,0,-1
1775117515625774,0,0,-1
1775117515645748,0,0,-1
1775117515665743,0,0,-1
1775117515685736,0,0,-1
1775117515705735,0,0,-1
1775117515725741,0,0,-1
1775117515745743,0,0,-1
1775117515765734,0,0,-1
1775117515785740,0,0,-1
1775117515805732,0,0,-1
1775117515825731,0,0,-1
1775117515845735,0,0,-1
1775117515865735,0,0,-1
1775117515885735,0,0,-1
1775117515905737,0,0,-1
1775117515925737,0,0,-1
1775117515945771,0,0,-1
1775117515965745,0,0,-1
1775117515985743,0,0,-1
1775117516005740,0,0,-1
1775117516025741,0,0,-1
1775117516045754,0,0,-1
1775117516065734,0,0,-1
1775117516085735,0,0,-1
1775117516105737,0,0,-1
1775117516125744,0,0,-1
1775117516145886,0,0,-1
1775117516165734,0,0,-1
1775117516185741,0,0,-1
1775117516205732,0,0,-1
1775117516225733,0,0,-1
1775117516245731,0,0,-1
1775117516265731,0,0,-1
1775117516285734,0,0,-1
1775117516305724,0,0,-1
1775117516325740,0,0,-1
1775117516345745,0,0,-1
1775117516365740,0,0,-1
1775117516385738,0,0,-1
1775117516405739,0,0,-1
1775117516425737,0,0,-1
1775117516445739,0,0,-1
1775117516465737,0,0,-1
1775117516485739,0,0,-1
1775117516505744,0,0,-1
1775117516525737,0,0,-1
1775117516545736,0,0,-1
1775117516565739,0,0,-1
1775117516585734,0,0,-1
1775117516605737,0,0,-1
1775117516625732,0,0,-1
1775117516645733,0,0,-1
1775117516665740,0,0,-1
1775117516685741,0,0,-1
1775117516705738,0,0,-1
1775117516726072,0,0,-1
1775117516745730,0,0,-1
1775117516765731,0,0,-1
1775117516785729,0,0,-1
1775117516805729,0,0,-1
1775117516825731,0,0,-1
1775117516845730,0,0,-1
1775117516865731,0,0,-1
1775117516885735,0,0,-1
1775117516905734,0,0,-1
1775117516925729,0,0,-1
1775117516945736,0,0,-1
1775117516965731,0,0,-1
1775117516985734,0,0,-1
1775117517005736,0,0,-1
1775117517025737,0,0,-1
1775117517045739,0,0,-1
1775117517065739,0,0,-1
1775117517085745,0,0,-1
1775117517105744,0,0,-1
1775117517125748,0,0,-1
1775117517145746,0,0,-1
1775117517165750,0,0,-1
1775117517185741,0,0,-1
1775117517205738,0,0,-1
1775117517225744,0,0,-1
1775117517245738,0,0,-1
1775117517265738,0,0,-1
1775117517285736,0,0,-1
1775117517305734,0,0,-1
1775117517325733,0,0,-1
1775117517345731,0,0,-1
1775117517365735,0,0,-1
1775117517385735,0,0,-1
1775117517405735,0,0,-1
1775117517425738,0,0,-1
1775117517445732,0,0,-1
1775117517465779,0,0,-1
1775117517485738,0,0,-1
1775117517505737,0,0,-1
1775117517525735,0,0,-1
1775117517545735,0,0,-1
1775117517565761,0,0,-1
1775117517585740,0,0,-1
1775117517605735,0,0,-1
1775117517625749,0,0,-1
1775117517645739,0,0,-1
1775117517665742,0,0,-1
1775117517685735,0,0,-1
1775117517705733,0,0,-1
1775117517725734,0,0,-1
1775117517745734,0,0,-1
1775117517765735,0,0,-1
1775117517785741,0,0,-1
1775117517805734,0,0,-1
1775117517825734,0,0,-1
1775117517845736,0,0,-1
1775117517865733,0,0,-1
1775117517885731,0,0,-1
1775117517905739,0,0,-1
1775117517925731,0,0,-1
1775117517945737,0,0,-1
1775117517965734,0,0,-1
1775117517985741,0,0,-1
1775117518005740,0,0,-1
1775117518025743,0,0,-1
1775117518045744,0,0,-1
1775117518065733,0,0,-1
1775117518085741,0,0,-1
1775117518105740,0,0,-1
1775117518125700,0,0,-1
1775117518145733,0,0,-1
1775117518165743,0,0,-1
1775117518185743,0,0,-1
1775117518205744,0,0,-1
1775117518225743,0,0,-1
1775117518245739,0,0,-1
1775117518265732,0,0,-1
1775117518285734,0,0,-1
1775117518305732,0,0,-1
1775117518325734,0,0,-1
1775117518345736,0,0,-1
1775117518365752,0,0,-1
1775117518385731,0,0,-1
1775117518405735,0,0,-1
1775117518425730,0,0,-1
1775117518445729,0,0,-1
1775117518465738,0,0,-1
1775117518485731,0,0,-1
1775117518505736,0,0,-1
1775117518525784,0,0,-1
1775117518545744,0,0,-1
1775117518565743,0,0,-1
1775117518585742,0,0,-1
1775117518605742,0,0,-1
1775117518625762,0,0,-1
1775117518645745,0,0,-1
1775117518665746,0,0,-1
1775117518685745,0,0,-1
1775117518705738,0,0,-1
1775117518725723,0,0,-1
1775117518745734,0,0,-1
1775117518765736,0,0,-1
1775117518785734,0,0,-1
1775117518805731,0,0,-1
1775117518825730,0,0,-1
1775117518845807,0,0,-1
1775117518865731,0,0,-1
1775117518885736,0,0,-1
1775117518905734,0,0,-1
1775117518925745,0,0,-1
1775117518945738,0,0,-1
1775117518965742,0,0,-1
1775117518985740,0,0,-1
1775117519005734,0,0,-1
1775117519025736,0,0,-1
1775117519045745,0,0,-1
1775117519065735,0,0,-1
1775117519085758,0,0,-1
1775117519105746,0,0,-1
1775117519125744,0,0,-1
1775117519145749,0,0,-1
1775117519165741,0,0,-1
1775117519185737,0,0,-1
1775117519205728,0,0,-1
1775117519225731,0,0,-1
1775117519245735,0,0,-1
1775117519265740,0,0,-1
1775117519285731,0,0,-1
1775117519305743,0,0,-1
1775117519325741,0,0,-1
1775117519345736,0,0,-1
1775117519365739,0,0,-1
1775117519385740,0,0,-1
1775117519405708,0,0,-1
1775117519425742,0,0,-1
1775117519445730,0,0,-1
1775117519465732,0,0,-1
1775117519485730,0,0,-1
1775117519505729,0,0,-1
1775117519525716,0,0,-1
1775117519545741,0,0,-1
1775117519565747,0,0,-1
1775117519585783,0,0,-1
1775117519605733,0,0,-1
1775117519625741,0,0,-1
1775117519645890,0,0,-1
1775117519668032,0,0,-1
1775117519685739,0,0,-1
1775117519705736,0,0,-1
1775117519725734,0,0,-1
1775117519745734,0,0,-1
1775117519765738,0,0,-1
1775117519785736,0,0,-1
1775117519805733,0,0,-1
1775117519825737,0,0,-1
1775117519845741,0,0,-1
1775117519865736,0,0,-1
1775117519885776,0,0,-1
1775117519905736,0,0,-1
1775117519925729,0,0,-1
1775117519945731,0,0,-1
1775117519965747,0,0,-1
1775117519985742,0,0,-1
1775117520005744,0,0,-1
1775117520025744,0,0,-1
1775117520045737,0,0,-1
1775117520065741,0,0,-1
1775117520085741,0,0,-1
1775117520105747,0,0,-1
1775117520125742,0,0,-1
1775117520145760,0,0,-1
1775117520198903,0,0,-1
1775117520230250,0,0,-1
1775117520231187,0,0,-1
1775117520231982,0,0,-1
1775117520245731,0,0,-1
1775117520265732,0,0,-1
1775117520285733,0,0,-1
1775117520305745,0,0,-1
1775117520325742,0,0,-1
1775117520345746,0,0,-1
1775117520365733,0,0,-1
1775117520385748,0,0,-1
1775117520405731,0,0,-1
1775117520425735,0,0,-1
1775117520445743,0,0,-1
1775117520465734,0,0,-1
1775117520485740,0,0,-1
1775117520505746,0,0,-1
1775117520525742,0,0,-1
1775117520545739,0,0,-1
1775117520565743,0,0,-1
1775117520585734,0,0,-1
1775117520605736,0,0,-1
1775117520625739,0,0,-1
1775117520645731,0,0,-1
1775117520665734,0,0,-1
1775117520685730,0,0,-1
1775117520705731,0,0,-1
1775117520726231,0,0,-1
1775117520745741,0,0,-1
1775117520765745,0,0,-1
1775117520785733,0,0,-1
1775117520805733,0,0,-1
1775117520825728,0,0,-1
1775117520845729,0,0,-1
1775117520865738,0,0,-1
1775117520885729,0,0,-1
1775117520905732,0,0,-1
1775117520925738,0,0,-1
1775117520945731,0,0,-1
1775117520965772,0,0,-1
1775117520990323,0,0,-1
1775117521005739,0,0,-1
1775117521025758,0,0,-1
1775117521045737,0,0,-1
1775117521065749,0,0,-1
1775117521085738,0,0,-1
1775117521105773,0,0,-1
1775117521125744,0,0,-1
1775117521145745,0,0,-1
1775117521165741,0,0,-1
1775117521185762,0,0,-1
1775117521205743,0,0,-1
1775117521225737,0,0,-1
1775117521245742,0,0,-1
1775117521265736,0,0,-1
1775117521285739,0,0,-1
1775117521305743,0,0,-1
1775117521325742,0,0,-1
1775117521345738,0,0,-1
1775117521365733,0,0,-1
1775117521385731,0,0,-1
1775117521405735,0,0,-1
1775117521425729,0,0,-1
1775117521445729,0,0,-1
1775117521465742,0,0,-1
1775117521485735,0,0,-1
1775117521505731,0,0,-1
1775117521525746,0,0,-1
1775117521545732,0,0,-1
1775117521565739,0,0,-1
1775117521585736,0,0,-1
1775117521608577,0,0,-1
1775117521625764,0,0,-1
1775117521645740,0,0,-1
1775117521665747,0,0,-1
1775117521685743,0,0,-1
1775117521705740,0,0,-1
1775117521725744,0,0,-1
1775117521745744,0,0,-1
1775117521765743,0,0,-1
1775117521785740,0,0,-1
1775117521805735,0,0,-1
1775117521825735,0,0,-1
1775117521845742,0,0,-1
1775117521865735,0,0,-1
1775117521885736,0,0,-1
1775117521905731,0,0,-1
1775117521925730,0,0,-1
1775117521945743,0,0,-1
1775117521965738,0,0,-1
1775117521985739,0,0,-1
1775117522005734,0,0,-1
1775117522025732,0,0,-1
1775117522045732,0,0,-1
1775117522065733,0,0,-1
1775117522085731,0,0,-1
1775117522105748,0,0,-1
1775117522125743,0,0,-1
1775117522145749,0,0,-1
1775117522165764,0,0,-1
1775117522185733,0,0,-1
1775117522205734,0,0,-1
1775117522225732,0,0,-1
1775117522245748,0,0,-1
1775117522265734,0,0,-1
1775117522285728,0,0,-1
1775117522305733,0,0,-1
1775117522325737,0,0,-1
1775117522345735,0,0,-1
1775117522365734,0,0,-1
1775117522385733,0,0,-1
1775117522405736,0,0,-1
1775117522425747,0,0,-1
1775117522445738,0,0,-1
1775117522465737,0,0,-1
1775117522485739,0,0,-1
1775117522505736,0,0,-1
1775117522525730,0,0,-1
1775117522545735,0,0,-1
1775117522565736,0,0,-1
1775117522585734,0,0,-1
1775117522605734,0,0,-1
1775117522625735,0,0,-1
1775117522645755,0,0,-1
1775117522665735,0,0,-1
1775117522685741,0,0,-1
1775117522705737,0,0,-1
1775117522725747,0,0,-1
1775117522745739,0,0,-1
1775117522765729,0,0,-1
1775117522785739,0,0,-1
1775117522805742,0,0,-1
1775117522825733,0,0,-1
1775117522845740,0,0,-1
1775117522865739,0,0,-1
1775117522885730,0,0,-1
1775117522905734,0,0,-1
1775117522925778,0,0,-1
1775117522945733,0,0,-1
1775117522965734,0,0,-1
1775117522985731,0,0,-1
1775117523005739,0,0,-1
1775117523025737,0,0,-1
1775117523045746,0,0,-1
1775117523065744,0,0,-1
1775117523085741,0,0,-1
1775117523105742,0,0,-1
1775117523125746,0,0,-1
1775117523145747,0,0,-1
1775117523165754,0,0,-1
1775117523185737,0,0,-1
1775117523205971,0,0,-1
1775117523225736,0,0,-1
1775117523245821,0,0,-1
1775117523267555,0,0,-1
1775117523285730,0,0,-1
1775117523305740,0,0,-1
1775117523325734,0,0,-1
1775117523345738,0,0,-1
1775117523365735,0,0,-1
1775117523385732,0,0,-1
1775117523405733,0,0,-1
1775117523425735,0,0,-1
1775117523445737,0,0,-1
1775117523465730,0,0,-1
1775117523485732,0,0,-1
1775117523505742,0,0,-1
1775117523525735,0,0,-1
1775117523545736,0,0,-1
1775117523565736,0,0,-1
1775117523585735,0,0,-1
1775117523605738,0,0,-1
1775117523625743,0,0,-1
1775117523645744,0,0,-1
1775117523665744,0,0,-1
1775117523685732,0,0,-1
1775117523705732,0,0,-1
1775117523725733,0,0,-1
1775117523745729,0,0,-1
1775117523765733,0,0,-1
1775117523785747,0,0,-1
1775117523805743,0,0,-1
1775117523825752,0,0,-1
1775117523845778,0,0,-1
1775117523865736,0,0,-1
1775117523885733,0,0,-1
1775117523905732,0,0,-1
1775117523925731,0,0,-1
1775117523945733,0,0,-1
1775117523965736,0,0,-1
1775117523985728,0,0,-1
1775117524005730,0,0,-1
1775117524025935,0,0,-1
1775117524045735,0,0,-1
1775117524065735,0,0,-1
1775117524085756,0,0,-1
1775117524105743,0,0,-1
1775117524125742,0,0,-1
1775117524145734,0,0,-1
1775117524165740,0,0,-1
1775117524185737,0,0,-1
1775117524205820,0,0,-1
1775117524225779,0,0,-1
1775117524245742,0,0,-1
1775117524265734,0,0,-1
1775117524285732,0,0,-1
1775117524305730,0,0,-1
1775117524325736,0,0,-1
1775117524345741,0,0,-1
1775117524365731,0,0,-1
1775117524385732,0,0,-1
1775117524405730,0,0,-1
1775117524425734,0,0,-1
1775117524445746,0,0,-1
1775117524465746,0,0,-1
1775117524485792,0,0,-1
1775117524505740,0,0,-1
1775117524525737,0,0,-1
1775117524545744,0,0,-1
1775117524565743,0,0,-1
1775117524585744,0,0,-1
1775117524605745,0,0,-1
1775117524625743,0,0,-1
1775117524645744,0,0,-1
1775117524665738,0,0,-1
1775117524685739,0,0,-1
1775117524705744,0,0,-1
1775117524725743,0,0,-1
1775117524745743,0,0,-1
1775117524765732,0,0,-1
1775117524785747,0,0,-1
1775117524805744,0,0,-1
1775117524825743,0,0,-1
1775117524845748,0,0,-1
1775117524865738,0,0,-1
1775117524885730,0,0,-1
1775117524905733,0,0,-1
1775117524925729,0,0,-1
1775117524945736,0,0,-1
1775117524965765,0,0,-1
1775117524985729,0,0,-1
1775117525005738,0,0,-1
1775117525025786,0,0,-1
1775117525045735,0,0,-1
1775117525065753,0,0,-1
1775117525085734,0,0,-1
1775117525105742,0,0,-1
1775117525125745,0,0,-1
1775117525145735,0,0,-1
1775117525165744,0,0,-1
1775117525185742,0,0,-1
1775117525205735,0,0,-1
1775117525225733,0,0,-1
1775117525245732,0,0,-1
1775117525265732,0,0,-1
1775117525285736,0,0,-1
1775117525305729,0,0,-1
1775117525325732,0,0,-1
1775117525345747,0,0,-1
1775117525365733,0,0,-1
1775117525385732,0,0,-1
1775117525405735,0,0,-1
1775117525425729,0,0,-1
1775117525445736,0,0,-1
1775117525465737,0,0,-1
1775117525485729,0,0,-1
1775117525505740,0,0,-1
1775117525525732,0,0,-1
1775117525545731,0,0,-1
1775117525565733,0,0,-1
1775117525585734,0,0,-1
1775117525605735,0,0,-1
1775117525625734,0,0,-1
1775117525645738,0,0,-1
1775117525665746,0,0,-1
1775117525685740,0,0,-1
1775117525705740,0,0,-1
1775117525725743,0,0,-1
1775117525745730,0,0,-1
1775117525765745,0,0,-1
1775117525785738,0,0,-1
1775117525805740,0,0,-1
1775117525825737,0,0,-1
1775117525845743,0,0,-1
1775117525865742,0,0,-1
1775117525885737,0,0,-1
1775117525905737,0,0,-1
1775117525925739,0,0,-1
1775117525945733,0,0,-1
1775117525965734,0,0,-1
1775117525985731,0,0,-1
1775117526005741,0,0,-1
1775117526025733,0,0,-1
1775117526045746,0,0,-1
1775117526065739,0,0,-1
1775117526085745,0,0,-1
1775117526105740,0,0,-1
1775117526125735,0,0,-1
1775117526145739,0,0,-1
1775117526165736,0,0,-1
1775117526185743,0,0,-1
1775117526205747,0,0,-1
1775117526225741,0,0,-1
1775117526245742,0,0,-1
1775117526265774,0,0,-1
1775117526285732,0,0,-1
1775117526305735,0,0,-1
1775117526325736,0,0,-1
1775117526345731,0,0,-1
1775117526365736,0,0,-1
1775117526385743,0,0,-1
1775117526405732,0,0,-1
1775117526425733,0,0,-1
1775117526445741,0,0,-1
1775117526465732,0,0,-1
1775117526485733,0,0,-1
1775117526505800,0,0,-1
1775117526525742,0,0,-1
1775117526545750,0,0,-1
1775117526565745,0,0,-1
1775117526585741,0,0,-1
1775117526605733,0,0,-1
1775117526625737,0,0,-1
1775117526645739,0,0,-1
1775117526665734,0,0,-1
1775117526685734,0,0,-1
1775117526705731,0,0,-1
1775117526725733,0,0,-1
1775117526745729,0,0,-1
1775117526765756,0,0,-1
1775117526785742,0,0,-1
1775117526805734,0,0,-1
1775117526825737,0,0,-1
1775117526845734,0,0,-1
1775117526865735,0,0,-1
1775117526885736,0,0,-1
1775117526905731,0,0,-1
1775117526925732,0,0,-1
1775117526945737,0,0,-1
1775117526965729,0,0,-1
1775117526985729,0,0,-1
1775117527005731,0,0,-1
1775117527025734,0,0,-1
1775117527045876,0,0,-1
1775117527084524,0,0,-1
1775117527110685,0,0,-1
1775117527112224,0,0,-1
1775117527125775,0,0,-1
1775117527157553,0,0,-1
1775117527165736,0,0,-1
1775117527185735,0,0,-1
1775117527205727,0,0,-1
1775117527225730,0,0,-1
1775117527245753,0,0,-1
1775117527265733,0,0,-1
1775117527285742,0,0,-1
1775117527305819,0,0,-1
1775117527325743,0,0,-1
1775117527345744,0,0,-1
1775117527365701,0,0,-1
1775117527385737,0,0,-1
1775117527405741,0,0,-1
1775117527425733,0,0,-1
1775117527445737,0,0,-1
1775117527465778,0,0,-1
1775117527485735,0,0,-1
1775117527505731,0,0,-1
1775117527525735,0,0,-1
1775117527545735,0,0,-1
1775117527565743,0,0,-1
1775117527585738,0,0,-1
1775117527605739,0,0,-1
1775117527625748,0,0,-1
1775117527645744,0,0,-1
1775117527665744,0,0,-1
1775117527685739,0,0,-1
1775117527705747,0,0,-1
1775117527725743,0,0,-1
1775117527745743,0,0,-1
1775117527765735,0,0,-1
1775117527785736,0,0,-1
1775117527805953,0,0,-1
1775117527825743,0,0,-1
1775117527845739,0,0,-1
1775117527865731,0,0,-1
1775117527885730,0,0,-1
1775117527905728,0,0,-1
1775117527925729,0,0,-1
1775117527945862,0,0,-1
1775117527965729,0,0,-1
1775117527985734,0,0,-1
1775117528005736,0,0,-1
1775117528025733,0,0,-1
1775117528045737,0,0,-1
1775117528065745,0,0,-1
1775117528085760,0,0,-1
1775117528105738,0,0,-1
1775117528125736,0,0,-1
1775117528145748,0,0,-1
1775117528165802,0,0,-1
1775117528185774,0,0,-1
1775117528205736,0,0,-1
1775117528225732,0,0,-1
1775117528245732,0,0,-1
1775117528265728,0,0,-1
1775117528285731,0,0,-1
1775117528305731,0,0,-1
1775117528325751,0,0,-1
1775117528345730,0,0,-1
1775117528365770,0,0,-1
1775117528385734,0,0,-1
1775117528405736,0,0,-1
1775117528425741,0,0,-1
1775117528445730,0,0,-1
1775117528465729,0,0,-1
1775117528485733,0,0,-1
1775117528505734,0,0,-1
1775117528525731,0,0,-1
1775117528545733,0,0,-1
1775117528565733,0,0,-1
1775117528585734,0,0,-1
1775117528605732,0,0,-1
1775117528625732,0,0,-1
1775117528645743,0,0,-1
1775117528665784,0,0,-1
1775117528685735,0,0,-1
1775117528705742,0,0,-1
1775117528725738,0,0,-1
1775117528745743,0,0,-1
1775117528765734,0,0,-1
1775117528785742,0,0,-1
1775117528805741,0,0,-1
1775117528825742,0,0,-1
1775117528845745,0,0,-1
1775117528865740,0,0,-1
1775117528885733,0,0,-1
1775117528905732,0,0,-1
1775117528925738,0,0,-1
1775117528945744,0,0,-1
1775117528965774,0,0,-1
1775117528985750,0,0,-1
1775117529005758,0,0,-1
1775117529025745,0,0,-1
1775117529045735,0,0,-1
1775117529065746,0,0,-1
1775117529085760,0,0,-1
1775117529105749,0,0,-1
1775117529125744,0,0,-1
1775117529145742,0,0,-1
1775117529165736,0,0,-1
1775117529185745,0,0,-1
1775117529205768,0,0,-1
1775117529259114,0,0,-1
1775117529276786,0,0,-1
1775117529277900,0,0,-1
1775117529285733,0,0,-1
1775117529305740,0,0,-1
1775117529325741,0,0,-1
1775117529345738,0,0,-1
1775117529365735,0,0,-1
1775117529385736,0,0,-1
1775117529405738,0,0,-1
1775117529425741,0,0,-1
1775117529445737,0,0,-1
1775117529465739,0,0,-1
1775117529485729,0,0,-1
1775117529505735,0,0,-1
1775117529525745,0,0,-1
1775117529545738,0,0,-1
1775117529565737,0,0,-1
1775117529585742,0,0,-1
1775117529605742,0,0,-1
1775117529625738,0,0,-1
1775117529645744,0,0,-1
1775117529665742,0,0,-1
1775117529685745,0,0,-1
1775117529705748,0,0,-1
1775117529725738,0,0,-1
1775117529745742,0,0,-1
1775117529765733,0,0,-1
1775117529785735,0,0,-1
1775117529805742,0,0,-1
1775117529825728,0,0,-1
1775117529845735,0,0,-1
1775117529865745,0,0,-1
1775117529885734,0,0,-1
1775117529905739,0,0,-1
1775117529925743,0,0,-1
1775117529945795,0,0,-1
1775117529965743,0,0,-1
1775117529985734,0,0,-1
1775117530005740,0,0,-1
1775117530025738,0,0,-1
1775117530045733,0,0,-1
1775117530065736,0,0,-1
1775117530085729,0,0,-1
1775117530105743,0,0,-1
1775117530125741,0,0,-1
1775117530145739,0,0,-1
1775117530165744,0,0,-1
1775117530185743,0,0,-1
1775117530205736,0,0,-1
1775117530225729,0,0,-1
1775117530245733,0,0,-1
1775117530265733,0,0,-1
1775117530285735,0,0,-1
1775117530305743,0,0,-1
1775117530325744,0,0,-1
1775117530345741,0,0,-1
1775117530365732,0,0,-1
1775117530385731,0,0,-1
1775117530405731,0,0,-1
1775117530425730,0,0,-1
1775117530445743,0,0,-1
1775117530465737,0,0,-1
1775117530485734,0,0,-1
1775117530505739,0,0,-1
1775117530525739,0,0,-1
1775117530545738,0,0,-1
1775117530565740,0,0,-1
1775117530585862,0,0,-1
1775117530635844,0,0,-1
1775117530647756,0,0,-1
1775117530648816,0,0,-1
1775117530665740,0,0,-1
1775117530685870,0,0,-1
1775117530705737,0,0,-1
1775117530725856,0,0,-1
1775117530745736,0,0,-1
1775117530765733,0,0,-1
1775117530785729,0,0,-1
1775117530805731,0,0,-1
1775117530825734,0,0,-1
1775117530845742,0,0,-1
1775117530865738,0,0,-1
1775117530885739,0,0,-1
1775117530905741,0,0,-1
1775117530925737,0,0,-1
1775117530945736,0,0,-1
1775117530965735,0,0,-1
1775117530985735,0,0,-1
1775117531005733,0,0,-1
1775117531025733,0,0,-1
1775117531045736,0,0,-1
1775117531065790,0,0,-1
1775117531085765,0,0,-1
1775117531105732,0,0,-1
1775117531125737,0,0,-1
1775117531145735,0,0,-1
1775117531165739,0,0,-1
1775117531185739,0,0,-1
1775117531205744,0,0,-1
1775117531225746,0,0,-1
1775117531245916,0,0,-1
1775117531265731,0,0,-1
1775117531285736,0,0,-1
1775117531305733,0,0,-1
1775117531325731,0,0,-1
1775117531345729,0,0,-1
1775117531365736,0,0,-1
1775117531385731,0,0,-1
1775117531405729,0,0,-1
1775117531425729,0,0,-1
1775117531445730,0,0,-1
1775117531465730,0,0,-1
1775117531485742,0,0,-1
1775117531505748,0,0,-1
1775117531525730,0,0,-1
1775117531545734,0,0,-1
1775117531565731,0,0,-1
1775117531585741,0,0,-1
1775117531605733,0,0,-1
1775117531625739,0,0,-1
1775117531645731,0,0,-1
1775117531665735,0,0,-1
1775117531685738,0,0,-1
1775117531705732,0,0,-1
1775117531725734,0,0,-1
1775117531745732,0,0,-1
1775117531765731,0,0,-1
1775117531785731,0,0,-1
1775117531805736,0,0,-1
1775117531825734,0,0,-1
1775117531845752,0,0,-1
1775117531865735,0,0,-1
1775117531885867,0,0,-1
1775117531935502,0,0,-1
1775117531955588,0,0,-1
1775117531956627,0,0,-1
1775117531965738,0,0,-1
1775117531985732,0,0,-1
1775117532005812,0,0,-1
1775117532025737,0,0,-1
1775117532045740,0,0,-1
1775117532065737,0,0,-1
1775117532085734,0,0,-1
1775117532105747,0,0,-1
1775117532125744,0,0,-1
1775117532145740,0,0,-1
1775117532165745,0,0,-1
1775117532185743,0,0,-1
1775117532205744,0,0,-1
1775117532225737,0,0,-1
1775117532245744,0,0,-1
1775117532265739,0,0,-1
1775117532285741,0,0,-1
1775117532305731,0,0,-1
1775117532325731,0,0,-1
1775117532345734,0,0,-1
1775117532365735,0,0,-1
1775117532385736,0,0,-1
1775117532405732,0,0,-1
1775117532425733,0,0,-1
1775117532445735,0,0,-1
1775117532465733,0,0,-1
1775117532485734,0,0,-1
1775117532505773,0,0,-1
1775117532525734,0,0,-1
1775117532545733,0,0,-1
1775117532565734,0,0,-1
1775117532585734,0,0,-1
1775117532605739,0,0,-1
1775117532625742,0,0,-1
1775117532645740,0,0,-1
1775117532665736,0,0,-1
1775117532685734,0,0,-1
1775117532705732,0,0,-1
1775117532725730,0,0,-1
1775117532745734,0,0,-1
1775117532765730,0,0,-1
1775117532785730,0,0,-1
1775117532805739,0,0,-1
1775117532825755,0,0,-1
1775117532845739,0,0,-1
1775117532865743,0,0,-1
1775117532885738,0,0,-1
1775117532905738,0,0,-1
1775117532925740,0,0,-1
1775117532945734,0,0,-1
1775117532965740,0,0,-1
1775117532985734,0,0,-1
1775117533005740,0,0,-1
1775117533025750,0,0,-1
1775117533045738,0,0,-1
1775117533065737,0,0,-1
1775117533085736,0,0,-1
1775117533105738,0,0,-1
1775117533125740,0,0,-1
1775117533145747,0,0,-1
1775117533165728,0,0,-1
1775117533185738,0,0,-1
1775117533205734,0,0,-1
1775117533225736,0,0,-1
1775117533245740,0,0,-1
1775117533265734,0,0,-1
1775117533285738,0,0,-1
1775117533305734,0,0,-1
1775117533325731,0,0,-1
1775117533345742,0,0,-1
1775117533365732,0,0,-1
1775117533385737,0,0,-1
1775117533405733,0,0,-1
1775117533425731,0,0,-1
1775117533445741,0,0,-1
1775117533465731,0,0,-1
1775117533485729,0,0,-1
1775117533505734,0,0,-1
1775117533525734,0,0,-1
1775117533545737,0,0,-1
1775117533565742,0,0,-1
1775117533585739,0,0,-1
1775117533605739,0,0,-1
1775117533625742,0,0,-1
1775117533645742,0,0,-1
1775117533665746,0,0,-1
1775117533685742,0,0,-1
1775117533705754,0,0,-1
1775117533725746,0,0,-1
1775117533745741,0,0,-1
1775117533765738,0,0,-1
1775117533785700,0,0,-1
1775117533805749,0,0,-1
1775117533825731,0,0,-1
1775117533845776,0,0,-1
1775117533865740,0,0,-1
1775117533885737,0,0,-1
1775117533905737,0,0,-1
1775117533925735,0,0,-1
1775117533945731,0,0,-1
1775117533965733,0,0,-1
1775117533985746,0,0,-1
1775117534005745,0,0,-1
1775117534025735,0,0,-1
1775117534045744,0,0,-1
1775117534065738,0,0,-1
1775117534085733,0,0,-1
1775117534105733,0,0,-1
1775117534125743,0,0,-1
1775117534145734,0,0,-1
1775117534165735,0,0,-1
1775117534185737,0,0,-1
1775117534205748,0,0,-1
1775117534225747,0,0,-1
1775117534245746,0,0,-1
1775117534265739,0,0,-1
1775117534285740,0,0,-1
1775117534305739,0,0,-1
1775117534325734,0,0,-1
1775117534345732,0,0,-1
1775117534365728,0,0,-1
1775117534385737,0,0,-1
1775117534405731,0,0,-1
1775117534425732,0,0,-1
1775117534445728,0,0,-1
1775117534465732,0,0,-1
1775117534485734,0,0,-1
1775117534505767,0,0,-1
1775117534525773,0,0,-1
1775117534545730,0,0,-1
1775117534565730,0,0,-1
1775117534585734,0,0,-1
1775117534605733,0,0,-1
1775117534625744,0,0,-1
1775117534645741,0,0,-1
1775117534665740,0,0,-1
1775117534685736,0,0,-1
1775117534705734,0,0,-1
1775117534725734,0,0,-1
1775117534745737,0,0,-1
1775117534765737,0,0,-1
1775117534785731,0,0,-1
1775117534805745,0,0,-1
1775117534825739,0,0,-1
1775117534845741,0,0,-1
1775117534865742,0,0,-1
1775117534885743,0,0,-1
1775117534905741,0,0,-1
1775117534925738,0,0,-1
1775117534945734,0,0,-1
1775117534965734,0,0,-1
1775117534985732,0,0,-1
1775117535005737,0,0,-1
1775117535025736,0,0,-1
1775117535045731,0,0,-1
1775117535065730,0,0,-1
1775117535085729,0,0,-1
1775117535105736,0,0,-1
1775117535125738,0,0,-1
1775117535145736,0,0,-1
1775117535165734,0,0,-1
1775117535185734,0,0,-1
1775117535205735,0,0,-1
1775117535225739,0,0,-1
1775117535245729,0,0,-1
1775117535265733,0,0,-1
1775117535285735,0,0,-1
1775117535305733,0,0,-1
1775117535325731,0,0,-1
1775117535345729,0,0,-1
1775117535365727,0,0,-1
1775117535385727,0,0,-1
1775117535405730,0,0,-1
1775117535425728,0,0,-1
1775117535445728,0,0,-1
1775117535465728,0,0,-1
1775117535485731,0,0,-1
1775117535505709,0,0,-1
1775117535525729,0,0,-1
1775117535545728,0,0,-1
1775117535565727,0,0,-1
1775117535585728,0,0,-1
1775117535605731,0,0,-1
1775117535625729,0,0,-1
1775117535645730,0,0,-1
1775117535665728,0,0,-1
1775117535685730,0,0,-1
1775117535705734,0,0,-1
1775117535725733,0,0,-1
1775117535745729,0,0,-1
1775117535765729,0,0,-1
1775117535785727,0,0,-1
1775117535805729,0,0,-1
1775117535825730,0,0,-1
1775117535845728,0,0,-1
1775117535865729,0,0,-1
1775117535885770,0,0,-1
1775117535905726,0,0,-1
1775117535925725,0,0,-1
1775117535945727,0,0,-1
1775117535965727,0,0,-1
1775117535985728,0,0,-1
1775117536005731,0,0,-1
1775117536025732,0,0,-1
1775117536045731,0,0,-1
1775117536065731,0,0,-1
1775117536085753,0,0,-1
1775117536105731,0,0,-1
1775117536125727,0,0,-1
1775117536145733,0,0,-1
1775117536165731,0,0,-1
1775117536185729,0,0,-1
1775117536205729,0,0,-1
1775117536225731,0,0,-1
1775117536245728,0,0,-1
1775117536265726,0,0,-1
1775117536285727,0,0,-1
1775117536305729,0,0,-1
1775117536325729,0,0,-1
1775117536345725,0,0,-1
1775117536365729,0,0,-1
1775117536385727,0,0,-1
1775117536405726,0,0,-1
1775117536425726,0,0,-1
1775117536445728,0,0,-1
1775117536465727,0,0,-1
1775117536485748,0,0,-1
1775117536505772,0,0,-1
1775117536525732,0,0,-1
1775117536545729,0,0,-1
1775117536565732,0,0,-1
1775117536585730,0,0,-1
1775117536605727,0,0,-1
1775117536625728,0,0,-1
1775117536645728,0,0,-1
1775117536665728,0,0,-1
1775117536685729,0,0,-1
1775117536705729,0,0,-1
1775117536725730,0,0,-1
1775117536745725,0,0,-1
1775117536765729,0,0,-1
1775117536785733,0,0,-1
1775117536805728,0,0,-1
1775117536825729,0,0,-1
1775117536845728,0,0,-1
1775117536865727,0,0,-1
1775117536885749,0,0,-1
1775117536905727,0,0,-1
1775117536925950,0,0,-1
1775117536945734,0,0,-1
1775117536965729,0,0,-1
1775117536985728,0,0,-1
1775117537005729,0,0,-1
1775117537025729,0,0,-1
1775117537045729,0,0,-1
1775117537065728,0,0,-1
1775117537085727,0,0,-1
1775117537105750,0,0,-1
1775117537125729,0,0,-1
1775117537145729,0,0,-1
1775117537165728,0,0,-1
1775117537185728,0,0,-1
1775117537205727,0,0,-1
1775117537225728,0,0,-1
1775117537245740,0,0,-1
1775117537265734,0,0,-1
1775117537285728,0,0,-1
1775117537305731,0,0,-1
1775117537325734,0,0,-1
1775117537345728,0,0,-1
1775117537365727,0,0,-1
1775117537385727,0,0,-1
1775117537405731,0,0,-1
1775117537425730,0,0,-1
1775117537445730,0,0,-1
1775117537465729,0,0,-1
1775117537485726,0,0,-1
1775117537505726,0,0,-1
1775117537525727,0,0,-1
1775117537545750,0,0,-1
1775117537565750,0,0,-1
1775117537585729,0,0,-1
1775117537605707,0,0,-1
1775117537625730,0,0,-1
1775117537645729,0,0,-1
1775117537665731,0,0,-1
1775117537685730,0,0,-1
1775117537705730,0,0,-1
1775117537725731,0,0,-1
1775117537745729,0,0,-1
1775117537765736,0,0,-1
1775117537785730,0,0,-1
1775117537805729,0,0,-1
1775117537825730,0,0,-1
1775117537845729,0,0,-1
1775117537865730,0,0,-1
1775117537885736,0,0,-1
1775117537905734,0,0,-1
1775117537925735,0,0,-1
1775117537945733,0,0,-1
1775117537965731,0,0,-1
1775117537985732,0,0,-1
1775117538005731,0,0,-1
1775117538025823,0,0,-1
1775117538045729,0,0,-1
1775117538065728,0,0,-1
1775117538085727,0,0,-1
1775117538105727,0,0,-1
1775117538125728,0,0,-1
1775117538145729,0,0,-1
1775117538165731,0,0,-1
1775117538185729,0,0,-1
1775117538205731,0,0,-1
1775117538225728,0,0,-1
1775117538245729,0,0,-1
1775117538265727,0,0,-1
1775117538285729,0,0,-1
1775117538305728,0,0,-1
1775117538325729,0,0,-1
1775117538345734,0,0,-1
1775117538365729,0,0,-1
1775117538385733,0,0,-1
1775117538405732,0,0,-1
1775117538425730,0,0,-1
1775117538445733,0,0,-1
1775117538465732,0,0,-1
1775117538485731,0,0,-1
1775117538505729,0,0,-1
1775117538525756,0,0,-1
1775117538545777,0,0,-1
1775117538565734,0,0,-1
1775117538585735,0,0,-1
1775117538605736,0,0,-1
1775117538625732,0,0,-1
1775117538645729,0,0,-1
1775117538665729,0,0,-1
1775117538685728,0,0,-1
1775117538705727,0,0,-1
1775117538725728,0,0,-1
1775117538745751,0,0,-1
1775117538765754,0,0,-1
1775117538785730,0,0,-1
1775117538805774,0,0,-1
1775117538825731,0,0,-1
1775117538845731,0,0,-1
1775117538865730,0,0,-1
1775117538885731,0,0,-1
1775117538905727,0,0,-1
1775117538925730,0,0,-1
1775117538945730,0,0,-1
1775117538965729,0,0,-1
1775117538985727,0,0,-1
1775117539005728,0,0,-1
1775117539025729,0,0,-1
1775117539045728,0,0,-1
1775117539065728,0,0,-1
1775117539085733,0,0,-1
1775117539105732,0,0,-1
1775117539125733,0,0,-1
1775117539145732,0,0,-1
1775117539165729,0,0,-1
1775117539185731,0,0,-1
1775117539205732,0,0,-1
1775117539225732,0,0,-1
1775117539245739,0,0,-1
1775117539265736,0,0,-1
1775117539285740,0,0,-1
1775117539305731,0,0,-1
1775117539325732,0,0,-1
1775117539345733,0,0,-1
1775117539365730,0,0,-1
1775117539385731,0,0,-1
1775117539405730,0,0,-1
1775117539425730,0,0,-1
1775117539445731,0,0,-1
1775117539465732,0,0,-1
1775117539485735,0,0,-1
1775117539505734,0,0,-1
1775117539525734,0,0,-1
1775117539545732,0,0,-1
1775117539565731,0,0,-1
1775117539585730,0,0,-1
1775117539605731,0,0,-1
1775117539625730,0,0,-1
1775117539645731,0,0,-1
1775117539665731,0,0,-1
1775117539685727,0,0,-1
1775117539705728,0,0,-1
1775117539725754,0,0,-1
1775117539745732,0,0,-1
1775117539765730,0,0,-1
1775117539785728,0,0,-1
1775117539805732,0,0,-1
1775117539825728,0,0,-1
1775117539845740,0,0,-1
1775117539865728,0,0,-1
1775117539885728,0,0,-1
1775117539905729,0,0,-1
1775117539925736,0,0,-1
1775117539945736,0,0,-1
1775117539965734,0,0,-1
1775117539985735,0,0,-1
1775117540005733,0,0,-1
1775117540025734,0,0,-1
1775117540045733,0,0,-1
1775117540065730,0,0,-1
1775117540085735,0,0,-1
1775117540105733,0,0,-1
1775117540125732,0,0,-1
1775117540145732,0,0,-1
1775117540165732,0,0,-1
1775117540185731,0,0,-1
1775117540205734,0,0,-1
1775117540225735,0,0,-1
1775117540245729,0,0,-1
1775117540265731,0,0,-1
1775117540285736,0,0,-1
1775117540305732,0,0,-1
1775117540325731,0,0,-1
1775117540345728,0,0,-1
1775117540365728,0,0,-1
1775117540385728,0,0,-1
1775117540405727,0,0,-1
1775117540425727,0,0,-1
1775117540445732,0,0,-1
1775117540465728,0,0,-1
1775117540485728,0,0,-1
1775117540505727,0,0,-1
1775117540525728,0,0,-1
1775117540545727,0,0,-1
1775117540565845,0,0,-1
1775117540585732,0,0,-1
1775117540605761,0,0,-1
1775117540625736,0,0,-1
1775117540645727,0,0,-1
1775117540665727,0,0,-1
1775117540685728,0,0,-1
1775117540705727,0,0,-1
1775117540725761,0,0,-1
1775117540745733,0,0,-1
1775117540765744,0,0,-1
1775117540785733,0,0,-1
1775117540805735,0,0,-1
1775117540825735,0,0,-1
1775117540845728,0,0,-1
1775117540865732,0,0,-1
1775117540885730,0,0,-1
1775117540905690,0,0,-1
1775117540925739,0,0,-1
1775117540945735,0,0,-1
1775117540965733,0,0,-1
1775117540985730,0,0,-1
1775117541005732,0,0,-1
1775117541025730,0,0,-1
1775117541045770,0,0,-1
1775117541065728,0,0,-1
1775117541085728,0,0,-1
1775117541105726,0,0,-1
1775117541125729,0,0,-1
1775117541145727,0,0,-1
1775117541165727,0,0,-1
1775117541185731,0,0,-1
1775117541205731,0,0,-1
1775117541225729,0,0,-1
1775117541245736,0,0,-1
1775117541265730,0,0,-1
1775117541285731,0,0,-1
1775117541305731,0,0,-1
1775117541325732,0,0,-1
1775117541345729,0,0,-1
1775117541365734,0,0,-1
1775117541385731,0,0,-1
1775117541405730,0,0,-1
1775117541425734,0,0,-1
1775117541445731,0,0,-1
1775117541465733,0,0,-1
1775117541485730,0,0,-1
1775117541505734,0,0,-1
1775117541525735,0,0,-1
1775117541545733,0,0,-1
1775117541565730,0,0,-1
1775117541585731,0,0,-1
1775117541605731,0,0,-1
1775117541625731,0,0,-1
1775117541645735,0,0,-1
1775117541665732,0,0,-1
1775117541685731,0,0,-1
1775117541705732,0,0,-1
1775117541725731,0,0,-1
1775117541745733,0,0,-1
1775117541765798,0,0,-1
1775117541785736,0,0,-1
1775117541805735,0,0,-1
1775117541825732,0,0,-1
1775117541845764,0,0,-1
1775117541865736,0,0,-1
1775117541885733,0,0,-1
1775117541905733,0,0,-1
1775117541925730,0,0,-1
1775117541945748,0,0,-1
1775117541965726,0,0,-1
1775117541985728,0,0,-1
1775117542005732,0,0,-1
1775117542025728,0,0,-1
1775117542045728,0,0,-1
1775117542065758,0,0,-1
1775117542085728,0,0,-1
1775117542105755,0,0,-1
1775117542125754,0,0,-1
1775117542145728,0,0,-1
1775117542165728,0,0,-1
1775117542185729,0,0,-1
1775117542205728,0,0,-1
1775117542225729,0,0,-1
1775117542245733,0,0,-1
1775117542265735,0,0,-1
1775117542285730,0,0,-1
1775117542305730,0,0,-1
1775117542325730,0,0,-1
1775117542345755,0,0,-1
1775117542365727,0,0,-1
1775117542385726,0,0,-1
1775117542405728,0,0,-1
1775117542425729,0,0,-1
1775117542445749,0,0,-1
1775117542465727,0,0,-1
1775117542485728,0,0,-1
1775117542505727,0,0,-1
1775117542525728,0,0,-1
1775117542545728,0,0,-1
1775117542565727,0,0,-1
1775117542585729,0,0,-1
1775117542605734,0,0,-1
1775117542625731,0,0,-1
1775117542645728,0,0,-1
1775117542665733,0,0,-1
1775117542685728,0,0,-1
1775117542705755,0,0,-1
1775117542725727,0,0,-1
1775117542745727,0,0,-1
1775117542765727,0,0,-1
1775117542785728,0,0,-1
1775117542805727,0,0,-1
1775117542825730,0,0,-1
1775117542845727,0,0,-1
1775117542865743,0,0,-1
1775117542885728,0,0,-1
1775117542905800,0,0,-1
1775117542925759,0,0,-1
1775117542945729,0,0,-1
1775117542965732,0,0,-1
1775117542985727,0,0,-1
1775117543005728,0,0,-1
1775117543025730,0,0,-1
1775117543045730,0,0,-1
1775117543065730,0,0,-1
1775117543085751,0,0,-1
1775117543105740,0,0,-1
1775117543125728,0,0,-1
1775117543145729,0,0,-1
1775117543165728,0,0,-1
1775117543185728,0,0,-1
1775117543205728,0,0,-1
1775117543225728,0,0,-1
1775117543245753,0,0,-1
1775117543265729,0,0,-1
1775117543285728,0,0,-1
1775117543305730,0,0,-1
1775117543325728,0,0,-1
1775117543345731,0,0,-1
1775117543365728,0,0,-1
1775117543385727,0,0,-1
1775117543405728,0,0,-1
1775117543425729,0,0,-1
1775117543445738,0,0,-1
1775117543465730,0,0,-1
1775117543485730,0,0,-1
1775117543505730,0,0,-1
1775117543525760,0,0,-1
1775117543545809,0,0,-1
1775117543565735,0,0,-1
1775117543585734,0,0,-1
1775117543605735,0,0,-1
1775117543625736,0,0,-1
1775117543645733,0,0,-1
1775117543665731,0,0,-1
1775117543685735,0,0,-1
1775117543705732,0,0,-1
1775117543725733,0,0,-1
1775117543745731,0,0,-1
1775117543765730,0,0,-1
1775117543785729,0,0,-1
1775117543805732,0,0,-1
1775117543825742,0,0,-1
1775117543845734,0,0,-1
1775117543865734,0,0,-1
1775117543885732,0,0,-1
1775117543905731,0,0,-1
1775117543925730,0,0,-1
1775117543945730,0,0,-1
1775117543965733,0,0,-1
1775117543985733,0,0,-1
1775117544005736,0,0,-1
1775117544025737,0,0,-1
1775117544045730,0,0,-1
1775117544065731,0,0,-1
1775117544085739,0,0,-1
1775117544105750,0,0,-1
1775117544125746,0,0,-1
1775117544145733,0,0,-1
1775117544165732,0,0,-1
1775117544185732,0,0,-1
1775117544205732,0,0,-1
1775117544225731,0,0,-1
1775117544245733,0,0,-1
1775117544265733,0,0,-1
1775117544285730,0,0,-1
1775117544305740,0,0,-1
1775117544325731,0,0,-1
1775117544345736,0,0,-1
1775117544365732,0,0,-1
1775117544385729,0,0,-1
1775117544405732,0,0,-1
1775117544425728,0,0,-1
1775117544445730,0,0,-1
1775117544465731,0,0,-1
1775117544485733,0,0,-1
1775117544505731,0,0,-1
1775117544525732,0,0,-1
1775117544545731,0,0,-1
1775117544565735,0,0,-1
1775117544585728,0,0,-1
1775117544605730,0,0,-1
1775117544625729,0,0,-1
1775117544645735,0,0,-1
1775117544665733,0,0,-1
1775117544685730,0,0,-1
1775117544705731,0,0,-1
1775117544725739,0,0,-1
1775117544745743,0,0,-1
1775117544765742,0,0,-1
1775117544785732,0,0,-1
1775117544805735,0,0,-1
1775117544825767,0,0,-1
1775117544845732,0,0,-1
1775117544865731,0,0,-1
1775117544885729,0,0,-1
1775117544905728,0,0,-1
1775117544925727,0,0,-1
1775117544945732,0,0,-1
1775117544965728,0,0,-1
1775117544985731,0,0,-1
1775117545005730,0,0,-1
1775117545025730,0,0,-1
1775117545045729,0,0,-1
1775117545065728,0,0,-1
1775117545085729,0,0,-1
1775117545105726,0,0,-1
1775117545125727,0,0,-1
1775117545145726,0,0,-1
1775117545165730,0,0,-1
1775117545185729,0,0,-1
1775117545205731,0,0,-1
1775117545225734,0,0,-1
1775117545245740,0,0,-1
1775117545265731,0,0,-1
1775117545285729,0,0,-1
1775117545305733,0,0,-1
1775117545325732,0,0,-1
1775117545345731,0,0,-1
1775117545365739,0,0,-1
1775117545385731,0,0,-1
1775117545405731,0,0,-1
1775117545425732,0,0,-1
1775117545445730,0,0,-1
1775117545465732,0,0,-1
1775117545485731,0,0,-1
1775117545505728,0,0,-1
1775117545525801,0,0,-1
1775117545545733,0,0,-1
1775117545565731,0,0,-1
1775117545585733,0,0,-1
1775117545605731,0,0,-1
1775117545625729,0,0,-1
1775117545645730,0,0,-1
1775117545665732,0,0,-1
1775117545685728,0,0,-1
1775117545705729,0,0,-1
1775117545725728,0,0,-1
1775117545745729,0,0,-1
1775117545765728,0,0,-1
1775117545785730,0,0,-1
1775117545805729,0,0,-1
1775117545825729,0,0,-1
1775117545845732,0,0,-1
1775117545865735,0,0,-1
1775117545885730,0,0,-1
1775117545905728,0,0,-1
1775117545925730,0,0,-1
1775117545945730,0,0,-1
1775117545965729,0,0,-1
1775117545985724,0,0,-1
1775117546005725,0,0,-1
1775117546025724,0,0,-1
1775117546045727,0,0,-1
1775117546065729,0,0,-1
1775117546085729,0,0,-1
1775117546105725,0,0,-1
1775117546125726,0,0,-1
1775117546145725,0,0,-1
1775117546165732,0,0,-1
1775117546185729,0,0,-1
1775117546205729,0,0,-1
1775117546225728,0,0,-1
1775117546245728,0,0,-1
1775117546265727,0,0,-1
1775117546285725,0,0,-1
1775117546305728,0,0,-1
1775117546325728,0,0,-1
1775117546345728,0,0,-1
1775117546365735,0,0,-1
1775117546385726,0,0,-1
1775117546405730,0,0,-1
1775117546425726,0,0,-1
1775117546445733,0,0,-1
1775117546465729,0,0,-1
1775117546485728,0,0,-1
1775117546505728,0,0,-1
1775117546525726,0,0,-1
1775117546545726,0,0,-1
1775117546565727,0,0,-1
1775117546585726,0,0,-1
1775117546605730,0,0,-1
1775117546625731,0,0,-1
1775117546645730,0,0,-1
1775117546665736,0,0,-1
1775117546685725,0,0,-1
1775117546705727,0,0,-1
1775117546725725,0,0,-1
1775117546745728,0,0,-1
1775117546765725,0,0,-1
1775117546785726,0,0,-1
1775117546805727,0,0,-1
1775117546825727,0,0,-1
1775117546845726,0,0,-1
1775117546865732,0,0,-1
1775117546885727,0,0,-1
1775117546905766,0,0,-1
1775117546925730,0,0,-1
1775117546945731,0,0,-1
1775117546965727,0,0,-1
1775117546985729,0,0,-1
1775117547005727,0,0,-1
1775117547025729,0,0,-1
1775117547045731,0,0,-1
1775117547065730,0,0,-1
1775117547085727,0,0,-1
1775117547105725,0,0,-1
1775117547125729,0,0,-1
1775117547145727,0,0,-1
1775117547165727,0,0,-1
1775117547185726,0,0,-1
1775117547205728,0,0,-1
1775117547225725,0,0,-1
1775117547245727,0,0,-1
1775117547265725,0,0,-1
1775117547285726,0,0,-1
1775117547305726,0,0,-1
1775117547325726,0,0,-1
1775117547345730,0,0,-1
1775117547365729,0,0,-1
1775117547385725,0,0,-1
1775117547405724,0,0,-1
1775117547425726,0,0,-1
1775117547445724,0,0,-1
1775117547465726,0,0,-1
1775117547485728,0,0,-1
1775117547505727,0,0,-1
1775117547525727,0,0,-1
1775117547545728,0,0,-1
1775117547565729,0,0,-1
1775117547585727,0,0,-1
1775117547605725,0,0,-1
1775117547625726,0,0,-1
1775117547645735,0,0,-1
1775117547665727,0,0,-1
1775117547685726,0,0,-1
1775117547705726,0,0,-1
1775117547725725,0,0,-1
1775117547745726,0,0,-1
1775117547765724,0,0,-1
1775117547785726,0,0,-1
1775117547805725,0,0,-1
1775117547825728,0,0,-1
1775117547845728,0,0,-1
1775117547865733,0,0,-1
1775117547885741,0,0,-1
1775117547905729,0,0,-1
1775117547925727,0,0,-1
1775117547945730,0,0,-1
1775117547965727,0,0,-1
1775117547985729,0,0,-1
1775117548005727,0,0,-1
1775117548025790,0,0,-1
1775117548045729,0,0,-1
1775117548065732,0,0,-1
1775117548085728,0,0,-1
1775117548105729,0,0,-1
1775117548125730,0,0,-1
1775117548145730,0,0,-1
1775117548165731,0,0,-1
1775117548185732,0,0,-1
1775117548205730,0,0,-1
1775117548225728,0,0,-1
1775117548245727,0,0,-1
1775117548265727,0,0,-1
1775117548285760,0,0,-1
1775117548305734,0,0,-1
1775117548325732,0,0,-1
1775117548345775,0,0,-1
1775117548365732,0,0,-1
1775117548385733,0,0,-1
1775117548405728,0,0,-1
1775117548425733,0,0,-1
1775117548445731,0,0,-1
1775117548465732,0,0,-1
1775117548485727,0,0,-1
1775117548505739,0,0,-1
1775117548525729,0,0,-1
1775117548545730,0,0,-1
1775117548565784,0,0,-1
1775117548585732,0,0,-1
1775117548605790,0,0,-1
1775117548625735,0,0,-1
1775117548645728,0,0,-1
1775117548665732,0,0,-1
1775117548685730,0,0,-1
1775117548705783,0,0,-1
1775117548725729,0,0,-1
1775117548745731,0,0,-1
1775117548765725,0,0,-1
1775117548785725,0,0,-1
1775117548805729,0,0,-1
1775117548825727,0,0,-1
1775117548845729,0,0,-1
1775117548865728,0,0,-1
1775117548885730,0,0,-1
1775117548905761,0,0,-1
1775117548925728,0,0,-1
1775117548945788,0,0,-1
1775117548965728,0,0,-1
1775117548985727,0,0,-1
1775117549005730,0,0,-1
1775117549025728,0,0,-1
1775117549045756,0,0,-1
1775117549065730,0,0,-1
1775117549085726,0,0,-1
1775117549105756,0,0,-1
1775117549125726,0,0,-1
1775117549145731,0,0,-1
1775117549165728,0,0,-1
1775117549185728,0,0,-1
1775117549205726,0,0,-1
1775117549225727,0,0,-1
1775117549245724,0,0,-1
1775117549265726,0,0,-1
1775117549285725,0,0,-1
1775117549305728,0,0,-1
1775117549325728,0,0,-1
1775117549345743,0,0,-1
1775117549365735,0,0,-1
1775117549385735,0,0,-1
1775117549405733,0,0,-1
1775117549425734,0,0,-1
1775117549445731,0,0,-1
1775117549465729,0,0,-1
1775117549485730,0,0,-1
1775117549505728,0,0,-1
1775117549525731,0,0,-1
1775117549545729,0,0,-1
1775117549565731,0,0,-1
1775117549585731,0,0,-1
1775117549605732,0,0,-1
1775117549625728,0,0,-1
1775117549645729,0,0,-1
1775117549665731,0,0,-1
1775117549685732,0,0,-1
1775117549705731,0,0,-1
1775117549725733,0,0,-1
1775117549745732,0,0,-1
1775117549765727,0,0,-1
1775117549785725,0,0,-1
1775117549805746,0,0,-1
1775117549825739,0,0,-1
1775117549845753,0,0,-1
1775117549865729,0,0,-1
1775117549885729,0,0,-1
1775117549905730,0,0,-1
1775117549925733,0,0,-1
1775117549945747,0,0,-1
1775117549965748,0,0,-1
1775117549985726,0,0,-1
1775117550005725,0,0,-1
1775117550025726,0,0,-1
1775117550045726,0,0,-1
1775117550065747,0,0,-1
1775117550085726,0,0,-1
1775117550105726,0,0,-1
1775117550125728,0,0,-1
1775117550145726,0,0,-1
1775117550165727,0,0,-1
1775117550185725,0,0,-1
1775117550205727,0,0,-1
1775117550225727,0,0,-1
1775117550245727,0,0,-1
1775117550265749,0,0,-1
1775117550285725,0,0,-1
1775117550305750,0,0,-1
1775117550325727,0,0,-1
1775117550345727,0,0,-1
1775117550365727,0,0,-1
1775117550385731,0,0,-1
1775117550405730,0,0,-1
1775117550425726,0,0,-1
1775117550445725,0,0,-1
1775117550465749,0,0,-1
1775117550485725,0,0,-1
1775117550505724,0,0,-1
1775117550525748,0,0,-1
1775117550545748,0,0,-1
1775117550565725,0,0,-1
1775117550585726,0,0,-1
1775117550605733,0,0,-1
1775117550625728,0,0,-1
1775117550645731,0,0,-1
1775117550665728,0,0,-1
1775117550685729,0,0,-1
1775117550705733,0,0,-1
1775117550725731,0,0,-1
1775117550745728,0,0,-1
1775117550765729,0,0,-1
1775117550785730,0,0,-1
1775117550805732,0,0,-1
1775117550825728,0,0,-1
1775117550845730,0,0,-1
1775117550865728,0,0,-1
1775117550885731,0,0,-1
1775117550905735,0,0,-1
1775117550925735,0,0,-1
1775117550945739,0,0,-1
1775117550965733,0,0,-1
1775117550985734,0,0,-1
1775117551005731,0,0,-1
1775117551025733,0,0,-1
1775117551045729,0,0,-1
1775117551065736,0,0,-1
1775117551085728,0,0,-1
1775117551105729,0,0,-1
1775117551125733,0,0,-1
1775117551145730,0,0,-1
1775117551165730,0,0,-1
1775117551185733,0,0,-1
1775117551205729,0,0,-1
1775117551225730,0,0,-1
1775117551245731,0,0,-1
1775117551265732,0,0,-1
1775117551285730,0,0,-1
1775117551305731,0,0,-1
1775117551325730,0,0,-1
1775117551345731,0,0,-1
1775117551365730,0,0,-1
1775117551385736,0,0,-1
1775117551405733,0,0,-1
1775117551425733,0,0,-1
1775117551445734,0,0,-1
1775117551465728,0,0,-1
1775117551485729,0,0,-1
1775117551505729,0,0,-1
1775117551525729,0,0,-1
1775117551545734,0,0,-1
1775117551565730,0,0,-1
1775117551585730,0,0,-1
1775117551605732,0,0,-1
1775117551625727,0,0,-1
1775117551645728,0,0,-1
1775117551665753,0,0,-1
1775117551685727,0,0,-1
1775117551705727,0,0,-1
1775117551725728,0,0,-1
1775117551745725,0,0,-1
1775117551765727,0,0,-1
1775117551785726,0,0,-1
1775117551805726,0,0,-1
1775117551825724,0,0,-1
1775117551845725,0,0,-1
1775117551865725,0,0,-1
1775117551885728,0,0,-1
1775117551905727,0,0,-1
1775117551925729,0,0,-1
1775117551945728,0,0,-1
1775117551965732,0,0,-1
1775117551985726,0,0,-1
1775117552005728,0,0,-1
1775117552025725,0,0,-1
1775117552045750,0,0,-1
1775117552065730,0,0,-1
1775117552085728,0,0,-1
1775117552105727,0,0,-1
1775117552125727,0,0,-1
1775117552145730,0,0,-1
1775117552165727,0,0,-1
1775117552185725,0,0,-1
1775117552205727,0,0,-1
1775117552225727,0,0,-1
1775117552245728,0,0,-1
1775117552265761,0,0,-1
1775117552285732,0,0,-1
1775117552305729,0,0,-1
1775117552325729,0,0,-1
1775117552345725,0,0,-1
1775117552365729,0,0,-1
1775117552385756,0,0,-1
1775117552405758,0,0,-1
1775117552425729,0,0,-1
1775117552445726,0,0,-1
1775117552465724,0,0,-1
1775117552485727,0,0,-1
1775117552505725,0,0,-1
1775117552525728,0,0,-1
1775117552545724,0,0,-1
1775117552565726,0,0,-1
1775117552585724,0,0,-1
1775117552605728,0,0,-1
1775117552625725,0,0,-1
1775117552645726,0,0,-1
1775117552665727,0,0,-1
1775117552685727,0,0,-1
1775117552705727,0,0,-1
1775117552725732,0,0,-1
1775117552745733,0,0,-1
1775117552765731,0,0,-1
1775117552785728,0,0,-1
1775117552805729,0,0,-1
1775117552825729,0,0,-1
1775117552845729,0,0,-1
1775117552865727,0,0,-1
1775117552885729,0,0,-1
1775117552905730,0,0,-1
1775117552925729,0,0,-1
1775117552945728,0,0,-1
1775117552965729,0,0,-1
1775117552985728,0,0,-1
1775117553005727,0,0,-1
1775117553025726,0,0,-1
1775117553045727,0,0,-1
1775117553065728,0,0,-1
1775117553085730,0,0,-1
1775117553105731,0,0,-1
1775117553125731,0,0,-1
1775117553145730,0,0,-1
1775117553165733,0,0,-1
1775117553185730,0,0,-1
1775117553205732,0,0,-1
1775117553225731,0,0,-1
1775117553245732,0,0,-1
1775117553265728,0,0,-1
1775117553285736,0,0,-1
1775117553305731,0,0,-1
1775117553325730,0,0,-1
1775117553345741,0,0,-1
1775117553365731,0,0,-1
1775117553385728,0,0,-1
1775117553405731,0,0,-1
1775117553425737,0,0,-1
1775117553445731,0,0,-1
1775117553465732,0,0,-1
1775117553485733,0,0,-1
1775117553505731,0,0,-1
1775117553525734,0,0,-1
1775117553545730,0,0,-1
1775117553565765,0,0,-1
1775117553585733,0,0,-1
1775117553605734,0,0,-1
1775117553625731,0,0,-1
1775117553645735,0,0,-1
1775117553665733,0,0,-1
1775117553685736,0,0,-1
1775117553705731,0,0,-1
1775117553725731,0,0,-1
1775117553745730,0,0,-1
1775117553765730,0,0,-1
1775117553785728,0,0,-1
1775117553805730,0,0,-1
1775117553825730,0,0,-1
1775117553845734,0,0,-1
1775117553865733,0,0,-1
1775117553885786,0,0,-1
1775117553905731,0,0,-1
1775117553925734,0,0,-1
1775117553945733,0,0,-1
1775117553965728,0,0,-1
1775117553985726,0,0,-1
1775117554005725,0,0,-1
1775117554025725,0,0,-1
1775117554045725,0,0,-1
1775117554065724,0,0,-1
1775117554085726,0,0,-1
1775117554105725,0,0,-1
1775117554125725,0,0,-1
1775117554145724,0,0,-1
1775117554165725,0,0,-1
1775117554185727,0,0,-1
1775117554205725,0,0,-1
1775117554225724,0,0,-1
1775117554245725,0,0,-1
1775117554265728,0,0,-1
1775117554285727,0,0,-1
1775117554305727,0,0,-1
1775117554325726,0,0,-1
1775117554345726,0,0,-1
1775117554365698,0,0,-1
1775117554385727,0,0,-1
1775117554405729,0,0,-1
1775117554425729,0,0,-1
1775117554445726,0,0,-1
1775117554465725,0,0,-1
1775117554485726,0,0,-1
1775117554505727,0,0,-1
1775117554525727,0,0,-1
1775117554545736,0,0,-1
1775117554565727,0,0,-1
1775117554585730,0,0,-1
1775117554605725,0,0,-1
1775117554625727,0,0,-1
1775117554645726,0,0,-1
1775117554665725,0,0,-1
1775117554685725,0,0,-1
1775117554705728,0,0,-1
1775117554725727,0,0,-1
1775117554745727,0,0,-1
1775117554765727,0,0,-1
1775117554785727,0,0,-1
1775117554805728,0,0,-1
1775117554825727,0,0,-1
1775117554845726,0,0,-1
1775117554865732,0,0,-1
1775117554885730,0,0,-1
1775117554905728,0,0,-1
1775117554925731,0,0,-1
1775117554945734,0,0,-1
1775117554965732,0,0,-1
1775117554985729,0,0,-1
1775117555005806,0,0,-1
1775117555025730,0,0,-1
1775117555045727,0,0,-1
1775117555065731,0,0,-1
1775117555085727,0,0,-1
1775117555105727,0,0,-1
1775117555125727,0,0,-1
1775117555145739,0,0,-1
1775117555165729,0,0,-1
1775117555185727,0,0,-1
1775117555205729,0,0,-1
1775117555225727,0,0,-1
1775117555245729,0,0,-1
1775117555265726,0,0,-1
1775117555285763,0,0,-1
1775117555305729,0,0,-1
1775117555325728,0,0,-1
1775117555345728,0,0,-1
1775117555365730,0,0,-1
1775117555385728,0,0,-1
1775117555405734,0,0,-1
1775117555425733,0,0,-1
1775117555445732,0,0,-1
1775117555465738,0,0,-1
1775117555485730,0,0,-1
1775117555505730,0,0,-1
1775117555525729,0,0,-1
1775117555545731,0,0,-1
1775117555565728,0,0,-1
1775117555585729,0,0,-1
1775117555605729,0,0,-1
1775117555625730,0,0,-1
1775117555645728,0,0,-1
1775117555665745,0,0,-1
1775117555685736,0,0,-1
1775117555705729,0,0,-1
1775117555725726,0,0,-1
1775117555745810,0,0,-1
1775117555765729,0,0,-1
1775117555785726,0,0,-1
1775117555805725,0,0,-1
1775117555825747,0,0,-1
1775117555845727,0,0,-1
1775117555865727,0,0,-1
1775117555885727,0,0,-1
1775117555905729,0,0,-1
1775117555925730,0,0,-1
1775117555945728,0,0,-1
1775117555965731,0,0,-1
1775117555985729,0,0,-1
1775117556005728,0,0,-1
1775117556025730,0,0,-1
1775117556045728,0,0,-1
1775117556065731,0,0,-1
1775117556085730,0,0,-1
1775117556105732,0,0,-1
1775117556125727,0,0,-1
1775117556145760,0,0,-1
1775117556165727,0,0,-1
1775117556185727,0,0,-1
1775117556205726,0,0,-1
1775117556225727,0,0,-1
1775117556245726,0,0,-1
1775117556265727,0,0,-1
1775117556285726,0,0,-1
1775117556305727,0,0,-1
1775117556325725,0,0,-1
1775117556345730,0,0,-1
1775117556365729,0,0,-1
1775117556385725,0,0,-1
1775117556405726,0,0,-1
1775117556425727,0,0,-1
1775117556445727,0,0,-1
1775117556465726,0,0,-1
1775117556485728,0,0,-1
1775117556505727,0,0,-1
1775117556525726,0,0,-1
1775117556545726,0,0,-1
1775117556565726,0,0,-1
1775117556585724,0,0,-1
1775117556605724,0,0,-1
1775117556625725,0,0,-1
1775117556645725,0,0,-1
1775117556665724,0,0,-1
1775117556685754,0,0,-1
1775117556705726,0,0,-1
1775117556725727,0,0,-1
1775117556745728,0,0,-1
1775117556765752,0,0,-1
1775117556785726,0,0,-1
1775117556805726,0,0,-1
1775117556825731,0,0,-1
1775117556845729,0,0,-1
1775117556865730,0,0,-1
1775117556885731,0,0,-1
1775117556905729,0,0,-1
1775117556925731,0,0,-1
1775117556945740,0,0,-1
1775117556965733,0,0,-1
1775117556985733,0,0,-1
1775117557005725,0,0,-1
1775117557025730,0,0,-1
1775117557045752,0,0,-1
1775117557065728,0,0,-1
1775117557085710,0,0,-1
1775117557105756,0,0,-1
1775117557125746,0,0,-1
1775117557145757,0,0,-1
1775117557165727,0,0,-1
1775117557185726,0,0,-1
1775117557205726,0,0,-1
1775117557225726,0,0,-1
1775117557245727,0,0,-1
1775117557265726,0,0,-1
1775117557285726,0,0,-1
1775117557305750,0,0,-1
1775117557325726,0,0,-1
1775117557345729,0,0,-1
1775117557365753,0,0,-1
1775117557385727,0,0,-1
1775117557405728,0,0,-1
1775117557425758,0,0,-1
1775117557445728,0,0,-1
1775117557465727,0,0,-1
1775117557485729,0,0,-1
1775117557505729,0,0,-1
1775117557525731,0,0,-1
1775117557545736,0,0,-1
1775117557565727,0,0,-1
1775117557585726,0,0,-1
1775117557605727,0,0,-1
1775117557625726,0,0,-1
1775117557645726,0,0,-1
1775117557665752,0,0,-1
1775117557685725,0,0,-1
1775117557705728,0,0,-1
1775117557725728,0,0,-1
1775117557745725,0,0,-1
1775117557765727,0,0,-1
1775117557785725,0,0,-1
1775117557805728,0,0,-1
1775117557825727,0,0,-1
1775117557845728,0,0,-1
1775117557865728,0,0,-1
1775117557885757,0,0,-1
1775117557905725,0,0,-1
1775117557925728,0,0,-1
1775117557945728,0,0,-1
1775117557965736,0,0,-1
1775117557985732,0,0,-1
1775117558005728,0,0,-1
1775117558025732,0,0,-1
1775117558045726,0,0,-1
1775117558065729,0,0,-1
1775117558085726,0,0,-1
1775117558105749,0,0,-1
1775117558125725,0,0,-1
1775117558145776,0,0,-1
1775117558165733,0,0,-1
1775117558185728,0,0,-1
1775117558205728,0,0,-1
1775117558225727,0,0,-1
1775117558245729,0,0,-1
1775117558265727,0,0,-1
1775117558285729,0,0,-1
1775117558305754,0,0,-1
1775117558325727,0,0,-1
1775117558345728,0,0,-1
1775117558365727,0,0,-1
1775117558385727,0,0,-1
1775117558405727,0,0,-1
1775117558425800,0,0,-1
1775117558445741,0,0,-1
1775117558465729,0,0,-1
1775117558485732,0,0,-1
1775117558505727,0,0,-1
1775117558525727,0,0,-1
1775117558545727,0,0,-1
1775117558565724,0,0,-1
1775117558585728,0,0,-1
1775117558605725,0,0,-1
1775117558625725,0,0,-1
1775117558645726,0,0,-1
1775117558665726,0,0,-1
1775117558685731,0,0,-1
1775117558705749,0,0,-1
1775117558725726,0,0,-1
1775117558745749,0,0,-1
1775117558765727,0,0,-1
1775117558785767,0,0,-1
1775117558805727,0,0,-1
1775117558825729,0,0,-1
1775117558845727,0,0,-1
1775117558865755,0,0,-1
1775117558885726,0,0,-1
1775117558905725,0,0,-1
1775117558925726,0,0,-1
1775117558945725,0,0,-1
1775117558965735,0,0,-1
1775117558985729,0,0,-1
1775117559005728,0,0,-1
1775117559025726,0,0,-1
1775117559045728,0,0,-1
1775117559065733,0,0,-1
1775117559085762,0,0,-1
1775117559105728,0,0,-1
1775117559125726,0,0,-1
1775117559145725,0,0,-1
1775117559165727,0,0,-1
1775117559185746,0,0,-1
1775117559205751,0,0,-1
1775117559225725,0,0,-1
1775117559245725,0,0,-1
1775117559265725,0,0,-1
1775117559285726,0,0,-1
1775117559305748,0,0,-1
1775117559325726,0,0,-1
1775117559345724,0,0,-1
1775117559365725,0,0,-1
1775117559385725,0,0,-1
1775117559405728,0,0,-1
1775117559425741,0,0,-1
1775117559445737,0,0,-1
1775117559465730,0,0,-1
1775117559485735,0,0,-1
1775117559505729,0,0,-1
1775117559525730,0,0,-1
1775117559545727,0,0,-1
1775117559565729,0,0,-1
1775117559585733,0,0,-1
1775117559605727,0,0,-1
1775117559625730,0,0,-1
1775117559645730,0,0,-1
1775117559665730,0,0,-1
1775117559685733,0,0,-1
1775117559705728,0,0,-1
1775117559725731,0,0,-1
1775117559745737,0,0,-1
1775117559765731,0,0,-1
1775117559785733,0,0,-1
1775117559805728,0,0,-1
1775117559825732,0,0,-1
1775117559845729,0,0,-1
1775117559865729,0,0,-1
1775117559885727,0,0,-1
1775117559905735,0,0,-1
1775117559925729,0,0,-1
1775117559945733,0,0,-1
1775117559965731,0,0,-1
1775117559985738,0,0,-1
1775117560005734,0,0,-1
1775117560025732,0,0,-1
1775117560045732,0,0,-1
1775117560065730,0,0,-1
1775117560085731,0,0,-1
1775117560105727,0,0,-1
1775117560125730,0,0,-1
1775117560145728,0,0,-1
1775117560165732,0,0,-1
1775117560185728,0,0,-1
1775117560205735,0,0,-1
1775117560225728,0,0,-1
1775117560245731,0,0,-1
1775117560265728,0,0,-1
1775117560285734,0,0,-1
1775117560305735,0,0,-1
1775117560325732,0,0,-1
1775117560345730,0,0,-1
1775117560365767,0,0,-1
1775117560385731,0,0,-1
1775117560405733,0,0,-1
1775117560425732,0,0,-1
1775117560445733,0,0,-1
1775117560465733,0,0,-1
1775117560485731,0,0,-1
1775117560505734,0,0,-1
1775117560525736,0,0,-1
1775117560545731,0,0,-1
1775117560565735,0,0,-1
1775117560585728,0,0,-1
1775117560605731,0,0,-1
1775117560625728,0,0,-1
1775117560645734,0,0,-1
1775117560665730,0,0,-1
1775117560685732,0,0,-1
1775117560705729,0,0,-1
1775117560725731,0,0,-1
1775117560745728,0,0,-1
1775117560765730,0,0,-1
1775117560785728,0,0,-1
1775117560805737,0,0,-1
1775117560825729,0,0,-1
1775117560845730,0,0,-1
1775117560865728,0,0,-1
1775117560885733,0,0,-1
1775117560905731,0,0,-1
1775117560925729,0,0,-1
1775117560945732,0,0,-1
1775117560965730,0,0,-1
1775117560985732,0,0,-1
1775117561005736,0,0,-1
1775117561025732,0,0,-1
1775117561045729,0,0,-1
1775117561065732,0,0,-1
1775117561085731,0,0,-1
1775117561105738,0,0,-1
1775117561125732,0,0,-1
1775117561145729,0,0,-1
1775117561165728,0,0,-1
1775117561185730,0,0,-1
1775117561205727,0,0,-1
1775117561225730,0,0,-1
1775117561245728,0,0,-1
1775117561265729,0,0,-1
1775117561285732,0,0,-1
1775117561305731,0,0,-1
1775117561325729,0,0,-1
1775117561345731,0,0,-1
1775117561365731,0,0,-1
1775117561385733,0,0,-1
1775117561405731,0,0,-1
1775117561425733,0,0,-1
1775117561445735,0,0,-1
1775117561465740,0,0,-1
1775117561485735,0,0,-1
1775117561505729,0,0,-1
1775117561525729,0,0,-1
1775117561545731,0,0,-1
1775117561565727,0,0,-1
1775117561585749,0,0,-1
1775117561605727,0,0,-1
1775117561625725,0,0,-1
1775117561645724,0,0,-1
1775117561665725,0,0,-1
1775117561685725,0,0,-1
1775117561705726,0,0,-1
1775117561725727,0,0,-1
1775117561745726,0,0,-1
1775117561765726,0,0,-1
1775117561785729,0,0,-1
1775117561805731,0,0,-1
1775117561825728,0,0,-1
1775117561845733,0,0,-1
1775117561865730,0,0,-1
1775117561885732,0,0,-1
1775117561905732,0,0,-1
1775117561925733,0,0,-1
1775117561945731,0,0,-1
1775117561965730,0,0,-1
1775117561985731,0,0,-1
1775117562005735,0,0,-1
1775117562025735,0,0,-1
1775117562045732,0,0,-1
1775117562065728,0,0,-1
1775117562085729,0,0,-1
1775117562105727,0,0,-1
1775117562125731,0,0,-1
1775117562145725,0,0,-1
1775117562165726,0,0,-1
1775117562185728,0,0,-1
1775117562205729,0,0,-1
1775117562225726,0,0,-1
1775117562245733,0,0,-1
1775117562265730,0,0,-1
1775117562285731,0,0,-1
1775117562305726,0,0,-1
1775117562325742,0,0,-1
1775117562345726,0,0,-1
1775117562365728,0,0,-1
1775117562385727,0,0,-1
1775117562405731,0,0,-1
1775117562425726,0,0,-1
1775117562445734,0,0,-1
1775117562465734,0,0,-1
1775117562485727,0,0,-1
1775117562505728,0,0,-1
1775117562525729,0,0,-1
1775117562545730,0,0,-1
1775117562565730,0,0,-1
1775117562585726,0,0,-1
1775117562605728,0,0,-1
1775117562625729,0,0,-1
1775117562645726,0,0,-1
1775117562665727,0,0,-1
1775117562685730,0,0,-1
1775117562705725,0,0,-1
1775117562725727,0,0,-1
1775117562745731,0,0,-1
1775117562765729,0,0,-1
1775117562785725,0,0,-1
1775117562805727,0,0,-1
1775117562825702,0,0,-1
1775117562845726,0,0,-1
1775117562865725,0,0,-1
1775117562885730,0,0,-1
1775117562905728,0,0,-1
1775117562925727,0,0,-1
1775117562945726,0,0,-1
1775117562965727,0,0,-1
1775117562985726,0,0,-1
1775117563005730,0,0,-1
1775117563025727,0,0,-1
1775117563045732,0,0,-1
1775117563065729,0,0,-1
1775117563085728,0,0,-1
1775117563105727,0,0,-1
1775117563125729,0,0,-1
1775117563145727,0,0,-1
1775117563165726,0,0,-1
1775117563185725,0,0,-1
1775117563205725,0,0,-1
1775117563225725,0,0,-1
1775117563245730,0,0,-1
1775117563265727,0,0,-1
1775117563285730,0,0,-1
1775117563305726,0,0,-1
1775117563325727,0,0,-1
1775117563345727,0,0,-1
1775117563365727,0,0,-1
1775117563385725,0,0,-1
1775117563405726,0,0,-1
1775117563425725,0,0,-1
1775117563445735,0,0,-1
1775117563465732,0,0,-1
1775117563485728,0,0,-1
1775117563505729,0,0,-1
1775117563525738,0,0,-1
1775117563545728,0,0,-1
1775117563565730,0,0,-1
1775117563585751,0,0,-1
1775117563605807,0,0,-1
1775117563625727,0,0,-1
1775117563645725,0,0,-1
1775117563665725,0,0,-1
1775117563685725,0,0,-1
1775117563705727,0,0,-1
1775117563725729,0,0,-1
1775117563745731,0,0,-1
1775117563765726,0,0,-1
1775117563785727,0,0,-1
1775117563805724,0,0,-1
1775117563825726,0,0,-1
1775117563845725,0,0,-1
1775117563865731,0,0,-1
1775117563885728,0,0,-1
1775117563905726,0,0,-1
1775117563925727,0,0,-1
1775117563945724,0,0,-1
1775117563965728,0,0,-1
1775117563985726,0,0,-1
1775117564005728,0,0,-1
1775117564025725,0,0,-1
1775117564045728,0,0,-1
1775117564065732,0,0,-1
1775117564085726,0,0,-1
1775117564105727,0,0,-1
1775117564125727,0,0,-1
1775117564145728,0,0,-1
1775117564165727,0,0,-1
1775117564185725,0,0,-1
1775117564205726,0,0,-1
1775117564225724,0,0,-1
1775117564245725,0,0,-1
1775117564265725,0,0,-1
1775117564285844,0,0,-1
1775117564305727,0,0,-1
1775117564325726,0,0,-1
1775117564345725,0,0,-1
1775117564365726,0,0,-1
1775117564385724,0,0,-1
1775117564405724,0,0,-1
1775117564425724,0,0,-1
1775117564445725,0,0,-1
1775117564465727,0,0,-1
1775117564485734,0,0,-1
1775117564505731,0,0,-1
1775117564525731,0,0,-1
1775117564545734,0,0,-1
1775117564565730,0,0,-1
1775117564585690,0,0,-1
1775117564605727,0,0,-1
1775117564625725,0,0,-1
1775117564645732,0,0,-1
1775117564665724,0,0,-1
1775117564685726,0,0,-1
1775117564705725,0,0,-1
1775117564725734,0,0,-1
1775117564745728,0,0,-1
1775117564765728,0,0,-1
1775117564785726,0,0,-1
1775117564805727,0,0,-1
1775117564825726,0,0,-1
1775117564845728,0,0,-1
1775117564865726,0,0,-1
1775117564885727,0,0,-1
1775117564905728,0,0,-1
1775117564925729,0,0,-1
1775117564945729,0,0,-1
1775117564965733,0,0,-1
1775117564985726,0,0,-1
1775117565005727,0,0,-1
1775117565025728,0,0,-1
1775117565045729,0,0,-1
1775117565065734,0,0,-1
1775117565085733,0,0,-1
1775117565105735,0,0,-1
1775117565125735,0,0,-1
1775117565145734,0,0,-1
1775117565165732,0,0,-1
1775117565185732,0,0,-1
1775117565205729,0,0,-1
1775117565225730,0,0,-1
1775117565245730,0,0,-1
1775117565265731,0,0,-1
1775117565285730,0,0,-1
1775117565305730,0,0,-1
1775117565325731,0,0,-1
1775117565345732,0,0,-1
1775117565365730,0,0,-1
1775117565385729,0,0,-1
1775117565405729,0,0,-1
1775117565425728,0,0,-1
1775117565445728,0,0,-1
1775117565465737,0,0,-1
1775117565485737,0,0,-1
1775117565505729,0,0,-1
1775117565525742,0,0,-1
1775117565545731,0,0,-1
1775117565565731,0,0,-1
1775117565585732,0,0,-1
1775117565605730,0,0,-1
1775117565625733,0,0,-1
1775117565645728,0,0,-1
1775117565665735,0,0,-1
1775117565685739,0,0,-1
1775117565705729,0,0,-1
1775117565725731,0,0,-1
1775117565745729,0,0,-1
1775117565765732,0,0,-1
1775117565785730,0,0,-1
1775117565805734,0,0,-1
1775117565825729,0,0,-1
1775117565845729,0,0,-1
1775117565865729,0,0,-1
1775117565885733,0,0,-1
1775117565905734,0,0,-1
1775117565925731,0,0,-1
1775117565945729,0,0,-1
1775117565965729,0,0,-1
1775117565985766,0,0,-1
1775117566005729,0,0,-1
1775117566025728,0,0,-1
1775117566045730,0,0,-1
1775117566065731,0,0,-1
1775117566085740,0,0,-1
1775117566105733,0,0,-1
1775117566125732,0,0,-1
1775117566145729,0,0,-1
1775117566165731,0,0,-1
1775117566185732,0,0,-1
1775117566205728,0,0,-1
1775117566225730,0,0,-1
1775117566245728,0,0,-1
1775117566265730,0,0,-1
1775117566285741,0,0,-1
1775117566305731,0,0,-1
1775117566325730,0,0,-1
1775117566345730,0,0,-1
1775117566365728,0,0,-1
1775117566385729,0,0,-1
1775117566405728,0,0,-1
1775117566425732,0,0,-1
1775117566445729,0,0,-1
1775117566465734,0,0,-1
1775117566485734,0,0,-1
1775117566505729,0,0,-1
1775117566525728,0,0,-1
1775117566545736,0,0,-1
1775117566565732,0,0,-1
1775117566585730,0,0,-1
1775117566605733,0,0,-1
1775117566625728,0,0,-1
1775117566645729,0,0,-1
1775117566665731,0,0,-1
1775117566685732,0,0,-1
1775117566705730,0,0,-1
1775117566725731,0,0,-1
1775117566745729,0,0,-1
1775117566765734,0,0,-1
1775117566785730,0,0,-1
1775117566805732,0,0,-1
1775117566825730,0,0,-1
1775117566845732,0,0,-1
1775117566865728,0,0,-1
1775117566885736,0,0,-1
1775117566905729,0,0,-1
1775117566925730,0,0,-1
1775117566945720,0,0,-1
1775117566965733,0,0,-1
1775117566985728,0,0,-1
1775117567005734,0,0,-1
1775117567025731,0,0,-1
1775117567045734,0,0,-1
1775117567065737,0,0,-1
1775117567085738,0,0,-1
1775117567105730,0,0,-1
1775117567125732,0,0,-1
1775117567145727,0,0,-1
1775117567165732,0,0,-1
1775117567185729,0,0,-1
1775117567205729,0,0,-1
1775117567225727,0,0,-1
1775117567245730,0,0,-1
1775117567265727,0,0,-1
1775117567285730,0,0,-1
1775117567305728,0,0,-1
1775117567325730,0,0,-1
1775117567345729,0,0,-1
1775117567365730,0,0,-1
1775117567385731,0,0,-1
1775117567405733,0,0,-1
1775117567425729,0,0,-1
1775117567445731,0,0,-1
1775117567465735,0,0,-1
1775117567485737,0,0,-1
1775117567505738,0,0,-1
1775117567525730,0,0,-1
1775117567545731,0,0,-1
1775117567565738,0,0,-1
1775117567585737,0,0,-1
1775117567605734,0,0,-1
1775117567625733,0,0,-1
1775117567645731,0,0,-1
1775117567665731,0,0,-1
1775117567685729,0,0,-1
1775117567705730,0,0,-1
1775117567725735,0,0,-1
1775117567745731,0,0,-1
1775117567765728,0,0,-1
1775117567785731,0,0,-1
1775117567805732,0,0,-1
1775117567825731,0,0,-1
1775117567845730,0,0,-1
1775117567865729,0,0,-1
1775117567885728,0,0,-1
1775117567905730,0,0,-1
1775117567925730,0,0,-1
1775117567945731,0,0,-1
1775117567965730,0,0,-1
1775117567985728,0,0,-1
1775117568005729,0,0,-1
1775117568025734,0,0,-1
1775117568045729,0,0,-1
1775117568065727,0,0,-1
1775117568085730,0,0,-1
1775117568105752,0,0,-1
1775117568125730,0,0,-1
1775117568145728,0,0,-1
1775117568165752,0,0,-1
1775117568185730,0,0,-1
1775117568205733,0,0,-1
1775117568225730,0,0,-1
1775117568245731,0,0,-1
1775117568265729,0,0,-1
1775117568285732,0,0,-1
1775117568305731,0,0,-1
1775117568325733,0,0,-1
1775117568345730,0,0,-1
1775117568365731,0,0,-1
1775117568385729,0,0,-1
1775117568405730,0,0,-1
1775117568425729,0,0,-1
1775117568445735,0,0,-1
1775117568465732,0,0,-1
1775117568485734,0,0,-1
1775117568505733,0,0,-1
1775117568525729,0,0,-1
1775117568545736,0,0,-1
1775117568565737,0,0,-1
1775117568585730,0,0,-1
1775117568605730,0,0,-1
1775117568625730,0,0,-1
1775117568645729,0,0,-1
1775117568665729,0,0,-1
1775117568685737,0,0,-1
1775117568705729,0,0,-1
1775117568725729,0,0,-1
1775117568745728,0,0,-1
1775117568765732,0,0,-1
1775117568785728,0,0,-1
1775117568805730,0,0,-1
1775117568825726,0,0,-1
1775117568845725,0,0,-1
1775117568865745,0,0,-1
1775117568885726,0,0,-1
1775117568905725,0,0,-1
1775117568925725,0,0,-1
1775117568945744,0,0,-1
1775117568965724,0,0,-1
1775117568985724,0,0,-1
1775117569005724,0,0,-1
1775117569025724,0,0,-1
1775117569045726,0,0,-1
1775117569065725,0,0,-1
1775117569085725,0,0,-1
1775117569105731,0,0,-1
1775117569125728,0,0,-1
1775117569145725,0,0,-1
1775117569165724,0,0,-1
1775117569185726,0,0,-1
1775117569205726,0,0,-1
1775117569225726,0,0,-1
1775117569245724,0,0,-1
1775117569265726,0,0,-1
1775117569285731,0,0,-1
1775117569305727,0,0,-1
1775117569325726,0,0,-1
1775117569345744,0,0,-1
1775117569365724,0,0,-1
1775117569385745,0,0,-1
1775117569405724,0,0,-1
1775117569425726,0,0,-1
1775117569445724,0,0,-1
1775117569465725,0,0,-1
1775117569485725,0,0,-1
1775117569505727,0,0,-1
1775117569525747,0,0,-1
1775117569545726,0,0,-1
1775117569565731,0,0,-1
1775117569585733,0,0,-1
1775117569605726,0,0,-1
1775117569625726,0,0,-1
1775117569645728,0,0,-1
1775117569665724,0,0,-1
1775117569685727,0,0,-1
1775117569705725,0,0,-1
1775117569725732,0,0,-1
1775117569745729,0,0,-1
1775117569765731,0,0,-1
1775117569785730,0,0,-1
1775117569805732,0,0,-1
1775117569825728,0,0,-1
1775117569845733,0,0,-1
1775117569865730,0,0,-1
1775117569885731,0,0,-1
1775117569905730,0,0,-1
1775117569925730,0,0,-1
1775117569945729,0,0,-1
1775117569965729,0,0,-1
1775117569985728,0,0,-1
1775117570005731,0,0,-1
1775117570025728,0,0,-1
1775117570045730,0,0,-1
1775117570065728,0,0,-1
1775117570085732,0,0,-1
1775117570105733,0,0,-1
1775117570125733,0,0,-1
1775117570145734,0,0,-1
1775117570165735,0,0,-1
1775117570185732,0,0,-1
1775117570205782,0,0,-1
1775117570225727,0,0,-1
1775117570245733,0,0,-1
1775117570265728,0,0,-1
1775117570285733,0,0,-1
1775117570305766,0,0,-1
1775117570325729,0,0,-1
1775117570345730,0,0,-1
1775117570365731,0,0,-1
1775117570385730,0,0,-1
1775117570405731,0,0,-1
1775117570425728,0,0,-1
1775117570445729,0,0,-1
1775117570465729,0,0,-1
1775117570485734,0,0,-1
1775117570505735,0,0,-1
1775117570525732,0,0,-1
1775117570545732,0,0,-1
1775117570565735,0,0,-1
1775117570585741,0,0,-1
1775117570605732,0,0,-1
1775117570625728,0,0,-1
1775117570645729,0,0,-1
1775117570665728,0,0,-1
1775117570685729,0,0,-1
1775117570705727,0,0,-1
1775117570725728,0,0,-1
1775117570745729,0,0,-1
1775117570765736,0,0,-1
1775117570785735,0,0,-1
1775117570805733,0,0,-1
1775117570825732,0,0,-1
1775117570845739,0,0,-1
1775117570865731,0,0,-1
1775117570885731,0,0,-1
1775117570905728,0,0,-1
1775117570925730,0,0,-1
1775117570945731,0,0,-1
1775117570965732,0,0,-1
1775117570985729,0,0,-1
1775117571005733,0,0,-1
1775117571025768,0,0,-1
1775117571045733,0,0,-1
1775117571065733,0,0,-1
1775117571085731,0,0,-1
1775117571105732,0,0,-1
1775117571125731,0,0,-1
1775117571145728,0,0,-1
1775117571165729,0,0,-1
1775117571185732,0,0,-1
1775117571205733,0,0,-1
1775117571225731,0,0,-1
1775117571245729,0,0,-1
1775117571265731,0,0,-1
1775117571285730,0,0,-1
1775117571305744,0,0,-1
1775117571325729,0,0,-1
1775117571345730,0,0,-1
1775117571365736,0,0,-1
1775117571385730,0,0,-1
1775117571405732,0,0,-1
1775117571425731,0,0,-1
1775117571445731,0,0,-1
1775117571465688,0,0,-1
1775117571485742,0,0,-1
1775117571505738,0,0,-1
1775117571525731,0,0,-1
1775117571545732,0,0,-1
1775117571565731,0,0,-1
1775117571585736,0,0,-1
1775117571605733,0,0,-1
1775117571625733,0,0,-1
1775117571645738,0,0,-1
1775117571665729,0,0,-1
1775117571685729,0,0,-1
1775117571705728,0,0,-1
1775117571725727,0,0,-1
1775117571745730,0,0,-1
1775117571765726,0,0,-1
1775117571785729,0,0,-1
1775117571805746,0,0,-1
1775117571825728,0,0,-1
1775117571845744,0,0,-1
1775117571865726,0,0,-1
1775117571885727,0,0,-1
1775117571905726,0,0,-1
1775117571925729,0,0,-1
1775117571945727,0,0,-1
1775117571965734,0,0,-1
1775117571985726,0,0,-1
1775117572005729,0,0,-1
1775117572025726,0,0,-1
1775117572045727,0,0,-1
1775117572065725,0,0,-1
1775117572085727,0,0,-1
1775117572105750,0,0,-1
1775117572125730,0,0,-1
1775117572145743,0,0,-1
1775117572165729,0,0,-1
1775117572185730,0,0,-1
1775117572205728,0,0,-1
1775117572225730,0,0,-1
1775117572245731,0,0,-1
1775117572265730,0,0,-1
1775117572285731,0,0,-1
1775117572305729,0,0,-1
1775117572325731,0,0,-1
1775117572345729,0,0,-1
1775117572365730,0,0,-1
1775117572385728,0,0,-1
1775117572405729,0,0,-1
1775117572425731,0,0,-1
1775117572445728,0,0,-1
1775117572465729,0,0,-1
1775117572485732,0,0,-1
1775117572505740,0,0,-1
1775117572525727,0,0,-1
1775117572545730,0,0,-1
1775117572565732,0,0,-1
1775117572585727,0,0,-1
1775117572605729,0,0,-1
1775117572625727,0,0,-1
1775117572645728,0,0,-1
1775117572665727,0,0,-1
1775117572685726,0,0,-1
1775117572705725,0,0,-1
1775117572725725,0,0,-1
1775117572745728,0,0,-1
1775117572765724,0,0,-1
1775117572785726,0,0,-1
1775117572805727,0,0,-1
1775117572825727,0,0,-1
1775117572845727,0,0,-1
1775117572865725,0,0,-1
1775117572885725,0,0,-1
1775117572905728,0,0,-1
1775117572925725,0,0,-1
1775117572945726,0,0,-1
1775117572965732,0,0,-1
1775117572985729,0,0,-1
1775117573005730,0,0,-1
1775117573025728,0,0,-1
1775117573045729,0,0,-1
1775117573065729,0,0,-1
1775117573085728,0,0,-1
1775117573105730,0,0,-1
1775117573125734,0,0,-1
1775117573145735,0,0,-1
1775117573165738,0,0,-1
1775117573185730,0,0,-1
1775117573205734,0,0,-1
1775117573225729,0,0,-1
1775117573245733,0,0,-1
1775117573265730,0,0,-1
1775117573285730,0,0,-1
1775117573305732,0,0,-1
1775117573325729,0,0,-1
1775117573345730,0,0,-1
1775117573365733,0,0,-1
1775117573385730,0,0,-1
1775117573405729,0,0,-1
1775117573425744,0,0,-1
1775117573445730,0,0,-1
1775117573465730,0,0,-1
1775117573485736,0,0,-1
1775117573505736,0,0,-1
1775117573525731,0,0,-1
1775117573545732,0,0,-1
1775117573565728,0,0,-1
1775117573585729,0,0,-1
1775117573605735,0,0,-1
1775117573625733,0,0,-1
1775117573645740,0,0,-1
1775117573665726,0,0,-1
1775117573685726,0,0,-1
1775117573705749,0,0,-1
1775117573725731,0,0,-1
1775117573745730,0,0,-1
1775117573765737,0,0,-1
1775117573785729,0,0,-1
1775117573805730,0,0,-1
1775117573825729,0,0,-1
1775117573845728,0,0,-1
1775117573865731,0,0,-1
1775117573885730,0,0,-1
1775117573905731,0,0,-1
1775117573925731,0,0,-1
1775117573945732,0,0,-1
1775117573965730,0,0,-1
1775117573985732,0,0,-1
1775117574005734,0,0,-1
1775117574025730,0,0,-1
1775117574045729,0,0,-1
1775117574065730,0,0,-1
1775117574085728,0,0,-1
1775117574105729,0,0,-1
1775117574125728,0,0,-1
1775117574145730,0,0,-1
1775117574165728,0,0,-1
1775117574185731,0,0,-1
1775117574205734,0,0,-1
1775117574225731,0,0,-1
1775117574245730,0,0,-1
1775117574265734,0,0,-1
1775117574285727,0,0,-1
1775117574305729,0,0,-1
1775117574325729,0,0,-1
1775117574345732,0,0,-1
1775117574365736,0,0,-1
1775117574385750,0,0,-1
1775117574405724,0,0,-1
1775117574425727,0,0,-1
1775117574445726,0,0,-1
1775117574465727,0,0,-1
1775117574485726,0,0,-1
1775117574505731,0,0,-1
1775117574525729,0,0,-1
1775117574545727,0,0,-1
1775117574565728,0,0,-1
1775117574585727,0,0,-1
1775117574605728,0,0,-1
1775117574625692,0,0,-1
1775117574645737,0,0,-1
1775117574665733,0,0,-1
1775117574685732,0,0,-1
1775117574705733,0,0,-1
1775117574725731,0,0,-1
1775117574745729,0,0,-1
1775117574765732,0,0,-1
1775117574785733,0,0,-1
1775117574805730,0,0,-1
1775117574825728,0,0,-1
1775117574845730,0,0,-1
1775117574865732,0,0,-1
1775117574885731,0,0,-1
1775117574905729,0,0,-1
1775117574925733,0,0,-1
1775117574945729,0,0,-1
1775117574965738,0,0,-1
1775117574985731,0,0,-1
1775117575005734,0,0,-1
1775117575025733,0,0,-1
1775117575045733,0,0,-1
1775117575065732,0,0,-1
1775117575085733,0,0,-1
1775117575105731,0,0,-1
1775117575125731,0,0,-1
1775117575145730,0,0,-1
1775117575165735,0,0,-1
1775117575185734,0,0,-1
1775117575205731,0,0,-1
1775117575225732,0,0,-1
1775117575245731,0,0,-1
1775117575265735,0,0,-1
1775117575285730,0,0,-1
1775117575305731,0,0,-1
1775117575325734,0,0,-1
1775117575345745,0,0,-1
1775117575365735,0,0,-1
1775117575385730,0,0,-1
1775117575405731,0,0,-1
1775117575425731,0,0,-1
1775117575445734,0,0,-1
1775117575465734,0,0,-1
1775117575485729,0,0,-1
1775117575505734,0,0,-1
1775117575525734,0,0,-1
1775117575545736,0,0,-1
1775117575565732,0,0,-1
1775117575585732,0,0,-1
1775117575605730,0,0,-1
1775117575625730,0,0,-1
1775117575645733,0,0,-1
1775117575665730,0,0,-1
1775117575685732,0,0,-1
1775117575705737,0,0,-1
1775117575725731,0,0,-1
1775117575745729,0,0,-1
1775117575765728,0,0,-1
1775117575785727,0,0,-1
1775117575805727,0,0,-1
1775117575825728,0,0,-1
1775117575845728,0,0,-1
1775117575865728,0,0,-1
1775117575885729,0,0,-1
1775117575905728,0,0,-1
1775117575925727,0,0,-1
1775117575945731,0,0,-1
1775117575965728,0,0,-1
1775117575985734,0,0,-1
1775117576005735,0,0,-1
1775117576025698,0,0,-1
1775117576045729,0,0,-1
1775117576065730,0,0,-1
1775117576085729,0,0,-1
1775117576105723,0,0,-1
1775117576125728,0,0,-1
1775117576145728,0,0,-1
1775117576165739,0,0,-1
1775117576185729,0,0,-1
1775117576205732,0,0,-1
1775117576225731,0,0,-1
1775117576245730,0,0,-1
1775117576265727,0,0,-1
1775117576285726,0,0,-1
1775117576305727,0,0,-1
1775117576325731,0,0,-1
1775117576345728,0,0,-1
1775117576365725,0,0,-1
1775117576385728,0,0,-1
1775117576405734,0,0,-1
1775117576425814,0,0,-1
1775117576445748,0,0,-1
1775117576465736,0,0,-1
1775117576485734,0,0,-1
1775117576505731,0,0,-1
1775117576525730,0,0,-1
1775117576545732,0,0,-1
1775117576565729,0,0,-1
1775117576585731,0,0,-1
1775117576605734,0,0,-1
1775117576625729,0,0,-1
1775117576645733,0,0,-1
1775117576665736,0,0,-1
1775117576685732,0,0,-1
1775117576705730,0,0,-1
1775117576725730,0,0,-1
1775117576745730,0,0,-1
1775117576765735,0,0,-1
1775117576785730,0,0,-1
1775117576805730,0,0,-1
1775117576825730,0,0,-1
1775117576845731,0,0,-1
1775117576865733,0,0,-1
1775117576885733,0,0,-1
1775117576905732,0,0,-1
1775117576925731,0,0,-1
1775117576945732,0,0,-1
1775117576965733,0,0,-1
1775117576985733,0,0,-1
1775117577005730,0,0,-1
1775117577025732,0,0,-1
1775117577045732,0,0,-1
1775117577065733,0,0,-1
1775117577085738,0,0,-1
1775117577105732,0,0,-1
1775117577125732,0,0,-1
1775117577145733,0,0,-1
1775117577165733,0,0,-1
1775117577185732,0,0,-1
1775117577205730,0,0,-1
1775117577225733,0,0,-1
1775117577245735,0,0,-1
1775117577265732,0,0,-1
1775117577285766,0,0,-1
1775117577305733,0,0,-1
1775117577325734,0,0,-1
1775117577345735,0,0,-1
1775117577365736,0,0,-1
1775117577385731,0,0,-1
1775117577405734,0,0,-1
1775117577425732,0,0,-1
1775117577445734,0,0,-1
1775117577465735,0,0,-1
1775117577485731,0,0,-1
1775117577505732,0,0,-1
1775117577525734,0,0,-1
1775117577545736,0,0,-1
1775117577565735,0,0,-1
1775117577585733,0,0,-1
1775117577605730,0,0,-1
1775117577625734,0,0,-1
1775117577645730,0,0,-1
1775117577665740,0,0,-1
1775117577685731,0,0,-1
1775117577705730,0,0,-1
1775117577725731,0,0,-1
1775117577745731,0,0,-1
1775117577765733,0,0,-1
1775117577785730,0,0,-1
1775117577805737,0,0,-1
1775117577825732,0,0,-1
1775117577845732,0,0,-1
1775117577865732,0,0,-1
1775117577885733,0,0,-1
1775117577905731,0,0,-1
1775117577925730,0,0,-1
1775117577945729,0,0,-1
1775117577965745,0,0,-1
1775117577985737,0,0,-1
1775117578005731,0,0,-1
1775117578025730,0,0,-1
1775117578045732,0,0,-1
1775117578065733,0,0,-1
1775117578085732,0,0,-1
1775117578105730,0,0,-1
1775117578125735,0,0,-1
1775117578145734,0,0,-1
1775117578165734,0,0,-1
1775117578185732,0,0,-1
1775117578205737,0,0,-1
1775117578225753,0,0,-1
1775117578245728,0,0,-1
1775117578265727,0,0,-1
1775117578285729,0,0,-1
1775117578305730,0,0,-1
1775117578325732,0,0,-1
1775117578345731,0,0,-1
1775117578365730,0,0,-1
1775117578385732,0,0,-1
1775117578405727,0,0,-1
1775117578425732,0,0,-1
1775117578445730,0,0,-1
1775117578465742,0,0,-1
1775117578485731,0,0,-1
1775117578505731,0,0,-1
1775117578525732,0,0,-1
1775117578545741,0,0,-1
1775117578565744,0,0,-1
1775117578585729,0,0,-1
1775117578605728,0,0,-1
1775117578625734,0,0,-1
1775117578645737,0,0,-1
1775117578665739,0,0,-1
1775117578685737,0,0,-1
1775117578705733,0,0,-1
1775117578725737,0,0,-1
1775117578745733,0,0,-1
1775117578765731,0,0,-1
1775117578785730,0,0,-1
1775117578805731,0,0,-1
1775117578825731,0,0,-1
1775117578845730,0,0,-1
1775117578865739,0,0,-1
1775117578885741,0,0,-1
1775117578905739,0,0,-1
1775117578925732,0,0,-1
1775117578945732,0,0,-1
1775117578965730,0,0,-1
1775117578985730,0,0,-1
1775117579005729,0,0,-1
1775117579025731,0,0,-1
1775117579045732,0,0,-1
1775117579065738,0,0,-1
1775117579085736,0,0,-1
1775117579105730,0,0,-1
1775117579125727,0,0,-1
1775117579145726,0,0,-1
1775117579165735,0,0,-1
1775117579185731,0,0,-1
1775117579205730,0,0,-1
1775117579225731,0,0,-1
1775117579245734,0,0,-1
1775117579265737,0,0,-1
1775117579285738,0,0,-1
1775117579305733,0,0,-1
1775117579325728,0,0,-1
1775117579345728,0,0,-1
1775117579365728,0,0,-1
1775117579385727,0,0,-1
1775117579405732,0,0,-1
1775117579425731,0,0,-1
1775117579445733,0,0,-1
1775117579465733,0,0,-1
1775117579485745,0,0,-1
1775117579505733,0,0,-1
1775117579525728,0,0,-1
1775117579545736,0,0,-1
1775117579565731,0,0,-1
1775117579585732,0,0,-1
1775117579605730,0,0,-1
1775117579625728,0,0,-1
1775117579645728,0,0,-1
1775117579665727,0,0,-1
1775117579685724,0,0,-1
1775117579705728,0,0,-1
1775117579725726,0,0,-1
1775117579745728,0,0,-1
1775117579765735,0,0,-1
1775117579785680,0,0,-1
1775117579805726,0,0,-1
1775117579825728,0,0,-1
1775117579845727,0,0,-1
1775117579865727,0,0,-1
1775117579885728,0,0,-1
1775117579905728,0,0,-1
1775117579925727,0,0,-1
1775117579945726,0,0,-1
1775117579965727,0,0,-1
1775117579985728,0,0,-1
1775117580005730,0,0,-1
1775117580025726,0,0,-1
1775117580045729,0,0,-1
1775117580065727,0,0,-1
1775117580085730,0,0,-1
1775117580105727,0,0,-1
1775117580125728,0,0,-1
1775117580145727,0,0,-1
1775117580165727,0,0,-1
1775117580185728,0,0,-1
1775117580205728,0,0,-1
1775117580225728,0,0,-1
1775117580245728,0,0,-1
1775117580265732,0,0,-1
1775117580285733,0,0,-1
1775117580305730,0,0,-1
1775117580325728,0,0,-1
1775117580345727,0,0,-1
1775117580365732,0,0,-1
1775117580385726,0,0,-1
1775117580405727,0,0,-1
1775117580425730,0,0,-1
1775117580445729,0,0,-1
1775117580465689,0,0,-1
1775117580485729,0,0,-1
1775117580505728,0,0,-1
1775117580525727,0,0,-1
1775117580545730,0,0,-1
1775117580565727,0,0,-1
1775117580585727,0,0,-1
1775117580605726,0,0,-1
1775117580625726,0,0,-1
1775117580645730,0,0,-1
1775117580665734,0,0,-1
1775117580685731,0,0,-1
1775117580705728,0,0,-1
1775117580725727,0,0,-1
1775117580745727,0,0,-1
1775117580765727,0,0,-1
1775117580785727,0,0,-1
1775117580805726,0,0,-1
1775117580825728,0,0,-1
1775117580845728,0,0,-1
1775117580865727,0,0,-1
1775117580885726,0,0,-1
1775117580905729,0,0,-1
1775117580925754,0,0,-1
1775117580945728,0,0,-1
1775117580965727,0,0,-1
1775117580985728,0,0,-1
1775117581005729,0,0,-1
1775117581025730,0,0,-1
1775117581045736,0,0,-1
1775117581065732,0,0,-1
1775117581085732,0,0,-1
1775117581105737,0,0,-1
1775117581125730,0,0,-1
1775117581145729,0,0,-1
1775117581165731,0,0,-1
1775117581185730,0,0,-1
1775117581205738,0,0,-1
1775117581225731,0,0,-1
1775117581245733,0,0,-1
1775117581265738,0,0,-1
1775117581285750,0,0,-1
1775117581305734,0,0,-1
1775117581325736,0,0,-1
1775117581345748,0,0,-1
1775117581365733,0,0,-1
1775117581385731,0,0,-1
1775117581405731,0,0,-1
1775117581425730,0,0,-1
1775117581445730,0,0,-1
1775117581465731,0,0,-1
1775117581485731,0,0,-1
1775117581505730,0,0,-1
1775117581525736,0,0,-1
1775117581545734,0,0,-1
1775117581565732,0,0,-1
1775117581585735,0,0,-1
1775117581605740,0,0,-1
1775117581625728,0,0,-1
1775117581645727,0,0,-1
1775117581665728,0,0,-1
1775117581685735,0,0,-1
1775117581705731,0,0,-1
1775117581725730,0,0,-1
1775117581745729,0,0,-1
1775117581765731,0,0,-1
1775117581785728,0,0,-1
1775117581805731,0,0,-1
1775117581825728,0,0,-1
1775117581845727,0,0,-1
1775117581865729,0,0,-1
1775117581885729,0,0,-1
1775117581905729,0,0,-1
1775117581925729,0,0,-1
1775117581945729,0,0,-1
1775117581965736,0,0,-1
1775117581985932,0,0,-1
1775117582005727,0,0,-1
1775117582025726,0,0,-1
1775117582045727,0,0,-1
1775117582065728,0,0,-1
1775117582085727,0,0,-1
1775117582105726,0,0,-1
1775117582125762,0,0,-1
1775117582145734,0,0,-1
1775117582165736,0,0,-1
1775117582185734,0,0,-1
1775117582205731,0,0,-1
1775117582225732,0,0,-1
1775117582245732,0,0,-1
1775117582265728,0,0,-1
1775117582285728,0,0,-1
1775117582305731,0,0,-1
1775117582325727,0,0,-1
1775117582345727,0,0,-1
1775117582365729,0,0,-1
1775117582385727,0,0,-1
1775117582405727,0,0,-1
1775117582425728,0,0,-1
1775117582445727,0,0,-1
1775117582465727,0,0,-1
1775117582485729,0,0,-1
1775117582505727,0,0,-1
1775117582525725,0,0,-1
1775117582545739,0,0,-1
1775117582565730,0,0,-1
1775117582585731,0,0,-1
1775117582605729,0,0,-1
1775117582625729,0,0,-1
1775117582645733,0,0,-1
1775117582665728,0,0,-1
1775117582685731,0,0,-1
1775117582705729,0,0,-1
1775117582725730,0,0,-1
1775117582745727,0,0,-1
1775117582765728,0,0,-1
1775117582785727,0,0,-1
1775117582805729,0,0,-1
1775117582825728,0,0,-1
1775117582845729,0,0,-1
1775117582865728,0,0,-1
1775117582885729,0,0,-1
1775117582905733,0,0,-1
1775117582925731,0,0,-1
1775117582945732,0,0,-1
1775117582965730,0,0,-1
1775117582985729,0,0,-1
1775117583005727,0,0,-1
1775117583025737,0,0,-1
1775117583045732,0,0,-1
1775117583065728,0,0,-1
1775117583085729,0,0,-1
1775117583105726,0,0,-1
1775117583125727,0,0,-1
1775117583145729,0,0,-1
1775117583165727,0,0,-1
1775117583185730,0,0,-1
1775117583205728,0,0,-1
1775117583225727,0,0,-1
1775117583245728,0,0,-1
1775117583265730,0,0,-1
1775117583285760,0,0,-1
1775117583305731,0,0,-1
1775117583325731,0,0,-1
1775117583345731,0,0,-1
1775117583365728,0,0,-1
1775117583385729,0,0,-1
1775117583405729,0,0,-1
1775117583425729,0,0,-1
1775117583445755,0,0,-1
1775117583465734,0,0,-1
1775117583485761,0,0,-1
1775117583505728,0,0,-1
1775117583525728,0,0,-1
1775117583545730,0,0,-1
1775117583565729,0,0,-1
1775117583585732,0,0,-1
1775117583605726,0,0,-1
1775117583625727,0,0,-1
1775117583645729,0,0,-1
1775117583665728,0,0,-1
1775117583685730,0,0,-1
1775117583705729,0,0,-1
1775117583725728,0,0,-1
1775117583745728,0,0,-1
1775117583765754,0,0,-1
1775117583785726,0,0,-1
1775117583805726,0,0,-1
1775117583825729,0,0,-1
1775117583845726,0,0,-1
1775117583865730,0,0,-1
1775117583885731,0,0,-1
1775117583905727,0,0,-1
1775117583925729,0,0,-1
1775117583945727,0,0,-1
1775117583965750,0,0,-1
1775117583985747,0,0,-1
1775117584005747,0,0,-1
1775117584025726,0,0,-1
1775117584045727,0,0,-1
1775117584065726,0,0,-1
1775117584085732,0,0,-1
1775117584105728,0,0,-1
1775117584125727,0,0,-1
1775117584145728,0,0,-1
1775117584165728,0,0,-1
1775117584185710,0,0,-1
1775117584205727,0,0,-1
1775117584225727,0,0,-1
1775117584245727,0,0,-1
1775117584265730,0,0,-1
1775117584285730,0,0,-1
1775117584305730,0,0,-1
1775117584325730,0,0,-1
1775117584345726,0,0,-1
1775117584365727,0,0,-1
1775117584385728,0,0,-1
1775117584405727,0,0,-1
1775117584425764,0,0,-1
1775117584445732,0,0,-1
1775117584465734,0,0,-1
1775117584485732,0,0,-1
1775117584505729,0,0,-1
1775117584525730,0,0,-1
1775117584545729,0,0,-1
1775117584565739,0,0,-1
1775117584585739,0,0,-1
1775117584605731,0,0,-1
1775117584625734,0,0,-1
1775117584645732,0,0,-1
1775117584665732,0,0,-1
1775117584685733,0,0,-1
1775117584705731,0,0,-1
1775117584725732,0,0,-1
1775117584745731,0,0,-1
1775117584765796,0,0,-1
1775117584785733,0,0,-1
1775117584805735,0,0,-1
1775117584825732,0,0,-1
1775117584845731,0,0,-1
1775117584865732,0,0,-1
1775117584885732,0,0,-1
1775117584905730,0,0,-1
1775117584925730,0,0,-1
1775117584945731,0,0,-1
1775117584965730,0,0,-1
1775117584985729,0,0,-1
1775117585005730,0,0,-1
1775117585025729,0,0,-1
1775117585045733,0,0,-1
1775117585065731,0,0,-1
1775117585085730,0,0,-1
1775117585105729,0,0,-1
1775117585125730,0,0,-1
1775117585145732,0,0,-1
1775117585165729,0,0,-1
1775117585185730,0,0,-1
1775117585205730,0,0,-1
1775117585225733,0,0,-1
1775117585245731,0,0,-1
1775117585265731,0,0,-1
1775117585285727,0,0,-1
1775117585305728,0,0,-1
1775117585325732,0,0,-1
1775117585345738,0,0,-1
1775117585365736,0,0,-1
1775117585385738,0,0,-1
1775117585405732,0,0,-1
1775117585425730,0,0,-1
1775117585445731,0,0,-1
1775117585465731,0,0,-1
1775117585485734,0,0,-1
1775117585505731,0,0,-1
1775117585525732,0,0,-1
1775117585545735,0,0,-1
1775117585565739,0,0,-1
1775117585585733,0,0,-1
1775117585605733,0,0,-1
1775117585625732,0,0,-1
1775117585645731,0,0,-1
1775117585665731,0,0,-1
1775117585685735,0,0,-1
1775117585705728,0,0,-1
1775117585725737,0,0,-1
1775117585745735,0,0,-1
1775117585765735,0,0,-1
1775117585785734,0,0,-1
1775117585805730,0,0,-1
1775117585825729,0,0,-1
1775117585845730,0,0,-1
1775117585865730,0,0,-1
1775117585885730,0,0,-1
1775117585905732,0,0,-1
1775117585925734,0,0,-1
1775117585945733,0,0,-1
1775117585965740,0,0,-1
1775117585985733,0,0,-1
1775117586005734,0,0,-1
1775117586025735,0,0,-1
1775117586045731,0,0,-1
1775117586065735,0,0,-1
1775117586085743,0,0,-1
1775117586105739,0,0,-1
1775117586125731,0,0,-1
1775117586145731,0,0,-1
1775117586165729,0,0,-1
1775117586185731,0,0,-1
1775117586205729,0,0,-1
1775117586225729,0,0,-1
1775117586245729,0,0,-1
1775117586265736,0,0,-1
1775117586285735,0,0,-1
1775117586305731,0,0,-1
1775117586325731,0,0,-1
1775117586345735,0,0,-1
1775117586365732,0,0,-1
1775117586385738,0,0,-1
1775117586405732,0,0,-1
1775117586425730,0,0,-1
1775117586445731,0,0,-1
1775117586465729,0,0,-1
1775117586485837,0,0,-1
1775117586505803,0,0,-1
1775117586525734,0,0,-1
1775117586545734,0,0,-1
1775117586565735,0,0,-1
1775117586585737,0,0,-1
1775117586605731,0,0,-1
1775117586625732,0,0,-1
1775117586645727,0,0,-1
1775117586665730,0,0,-1
1775117586685732,0,0,-1
1775117586705730,0,0,-1
1775117586725729,0,0,-1
1775117586745728,0,0,-1
1775117586765725,0,0,-1
1775117586785727,0,0,-1
1775117586805728,0,0,-1
1775117586825727,0,0,-1
1775117586845727,0,0,-1
1775117586865732,0,0,-1
1775117586885732,0,0,-1
1775117586905731,0,0,-1
1775117586925765,0,0,-1
1775117586945732,0,0,-1
1775117586965734,0,0,-1
1775117586985734,0,0,-1
1775117587005730,0,0,-1
1775117587025729,0,0,-1
1775117587045730,0,0,-1
1775117587065731,0,0,-1
1775117587085735,0,0,-1
1775117587105735,0,0,-1
1775117587125730,0,0,-1
1775117587145731,0,0,-1
1775117587165730,0,0,-1
1775117587185730,0,0,-1
1775117587205732,0,0,-1
1775117587225730,0,0,-1
1775117587245733,0,0,-1
1775117587265736,0,0,-1
1775117587285739,0,0,-1
1775117587305730,0,0,-1
1775117587325729,0,0,-1
1775117587345737,0,0,-1
1775117587365742,0,0,-1
1775117587385732,0,0,-1
1775117587405733,0,0,-1
1775117587425730,0,0,-1
1775117587445767,0,0,-1
1775117587465761,0,0,-1
1775117587485730,0,0,-1
1775117587505727,0,0,-1
1775117587525726,0,0,-1
1775117587545727,0,0,-1
1775117587565729,0,0,-1
1775117587585730,0,0,-1
1775117587605754,0,0,-1
1775117587625727,0,0,-1
1775117587645729,0,0,-1
1775117587665691,0,0,-1
1775117587685729,0,0,-1
1775117587705729,0,0,-1
1775117587725728,0,0,-1
1775117587745729,0,0,-1
1775117587765735,0,0,-1
1775117587785728,0,0,-1
1775117587805726,0,0,-1
1775117587825751,0,0,-1
1775117587845748,0,0,-1
1775117587865725,0,0,-1
1775117587885728,0,0,-1
1775117587905729,0,0,-1
1775117587925728,0,0,-1
1775117587945728,0,0,-1
1775117587965727,0,0,-1
1775117587985727,0,0,-1
1775117588005727,0,0,-1
1775117588025728,0,0,-1
1775117588045728,0,0,-1
1775117588065730,0,0,-1
1775117588085729,0,0,-1
1775117588105729,0,0,-1
1775117588125727,0,0,-1
1775117588145727,0,0,-1
1775117588165728,0,0,-1
1775117588185727,0,0,-1
1775117588205726,0,0,-1
1775117588225726,0,0,-1
1775117588245731,0,0,-1
1775117588265729,0,0,-1
1775117588285728,0,0,-1
1775117588305729,0,0,-1
1775117588325728,0,0,-1
1775117588345726,0,0,-1
1775117588365726,0,0,-1
1775117588385732,0,0,-1
1775117588405728,0,0,-1
1775117588425730,0,0,-1
1775117588445727,0,0,-1
1775117588465727,0,0,-1
1775117588485734,0,0,-1
1775117588505726,0,0,-1
1775117588525760,0,0,-1
1775117588545727,0,0,-1
1775117588565728,0,0,-1
1775117588585731,0,0,-1
1775117588605728,0,0,-1
1775117588625727,0,0,-1
1775117588645726,0,0,-1
1775117588665726,0,0,-1
1775117588685726,0,0,-1
1775117588705728,0,0,-1
1775117588725726,0,0,-1
1775117588745727,0,0,-1
1775117588765741,0,0,-1
1775117588785727,0,0,-1
1775117588805728,0,0,-1
1775117588825728,0,0,-1
1775117588845729,0,0,-1
1775117588865727,0,0,-1
1775117588885728,0,0,-1
1775117588905727,0,0,-1
1775117588925729,0,0,-1
1775117588945727,0,0,-1
1775117588965727,0,0,-1
1775117588985729,0,0,-1
1775117589005727,0,0,-1
1775117589025726,0,0,-1
1775117589045726,0,0,-1
1775117589065733,0,0,-1
1775117589085727,0,0,-1
1775117589105732,0,0,-1
1775117589125729,0,0,-1
1775117589145727,0,0,-1
1775117589165726,0,0,-1
1775117589185745,0,0,-1
1775117589205726,0,0,-1
1775117589225727,0,0,-1
1775117589245727,0,0,-1
1775117589265772,0,0,-1
1775117589285726,0,0,-1
1775117589305728,0,0,-1
1775117589325726,0,0,-1
1775117589345724,0,0,-1
1775117589365729,0,0,-1
1775117589385727,0,0,-1
1775117589405734,0,0,-1
1775117589425726,0,0,-1
1775117589445725,0,0,-1
1775117589465728,0,0,-1
1775117589485726,0,0,-1
1775117589505726,0,0,-1
1775117589525724,0,0,-1
1775117589545726,0,0,-1
1775117589565726,0,0,-1
1775117589585733,0,0,-1
1775117589605732,0,0,-1
1775117589625728,0,0,-1
1775117589645748,0,0,-1
1775117589665725,0,0,-1
1775117589685732,0,0,-1
1775117589705727,0,0,-1
1775117589725804,0,0,-1
1775117589745726,0,0,-1
1775117589765725,0,0,-1
1775117589785730,0,0,-1
1775117589805729,0,0,-1
1775117589825728,0,0,-1
1775117589845727,0,0,-1
1775117589865726,0,0,-1
1775117589885727,0,0,-1
1775117589905730,0,0,-1
1775117589925726,0,0,-1
1775117589945732,0,0,-1
1775117589965726,0,0,-1
1775117589985729,0,0,-1
1775117590005726,0,0,-1
1775117590025732,0,0,-1
1775117590045730,0,0,-1
1775117590065728,0,0,-1
1775117590085731,0,0,-1
1775117590105730,0,0,-1
1775117590125730,0,0,-1
1775117590145727,0,0,-1
1775117590165728,0,0,-1
1775117590185727,0,0,-1
1775117590205728,0,0,-1
1775117590225728,0,0,-1
1775117590245730,0,0,-1
1775117590265729,0,0,-1
1775117590285734,0,0,-1
1775117590305732,0,0,-1
1775117590325732,0,0,-1
1775117590345731,0,0,-1
1775117590365728,0,0,-1
1775117590385730,0,0,-1
1775117590405729,0,0,-1
1775117590425737,0,0,-1
1775117590445729,0,0,-1
1775117590465956,0,0,-1
1775117590485798,0,0,-1
1775117590505755,0,0,-1
1775117590525688,0,0,-1
1775117590545738,0,0,-1
1775117590565729,0,0,-1
1775117590585731,0,0,-1
1775117590605726,0,0,-1
1775117590625728,0,0,-1
1775117590645725,0,0,-1
1775117590665727,0,0,-1
1775117590685726,0,0,-1
1775117590705731,0,0,-1
1775117590725767,0,0,-1
1775117590745730,0,0,-1
1775117590765730,0,0,-1
1775117590785728,0,0,-1
1775117590805727,0,0,-1
1775117590825726,0,0,-1
1775117590845725,0,0,-1
1775117590865727,0,0,-1
1775117590885770,0,0,-1
1775117590905730,0,0,-1
1775117590925728,0,0,-1
1775117590945733,0,0,-1
1775117590965705,0,0,-1
1775117590985726,0,0,-1
1775117591005727,0,0,-1
1775117591025731,0,0,-1
1775117591045731,0,0,-1
1775117591065734,0,0,-1
1775117591085732,0,0,-1
1775117591105732,0,0,-1
1775117591125730,0,0,-1
1775117591145730,0,0,-1
1775117591165731,0,0,-1
1775117591185727,0,0,-1
1775117591205730,0,0,-1
1775117591225729,0,0,-1
1775117591245732,0,0,-1
1775117591265728,0,0,-1
1775117591285733,0,0,-1
1775117591305728,0,0,-1
1775117591325734,0,0,-1
1775117591345729,0,0,-1
1775117591365731,0,0,-1
1775117591385730,0,0,-1
1775117591405733,0,0,-1
1775117591425746,0,0,-1
1775117591445729,0,0,-1
1775117591465727,0,0,-1
1775117591485735,0,0,-1
1775117591505730,0,0,-1
1775117591525730,0,0,-1
1775117591545731,0,0,-1
1775117591565730,0,0,-1
1775117591585734,0,0,-1
1775117591605731,0,0,-1
1775117591625732,0,0,-1
1775117591645734,0,0,-1
1775117591665728,0,0,-1
1775117591685727,0,0,-1
1775117591705714,0,0,-1
1775117591725727,0,0,-1
1775117591745726,0,0,-1
1775117591765729,0,0,-1
1775117591785729,0,0,-1
1775117591805729,0,0,-1
1775117591825730,0,0,-1
1775117591845728,0,0,-1
1775117591865727,0,0,-1
1775117591885731,0,0,-1
1775117591905727,0,0,-1
1775117591925731,0,0,-1
1775117591945728,0,0,-1
1775117591965727,0,0,-1
1775117591985727,0,0,-1
1775117592005729,0,0,-1
1775117592025726,0,0,-1
1775117592045760,0,0,-1
1775117592065739,0,0,-1
1775117592085725,0,0,-1
1775117592105739,0,0,-1
1775117592125725,0,0,-1
1775117592145733,0,0,-1
1775117592165734,0,0,-1
1775117592185726,0,0,-1
1775117592205726,0,0,-1
1775117592225725,0,0,-1
1775117592245728,0,0,-1
1775117592265738,0,0,-1
1775117592285727,0,0,-1
1775117592305728,0,0,-1
1775117592325726,0,0,-1
1775117592345727,0,0,-1
1775117592365728,0,0,-1
1775117592385727,0,0,-1
1775117592405727,0,0,-1
1775117592425729,0,0,-1
1775117592445730,0,0,-1
1775117592465728,0,0,-1
1775117592485728,0,0,-1
1775117592505727,0,0,-1
1775117592525729,0,0,-1
1775117592545727,0,0,-1
1775117592565725,0,0,-1
1775117592585726,0,0,-1
1775117592605751,0,0,-1
1775117592625734,0,0,-1
1775117592645729,0,0,-1
1775117592665727,0,0,-1
1775117592685728,0,0,-1
1775117592705726,0,0,-1
1775117592725727,0,0,-1
1775117592745753,0,0,-1
1775117592765726,0,0,-1
1775117592785724,0,0,-1
1775117592805725,0,0,-1
1775117592825727,0,0,-1
1775117592845727,0,0,-1
1775117592865726,0,0,-1
1775117592885858,0,0,-1
1775117592905730,0,0,-1
1775117592925725,0,0,-1
1775117592945727,0,0,-1
1775117592965725,0,0,-1
1775117592985726,0,0,-1
1775117593005726,0,0,-1
1775117593025729,0,0,-1
1775117593045729,0,0,-1
1775117593065726,0,0,-1
1775117593085727,0,0,-1
1775117593105755,0,0,-1
1775117593125730,0,0,-1
1775117593145730,0,0,-1
1775117593165728,0,0,-1
1775117593185726,0,0,-1
1775117593205728,0,0,-1
1775117593225739,0,0,-1
1775117593245727,0,0,-1
1775117593265726,0,0,-1
1775117593285725,0,0,-1
1775117593305726,0,0,-1
1775117593325732,0,0,-1
1775117593345730,0,0,-1
1775117593365730,0,0,-1
1775117593385763,0,0,-1
1775117593405732,0,0,-1
1775117593425732,0,0,-1
1775117593445733,0,0,-1
1775117593465732,0,0,-1
1775117593485732,0,0,-1
1775117593505729,0,0,-1
1775117593525730,0,0,-1
1775117593545729,0,0,-1
1775117593565729,0,0,-1
1775117593585729,0,0,-1
1775117593605729,0,0,-1
1775117593625730,0,0,-1
1775117593645731,0,0,-1
1775117593665695,0,0,-1
1775117593685727,0,0,-1
1775117593705729,0,0,-1
1775117593725737,0,0,-1
1775117593745730,0,0,-1
1775117593765733,0,0,-1
1775117593785728,0,0,-1
1775117593805731,0,0,-1
1775117593825730,0,0,-1
1775117593845728,0,0,-1
1775117593865727,0,0,-1
1775117593885742,0,0,-1
1775117593905728,0,0,-1
1775117593925747,0,0,-1
1775117593945728,0,0,-1
1775117593965727,0,0,-1
1775117593985731,0,0,-1
1775117594005726,0,0,-1
1775117594025729,0,0,-1
1775117594045726,0,0,-1
1775117594065726,0,0,-1
1775117594085727,0,0,-1
1775117594105726,0,0,-1
1775117594125728,0,0,-1
1775117594145727,0,0,-1
1775117594165728,0,0,-1
1775117594185725,0,0,-1
1775117594205728,0,0,-1
1775117594225728,0,0,-1
1775117594245828,0,0,-1
1775117594265730,0,0,-1
1775117594285727,0,0,-1
1775117594305765,0,0,-1
1775117594325726,0,0,-1
1775117594345726,0,0,-1
1775117594365749,0,0,-1
1775117594385725,0,0,-1
1775117594405726,0,0,-1
1775117594425758,0,0,-1
1775117594445726,0,0,-1
1775117594465759,0,0,-1
1775117594485730,0,0,-1
1775117594505730,0,0,-1
1775117594525729,0,0,-1
1775117594545729,0,0,-1
1775117594565728,0,0,-1
1775117594585730,0,0,-1
1775117594605734,0,0,-1
1775117594625731,0,0,-1
1775117594645728,0,0,-1
1775117594665795,0,0,-1
1775117594685731,0,0,-1
1775117594705729,0,0,-1
1775117594725727,0,0,-1
1775117594745724,0,0,-1
1775117594765726,0,0,-1
1775117594785732,0,0,-1
1775117594805731,0,0,-1
1775117594825732,0,0,-1
1775117594845736,0,0,-1
1775117594865730,0,0,-1
1775117594885760,0,0,-1
1775117594905727,0,0,-1
1775117594925730,0,0,-1
1775117594945729,0,0,-1
1775117594965748,0,0,-1
1775117594985726,0,0,-1
1775117595005725,0,0,-1
1775117595025730,0,0,-1
1775117595045728,0,0,-1
1775117595065729,0,0,-1
1775117595085729,0,0,-1
1775117595105748,0,0,-1
1775117595125726,0,0,-1
1775117595145726,0,0,-1
1775117595165731,0,0,-1
1775117595185727,0,0,-1
1775117595205726,0,0,-1
1775117595225727,0,0,-1
1775117595245753,0,0,-1
1775117595265755,0,0,-1
1775117595285751,0,0,-1
1775117595305727,0,0,-1
1775117595325726,0,0,-1
1775117595345748,0,0,-1
1775117595365743,0,0,-1
1775117595385727,0,0,-1
1775117595405728,0,0,-1
1775117595425728,0,0,-1
1775117595445727,0,0,-1
1775117595465729,0,0,-1
1775117595485735,0,0,-1
1775117595505729,0,0,-1
1775117595525727,0,0,-1
1775117595545725,0,0,-1
1775117595565727,0,0,-1
1775117595585728,0,0,-1
1775117595605729,0,0,-1
1775117595625729,0,0,-1
1775117595645728,0,0,-1
1775117595665690,0,0,-1
1775117595685730,0,0,-1
1775117595705726,0,0,-1
1775117595725727,0,0,-1
1775117595745728,0,0,-1
1775117595765727,0,0,-1
1775117595785731,0,0,-1
1775117595805727,0,0,-1
1775117595825726,0,0,-1
1775117595845729,0,0,-1
1775117595865735,0,0,-1
1775117595885729,0,0,-1
1775117595905727,0,0,-1
1775117595925729,0,0,-1
1775117595945727,0,0,-1
1775117595965733,0,0,-1
1775117595985726,0,0,-1
1775117596005729,0,0,-1
1775117596025730,0,0,-1
1775117596045728,0,0,-1
1775117596065727,0,0,-1
1775117596085727,0,0,-1
1775117596105707,0,0,-1
1775117596125727,0,0,-1
1775117596145727,0,0,-1
1775117596165729,0,0,-1
1775117596185759,0,0,-1
1775117596205727,0,0,-1
1775117596225727,0,0,-1
1775117596245727,0,0,-1
1775117596265729,0,0,-1
1775117596285727,0,0,-1
1775117596305729,0,0,-1
1775117596325730,0,0,-1
1775117596345729,0,0,-1
1775117596365727,0,0,-1
1775117596385727,0,0,-1
1775117596405727,0,0,-1
1775117596425727,0,0,-1
1775117596445726,0,0,-1
1775117596465732,0,0,-1
1775117596485727,0,0,-1
1775117596505731,0,0,-1
1775117596525730,0,0,-1
1775117596545730,0,0,-1
1775117596565727,0,0,-1
1775117596585728,0,0,-1
1775117596605727,0,0,-1
1775117596625732,0,0,-1
1775117596645733,0,0,-1
1775117596665727,0,0,-1
1775117596685727,0,0,-1
1775117596705727,0,0,-1
1775117596725732,0,0,-1
1775117596745726,0,0,-1
1775117596765727,0,0,-1
1775117596785728,0,0,-1
1775117596805741,0,0,-1
1775117596825728,0,0,-1
1775117596845725,0,0,-1
1775117596865728,0,0,-1
1775117596885727,0,0,-1
1775117596905727,0,0,-1
1775117596925729,0,0,-1
1775117596945729,0,0,-1
1775117596965728,0,0,-1
1775117596985728,0,0,-1
1775117597005730,0,0,-1
1775117597025727,0,0,-1
1775117597045729,0,0,-1
1775117597065728,0,0,-1
1775117597085730,0,0,-1
1775117597105728,0,0,-1
1775117597125731,0,0,-1
1775117597145729,0,0,-1
1775117597165729,0,0,-1
1775117597185728,0,0,-1
1775117597205733,0,0,-1
1775117597225729,0,0,-1
1775117597245728,0,0,-1
1775117597265729,0,0,-1
1775117597285728,0,0,-1
1775117597305728,0,0,-1
1775117597325726,0,0,-1
1775117597345732,0,0,-1
1775117597365727,0,0,-1
1775117597385726,0,0,-1
1775117597405726,0,0,-1
1775117597425732,0,0,-1
1775117597445728,0,0,-1
1775117597465728,0,0,-1
1775117597485727,0,0,-1
1775117597505727,0,0,-1
1775117597525729,0,0,-1
1775117597545727,0,0,-1
1775117597565731,0,0,-1
1775117597585727,0,0,-1
1775117597605727,0,0,-1
1775117597625731,0,0,-1
1775117597645733,0,0,-1
1775117597665729,0,0,-1
1775117597685727,0,0,-1
1775117597705729,0,0,-1
1775117597725729,0,0,-1
1775117597745726,0,0,-1
1775117597765732,0,0,-1
1775117597785730,0,0,-1
1775117597805727,0,0,-1
1775117597825729,0,0,-1
1775117597845729,0,0,-1
1775117597865729,0,0,-1
1775117597885760,0,0,-1
1775117597905730,0,0,-1
1775117597925732,0,0,-1
1775117597945728,0,0,-1
1775117597965735,0,0,-1
1775117597985731,0,0,-1
1775117598005739,0,0,-1
1775117598025730,0,0,-1
1775117598045738,0,0,-1
1775117598065731,0,0,-1
1775117598085742,0,0,-1
1775117598105729,0,0,-1
1775117598125736,0,0,-1
1775117598145727,0,0,-1
1775117598165861,0,0,-1
1775117598185758,0,0,-1
1775117598205726,0,0,-1
1775117598225728,0,0,-1
1775117598245730,0,0,-1
1775117598265727,0,0,-1
1775117598285727,0,0,-1
1775117598305728,0,0,-1
1775117598325730,0,0,-1
1775117598345729,0,0,-1
1775117598365730,0,0,-1
1775117598385728,0,0,-1
1775117598405727,0,0,-1
1775117598425728,0,0,-1
1775117598445727,0,0,-1
1775117598465828,0,0,-1
1775117598485738,0,0,-1
1775117598505731,0,0,-1
1775117598525736,0,0,-1
1775117598545732,0,0,-1
1775117598565736,0,0,-1
1775117598585731,0,0,-1
1775117598605728,0,0,-1
1775117598625733,0,0,-1
1775117598645733,0,0,-1
1775117598665729,0,0,-1
1775117598685728,0,0,-1
1775117598705727,0,0,-1
1775117598725725,0,0,-1
1775117598745727,0,0,-1
1775117598765728,0,0,-1
1775117598785728,0,0,-1
1775117598805726,0,0,-1
1775117598825725,0,0,-1
1775117598845730,0,0,-1
1775117598865727,0,0,-1
1775117598885740,0,0,-1
1775117598905730,0,0,-1
1775117598925731,0,0,-1
1775117598945731,0,0,-1
1775117598965733,0,0,-1
1775117598985731,0,0,-1
1775117599005730,0,0,-1
1775117599025731,0,0,-1
1775117599045733,0,0,-1
1775117599065731,0,0,-1
1775117599085741,0,0,-1
1775117599105729,0,0,-1
1775117599125727,0,0,-1
1775117599145727,0,0,-1
1775117599165737,0,0,-1
1775117599185728,0,0,-1
1775117599205734,0,0,-1
1775117599225727,0,0,-1
1775117599245730,0,0,-1
1775117599265730,0,0,-1
1775117599285734,0,0,-1
1775117599305730,0,0,-1
1775117599325729,0,0,-1
1775117599345737,0,0,-1
1775117599365737,0,0,-1
1775117599385731,0,0,-1
1775117599405739,0,0,-1
1775117599425729,0,0,-1
1775117599445733,0,0,-1
1775117599465740,0,0,-1
1775117599485738,0,0,-1
1775117599505734,0,0,-1
1775117599525740,0,0,-1
1775117599545726,0,0,-1
1775117599565733,0,0,-1
1775117599585731,0,0,-1
1775117599605733,0,0,-1
1775117599625727,0,0,-1
1775117599645735,0,0,-1
1775117599665726,0,0,-1
1775117599685726,0,0,-1
1775117599705724,0,0,-1
1775117599725726,0,0,-1
1775117599745728,0,0,-1
1775117599765731,0,0,-1
1775117599785726,0,0,-1
1775117599805732,0,0,-1
1775117599825732,0,0,-1
1775117599845730,0,0,-1
1775117599865729,0,0,-1
1775117599885728,0,0,-1
1775117599905727,0,0,-1
1775117599925729,0,0,-1
1775117599945727,0,0,-1
1775117599965732,0,0,-1
1775117599985729,0,0,-1
1775117600005730,0,0,-1
1775117600025730,0,0,-1
1775117600045727,0,0,-1
1775117600065732,0,0,-1
1775117600085743,0,0,-1
1775117600105736,0,0,-1
1775117600125735,0,0,-1
1775117600145736,0,0,-1
1775117600165733,0,0,-1
1775117600185734,0,0,-1
1775117600205735,0,0,-1
1775117600225734,0,0,-1
1775117600245733,0,0,-1
1775117600265731,0,0,-1
1775117600285737,0,0,-1
1775117600305734,0,0,-1
1775117600325730,0,0,-1
1775117600345737,0,0,-1
1775117600365731,0,0,-1
1775117600385729,0,0,-1
1775117600405725,0,0,-1
1775117600425730,0,0,-1
1775117600445760,0,0,-1
1775117600465734,0,0,-1
1775117600485807,0,0,-1
1775117600505731,0,0,-1
1775117600525729,0,0,-1
1775117600545728,0,0,-1
1775117600565732,0,0,-1
1775117600585728,0,0,-1
1775117600605773,0,0,-1
1775117600625752,0,0,-1
1775117600645728,0,0,-1
1775117600665731,0,0,-1
1775117600685727,0,0,-1
1775117600705726,0,0,-1
1775117600725726,0,0,-1
1775117600745727,0,0,-1
1775117600765732,0,0,-1
1775117600785731,0,0,-1
1775117600805728,0,0,-1
1775117600825729,0,0,-1
1775117600845730,0,0,-1
1775117600865796,0,0,-1
1775117600885799,0,0,-1
1775117600905732,0,0,-1
1775117600925732,0,0,-1
1775117600945730,0,0,-1
1775117600965733,0,0,-1
1775117600985734,0,0,-1
1775117601005738,0,0,-1
1775117601025730,0,0,-1
1775117601045732,0,0,-1
1775117601065731,0,0,-1
1775117601085730,0,0,-1
1775117601105729,0,0,-1
1775117601125742,0,0,-1
1775117601145731,0,0,-1
1775117601165735,0,0,-1
1775117601185733,0,0,-1
1775117601205731,0,0,-1
1775117601225732,0,0,-1
1775117601245730,0,0,-1
1775117601265728,0,0,-1
1775117601285731,0,0,-1
1775117601305731,0,0,-1
1775117601325730,0,0,-1
1775117601345728,0,0,-1
1775117601365729,0,0,-1
1775117601385736,0,0,-1
1775117601405734,0,0,-1
1775117601425729,0,0,-1
1775117601445731,0,0,-1
1775117601465750,0,0,-1
1775117601485733,0,0,-1
1775117601505735,0,0,-1
1775117601525732,0,0,-1
1775117601545732,0,0,-1
1775117601565736,0,0,-1
1775117601585714,0,0,-1
1775117601605730,0,0,-1
1775117601625732,0,0,-1
1775117601645728,0,0,-1
1775117601665731,0,0,-1
1775117601685728,0,0,-1
1775117601705729,0,0,-1
1775117601725730,0,0,-1
1775117601745728,0,0,-1
1775117601765733,0,0,-1
1775117601785730,0,0,-1
1775117601805733,0,0,-1
1775117601825741,0,0,-1
1775117601845731,0,0,-1
1775117601865730,0,0,-1
1775117601885739,0,0,-1
1775117601905734,0,0,-1
1775117601925734,0,0,-1
1775117601945733,0,0,-1
1775117601965732,0,0,-1
1775117601985732,0,0,-1
1775117602005732,0,0,-1
1775117602025732,0,0,-1
1775117602045731,0,0,-1
1775117602065733,0,0,-1
1775117602085736,0,0,-1
1775117602105740,0,0,-1
1775117602125734,0,0,-1
1775117602145732,0,0,-1
1775117602165732,0,0,-1
1775117602185732,0,0,-1
1775117602205734,0,0,-1
1775117602225732,0,0,-1
1775117602245732,0,0,-1
1775117602265793,0,0,-1
1775117602285735,0,0,-1
1775117602305735,0,0,-1
1775117602325734,0,0,-1
1775117602345733,0,0,-1
1775117602365697,0,0,-1
1775117602385732,0,0,-1
1775117602405731,0,0,-1
1775117602425731,0,0,-1
1775117602445734,0,0,-1
1775117602465730,0,0,-1
1775117602485736,0,0,-1
1775117602505736,0,0,-1
1775117602525791,0,0,-1
1775117602545732,0,0,-1
1775117602565739,0,0,-1
1775117602585747,0,0,-1
1775117602605732,0,0,-1
1775117602625736,0,0,-1
1775117602645731,0,0,-1
1775117602665732,0,0,-1
1775117602685734,0,0,-1
1775117602705735,0,0,-1
1775117602725733,0,0,-1
1775117602745732,0,0,-1
1775117602765733,0,0,-1
1775117602785733,0,0,-1
1775117602805732,0,0,-1
1775117602825731,0,0,-1
1775117602845730,0,0,-1
1775117602865740,0,0,-1
1775117602885730,0,0,-1
1775117602905734,0,0,-1
1775117602925730,0,0,-1
1775117602945731,0,0,-1
1775117602965730,0,0,-1
1775117602985729,0,0,-1
1775117603005738,0,0,-1
1775117603025731,0,0,-1
1775117603045733,0,0,-1
1775117603065734,0,0,-1
1775117603085733,0,0,-1
1775117603105736,0,0,-1
1775117603125731,0,0,-1
1775117603145732,0,0,-1
1775117603165775,0,0,-1
1775117603185742,0,0,-1
1775117603205735,0,0,-1
1775117603225729,0,0,-1
1775117603245732,0,0,-1
1775117603265730,0,0,-1
1775117603285739,0,0,-1
1775117603305731,0,0,-1
1775117603325733,0,0,-1
1775117603345731,0,0,-1
1775117603365757,0,0,-1
1775117603385801,0,0,-1
1775117603405733,0,0,-1
1775117603425720,0,0,-1
1775117603445733,0,0,-1
1775117603465733,0,0,-1
1775117603485731,0,0,-1
1775117603505737,0,0,-1
1775117603525728,0,0,-1
1775117603545727,0,0,-1
1775117603565729,0,0,-1
1775117603585730,0,0,-1
1775117603605727,0,0,-1
1775117603625726,0,0,-1
1775117603645752,0,0,-1
1775117603665733,0,0,-1
1775117603685740,0,0,-1
1775117603705734,0,0,-1
1775117603725728,0,0,-1
1775117603745730,0,0,-1
1775117603765729,0,0,-1
1775117603785726,0,0,-1
1775117603805742,0,0,-1
1775117603825728,0,0,-1
1775117603845730,0,0,-1
1775117603865732,0,0,-1
1775117603885729,0,0,-1
1775117603905741,0,0,-1
1775117603925736,0,0,-1
1775117603945733,0,0,-1
1775117603965739,0,0,-1
1775117603985734,0,0,-1
1775117604005733,0,0,-1
1775117604025728,0,0,-1
1775117604045727,0,0,-1
1775117604065730,0,0,-1
1775117604085730,0,0,-1
1775117604105726,0,0,-1
1775117604125728,0,0,-1
1775117604145753,0,0,-1
1775117604165731,0,0,-1
1775117604185727,0,0,-1
1775117604205725,0,0,-1
1775117604225735,0,0,-1
1775117604245727,0,0,-1
1775117604265729,0,0,-1
1775117604285732,0,0,-1
1775117604305728,0,0,-1
1775117604325725,0,0,-1
1775117604345733,0,0,-1
1775117604365725,0,0,-1
1775117604385823,0,0,-1
1775117604405727,0,0,-1
1775117604425728,0,0,-1
1775117604445726,0,0,-1
1775117604465732,0,0,-1
1775117604485725,0,0,-1
1775117604505724,0,0,-1
1775117604525745,0,0,-1
1775117604545726,0,0,-1
1775117604565729,0,0,-1
1775117604585730,0,0,-1
1775117604605727,0,0,-1
1775117604625725,0,0,-1
1775117604645727,0,0,-1
1775117604665729,0,0,-1
1775117604685732,0,0,-1
1775117604705727,0,0,-1
1775117604725728,0,0,-1
1775117604745727,0,0,-1
1775117604765725,0,0,-1
1775117604785728,0,0,-1
1775117604805726,0,0,-1
1775117604825726,0,0,-1
1775117604845728,0,0,-1
1775117604865729,0,0,-1
1775117604885726,0,0,-1
1775117604905726,0,0,-1
1775117604925727,0,0,-1
1775117604945756,0,0,-1
1775117604965734,0,0,-1
1775117604985730,0,0,-1
1775117605005729,0,0,-1
1775117605025753,0,0,-1
1775117605045747,0,0,-1
1775117605065744,0,0,-1
1775117605085730,0,0,-1
1775117605105726,0,0,-1
1775117605125725,0,0,-1
1775117605145727,0,0,-1
1775117605165727,0,0,-1
1775117605185729,0,0,-1
1775117605205726,0,0,-1
1775117605225725,0,0,-1
1775117605245726,0,0,-1
1775117605265727,0,0,-1
1775117605285747,0,0,-1
1775117605305725,0,0,-1
1775117605325727,0,0,-1
1775117605345725,0,0,-1
1775117605365725,0,0,-1
1775117605385724,0,0,-1
1775117605405729,0,0,-1
1775117605425728,0,0,-1
1775117605445726,0,0,-1
1775117605465727,0,0,-1
1775117605485734,0,0,-1
1775117605505753,0,0,-1
1775117605525744,0,0,-1
1775117605545724,0,0,-1
1775117605565724,0,0,-1
1775117605585733,0,0,-1
1775117605605737,0,0,-1
1775117605625728,0,0,-1
1775117605645724,0,0,-1
1775117605665726,0,0,-1
1775117605685730,0,0,-1
1775117605705732,0,0,-1
1775117605725729,0,0,-1
1775117605745729,0,0,-1
1775117605765728,0,0,-1
1775117605785731,0,0,-1
1775117605805727,0,0,-1
1775117605825726,0,0,-1
1775117605845727,0,0,-1
1775117605865725,0,0,-1
1775117605885760,0,0,-1
1775117605905725,0,0,-1
1775117605925744,0,0,-1
1775117605945724,0,0,-1
1775117605965731,0,0,-1
1775117605985753,0,0,-1
1775117606005728,0,0,-1
1775117606025725,0,0,-1
1775117606045724,0,0,-1
1775117606065726,0,0,-1
1775117606085724,0,0,-1
1775117606105724,0,0,-1
1775117606125728,0,0,-1
1775117606145727,0,0,-1
1775117606165727,0,0,-1
1775117606185724,0,0,-1
1775117606205725,0,0,-1
1775117606225726,0,0,-1
1775117606245731,0,0,-1
1775117606265728,0,0,-1
1775117606285726,0,0,-1
1775117606305726,0,0,-1
1775117606325724,0,0,-1
1775117606345724,0,0,-1
1775117606365724,0,0,-1
1775117606385726,0,0,-1
1775117606405726,0,0,-1
1775117606425727,0,0,-1
1775117606445746,0,0,-1
1775117606465724,0,0,-1
1775117606485724,0,0,-1
1775117606505724,0,0,-1
1775117606525743,0,0,-1
1775117606545724,0,0,-1
1775117606565732,0,0,-1
1775117606585728,0,0,-1
1775117606605730,0,0,-1
1775117606625728,0,0,-1
1775117606645731,0,0,-1
1775117606665725,0,0,-1
1775117606685748,0,0,-1
1775117606705728,0,0,-1
1775117606725725,0,0,-1
1775117606745726,0,0,-1
1775117606765729,0,0,-1
1775117606785728,0,0,-1
1775117606805726,0,0,-1
1775117606825724,0,0,-1
1775117606845724,0,0,-1
1775117606865725,0,0,-1
1775117606885724,0,0,-1
1775117606905743,0,0,-1
1775117606925724,0,0,-1
1775117606945723,0,0,-1
1775117606965724,0,0,-1
1775117606985732,0,0,-1
1775117607005728,0,0,-1
1775117607025728,0,0,-1
1775117607045728,0,0,-1
1775117607065750,0,0,-1
1775117607085726,0,0,-1
1775117607105725,0,0,-1
1775117607125724,0,0,-1
1775117607145724,0,0,-1
1775117607165724,0,0,-1
1775117607185724,0,0,-1
1775117607205744,0,0,-1
1775117607225724,0,0,-1
1775117607245724,0,0,-1
1775117607265746,0,0,-1
1775117607285724,0,0,-1
1775117607305726,0,0,-1
1775117607325726,0,0,-1
1775117607345726,0,0,-1
1775117607365725,0,0,-1
1775117607385725,0,0,-1
1775117607405747,0,0,-1
1775117607425751,0,0,-1
1775117607445725,0,0,-1
1775117607465727,0,0,-1
1775117607485725,0,0,-1
1775117607505759,0,0,-1
1775117607525726,0,0,-1
1775117607545726,0,0,-1
1775117607565725,0,0,-1
1775117607585725,0,0,-1
1775117607605726,0,0,-1
1775117607625799,0,0,-1
1775117607645733,0,0,-1
1775117607665730,0,0,-1
1775117607685729,0,0,-1
1775117607705683,0,0,-1
1775117607725727,0,0,-1
1775117607745755,0,0,-1
1775117607765729,0,0,-1
1775117607785728,0,0,-1
1775117607805727,0,0,-1
1775117607825731,0,0,-1
1775117607845728,0,0,-1
1775117607865728,0,0,-1
1775117607885727,0,0,-1
1775117607905726,0,0,-1
1775117607925727,0,0,-1
1775117607945727,0,0,-1
1775117607965730,0,0,-1
1775117607985729,0,0,-1
1775117608005726,0,0,-1
1775117608025725,0,0,-1
1775117608045725,0,0,-1
1775117608065725,0,0,-1
1775117608085725,0,0,-1
1775117608105726,0,0,-1
1775117608125725,0,0,-1
1775117608145725,0,0,-1
1775117608165725,0,0,-1
1775117608185724,0,0,-1
1775117608205725,0,0,-1
1775117608225725,0,0,-1
1775117608245725,0,0,-1
1775117608265724,0,0,-1
1775117608285725,0,0,-1
1775117608305725,0,0,-1
1775117608325725,0,0,-1
1775117608345730,0,0,-1
1775117608365727,0,0,-1
1775117608385726,0,0,-1
1775117608405729,0,0,-1
1775117608425729,0,0,-1
1775117608445730,0,0,-1
1775117608465728,0,0,-1
1775117608485726,0,0,-1
1775117608505725,0,0,-1
1775117608525725,0,0,-1
1775117608545725,0,0,-1
1775117608565725,0,0,-1
1775117608585726,0,0,-1
1775117608605726,0,0,-1
1775117608625724,0,0,-1
1775117608645724,0,0,-1
1775117608665725,0,0,-1
1775117608685725,0,0,-1
1775117608705725,0,0,-1
1775117608725744,0,0,-1
1775117608745743,0,0,-1
1775117608765742,0,0,-1
1775117608785724,0,0,-1
1775117608805723,0,0,-1
1775117608825743,0,0,-1
1775117608845723,0,0,-1
1775117608865698,0,0,-1
1775117608885725,0,0,-1
1775117608905726,0,0,-1
1775117608925726,0,0,-1
1775117608945726,0,0,-1
1775117608965725,0,0,-1
1775117608985725,0,0,-1
1775117609005725,0,0,-1
1775117609025725,0,0,-1
1775117609045726,0,0,-1
1775117609065727,0,0,-1
1775117609085745,0,0,-1
1775117609105724,0,0,-1
1775117609125744,0,0,-1
1775117609145725,0,0,-1
1775117609165725,0,0,-1
1775117609185724,0,0,-1
1775117609205725,0,0,-1
1775117609225726,0,0,-1
1775117609245725,0,0,-1
1775117609265728,0,0,-1
1775117609285726,0,0,-1
1775117609305730,0,0,-1
1775117609325726,0,0,-1
1775117609345726,0,0,-1
1775117609365726,0,0,-1
1775117609385730,0,0,-1
1775117609405728,0,0,-1
1775117609425725,0,0,-1
1775117609445724,0,0,-1
1775117609465729,0,0,-1
1775117609485726,0,0,-1
1775117609505726,0,0,-1
1775117609525726,0,0,-1
1775117609545726,0,0,-1
1775117609565726,0,0,-1
1775117609585729,0,0,-1
1775117609605726,0,0,-1
1775117609625725,0,0,-1
1775117609645725,0,0,-1
1775117609665728,0,0,-1
1775117609685725,0,0,-1
1775117609705724,0,0,-1
1775117609725724,0,0,-1
1775117609745723,0,0,-1
1775117609765734,0,0,-1
1775117609785725,0,0,-1
1775117609805724,0,0,-1
1775117609825734,0,0,-1
1775117609845724,0,0,-1
1775117609865724,0,0,-1
1775117609885726,0,0,-1
1775117609905724,0,0,-1
1775117609925724,0,0,-1
1775117609945726,0,0,-1
1775117609965731,0,0,-1
1775117609985726,0,0,-1
1775117610005734,0,0,-1
1775117610025727,0,0,-1
1775117610045727,0,0,-1
1775117610065725,0,0,-1
1775117610085724,0,0,-1
1775117610105724,0,0,-1
1775117610125724,0,0,-1
1775117610145726,0,0,-1
1775117610165724,0,0,-1
1775117610185724,0,0,-1
1775117610205723,0,0,-1
1775117610225745,0,0,-1
1775117610245743,0,0,-1
1775117610265723,0,0,-1
1775117610285724,0,0,-1
1775117610305723,0,0,-1
1775117610325723,0,0,-1
1775117610345726,0,0,-1
1775117610365725,0,0,-1
1775117610385724,0,0,-1
1775117610405725,0,0,-1
1775117610425726,0,0,-1
1775117610445726,0,0,-1
1775117610465726,0,0,-1
1775117610485726,0,0,-1
1775117610505727,0,0,-1
1775117610525726,0,0,-1
1775117610545726,0,0,-1
1775117610565725,0,0,-1
1775117610585727,0,0,-1
1775117610605728,0,0,-1
1775117610625729,0,0,-1
1775117610645726,0,0,-1
1775117610665725,0,0,-1
1775117610685725,0,0,-1
1775117610705726,0,0,-1
1775117610725726,0,0,-1
1775117610745725,0,0,-1
1775117610765725,0,0,-1
1775117610785749,0,0,-1
1775117610805726,0,0,-1
1775117610825725,0,0,-1
1775117610845725,0,0,-1
1775117610865724,0,0,-1
1775117610885724,0,0,-1
1775117610905724,0,0,-1
1775117610925724,0,0,-1
1775117610945723,0,0,-1
1775117610965724,0,0,-1
1775117610985723,0,0,-1
1775117611005724,0,0,-1
1775117611025723,0,0,-1
1775117611045724,0,0,-1
1775117611065724,0,0,-1
1775117611085724,0,0,-1
1775117611105725,0,0,-1
1775117611125726,0,0,-1
1775117611145725,0,0,-1
1775117611165725,0,0,-1
1775117611185725,0,0,-1
1775117611205725,0,0,-1
1775117611225724,0,0,-1
1775117611245724,0,0,-1
1775117611265744,0,0,-1
1775117611285724,0,0,-1
1775117611305724,0,0,-1
1775117611325724,0,0,-1
1775117611345747,0,0,-1
1775117611365684,0,0,-1
1775117611385728,0,0,-1
1775117611405728,0,0,-1
1775117611425727,0,0,-1
1775117611445728,0,0,-1
1775117611465729,0,0,-1
1775117611485728,0,0,-1
1775117611505728,0,0,-1
1775117611525765,0,0,-1
1775117611545727,0,0,-1
1775117611565725,0,0,-1
1775117611585724,0,0,-1
1775117611605723,0,0,-1
1775117611625744,0,0,-1
1775117611645725,0,0,-1
1775117611665725,0,0,-1
1775117611685725,0,0,-1
1775117611705724,0,0,-1
1775117611725725,0,0,-1
1775117611745726,0,0,-1
1775117611765749,0,0,-1
1775117611785724,0,0,-1
1775117611805724,0,0,-1
1775117611825725,0,0,-1
1775117611845725,0,0,-1
1775117611865725,0,0,-1
1775117611885725,0,0,-1
1775117611905724,0,0,-1
1775117611925724,0,0,-1
1775117611945724,0,0,-1
1775117611965724,0,0,-1
1775117611985724,0,0,-1
1775117612005726,0,0,-1
1775117612025726,0,0,-1
1775117612045726,0,0,-1
1775117612065737,0,0,-1
1775117612085725,0,0,-1
1775117612105724,0,0,-1
1775117612125725,0,0,-1
1775117612145725,0,0,-1
1775117612165725,0,0,-1
1775117612185725,0,0,-1
1775117612205745,0,0,-1
1775117612225724,0,0,-1
1775117612245737,0,0,-1
1775117612265737,0,0,-1
1775117612285726,0,0,-1
1775117612305726,0,0,-1
1775117612325752,0,0,-1
1775117612345725,0,0,-1
1775117612365726,0,0,-1
1775117612385725,0,0,-1
1775117612405726,0,0,-1
1775117612425725,0,0,-1
1775117612445726,0,0,-1
1775117612465726,0,0,-1
1775117612485725,0,0,-1
1775117612505726,0,0,-1
1775117612525725,0,0,-1
1775117612545725,0,0,-1
1775117612565726,0,0,-1
1775117612585727,0,0,-1
1775117612605729,0,0,-1
1775117612625728,0,0,-1
1775117612645727,0,0,-1
1775117612665728,0,0,-1
1775117612685728,0,0,-1
1775117612705728,0,0,-1
1775117612725728,0,0,-1
1775117612745728,0,0,-1
1775117612765728,0,0,-1
1775117612785728,0,0,-1
1775117612805727,0,0,-1
1775117612825728,0,0,-1
1775117612845728,0,0,-1
1775117612865731,0,0,-1
1775117612885728,0,0,-1
1775117612905728,0,0,-1
1775117612925728,0,0,-1
1775117612945729,0,0,-1
1775117612965728,0,0,-1
1775117612985728,0,0,-1
1775117613005729,0,0,-1
1775117613025728,0,0,-1
1775117613045728,0,0,-1
1775117613065729,0,0,-1
1775117613085730,0,0,-1
1775117613105729,0,0,-1
1775117613125728,0,0,-1
1775117613145727,0,0,-1
1775117613165728,0,0,-1
1775117613185727,0,0,-1
1775117613205727,0,0,-1
1775117613225728,0,0,-1
1775117613245727,0,0,-1
1775117613265728,0,0,-1
1775117613285727,0,0,-1
1775117613305728,0,0,-1
1775117613325727,0,0,-1
1775117613345728,0,0,-1
1775117613365728,0,0,-1
1775117613385727,0,0,-1
1775117613405727,0,0,-1
1775117613425727,0,0,-1
1775117613445727,0,0,-1
1775117613465729,0,0,-1
1775117613485728,0,0,-1
1775117613505728,0,0,-1
1775117613525728,0,0,-1
1775117613545729,0,0,-1
1775117613565728,0,0,-1
1775117613585730,0,0,-1
1775117613605729,0,0,-1
1775117613625728,0,0,-1
1775117613645728,0,0,-1
1775117613665727,0,0,-1
1775117613685728,0,0,-1
1775117613705730,0,0,-1
1775117613725726,0,0,-1
1775117613745695,0,0,-1
1775117613765724,0,0,-1
1775117613785726,0,0,-1
1775117613805750,0,0,-1
1775117613825746,0,0,-1
1775117613845725,0,0,-1
1775117613865726,0,0,-1
1775117613885730,0,0,-1
1775117613905727,0,0,-1
1775117613925727,0,0,-1
1775117613945726,0,0,-1
1775117613965726,0,0,-1
1775117613985751,0,0,-1
1775117614005726,0,0,-1
1775117614025726,0,0,-1
1775117614045725,0,0,-1
1775117614065726,0,0,-1
1775117614085727,0,0,-1
1775117614105727,0,0,-1
1775117614125727,0,0,-1
1775117614145729,0,0,-1
1775117614165835,0,0,-1
1775117614185828,0,0,-1
1775117614205751,0,0,-1
1775117614225725,0,0,-1
1775117614245725,0,0,-1
1775117614265725,0,0,-1
1775117614285728,0,0,-1
1775117614305729,0,0,-1
1775117614325838,0,0,-1
1775117614345855,0,0,-1
1775117614365728,0,0,-1
1775117614385726,0,0,-1
1775117614405725,0,0,-1
1775117614425725,0,0,-1
1775117614445725,0,0,-1
1775117614465725,0,0,-1
1775117614485726,0,0,-1
1775117614505726,0,0,-1
1775117614525727,0,0,-1
1775117614545727,0,0,-1
1775117614565726,0,0,-1
1775117614585760,0,0,-1
1775117614605727,0,0,-1
1775117614625725,0,0,-1
1775117614645726,0,0,-1
1775117614665725,0,0,-1
1775117614685726,0,0,-1
1775117614705724,0,0,-1
1775117614725742,0,0,-1
1775117614745726,0,0,-1
1775117614765728,0,0,-1
1775117614785726,0,0,-1
1775117614805727,0,0,-1
1775117614825725,0,0,-1
1775117614845749,0,0,-1
1775117614865725,0,0,-1
1775117614885726,0,0,-1
1775117614905726,0,0,-1
1775117614925725,0,0,-1
1775117614945725,0,0,-1
1775117614965725,0,0,-1
1775117614985725,0,0,-1
1775117615005726,0,0,-1
1775117615025726,0,0,-1
1775117615045725,0,0,-1
1775117615065725,0,0,-1
1775117615085729,0,0,-1
1775117615105729,0,0,-1
1775117615125729,0,0,-1
1775117615145729,0,0,-1
1775117615165726,0,0,-1
1775117615185725,0,0,-1
1775117615205743,0,0,-1
1775117615225724,0,0,-1
1775117615245744,0,0,-1
1775117615265724,0,0,-1
1775117615285725,0,0,-1
1775117615305748,0,0,-1
1775117615325724,0,0,-1
1775117615345724,0,0,-1
1775117615365729,0,0,-1
1775117615385747,0,0,-1
1775117615405724,0,0,-1
1775117615425744,0,0,-1
1775117615445724,0,0,-1
1775117615465723,0,0,-1
1775117615485729,0,0,-1
1775117615505736,0,0,-1
1775117615525753,0,0,-1
1775117615545725,0,0,-1
1775117615565728,0,0,-1
1775117615585728,0,0,-1
1775117615605728,0,0,-1
1775117615625728,0,0,-1
1775117615645727,0,0,-1
1775117615665727,0,0,-1
1775117615685728,0,0,-1
1775117615705727,0,0,-1
1775117615725816,0,0,-1
1775117615745729,0,0,-1
1775117615765728,0,0,-1
1775117615785726,0,0,-1
1775117615805752,0,0,-1
1775117615825725,0,0,-1
1775117615845725,0,0,-1
1775117615865728,0,0,-1
1775117615885729,0,0,-1
1775117615905730,0,0,-1
1775117615925732,0,0,-1
1775117615945731,0,0,-1
1775117615965740,0,0,-1
1775117615985726,0,0,-1
1775117616005753,0,0,-1
1775117616025727,0,0,-1
1775117616045740,0,0,-1
1775117616065729,0,0,-1
1775117616085732,0,0,-1
1775117616105729,0,0,-1
1775117616125729,0,0,-1
1775117616145726,0,0,-1
1775117616165724,0,0,-1
1775117616185724,0,0,-1
1775117616205723,0,0,-1
1775117616225750,0,0,-1
1775117616245748,0,0,-1
1775117616265724,0,0,-1
1775117616285750,0,0,-1
1775117616305727,0,0,-1
1775117616325729,0,0,-1
1775117616345727,0,0,-1
1775117616365728,0,0,-1
1775117616385726,0,0,-1
1775117616405727,0,0,-1
1775117616425725,0,0,-1
1775117616445725,0,0,-1
1775117616465725,0,0,-1
1775117616485725,0,0,-1
1775117616505751,0,0,-1
1775117616525745,0,0,-1
1775117616545730,0,0,-1
1775117616565729,0,0,-1
1775117616585729,0,0,-1
1775117616605728,0,0,-1
1775117616625726,0,0,-1
1775117616645726,0,0,-1
1775117616665728,0,0,-1
1775117616685757,0,0,-1
1775117616705727,0,0,-1
1775117616725727,0,0,-1
1775117616745725,0,0,-1
1775117616765725,0,0,-1
1775117616785725,0,0,-1
1775117616805728,0,0,-1
1775117616825730,0,0,-1
1775117616845730,0,0,-1
1775117616865728,0,0,-1
1775117616885727,0,0,-1
1775117616905728,0,0,-1
1775117616925729,0,0,-1
1775117616945727,0,0,-1
1775117616965727,0,0,-1
1775117616985727,0,0,-1
1775117617005727,0,0,-1
1775117617025727,0,0,-1
1775117617045727,0,0,-1
1775117617065726,0,0,-1
1775117617085727,0,0,-1
1775117617105727,0,0,-1
1775117617125728,0,0,-1
1775117617145727,0,0,-1
1775117617165725,0,0,-1
1775117617185726,0,0,-1
1775117617205726,0,0,-1
1775117617225727,0,0,-1
1775117617245727,0,0,-1
1775117617265727,0,0,-1
1775117617285729,0,0,-1
1775117617305726,0,0,-1
1775117617325728,0,0,-1
1775117617345727,0,0,-1
1775117617365727,0,0,-1
1775117617385727,0,0,-1
1775117617405726,0,0,-1
1775117617425726,0,0,-1
1775117617445726,0,0,-1
1775117617465727,0,0,-1
1775117617485727,0,0,-1
1775117617505727,0,0,-1
1775117617525727,0,0,-1
1775117617545727,0,0,-1
1775117617565726,0,0,-1
1775117617585757,0,0,-1
1775117617605725,0,0,-1
1775117617625726,0,0,-1
1775117617645727,0,0,-1
1775117617665727,0,0,-1
1775117617685727,0,0,-1
1775117617705728,0,0,-1
1775117617725728,0,0,-1
1775117617745727,0,0,-1
1775117617765728,0,0,-1
1775117617785726,0,0,-1
1775117617805727,0,0,-1
1775117617825727,0,0,-1
1775117617845727,0,0,-1
1775117617865726,0,0,-1
1775117617885727,0,0,-1
1775117617905727,0,0,-1
1775117617925728,0,0,-1
1775117617945727,0,0,-1
1775117617965728,0,0,-1
1775117617985726,0,0,-1
1775117618005727,0,0,-1
1775117618025726,0,0,-1
1775117618045725,0,0,-1
1775117618065726,0,0,-1
1775117618085727,0,0,-1
1775117618105727,0,0,-1
1775117618125728,0,0,-1
1775117618145727,0,0,-1
1775117618165727,0,0,-1
1775117618185727,0,0,-1
1775117618205727,0,0,-1
1775117618225726,0,0,-1
1775117618245727,0,0,-1
1775117618265727,0,0,-1
1775117618285726,0,0,-1
1775117618305727,0,0,-1
1775117618325727,0,0,-1
1775117618345728,0,0,-1
1775117618365727,0,0,-1
1775117618385727,0,0,-1
1775117618405727,0,0,-1
1775117618425728,0,0,-1
1775117618445727,0,0,-1
1775117618465726,0,0,-1
1775117618485726,0,0,-1
1775117618505725,0,0,-1
1775117618525727,0,0,-1
1775117618545725,0,0,-1
1775117618565725,0,0,-1
1775117618585728,0,0,-1
1775117618605728,0,0,-1
1775117618625727,0,0,-1
1775117618645726,0,0,-1
1775117618665726,0,0,-1
1775117618685725,0,0,-1
1775117618705727,0,0,-1
1775117618725726,0,0,-1
1775117618745726,0,0,-1
1775117618765726,0,0,-1
1775117618785727,0,0,-1
1775117618805727,0,0,-1
1775117618825727,0,0,-1
1775117618845727,0,0,-1
1775117618865726,0,0,-1
1775117618885726,0,0,-1
1775117618905727,0,0,-1
1775117618925727,0,0,-1
1775117618945727,0,0,-1
1775117618965727,0,0,-1
1775117618985727,0,0,-1
1775117619005727,0,0,-1
1775117619025727,0,0,-1
1775117619045726,0,0,-1
1775117619065728,0,0,-1
1775117619085727,0,0,-1
1775117619105727,0,0,-1
1775117619125726,0,0,-1
1775117619145727,0,0,-1
1775117619165726,0,0,-1
1775117619185726,0,0,-1
1775117619205727,0,0,-1
1775117619225727,0,0,-1
1775117619245727,0,0,-1
1775117619265726,0,0,-1
1775117619285727,0,0,-1
1775117619305727,0,0,-1
1775117619325726,0,0,-1
1775117619345727,0,0,-1
1775117619365727,0,0,-1
1775117619385727,0,0,-1
1775117619405728,0,0,-1
1775117619425727,0,0,-1
1775117619445727,0,0,-1
1775117619465726,0,0,-1
1775117619485727,0,0,-1
1775117619505726,0,0,-1
1775117619525725,0,0,-1
1775117619545728,0,0,-1
1775117619565727,0,0,-1
1775117619585727,0,0,-1
1775117619605729,0,0,-1
1775117619625726,0,0,-1
1775117619645726,0,0,-1
1775117619665731,0,0,-1
1775117619685727,0,0,-1
1775117619705726,0,0,-1
1775117619725727,0,0,-1
1775117619745726,0,0,-1
1775117619765727,0,0,-1
1775117619785726,0,0,-1
1775117619805727,0,0,-1
1775117619825726,0,0,-1
1775117619845727,0,0,-1
1775117619865727,0,0,-1
1775117619885728,0,0,-1
1775117619905728,0,0,-1
1775117619925728,0,0,-1
1775117619945727,0,0,-1
1775117619965727,0,0,-1
1775117619985727,0,0,-1
1775117620005727,0,0,-1
1775117620025726,0,0,-1
1775117620045726,0,0,-1
1775117620065727,0,0,-1
1775117620085727,0,0,-1
1775117620105726,0,0,-1
1775117620125727,0,0,-1
1775117620145727,0,0,-1
1775117620165726,0,0,-1
1775117620185726,0,0,-1
1775117620205730,0,0,-1
1775117620225726,0,0,-1
1775117620245725,0,0,-1
1775117620265727,0,0,-1
1775117620285727,0,0,-1
1775117620305726,0,0,-1
1775117620325726,0,0,-1
1775117620345729,0,0,-1
1775117620365728,0,0,-1
1775117620385726,0,0,-1
1775117620405726,0,0,-1
1775117620425727,0,0,-1
1775117620445727,0,0,-1
1775117620465727,0,0,-1
1775117620485727,0,0,-1
1775117620505728,0,0,-1
1775117620525727,0,0,-1
1775117620545729,0,0,-1
1775117620565727,0,0,-1
1775117620585727,0,0,-1
1775117620605726,0,0,-1
1775117620625727,0,0,-1
1775117620645727,0,0,-1
1775117620665727,0,0,-1
1775117620685727,0,0,-1
1775117620705727,0,0,-1
1775117620725726,0,0,-1
1775117620745726,0,0,-1
1775117620765726,0,0,-1
1775117620785726,0,0,-1
1775117620805726,0,0,-1
1775117620825726,0,0,-1
1775117620845727,0,0,-1
1775117620865726,0,0,-1
1775117620885727,0,0,-1
1775117620905725,0,0,-1
1775117620925726,0,0,-1
1775117620945727,0,0,-1
1775117620965727,0,0,-1
1775117620985727,0,0,-1
1775117621005727,0,0,-1
1775117621025727,0,0,-1
1775117621045729,0,0,-1
1775117621065747,0,0,-1
1775117621085726,0,0,-1
1775117621105727,0,0,-1
1775117621125728,0,0,-1
1775117621145727,0,0,-1
1775117621165727,0,0,-1
1775117621185728,0,0,-1
1775117621205726,0,0,-1
1775117621225727,0,0,-1
1775117621245727,0,0,-1
1775117621265726,0,0,-1
1775117621285727,0,0,-1
1775117621305727,0,0,-1
1775117621325728,0,0,-1
1775117621345728,0,0,-1
1775117621365727,0,0,-1
1775117621385725,0,0,-1
1775117621405725,0,0,-1
1775117621425725,0,0,-1
1775117621445726,0,0,-1
1775117621465727,0,0,-1
1775117621485726,0,0,-1
1775117621505727,0,0,-1
1775117621525726,0,0,-1
1775117621545727,0,0,-1
1775117621565728,0,0,-1
1775117621585728,0,0,-1
1775117621605728,0,0,-1
1775117621625728,0,0,-1
1775117621645778,0,0,-1
1775117621665782,0,0,-1
1775117621685729,0,0,-1
1775117621705728,0,0,-1
1775117621725728,0,0,-1
1775117621745728,0,0,-1
1775117621765730,0,0,-1
1775117621785728,0,0,-1
1775117621805728,0,0,-1
1775117621825730,0,0,-1
1775117621845729,0,0,-1
1775117621865728,0,0,-1
1775117621885728,0,0,-1
1775117621905727,0,0,-1
1775117621925730,0,0,-1
1775117621945729,0,0,-1
1775117621965731,0,0,-1
1775117621985730,0,0,-1
1775117622005729,0,0,-1
1775117622025729,0,0,-1
1775117622045729,0,0,-1
1775117622065728,0,0,-1
1775117622085731,0,0,-1
1775117622105729,0,0,-1
1775117622125730,0,0,-1
1775117622145729,0,0,-1
1775117622165730,0,0,-1
1775117622185728,0,0,-1
1775117622205728,0,0,-1
1775117622225730,0,0,-1
1775117622245731,0,0,-1
1775117622265731,0,0,-1
1775117622285730,0,0,-1
1775117622305728,0,0,-1
1775117622325731,0,0,-1
1775117622345730,0,0,-1
1775117622365733,0,0,-1
1775117622385731,0,0,-1
1775117622405731,0,0,-1
1775117622425730,0,0,-1
1775117622445730,0,0,-1
1775117622465729,0,0,-1
1775117622485730,0,0,-1
1775117622505729,0,0,-1
1775117622525728,0,0,-1
1775117622545728,0,0,-1
1775117622565728,0,0,-1
1775117622585729,0,0,-1
1775117622605729,0,0,-1
1775117622625728,0,0,-1
1775117622645727,0,0,-1
1775117622665726,0,0,-1
1775117622685726,0,0,-1
1775117622705729,0,0,-1
1775117622725727,0,0,-1
1775117622745726,0,0,-1
1775117622765725,0,0,-1
1775117622785729,0,0,-1
1775117622805726,0,0,-1
1775117622825725,0,0,-1
1775117622845725,0,0,-1
1775117622865724,0,0,-1
1775117622885724,0,0,-1
1775117622905728,0,0,-1
1775117622925727,0,0,-1
1775117622945725,0,0,-1
1775117622965726,0,0,-1
1775117622985725,0,0,-1
1775117623005724,0,0,-1
1775117623025725,0,0,-1
1775117623045725,0,0,-1
1775117623065724,0,0,-1
1775117623085727,0,0,-1
1775117623105726,0,0,-1
1775117623125824,0,0,-1
1775117623145726,0,0,-1
1775117623165724,0,0,-1
1775117623185724,0,0,-1
1775117623205724,0,0,-1
1775117623225724,0,0,-1
1775117623245726,0,0,-1
1775117623265727,0,0,-1
1775117623285726,0,0,-1
1775117623305726,0,0,-1
1775117623325745,0,0,-1
1775117623345724,0,0,-1
1775117623365724,0,0,-1
1775117623385750,0,0,-1
1775117623405725,0,0,-1
1775117623425728,0,0,-1
1775117623445695,0,0,-1
1775117623465727,0,0,-1
1775117623485726,0,0,-1
1775117623505727,0,0,-1
1775117623525727,0,0,-1
1775117623545727,0,0,-1
1775117623565726,0,0,-1
1775117623585727,0,0,-1
1775117623605726,0,0,-1
1775117623625730,0,0,-1
1775117623645728,0,0,-1
1775117623665727,0,0,-1
1775117623685726,0,0,-1
1775117623705727,0,0,-1
1775117623725726,0,0,-1
1775117623745726,0,0,-1
1775117623765727,0,0,-1
1775117623785728,0,0,-1
1775117623805727,0,0,-1
1775117623825728,0,0,-1
1775117623845727,0,0,-1
1775117623865727,0,0,-1
1775117623885727,0,0,-1
1775117623905727,0,0,-1
1775117623925725,0,0,-1
1775117623945727,0,0,-1
1775117623965726,0,0,-1
1775117623985729,0,0,-1
1775117624005725,0,0,-1
1775117624025727,0,0,-1
1775117624045729,0,0,-1
1775117624065728,0,0,-1
1775117624085727,0,0,-1
1775117624105726,0,0,-1
1775117624125727,0,0,-1
1775117624145727,0,0,-1
1775117624165727,0,0,-1
1775117624185727,0,0,-1
1775117624205728,0,0,-1
1775117624225726,0,0,-1
1775117624245751,0,0,-1
1775117624265727,0,0,-1
1775117624285754,0,0,-1
1775117624305744,0,0,-1
1775117624325758,0,0,-1
1775117624345728,0,0,-1
1775117624365726,0,0,-1
1775117624385728,0,0,-1
1775117624405728,0,0,-1
1775117624425751,0,0,-1
1775117624445727,0,0,-1
1775117624465726,0,0,-1
1775117624485753,0,0,-1
1775117624505727,0,0,-1
1775117624525729,0,0,-1
1775117624545727,0,0,-1
1775117624565726,0,0,-1
1775117624585727,0,0,-1
1775117624605728,0,0,-1
1775117624625729,0,0,-1
1775117624645727,0,0,-1
1775117624665727,0,0,-1
1775117624685727,0,0,-1
1775117624705726,0,0,-1
1775117624725727,0,0,-1
1775117624745727,0,0,-1
1775117624765727,0,0,-1
1775117624785727,0,0,-1
1775117624805728,0,0,-1
1775117624825727,0,0,-1
1775117624845727,0,0,-1
1775117624865727,0,0,-1
1775117624885727,0,0,-1
1775117624905727,0,0,-1
1775117624925727,0,0,-1
1775117624945727,0,0,-1
1775117624965727,0,0,-1
1775117624985727,0,0,-1
1775117625005728,0,0,-1
1775117625025728,0,0,-1
1775117625045727,0,0,-1
1775117625065727,0,0,-1
1775117625085728,0,0,-1
1775117625105727,0,0,-1
1775117625125730,0,0,-1
1775117625145861,0,0,-1
1775117625165781,0,0,-1
1775117625185729,0,0,-1
1775117625205732,0,0,-1
1775117625225731,0,0,-1
1775117625245731,0,0,-1
1775117625265730,0,0,-1
1775117625285729,0,0,-1
1775117625305732,0,0,-1
1775117625325732,0,0,-1
1775117625345731,0,0,-1
1775117625365730,0,0,-1
1775117625385729,0,0,-1
1775117625405730,0,0,-1
1775117625425730,0,0,-1
1775117625445728,0,0,-1
1775117625465728,0,0,-1
1775117625485728,0,0,-1
1775117625505730,0,0,-1
1775117625525731,0,0,-1
1775117625545729,0,0,-1
1775117625565729,0,0,-1
1775117625585728,0,0,-1
1775117625605799,0,0,-1
1775117625625728,0,0,-1
1775117625645730,0,0,-1
1775117625665729,0,0,-1
1775117625685729,0,0,-1
1775117625705729,0,0,-1
1775117625725729,0,0,-1
1775117625745729,0,0,-1
1775117625765729,0,0,-1
1775117625785729,0,0,-1
1775117625805729,0,0,-1
1775117625825729,0,0,-1
1775117625845727,0,0,-1
1775117625865725,0,0,-1
1775117625885725,0,0,-1
1775117625905728,0,0,-1
1775117625925729,0,0,-1
1775117625945730,0,0,-1
1775117625965726,0,0,-1
1775117625985725,0,0,-1
1775117626005724,0,0,-1
1775117626025725,0,0,-1
1775117626045724,0,0,-1
1775117626065724,0,0,-1
1775117626085727,0,0,-1
1775117626105728,0,0,-1
1775117626125731,0,0,-1
1775117626145728,0,0,-1
1775117626165728,0,0,-1
1775117626185729,0,0,-1
1775117626205728,0,0,-1
1775117626225730,0,0,-1
1775117626245799,0,0,-1
1775117626265729,0,0,-1
1775117626285727,0,0,-1
1775117626305726,0,0,-1
1775117626325726,0,0,-1
1775117626345728,0,0,-1
1775117626365729,0,0,-1
1775117626385729,0,0,-1
1775117626405726,0,0,-1
1775117626425733,0,0,-1
1775117626445724,0,0,-1
1775117626465724,0,0,-1
1775117626485724,0,0,-1
1775117626505724,0,0,-1
1775117626525724,0,0,-1
1775117626545729,0,0,-1
1775117626565729,0,0,-1
1775117626585726,0,0,-1
1775117626605725,0,0,-1
1775117626625725,0,0,-1
1775117626645724,0,0,-1
1775117626665724,0,0,-1
1775117626685724,0,0,-1
1775117626705779,0,0,-1
1775117626725731,0,0,-1
1775117626745729,0,0,-1
1775117626765728,0,0,-1
1775117626785727,0,0,-1
1775117626805767,0,0,-1
1775117626825727,0,0,-1
1775117626845727,0,0,-1
1775117626865729,0,0,-1
1775117626885729,0,0,-1
1775117626905735,0,0,-1
1775117626925727,0,0,-1
1775117626945729,0,0,-1
1775117626965762,0,0,-1
1775117626985728,0,0,-1
1775117627005727,0,0,-1
1775117627025729,0,0,-1
1775117627045727,0,0,-1
1775117627065728,0,0,-1
1775117627085728,0,0,-1
1775117627105729,0,0,-1
1775117627125729,0,0,-1
1775117627145728,0,0,-1
1775117627165728,0,0,-1
1775117627185728,0,0,-1
1775117627205728,0,0,-1
1775117627225730,0,0,-1
1775117627245729,0,0,-1
1775117627265773,0,0,-1
1775117627285729,0,0,-1
1775117627305729,0,0,-1
1775117627325729,0,0,-1
1775117627345729,0,0,-1
1775117627365729,0,0,-1
1775117627385729,0,0,-1
1775117627405729,0,0,-1
1775117627425730,0,0,-1
1775117627445727,0,0,-1
1775117627465726,0,0,-1
1775117627485705,0,0,-1
1775117627505730,0,0,-1
1775117627525728,0,0,-1
1775117627545728,0,0,-1
1775117627565724,0,0,-1
1775117627585724,0,0,-1
1775117627605725,0,0,-1
1775117627625725,0,0,-1
1775117627645726,0,0,-1
1775117627665726,0,0,-1
1775117627685724,0,0,-1
1775117627705724,0,0,-1
1775117627725723,0,0,-1
1775117627745723,0,0,-1
1775117627765724,0,0,-1
1775117627785725,0,0,-1
1775117627805725,0,0,-1
1775117627825712,0,0,-1
1775117627845732,0,0,-1
1775117627865730,0,0,-1
1775117627885729,0,0,-1
1775117627905729,0,0,-1
1775117627925729,0,0,-1
1775117627945728,0,0,-1
1775117627965728,0,0,-1
1775117627985729,0,0,-1
1775117628005730,0,0,-1
1775117628025730,0,0,-1
1775117628045729,0,0,-1
1775117628065729,0,0,-1
1775117628085734,0,0,-1
1775117628105726,0,0,-1
1775117628125726,0,0,-1
1775117628145725,0,0,-1
1775117628165724,0,0,-1
1775117628185726,0,0,-1
1775117628205728,0,0,-1
1775117628225727,0,0,-1
1775117628245725,0,0,-1
1775117628265734,0,0,-1
1775117628285724,0,0,-1
1775117628305724,0,0,-1
1775117628325724,0,0,-1
1775117628345725,0,0,-1
1775117628365724,0,0,-1
1775117628385724,0,0,-1
1775117628405724,0,0,-1
1775117628425724,0,0,-1
1775117628445725,0,0,-1
1775117628465728,0,0,-1
1775117628485726,0,0,-1
1775117628505729,0,0,-1
1775117628525727,0,0,-1
1775117628545725,0,0,-1
1775117628565725,0,0,-1
1775117628585728,0,0,-1
1775117628605730,0,0,-1
1775117628625729,0,0,-1
1775117628645730,0,0,-1
1775117628665727,0,0,-1
1775117628685730,0,0,-1
1775117628705728,0,0,-1
1775117628725728,0,0,-1
1775117628745728,0,0,-1
1775117628765728,0,0,-1
1775117628785729,0,0,-1
1775117628805728,0,0,-1
1775117628825729,0,0,-1
1775117628845730,0,0,-1
1775117628865728,0,0,-1
1775117628885729,0,0,-1
1775117628905727,0,0,-1
1775117628925726,0,0,-1
1775117628945728,0,0,-1
1775117628965727,0,0,-1
1775117628985737,0,0,-1
1775117629005729,0,0,-1
1775117629025734,0,0,-1
1775117629045729,0,0,-1
1775117629065729,0,0,-1
1775117629085728,0,0,-1
1775117629105731,0,0,-1
1775117629125729,0,0,-1
1775117629145728,0,0,-1
1775117629165728,0,0,-1
1775117629185728,0,0,-1
1775117629205727,0,0,-1
1775117629225727,0,0,-1
1775117629245728,0,0,-1
1775117629265733,0,0,-1
1775117629285730,0,0,-1
1775117629305730,0,0,-1
1775117629325730,0,0,-1
1775117629345730,0,0,-1
1775117629365729,0,0,-1
1775117629385728,0,0,-1
1775117629405729,0,0,-1
1775117629425729,0,0,-1
1775117629445730,0,0,-1
1775117629465729,0,0,-1
1775117629485728,0,0,-1
1775117629505728,0,0,-1
1775117629525728,0,0,-1
1775117629545727,0,0,-1
1775117629565727,0,0,-1
1775117629585729,0,0,-1
1775117629605729,0,0,-1
1775117629625728,0,0,-1
1775117629645729,0,0,-1
1775117629665728,0,0,-1
1775117629685731,0,0,-1
1775117629705729,0,0,-1
1775117629725730,0,0,-1
1775117629745730,0,0,-1
1775117629765729,0,0,-1
1775117629785729,0,0,-1
1775117629805732,0,0,-1
1775117629825729,0,0,-1
1775117629845730,0,0,-1
1775117629865730,0,0,-1
1775117629885728,0,0,-1
1775117629905728,0,0,-1
1775117629925736,0,0,-1
1775117629945729,0,0,-1
1775117629965730,0,0,-1
1775117629985728,0,0,-1
1775117630005728,0,0,-1
1775117630025725,0,0,-1
1775117630045727,0,0,-1
1775117630065730,0,0,-1
1775117630085729,0,0,-1
1775117630105728,0,0,-1
1775117630125727,0,0,-1
1775117630145728,0,0,-1
1775117630165727,0,0,-1
1775117630185727,0,0,-1
1775117630205727,0,0,-1
1775117630225728,0,0,-1
1775117630245727,0,0,-1
1775117630265728,0,0,-1
1775117630285727,0,0,-1
1775117630305727,0,0,-1
1775117630325728,0,0,-1
1775117630345729,0,0,-1
1775117630365728,0,0,-1
1775117630385728,0,0,-1
1775117630405728,0,0,-1
1775117630425727,0,0,-1
1775117630445727,0,0,-1
1775117630465728,0,0,-1
1775117630485727,0,0,-1
1775117630505728,0,0,-1
1775117630525727,0,0,-1
1775117630545728,0,0,-1
1775117630565727,0,0,-1
1775117630585727,0,0,-1
1775117630605728,0,0,-1
1775117630625729,0,0,-1
1775117630645727,0,0,-1
1775117630665728,0,0,-1
1775117630685714,0,0,-1
1775117630705730,0,0,-1
1775117630725728,0,0,-1
1775117630745737,0,0,-1
1775117630765728,0,0,-1
1775117630785727,0,0,-1
1775117630805728,0,0,-1
1775117630825727,0,0,-1
1775117630845737,0,0,-1
1775117630865729,0,0,-1
1775117630885728,0,0,-1
1775117630905727,0,0,-1
1775117630925727,0,0,-1
1775117630945727,0,0,-1
1775117630965727,0,0,-1
1775117630985727,0,0,-1
1775117631005735,0,0,-1
1775117631025728,0,0,-1
1775117631045728,0,0,-1
1775117631065728,0,0,-1
1775117631085727,0,0,-1
1775117631105729,0,0,-1
1775117631125727,0,0,-1
1775117631145728,0,0,-1
1775117631165732,0,0,-1
1775117631185727,0,0,-1
1775117631205727,0,0,-1
1775117631225728,0,0,-1
1775117631245728,0,0,-1
1775117631265730,0,0,-1
1775117631285730,0,0,-1
1775117631305807,0,0,-1
1775117631325729,0,0,-1
1775117631345792,0,0,-1
1775117631365730,0,0,-1
1775117631385728,0,0,-1
1775117631405728,0,0,-1
1775117631425729,0,0,-1
1775117631445729,0,0,-1
1775117631465734,0,0,-1
1775117631485728,0,0,-1
1775117631505727,0,0,-1
1775117631525728,0,0,-1
1775117631545728,0,0,-1
1775117631565727,0,0,-1
1775117631585729,0,0,-1
1775117631605729,0,0,-1
1775117631625731,0,0,-1
1775117631645728,0,0,-1
1775117631665729,0,0,-1
1775117631685731,0,0,-1
1775117631705729,0,0,-1
1775117631725728,0,0,-1
1775117631745730,0,0,-1
1775117631765728,0,0,-1
1775117631785729,0,0,-1
1775117631805727,0,0,-1
1775117631825728,0,0,-1
1775117631845729,0,0,-1
1775117631865730,0,0,-1
1775117631885728,0,0,-1
1775117631905728,0,0,-1
1775117631925729,0,0,-1
1775117631945729,0,0,-1
1775117631965686,0,0,-1
1775117631985730,0,0,-1
1775117632005731,0,0,-1
1775117632025731,0,0,-1
1775117632045725,0,0,-1
1775117632065724,0,0,-1
1775117632085732,0,0,-1
1775117632105730,0,0,-1
1775117632125729,0,0,-1
1775117632145728,0,0,-1
1775117632165729,0,0,-1
1775117632185726,0,0,-1
1775117632205725,0,0,-1
1775117632225726,0,0,-1
1775117632245727,0,0,-1
1775117632265727,0,0,-1
1775117632285726,0,0,-1
1775117632305725,0,0,-1
1775117632325725,0,0,-1
1775117632345725,0,0,-1
1775117632365724,0,0,-1
1775117632385724,0,0,-1
1775117632405732,0,0,-1
1775117632425727,0,0,-1
1775117632445727,0,0,-1
1775117632465727,0,0,-1
1775117632485729,0,0,-1
1775117632505727,0,0,-1
1775117632525726,0,0,-1
1775117632545729,0,0,-1
1775117632565728,0,0,-1
1775117632585728,0,0,-1
1775117632605736,0,0,-1
1775117632625739,0,0,-1
1775117632645738,0,0,-1
1775117632665729,0,0,-1
1775117632685733,0,0,-1
1775117632705729,0,0,-1
1775117632725729,0,0,-1
1775117632745729,0,0,-1
1775117632765729,0,0,-1
1775117632785728,0,0,-1
1775117632805730,0,0,-1
1775117632825730,0,0,-1
1775117632845731,0,0,-1
1775117632865729,0,0,-1
1775117632885734,0,0,-1
1775117632905729,0,0,-1
1775117632925728,0,0,-1
1775117632945727,0,0,-1
1775117632965728,0,0,-1
1775117632985729,0,0,-1
1775117633005728,0,0,-1
1775117633025728,0,0,-1
1775117633045729,0,0,-1
1775117633065728,0,0,-1
1775117633085733,0,0,-1
1775117633105729,0,0,-1
1775117633125727,0,0,-1
1775117633145728,0,0,-1
1775117633165728,0,0,-1
1775117633185727,0,0,-1
1775117633205728,0,0,-1
1775117633225728,0,0,-1
1775117633245728,0,0,-1
1775117633265729,0,0,-1
1775117633285728,0,0,-1
1775117633305726,0,0,-1
1775117633325727,0,0,-1
1775117633345739,0,0,-1
1775117633365725,0,0,-1
1775117633385725,0,0,-1
1775117633405725,0,0,-1
1775117633425725,0,0,-1
1775117633445724,0,0,-1
1775117633465728,0,0,-1
1775117633485729,0,0,-1
1775117633505728,0,0,-1
1775117633525727,0,0,-1
1775117633545724,0,0,-1
1775117633565725,0,0,-1
1775117633585725,0,0,-1
1775117633605726,0,0,-1
1775117633625748,0,0,-1
1775117633645726,0,0,-1
1775117633665726,0,0,-1
1775117633685725,0,0,-1
1775117633705728,0,0,-1
1775117633725725,0,0,-1
1775117633745725,0,0,-1
1775117633765724,0,0,-1
1775117633785745,0,0,-1
1775117633805724,0,0,-1
1775117633825723,0,0,-1
1775117633845726,0,0,-1
1775117633865728,0,0,-1
1775117633885728,0,0,-1
1775117633905728,0,0,-1
1775117633925728,0,0,-1
1775117633945728,0,0,-1
1775117633965728,0,0,-1
1775117633985728,0,0,-1
1775117634005731,0,0,-1
1775117634025730,0,0,-1
1775117634045728,0,0,-1
1775117634065728,0,0,-1
1775117634085729,0,0,-1
1775117634105731,0,0,-1
1775117634125728,0,0,-1
1775117634145728,0,0,-1
1775117634165728,0,0,-1
1775117634185727,0,0,-1
1775117634205728,0,0,-1
1775117634225727,0,0,-1
1775117634245728,0,0,-1
1775117634265728,0,0,-1
1775117634285727,0,0,-1
1775117634305729,0,0,-1
1775117634325727,0,0,-1
1775117634345727,0,0,-1
1775117634365727,0,0,-1
1775117634385727,0,0,-1
1775117634405728,0,0,-1
1775117634425736,0,0,-1
1775117634445728,0,0,-1
1775117634465728,0,0,-1
1775117634485727,0,0,-1
1775117634505730,0,0,-1
1775117634525728,0,0,-1
1775117634545727,0,0,-1
1775117634565727,0,0,-1
1775117634585727,0,0,-1
1775117634605728,0,0,-1
1775117634625728,0,0,-1
1775117634645727,0,0,-1
1775117634665728,0,0,-1
1775117634685727,0,0,-1
1775117634705729,0,0,-1
1775117634725727,0,0,-1
1775117634745727,0,0,-1
1775117634765727,0,0,-1
1775117634785727,0,0,-1
1775117634805727,0,0,-1
1775117634825728,0,0,-1
1775117634845727,0,0,-1
1775117634865727,0,0,-1
1775117634885727,0,0,-1
1775117634905729,0,0,-1
1775117634925728,0,0,-1
1775117634945727,0,0,-1
1775117634965728,0,0,-1
1775117634985728,0,0,-1
1775117635005727,0,0,-1
1775117635025729,0,0,-1
1775117635045728,0,0,-1
1775117635065728,0,0,-1
1775117635085728,0,0,-1
1775117635105730,0,0,-1
1775117635125729,0,0,-1
1775117635145728,0,0,-1
1775117635165727,0,0,-1
1775117635185729,0,0,-1
1775117635205728,0,0,-1
1775117635225728,0,0,-1
1775117635245738,0,0,-1
1775117635265728,0,0,-1
1775117635285728,0,0,-1
1775117635305728,0,0,-1
1775117635325729,0,0,-1
1775117635345729,0,0,-1
1775117635365728,0,0,-1
1775117635385727,0,0,-1
1775117635405729,0,0,-1
1775117635425728,0,0,-1
1775117635445728,0,0,-1
1775117635465727,0,0,-1
1775117635485728,0,0,-1
1775117635505728,0,0,-1
1775117635525728,0,0,-1
1775117635545728,0,0,-1
1775117635565728,0,0,-1
1775117635585728,0,0,-1
1775117635605728,0,0,-1
1775117635625728,0,0,-1
1775117635645727,0,0,-1
1775117635665728,0,0,-1
1775117635685729,0,0,-1
1775117635705728,0,0,-1
1775117635725731,0,0,-1
1775117635745728,0,0,-1
1775117635765729,0,0,-1
1775117635785727,0,0,-1
1775117635805727,0,0,-1
1775117635825728,0,0,-1
1775117635845727,0,0,-1
1775117635865727,0,0,-1
1775117635885727,0,0,-1
