1773725312578207,-0.0385859,0.0323846,-0.99873
1773725312597297,-0.0385464,0.0324003,-0.998731
1773725312617296,-0.038575,0.0323633,-0.998731
1773725312637295,-0.0385872,0.0323369,-0.998732
1773725312657299,-0.0386025,0.0322834,-0.998733
1773725312677286,-0.0386407,0.032285,-0.998731
1773725312697291,-0.0386349,0.0324072,-0.998728
1773725312717290,-0.0386386,0.0323715,-0.998729
1773725312737291,-0.0386625,0.0324116,-0.998727
1773725312757296,-0.0386668,0.0324132,-0.998726
1773725312777292,-0.0387252,0.0324626,-0.998722
1773725312797294,-0.0387252,0.0324908,-0.998722
1773725312817288,-0.0387813,0.0326309,-0.998715
1773725312837292,-0.0388135,0.0326445,-0.998713
1773725312857313,-0.0388096,0.0326163,-0.998714
1773725312877286,-0.0388157,0.032578,-0.998715
1773725312897288,-0.0388022,0.0326056,-0.998715
1773725312917286,-0.0387664,0.0325553,-0.998718
1773725312937289,-0.0387704,0.0325413,-0.998718
1773725312957296,-0.0388172,0.0326244,-0.998714
1773725312977292,-0.0387996,0.0326461,-0.998714
1773725312997289,-0.0388062,0.0326896,-0.998712
1773725313017297,-0.038806,0.0326174,-0.998714
1773725313037289,-0.0388941,0.0326531,-0.99871
1773725313057289,-0.0388636,0.032694,-0.99871
1773725313077289,-0.0388273,0.0326925,-0.998711
1773725313097289,-0.0387869,0.032627,-0.998715
1773725313117782,-0.0388092,0.0326526,-0.998713
1773725313137293,-0.0387954,0.0325782,-0.998716
1773725313157292,-0.038795,0.0325947,-0.998715
1773725313177289,-0.0387848,0.0325829,-0.998716
1773725313197291,-0.0387443,0.0324834,-0.998721
1773725313217291,-0.0387321,0.0324655,-0.998722
1773725313237290,-0.0387241,0.0324716,-0.998722
1773725313257295,-0.0387414,0.0324402,-0.998723
1773725313277291,-0.0387633,0.0324884,-0.99872
1773725313297293,-0.0387554,0.0325204,-0.998719
1773725313317291,-0.0387367,0.032433,-0.998723
1773725313337291,-0.0387365,0.0324695,-0.998722
1773725313357290,-0.0387041,0.0324761,-0.998723
1773725313377290,-0.038764,0.0325282,-0.998719
1773725313397384,-0.0387713,0.0324506,-0.998721
1773725313417293,-0.0387952,0.0324264,-0.998721
1773725313437292,-0.0387506,0.0324133,-0.998723
1773725313457291,-0.0387706,0.0324113,-0.998722
1773725313477288,-0.0387797,0.0324303,-0.998721
1773725313497287,-0.0387435,0.0324167,-0.998723
1773725313517288,-0.0387647,0.0323834,-0.998723
1773725313537289,-0.0387662,0.0323459,-0.998725
1773725313557291,-0.038782,0.0323541,-0.998724
1773725313577290,-0.0387736,0.0323747,-0.998723
1773725313597290,-0.0387809,0.0322992,-0.998726
1773725313617292,-0.038725,0.0322651,-0.998729
1773725313637292,-0.0387571,0.0322669,-0.998728
1773725313657290,-0.038709,0.0323094,-0.998728
1773725313677287,-0.0387052,0.0323092,-0.998728
1773725313697287,-0.0387409,0.0322834,-0.998728
1773725313717314,-0.0387547,0.0322775,-0.998727
1773725313737287,-0.0387329,0.0322834,-0.998728
1773725313757285,-0.038743,0.032245,-0.998729
1773725313777293,-0.0387428,0.0322271,-0.998729
1773725313797288,-0.0387454,0.0322466,-0.998729
1773725313817287,-0.0387316,0.0322826,-0.998728
1773725313837288,-0.038742,0.032296,-0.998727
1773725313857288,-0.0387548,0.0323513,-0.998725
1773725313877306,-0.0387269,0.0323432,-0.998726
1773725313897381,-0.0387132,0.032339,-0.998727
1773725313917298,-0.0387316,0.0324007,-0.998724
1773725313937292,-0.0387595,0.0324106,-0.998723
1773725313957292,-0.0387265,0.0324859,-0.998722
1773725313977297,-0.0387327,0.0325097,-0.998721
1773725313997295,-0.0386972,0.0325695,-0.99872
1773725314017292,-0.0386752,0.0325255,-0.998722
1773725314037300,-0.0386435,0.0325555,-0.998723
1773725314057292,-0.0386615,0.0325573,-0.998722
1773725314077287,-0.0386958,0.0325709,-0.99872
1773725314097290,-0.0387154,0.0324989,-0.998722
1773725314117288,-0.0387078,0.0324704,-0.998723
1773725314137290,-0.0386978,0.0324684,-0.998723
1773725314157289,-0.0386277,0.0324026,-0.998728
1773725314177293,-0.038652,0.0324283,-0.998726
1773725314197293,-0.0386142,0.032366,-0.99873
1773725314217291,-0.0386221,0.032366,-0.99873
1773725314237290,-0.0386502,0.0323277,-0.99873
1773725314257291,-0.0386736,0.0323403,-0.998728
1773725314277292,-0.0386735,0.0323143,-0.998729
1773725314297296,-0.0386635,0.0323064,-0.99873
1773725314317294,-0.0386808,0.0323312,-0.998728
1773725314337292,-0.0386666,0.0323194,-0.998729
1773725314357292,-0.038644,0.032256,-0.998732
1773725314377294,-0.0386316,0.0322405,-0.998733
1773725314397292,-0.038631,0.032197,-0.998735
1773725314417291,-0.0386787,0.0322654,-0.998731
1773725314437293,-0.0386883,0.0322538,-0.998731
1773725314457293,-0.0387324,0.0322735,-0.998728
1773725314477292,-0.0387315,0.0322866,-0.998728
1773725314497291,-0.0387228,0.0322454,-0.99873
1773725314517290,-0.0387446,0.0322657,-0.998728
1773725314537291,-0.0387386,0.0323118,-0.998727
1773725314557290,-0.0387608,0.0323395,-0.998725
1773725314577292,-0.0387545,0.0323579,-0.998725
1773725314597293,-0.0387207,0.0323579,-0.998726
1773725314617291,-0.0387307,0.0324703,-0.998722
1773725314637294,-0.0387453,0.0325519,-0.998719
1773725314657288,-0.038757,0.0325421,-0.998719
1773725314677290,-0.0387566,0.0324322,-0.998722
1773725314697291,-0.0387144,0.0323403,-0.998727
1773725314717289,-0.0387209,0.0323035,-0.998728
1773725314737291,-0.0387449,0.0323054,-0.998727
1773725314757292,-0.0387152,0.032263,-0.998729
1773725314777289,-0.0387173,0.0322067,-0.998731
1773725314797290,-0.0387132,0.0321707,-0.998732
1773725314817296,-0.0386992,0.0321245,-0.998734
1773725314837293,-0.0386916,0.0321342,-0.998734
1773725314857291,-0.0386921,0.0321254,-0.998735
1773725314877291,-0.0387027,0.0321047,-0.998735
1773725314897289,-0.0387446,0.0320806,-0.998734
1773725314917288,-0.038769,0.0320859,-0.998733
1773725314937417,-0.038763,0.0320418,-0.998735
1773725314957291,-0.0387632,0.0320194,-0.998735
1773725314977291,-0.0387692,0.0319973,-0.998736
1773725314997293,-0.0387656,0.032037,-0.998735
1773725315017292,-0.0386995,0.0320274,-0.998737
1773725315037291,-0.0386917,0.0320413,-0.998737
1773725315057294,-0.0386697,0.0320775,-0.998737
1773725315077294,-0.0386517,0.0320234,-0.998739
1773725315097302,-0.0386717,0.0320213,-0.998739
1773725315117291,-0.0386905,0.0320865,-0.998736
1773725315137291,-0.0386901,0.0320468,-0.998737
1773725315157293,-0.0387118,0.032021,-0.998737
1773725315177289,-0.0364461,0.0319706,-0.998824
1773725315197289,-0.0369889,0.0320266,-0.998802
1773725315217289,-0.0365951,0.0321594,-0.998813
1773725315237287,-0.0365879,0.032025,-0.998817
1773725315257289,-0.0365352,0.0325248,-0.998803
1773725315277290,-0.03603,0.0330697,-0.998803
1773725315297290,-0.0377784,0.03308,-0.998738
1773725315317291,-0.0387231,0.0327848,-0.998712
1773725315337297,-0.0400767,0.0323923,-0.998671
1773725315357292,-0.0405602,0.0322867,-0.998655
1773725315377292,-0.0408229,0.0321128,-0.99865
1773725315397296,-0.0410231,0.0316907,-0.998656
1773725315417293,-0.0409877,0.0312642,-0.99867
1773725315437292,-0.0413032,0.0308478,-0.99867
1773725315457292,-0.0415196,0.0305154,-0.998672
1773725315477295,-0.0418554,0.0304233,-0.99866
1773725315497291,-0.04201,0.0302488,-0.998659
1773725315517292,-0.0417784,0.0300957,-0.998674
1773725315537290,-0.0419661,0.0299316,-0.998671
1773725315557292,-0.0425297,0.0301723,-0.99864
1773725315577293,-0.0432938,0.0303294,-0.998602
1773725315597292,-0.043944,0.0305798,-0.998566
1773725315617296,-0.0439877,0.0306054,-0.998563
1773725315637293,-0.0437513,0.0305088,-0.998577
1773725315657292,-0.0438864,0.0304861,-0.998571
1773725315677294,-0.0439535,0.0304556,-0.998569
1773725315697293,-0.043646,0.0307017,-0.998575
1773725315717300,-0.0431939,0.0307393,-0.998594
1773725315737295,-0.0431741,0.0308986,-0.99859
1773725315757294,-0.0434152,0.0312225,-0.998569
1773725315777304,-0.0435659,0.031705,-0.998547
1773725315797292,-0.0435552,0.0321105,-0.998535
1773725315817294,-0.0433777,0.0324573,-0.998531
1773725315837295,-0.0427597,0.0326716,-0.998551
1773725315857292,-0.042669,0.0328306,-0.99855
1773725315877291,-0.0423918,0.0329803,-0.998557
1773725315897291,-0.0423478,0.0330894,-0.998555
1773725315917290,-0.042761,0.0332379,-0.998532
1773725315937291,-0.042828,0.0335149,-0.99852
1773725315957294,-0.0429118,0.034023,-0.998499
1773725315977293,-0.0428008,0.0341416,-0.9985
1773725315997286,-0.0425284,0.0341394,-0.998512
1773725316017296,-0.04259,0.0337822,-0.998521
1773725316037290,-0.0429881,0.0334455,-0.998516
1773725316057288,-0.0434519,0.0329794,-0.998511
1773725316077287,-0.0439581,0.0325073,-0.998504
1773725316097287,-0.0444008,0.0323539,-0.99849
1773725316117287,-0.0447341,0.0320619,-0.998484
1773725316137285,-0.0448077,0.0318238,-0.998489
1773725316157288,-0.0450842,0.031496,-0.998487
1773725316177293,-0.0452571,0.0307912,-0.998501
1773725316197288,-0.0452903,0.0302563,-0.998516
1773725316217287,-0.0454073,0.0297891,-0.998524
1773725316237316,-0.0455851,0.0294627,-0.998526
1773725316257290,-0.045686,0.0293423,-0.998525
1773725316277287,-0.0458009,0.0292842,-0.998521
1773725316297288,-0.0458936,0.0290139,-0.998525
1773725316317288,-0.0460141,0.0286962,-0.998529
1773725316337289,-0.0461638,0.0285928,-0.998525
1773725316357290,-0.0462559,0.0284588,-0.998524
1773725316377290,-0.0463475,0.0282865,-0.998525
1773725316397287,-0.0464975,0.0281567,-0.998522
1773725316417287,-0.046612,0.0280203,-0.99852
1773725316437287,-0.0467294,0.0279742,-0.998516
1773725316457289,-0.046882,0.027817,-0.998513
1773725316477309,-0.0470483,0.0278003,-0.998506
1773725316497287,-0.0471683,0.027759,-0.998501
1773725316517289,-0.0472776,0.0277709,-0.998496
1773725316537292,-0.0473753,0.0277094,-0.998493
1773725316557288,-0.0473892,0.02765,-0.998494
1773725316577290,-0.0474443,0.0276821,-0.99849
1773725316597291,-0.0474226,0.0275813,-0.998494
1773725316617290,-0.0473737,0.0274498,-0.9985
1773725316637439,-0.0472755,0.0273313,-0.998508
1773725316657291,-0.0472343,0.0273245,-0.99851
1773725316677289,-0.0471604,0.0273755,-0.998512
1773725316697291,-0.0470476,0.0274903,-0.998514
1773725316717291,-0.0469148,0.02765,-0.998516
1773725316737291,-0.0468406,0.0277871,-0.998516
1773725316757318,-0.0466997,0.0280186,-0.998516
1773725316777285,-0.0465814,0.0282416,-0.998515
1773725316797296,-0.0464536,0.0284687,-0.998515
1773725316817293,-0.0463466,0.0286989,-0.998513
1773725316837287,-0.0462673,0.0290104,-0.998508
1773725316857290,-0.0461497,0.0292209,-0.998507
1773725316877294,-0.0460519,0.0294583,-0.998505
1773725316897288,-0.0459392,0.0296052,-0.998505
1773725316917298,-0.045877,0.0297586,-0.998504
1773725316937288,-0.0458505,0.029891,-0.998501
1773725316957286,-0.0458437,0.0299748,-0.998499
1773725316977294,-0.0457948,0.0300461,-0.998499
1773725316997294,-0.0458078,0.0301303,-0.998496
1773725317017292,-0.0458315,0.0301587,-0.998494
1773725317037289,-0.0458549,0.0301323,-0.998494
1773725317057290,-0.0459265,0.0300556,-0.998493
1773725317077306,-0.045991,0.0299252,-0.998494
1773725317097291,-0.0460915,0.0298621,-0.998491
1773725317117289,-0.0462204,0.0296965,-0.99849
1773725317137291,-0.0463315,0.0295873,-0.998488
1773725317157292,-0.0464737,0.0293699,-0.998488
1773725317177288,-0.046583,0.0291836,-0.998488
1773725317197289,-0.0466631,0.0289496,-0.998491
1773725317217287,-0.0467629,0.0288248,-0.99849
1773725317237290,-0.0469423,0.0287529,-0.998484
1773725317257292,-0.0470778,0.0286291,-0.998481
1773725317277291,-0.0471515,0.0285036,-0.998481
1773725317297290,-0.047247,0.0283466,-0.998481
1773725317317292,-0.0473089,0.0282397,-0.998481
1773725317337294,-0.0473466,0.0282413,-0.998479
1773725317357296,-0.0473847,0.0282146,-0.998478
1773725317377292,-0.0473961,0.0282216,-0.998477
1773725317397297,-0.0474319,0.028144,-0.998478
1773725317417288,-0.047367,0.0281025,-0.998482
1773725317437285,-0.0473597,0.028093,-0.998483
1773725317457288,-0.0473091,0.0280597,-0.998486
1773725317477312,-0.0471523,0.0280028,-0.998495
1773725317497291,-0.0471086,0.0279505,-0.998499
1773725317517285,-0.0469845,0.0278379,-0.998508
1773725317537291,-0.0468859,0.0278346,-0.998512
1773725317557292,-0.046786,0.0278556,-0.998516
1773725317577291,-0.0466182,0.0277597,-0.998527
1773725317597293,-0.0465157,0.0276994,-0.998533
1773725317617292,-0.0464338,0.0276999,-0.998537
1773725317637290,-0.0463192,0.027655,-0.998544
1773725317657291,-0.0461927,0.0276219,-0.998551
1773725317677291,-0.0461194,0.0276946,-0.998552
1773725317697291,-0.0460491,0.0277755,-0.998553
1773725317717292,-0.0459745,0.0278599,-0.998554
1773725317737290,-0.0459245,0.0279274,-0.998554
1773725317757288,-0.0458962,0.0279708,-0.998555
1773725317777290,-0.0458561,0.0282301,-0.998549
1773725317797290,-0.045792,0.0283731,-0.998548
1773725317817294,-0.045774,0.0285502,-0.998544
1773725317837288,-0.0457986,0.0287043,-0.998538
1773725317857289,-0.0458608,0.0288291,-0.998532
1773725317877290,-0.0459002,0.0289491,-0.998526
1773725317897292,-0.0459537,0.0290954,-0.99852
1773725317917287,-0.0460547,0.0292323,-0.998511
1773725317937291,-0.0461553,0.0293516,-0.998503
1773725317957288,-0.0462421,0.0293976,-0.998498
1773725317977288,-0.0463061,0.0294652,-0.998493
1773725317997290,-0.0463703,0.0294932,-0.998489
1773725318017291,-0.046493,0.0294408,-0.998485
1773725318037292,-0.0465927,0.0294143,-0.998481
1773725318057288,-0.0466847,0.0292795,-0.99848
1773725318077291,-0.0467985,0.0291269,-0.99848
1773725318097290,-0.0468248,0.0291303,-0.998478
1773725318117289,-0.0468603,0.0290745,-0.998478
1773725318137289,-0.0469564,0.0289921,-0.998476
1773725318157288,-0.0470411,0.0289264,-0.998474
1773725318177292,-0.0471489,0.0288661,-0.998471
1773725318197291,-0.0471982,0.0288634,-0.998468
1773725318217352,-0.0472628,0.0288516,-0.998466
1773725318237293,-0.0472428,0.028783,-0.998469
1773725318257287,-0.0472142,0.0287216,-0.998472
1773725318277290,-0.0472076,0.0287204,-0.998472
1773725318297294,-0.0471985,0.02873,-0.998472
1773725318317291,-0.0471485,0.028663,-0.998477
1773725318337290,-0.0470881,0.0285264,-0.998483
1773725318357374,-0.047014,0.0285422,-0.998486
1773725318377291,-0.0469819,0.0286006,-0.998486
1773725318397290,-0.0468974,0.0286241,-0.99849
1773725318417289,-0.0468026,0.0285346,-0.998497
1773725318437289,-0.0467323,0.0285745,-0.998499
1773725318457291,-0.0466201,0.0285522,-0.998505
1773725318477291,-0.0465584,0.0285169,-0.998508
1773725318497293,-0.0465072,0.0284127,-0.998514
1773725318517293,-0.0464303,0.0283561,-0.998519
1773725318537293,-0.0463542,0.0282904,-0.998524
1773725318557289,-0.0462823,0.0282102,-0.99853
1773725318577288,-0.0461694,0.0281185,-0.998538
1773725318597287,-0.0461672,0.0281115,-0.998538
1773725318617287,-0.0461236,0.0280136,-0.998543
1773725318637286,-0.046081,0.0279781,-0.998546
1773725318657291,-0.0460531,0.0279433,-0.998548
1773725318677291,-0.0459941,0.0278652,-0.998553
1773725318697290,-0.0460222,0.0278789,-0.998551
1773725318717302,-0.0460372,0.0278892,-0.99855
1773725318737293,-0.0460841,0.0279601,-0.998546
1773725318757291,-0.0461263,0.0279286,-0.998545
1773725318777292,-0.046136,0.0280423,-0.998541
1773725318797295,-0.0462206,0.0281831,-0.998534
1773725318817292,-0.0462485,0.0282873,-0.998529
1773725318837292,-0.0463271,0.0283377,-0.998524
1773725318857293,-0.0463818,0.0284053,-0.99852
1773725318877291,-0.0463992,0.0285285,-0.998516
1773725318897293,-0.0464912,0.0286481,-0.998508
1773725318917294,-0.0465236,0.0287806,-0.998502
1773725318937298,-0.04661,0.0288608,-0.998496
1773725318957300,-0.0466471,0.0290084,-0.99849
1773725318977293,-0.046686,0.0290554,-0.998487
1773725318997292,-0.0467353,0.0290471,-0.998485
1773725319017294,-0.0467994,0.0290981,-0.99848
1773725319037296,-0.0468493,0.0291353,-0.998477
1773725319057294,-0.0469027,0.0291272,-0.998475
1773725319077295,-0.0469374,0.029058,-0.998475
1773725319097401,-0.0469576,0.0290036,-0.998476
1773725319117290,-0.0469852,0.0289502,-0.998476
1773725319137289,-0.0470182,0.0289459,-0.998475
1773725319157291,-0.0470363,0.0289593,-0.998473
1773725319177296,-0.0470359,0.0290682,-0.99847
1773725319197292,-0.0469603,0.029097,-0.998473
1773725319217293,-0.0469014,0.0290594,-0.998477
1773725319237294,-0.04687,0.0290909,-0.998477
1773725319257292,-0.0468299,0.0291456,-0.998478
1773725319277293,-0.0467946,0.0292083,-0.998477
1773725319297294,-0.0467931,0.0293093,-0.998475
1773725319317292,-0.0467686,0.0292562,-0.998477
1773725319337293,-0.0467513,0.0292738,-0.998478
1773725319357289,-0.0466785,0.0292427,-0.998482
1773725319377289,-0.0466366,0.0292705,-0.998483
1773725319397305,-0.0466333,0.029293,-0.998482
1773725319417293,-0.0466275,0.0293005,-0.998483
1773725319437292,-0.0466005,0.0292106,-0.998486
1773725319457291,-0.0466554,0.0291526,-0.998486
1773725319477293,-0.0466299,0.0289852,-0.998492
1773725319497290,-0.0466119,0.0288449,-0.998497
1773725319517290,-0.0466064,0.0286979,-0.998501
1773725319537288,-0.0466232,0.0285627,-0.998504
1773725319557294,-0.0466401,0.0284312,-0.998507
1773725319577290,-0.0466731,0.0283799,-0.998507
1773725319597290,-0.0466449,0.0282333,-0.998512
1773725319617290,-0.0466834,0.0281977,-0.998512
1773725319637295,-0.0467248,0.0281046,-0.998512
1773725319657288,-0.046737,0.0280383,-0.998514
1773725319677289,-0.0467383,0.0279364,-0.998516
1773725319697316,-0.0467627,0.0278285,-0.998518
1773725319717290,-0.0467679,0.0278032,-0.998519
1773725319737288,-0.0467623,0.0277781,-0.99852
1773725319757287,-0.0467259,0.0277788,-0.998521
1773725319777287,-0.0467362,0.0278401,-0.998519
1773725319797290,-0.0467459,0.0279051,-0.998517
1773725319817289,-0.0467629,0.0280139,-0.998513
1773725319837311,-0.0467724,0.0281298,-0.998509
1773725319857287,-0.0467656,0.028241,-0.998507
1773725319877290,-0.0467359,0.02829,-0.998507
1773725319897294,-0.0467423,0.0284959,-0.9985
1773725319917292,-0.0467621,0.0285691,-0.998497
1773725319937291,-0.0467523,0.0286418,-0.998496
1773725319957287,-0.0467985,0.0287296,-0.998491
1773725319977293,-0.0468154,0.0288051,-0.998488
1773725319997290,-0.0468853,0.0288998,-0.998482
1773725320017322,-0.0468789,0.0288863,-0.998483
1773725320037290,-0.0468467,0.0288988,-0.998484
1773725320057291,-0.0468501,0.0289437,-0.998483
1773725320077290,-0.0468434,0.0289669,-0.998482
1773725320097290,-0.0468778,0.0289425,-0.998481
1773725320117288,-0.0468382,0.02897,-0.998482
1773725320137428,-0.0468037,0.02893,-0.998485
1773725320157289,-0.0467846,0.0289794,-0.998485
1773725320177291,-0.0467723,0.028936,-0.998486
1773725320197288,-0.0467359,0.0289514,-0.998488
1773725320217288,-0.0466886,0.0290045,-0.998488
1773725320237289,-0.0467137,0.0290337,-0.998486
1773725320257327,-0.0467117,0.0290887,-0.998485
1773725320277289,-0.0466951,0.0291452,-0.998484
1773725320297290,-0.0466751,0.0291896,-0.998484
1773725320317306,-0.0467264,0.029301,-0.998478
1773725320337285,-0.0467196,0.0292571,-0.998479
1773725320357287,-0.0467556,0.0291869,-0.99848
1773725320377286,-0.0467504,0.0291349,-0.998482
1773725320397287,-0.0467425,0.0290779,-0.998484
1773725320417298,-0.0467355,0.0289685,-0.998487
1773725320437289,-0.0467495,0.0288707,-0.998489
1773725320457302,-0.0468034,0.0288493,-0.998487
1773725320477289,-0.0468064,0.0287332,-0.998491
1773725320497287,-0.046803,0.0285778,-0.998495
1773725320517296,-0.0468279,0.0284804,-0.998497
1773725320537298,-0.0468803,0.0282911,-0.9985
1773725320557319,-0.0468849,0.0281664,-0.998503
1773725320577290,-0.0469035,0.0280197,-0.998506
1773725320597290,-0.0468633,0.0279981,-0.998509
1773725320617320,-0.0468512,0.0279017,-0.998512
1773725320637321,-0.0468874,0.0277417,-0.998515
1773725320657320,-0.0469027,0.027683,-0.998516
1773725320677290,-0.0468909,0.0276131,-0.998518
1773725320697287,-0.04689,0.0276392,-0.998518
1773725320717289,-0.0469024,0.0276354,-0.998517
1773725320737324,-0.0468934,0.0276564,-0.998517
1773725320757288,-0.0468993,0.0276101,-0.998518
1773725320777287,-0.0468363,0.0275899,-0.998521
1773725320797287,-0.0468343,0.0275939,-0.998521
1773725320817292,-0.0467534,0.0276481,-0.998524
1773725320837288,-0.0467653,0.0276849,-0.998522
1773725320857289,-0.0467081,0.0277062,-0.998524
1773725320877288,-0.0466817,0.0277621,-0.998524
1773725320897288,-0.0466817,0.0277774,-0.998524
1773725320917291,-0.046677,0.0278445,-0.998522
1773725320937289,-0.0466627,0.0278349,-0.998523
1773725320957292,-0.0466472,0.0278963,-0.998522
1773725320977288,-0.0466219,0.0279411,-0.998522
1773725320997288,-0.0466327,0.0279438,-0.998521
1773725321017288,-0.046662,0.0279208,-0.99852
1773725321037290,-0.0466874,0.0279091,-0.99852
1773725321057287,-0.0466455,0.0279159,-0.998521
1773725321077289,-0.0466631,0.0279612,-0.998519
1773725321097288,-0.0466407,0.0279165,-0.998522
1773725321117291,-0.0466597,0.0279712,-0.998519
1773725321137287,-0.0466746,0.0279876,-0.998518
1773725321157295,-0.0466871,0.0279909,-0.998517
1773725321177292,-0.0466972,0.0280048,-0.998516
1773725321197292,-0.0467608,0.0280273,-0.998513
1773725321217289,-0.0468151,0.028056,-0.998509
1773725321237291,-0.0468589,0.0281285,-0.998505
1773725321257292,-0.0468884,0.0281891,-0.998502
1773725321277292,-0.0468832,0.0282245,-0.998502
1773725321297293,-0.0468893,0.028183,-0.998502
1773725321317292,-0.0469002,0.0281974,-0.998502
1773725321337289,-0.0469305,0.028233,-0.998499
1773725321357289,-0.0469659,0.0282861,-0.998496
1773725321377287,-0.046992,0.0282507,-0.998496
1773725321397291,-0.0469975,0.0281865,-0.998497
1773725321417290,-0.0470093,0.0280969,-0.998499
1773725321437291,-0.0469528,0.0279216,-0.998507
1773725321457289,-0.0470156,0.0279158,-0.998504
1773725321477289,-0.0470352,0.0278588,-0.998505
1773725321497290,-0.0470212,0.0277276,-0.998509
1773725321517292,-0.0470508,0.0276156,-0.998511
1773725321537341,-0.0470782,0.0276027,-0.99851
1773725321557296,-0.0470511,0.0274562,-0.998515
1773725321577293,-0.0469984,0.0273193,-0.998521
1773725321597291,-0.0469615,0.027197,-0.998526
1773725321617291,-0.0469144,0.0271953,-0.998529
1773725321637294,-0.0468951,0.0271404,-0.998531
1773725321657294,-0.0469458,0.0270908,-0.99853
1773725321677290,-0.046967,0.0270868,-0.998529
1773725321697294,-0.0469893,0.0271273,-0.998527
1773725321717298,-0.0470139,0.0271931,-0.998524
1773725321737289,-0.0469754,0.0272249,-0.998525
1773725321757292,-0.0469005,0.0272657,-0.998527
1773725321777289,-0.0468009,0.0272662,-0.998532
1773725321797290,-0.0466881,0.0272907,-0.998537
1773725321817287,-0.0466277,0.0272528,-0.998541
1773725321837296,-0.0467301,0.027218,-0.998537
1773725321857288,-0.046828,0.0271744,-0.998533
1773725321877306,-0.046942,0.0271292,-0.998529
1773725321897304,-0.0471295,0.0271072,-0.998521
1773725321917310,-0.0472536,0.0270723,-0.998516
1773725321937287,-0.0473278,0.0270532,-0.998513
1773725321957285,-0.0473709,0.0271368,-0.998509
1773725321977339,-0.0473427,0.0271568,-0.998509
1773725321997319,-0.0473058,0.0272545,-0.998509
1773725322017292,-0.0472083,0.0273052,-0.998512
1773725322037289,-0.0470861,0.0272697,-0.998519
1773725322057292,-0.0469339,0.0273092,-0.998525
1773725322077290,-0.046772,0.0273723,-0.99853
1773725322097291,-0.0466257,0.0273299,-0.998538
1773725322117289,-0.0464988,0.0274049,-0.998542
1773725322137288,-0.0463552,0.0275014,-0.998546
1773725322157294,-0.046216,0.0275323,-0.998552
1773725322177290,-0.0461308,0.0275671,-0.998555
1773725322197294,-0.046063,0.027651,-0.998556
1773725322217294,-0.046004,0.0276745,-0.998558
1773725322237292,-0.0459408,0.027606,-0.998563
1773725322257291,-0.0459008,0.0274519,-0.998569
1773725322277291,-0.0458744,0.0273609,-0.998572
1773725322297291,-0.045819,0.0272655,-0.998578
1773725322317290,-0.0457386,0.0272405,-0.998582
1773725322337358,-0.0456749,0.0273163,-0.998583
1773725322357291,-0.0456555,0.0272879,-0.998584
1773725322377291,-0.0456417,0.0273949,-0.998582
1773725322397361,-0.0456689,0.0274469,-0.99858
1773725322417327,-0.0457676,0.0274692,-0.998574
1773725322437293,-0.0458615,0.027501,-0.998569
1773725322457292,-0.0459838,0.0274596,-0.998565
1773725322477291,-0.0461138,0.0274085,-0.99856
1773725322497346,-0.0462157,0.0273862,-0.998556
1773725322517294,-0.04628,0.0273534,-0.998554
1773725322537292,-0.0464009,0.027213,-0.998552
1773725322557291,-0.0465053,0.0271139,-0.99855
1773725322577292,-0.0467637,0.0269354,-0.998543
1773725322597289,-0.0469513,0.026794,-0.998538
1773725322617292,-0.0472199,0.0266946,-0.998528
1773725322637291,-0.047456,0.0266652,-0.998517
1773725322657290,-0.0477831,0.0267016,-0.998501
1773725322677291,-0.0481468,0.026779,-0.998481
1773725322697293,-0.0484324,0.0268588,-0.998465
1773725322717290,-0.0487458,0.0270329,-0.998445
1773725322737294,-0.048937,0.0272661,-0.99843
1773725322757295,-0.0491013,0.0275175,-0.998415
1773725322777291,-0.0491317,0.0277148,-0.998408
1773725322797291,-0.0491482,0.0278261,-0.998404
1773725322817293,-0.049124,0.0278752,-0.998404
1773725322837290,-0.04906,0.0278503,-0.998407
1773725322857290,-0.0489581,0.0277157,-0.998416
1773725322877292,-0.0489006,0.0275546,-0.998423
1773725322897291,-0.0487711,0.0273575,-0.998435
1773725322917292,-0.0485713,0.0271934,-0.998449
1773725322937292,-0.048373,0.0271425,-0.99846
1773725322957290,-0.0481763,0.0271427,-0.99847
1773725322977289,-0.0478554,0.0271662,-0.998485
1773725322997291,-0.0475116,0.0272801,-0.998498
1773725323017290,-0.0471313,0.0274396,-0.998512
1773725323037298,-0.0468186,0.0275593,-0.998523
1773725323057288,-0.0464862,0.0277008,-0.998535
1773725323077289,-0.0459974,0.027896,-0.998552
1773725323097286,-0.045876,0.0279006,-0.998557
1773725323117286,-0.0457222,0.0279775,-0.998562
1773725323137297,-0.0454209,0.0280705,-0.998573
1773725323157292,-0.0452691,0.0281688,-0.998578
1773725323177290,-0.0451011,0.0282566,-0.998583
1773725323197291,-0.0450108,0.0283947,-0.998583
1773725323217291,-0.0449122,0.0283882,-0.998588
1773725323237294,-0.0447705,0.0282966,-0.998596
1773725323257289,-0.0448406,0.0282182,-0.998596
1773725323277291,-0.0452601,0.0282004,-0.998577
1773725323297293,-0.0456766,0.0281939,-0.998558
1773725323317294,-0.0461424,0.0281074,-0.998539
1773725323337294,-0.0467105,0.0279829,-0.998516
1773725323357293,-0.0474238,0.0275914,-0.998494
1773725323377292,-0.048087,0.0272228,-0.998472
1773725323397290,-0.0482977,0.0267634,-0.998474
1773725323417296,-0.0486079,0.0264414,-0.998468
1773725323437290,-0.0489147,0.0259977,-0.998465
1773725323457291,-0.0489673,0.0257026,-0.99847
1773725323477288,-0.0488715,0.0255194,-0.998479
1773725323497292,-0.0485852,0.0254986,-0.998494
1773725323517300,-0.0482681,0.0256516,-0.998505
1773725323537290,-0.0479669,0.026008,-0.99851
1773725323557290,-0.0481995,0.0265666,-0.998484
1773725323577290,-0.0479824,0.0270114,-0.998483
1773725323597289,-0.0476648,0.0274583,-0.998486
1773725323617295,-0.0475929,0.0279235,-0.998476
1773725323637291,-0.0476669,0.0282602,-0.998463
1773725323657291,-0.0477935,0.0284094,-0.998453
1773725323677291,-0.0478607,0.0285805,-0.998445
1773725323697293,-0.0478808,0.0286044,-0.998443
1773725323717293,-0.0477776,0.028552,-0.99845
1773725323737288,-0.0474392,0.0284913,-0.998468
1773725323757441,-0.0471364,0.0283058,-0.998487
1773725323777289,-0.0467682,0.0279868,-0.998514
1773725323797287,-0.0463857,0.0275635,-0.998543
1773725323817288,-0.045955,0.0270682,-0.998577
1773725323837288,-0.0455009,0.0265665,-0.998611
1773725323857290,-0.044878,0.0260002,-0.998654
1773725323877288,-0.0440662,0.0254102,-0.998705
1773725323897286,-0.0430587,0.0247104,-0.998767
1773725323917287,-0.0422967,0.0242195,-0.998811
1773725323937286,-0.0414058,0.0236227,-0.998863
1773725323957291,-0.0409065,0.0233305,-0.998891
1773725323977289,-0.0403694,0.0229643,-0.998921
1773725323997320,-0.0401038,0.0227857,-0.998936
1773725324017288,-0.0395351,0.0228645,-0.998957
1773725324037291,-0.0389653,0.0230451,-0.998975
1773725324057289,-0.0385962,0.0232684,-0.998984
1773725324077291,-0.0384321,0.023787,-0.998978
1773725324097288,-0.0382579,0.0242246,-0.998974
1773725324117290,-0.0381416,0.0248608,-0.998963
1773725324137290,-0.0381083,0.0254026,-0.998951
1773725324157286,-0.0382965,0.026019,-0.998928
1773725324177286,-0.0385572,0.0265821,-0.998903
1773725324197287,-0.0388782,0.0270665,-0.998877
1773725324217288,-0.0392934,0.027522,-0.998849
1773725324237287,-0.0397752,0.0278646,-0.99882
1773725324257287,-0.0401943,0.0280538,-0.998798
1773725324277288,-0.0406849,0.0280746,-0.998778
1773725324297322,-0.0411491,0.027994,-0.998761
1773725324317285,-0.0416635,0.0277509,-0.998746
1773725324337300,-0.0423294,0.0274504,-0.998727
1773725324357307,-0.0428808,0.0270028,-0.998715
1773725324377287,-0.0433077,0.0264035,-0.998713
1773725324397308,-0.0436619,0.0258458,-0.998712
1773725324417285,-0.0439545,0.0252183,-0.998715
1773725324437285,-0.0440658,0.0246396,-0.998725
1773725324457285,-0.0440512,0.0241064,-0.998738
1773725324477291,-0.0438852,0.0236184,-0.998757
1773725324497288,-0.0436657,0.023141,-0.998778
1773725324517289,-0.0434056,0.02273,-0.998799
1773725324537288,-0.043067,0.0224221,-0.998821
1773725324557289,-0.0426123,0.0221922,-0.998845
1773725324577290,-0.0421654,0.0220982,-0.998866
1773725324597289,-0.0416833,0.0220853,-0.998887
1773725324617288,-0.0412299,0.0220989,-0.998905
1773725324637288,-0.0407627,0.0222496,-0.998921
1773725324657288,-0.04042,0.0224038,-0.998932
1773725324677289,-0.0399097,0.0227138,-0.998945
1773725324697287,-0.0395411,0.0229556,-0.998954
1773725324717294,-0.0392086,0.0232465,-0.998961
1773725324737286,-0.0389504,0.0234422,-0.998966
1773725324757286,-0.0385767,0.0235066,-0.998979
1773725324777288,-0.0381233,0.023527,-0.998996
1773725324797286,-0.0373055,0.023213,-0.999034
1773725324817288,-0.0365614,0.0226525,-0.999075
1773725324837288,-0.0364251,0.0221781,-0.99909
1773725324857286,-0.0365475,0.0219089,-0.999092
1773725324877286,-0.0367185,0.0214359,-0.999096
1773725324897289,-0.0368889,0.0212187,-0.999094
1773725324917287,-0.0369666,0.0212256,-0.999091
1773725324937288,-0.0368768,0.0210479,-0.999098
1773725324957287,-0.0369588,0.0210644,-0.999095
1773725324977285,-0.0371487,0.0213221,-0.999082
1773725324997286,-0.0368934,0.0215813,-0.999086
1773725325017286,-0.0365355,0.021796,-0.999095
1773725325037288,-0.036333,0.0221268,-0.999095
1773725325057289,-0.036341,0.0226068,-0.999084
1773725325077287,-0.0364509,0.0229907,-0.999071
1773725325097287,-0.0368441,0.0233498,-0.999048
1773725325117286,-0.0376502,0.0236508,-0.999011
1773725325137286,-0.0388827,0.0238846,-0.998958
1773725325157287,-0.0403147,0.0239085,-0.998901
1773725325177286,-0.0409822,0.0238144,-0.998876
1773725325197289,-0.0413268,0.0236231,-0.998866
1773725325217288,-0.0411382,0.0232959,-0.998882
1773725325237288,-0.0412257,0.0229108,-0.998887
1773725325257297,-0.0419598,0.0223866,-0.998868
1773725325277290,-0.042826,0.021711,-0.998847
1773725325297288,-0.0438571,0.0210675,-0.998816
1773725325317287,-0.0448993,0.0203409,-0.998784
1773725325337295,-0.0459262,0.0197096,-0.99875
1773725325357290,-0.0468992,0.0190169,-0.998719
1773725325377287,-0.0479018,0.0184099,-0.998682
1773725325397289,-0.0487809,0.0177735,-0.998651
1773725325417288,-0.049415,0.0171938,-0.99863
1773725325437287,-0.0501698,0.01672,-0.998601
1773725325457314,-0.0508885,0.0163804,-0.99857
1773725325477409,-0.051387,0.0160902,-0.998549
1773725325497288,-0.0517469,0.0159731,-0.998532
1773725325517290,-0.0520056,0.0159173,-0.99852
1773725325537288,-0.0519915,0.0159752,-0.99852
1773725325557287,-0.0518298,0.0161295,-0.998526
1773725325577289,-0.0515397,0.016445,-0.998536
1773725325597286,-0.0510929,0.016916,-0.998551
1773725325617290,-0.0503999,0.0174037,-0.998577
1773725325637286,-0.0497295,0.0179302,-0.998602
1773725325657287,-0.0490013,0.018594,-0.998626
1773725325677285,-0.0483169,0.0193458,-0.998645
1773725325697288,-0.047629,0.0200625,-0.998664
1773725325717327,-0.0470448,0.0208609,-0.998675
1773725325737288,-0.0465262,0.0216183,-0.998683
1773725325757316,-0.0459888,0.0223068,-0.998693
1773725325777286,-0.0453994,0.0230747,-0.998702
1773725325797287,-0.0450778,0.0236518,-0.998703
1773725325817310,-0.0446976,0.0240696,-0.998711
1773725325837286,-0.0443734,0.0244604,-0.998716
1773725325857288,-0.0441475,0.0248355,-0.998716
1773725325877288,-0.0438485,0.0249947,-0.998725
1773725325897287,-0.0435362,0.0251563,-0.998735
1773725325917286,-0.0434868,0.025197,-0.998736
1773725325937291,-0.0439785,0.0250591,-0.998718
1773725325957288,-0.0445379,0.0248609,-0.998698
1773725325977288,-0.0451922,0.0245242,-0.998677
1773725325997287,-0.0459189,0.0242346,-0.998651
1773725326017289,-0.0467878,0.0238046,-0.998621
1773725326037287,-0.0477168,0.0233496,-0.998588
1773725326057287,-0.0484912,0.0227309,-0.998565
1773725326077287,-0.0492434,0.022234,-0.998539
1773725326097285,-0.0497384,0.0215086,-0.998531
1773725326117285,-0.0500415,0.0208759,-0.998529
1773725326137285,-0.0501986,0.0202107,-0.998535
1773725326157287,-0.0503053,0.0195508,-0.998543
1773725326177288,-0.0502486,0.0190282,-0.998555
1773725326197285,-0.0501334,0.0186469,-0.998568
1773725326217286,-0.0498907,0.0183442,-0.998586
1773725326237287,-0.0495967,0.0182231,-0.998603
1773725326257285,-0.0491775,0.0183492,-0.998621
1773725326277286,-0.0481879,0.018593,-0.998665
1773725326297287,-0.0468035,0.0188652,-0.998726
1773725326317294,-0.0455667,0.019271,-0.998775
1773725326337287,-0.0445271,0.0198004,-0.998812
1773725326357288,-0.0436395,0.0203353,-0.99884
1773725326377289,-0.0425806,0.0208474,-0.998876
1773725326397307,-0.0415229,0.021316,-0.99891
1773725326417285,-0.0405467,0.0218006,-0.99894
1773725326437307,-0.0395612,0.0222223,-0.99897
1773725326457286,-0.038616,0.022592,-0.998999
1773725326477286,-0.0376732,0.0229071,-0.999028
1773725326497286,-0.0367548,0.0232365,-0.999054
1773725326517287,-0.0359249,0.0234345,-0.99908
1773725326537285,-0.0352007,0.0235735,-0.999102
1773725326557318,-0.0345476,0.023675,-0.999123
1773725326577287,-0.0340521,0.0236425,-0.99914
1773725326597291,-0.033726,0.0235979,-0.999152
1773725326617288,-0.0334959,0.0234835,-0.999163
1773725326637366,-0.0333868,0.0233027,-0.999171
1773725326657293,-0.0333519,0.0230415,-0.999178
1773725326677253,-0.0334403,0.0227937,-0.999181
1773725326697287,-0.0336395,0.0225478,-0.99918
1773725326717288,-0.0339734,0.0222201,-0.999176
1773725326737294,-0.0343839,0.022057,-0.999165
1773725326757321,-0.0347726,0.0217683,-0.999158
1773725326777289,-0.0351657,0.0216135,-0.999148
1773725326797288,-0.0354255,0.0214931,-0.999141
1773725326817289,-0.0355653,0.0213383,-0.99914
1773725326837287,-0.0358058,0.0213072,-0.999132
1773725326857289,-0.0361683,0.021219,-0.99912
1773725326877288,-0.0365373,0.0212507,-0.999106
1773725326897286,-0.0368908,0.0212742,-0.999093
1773725326917289,-0.03706,0.0214409,-0.999083
1773725326937287,-0.0372245,0.0217004,-0.999071
1773725326957287,-0.0373493,0.021833,-0.999064
1773725326977287,-0.0374757,0.0219939,-0.999055
1773725326997290,-0.0375733,0.0221794,-0.999048
1773725327017289,-0.0376867,0.0223699,-0.999039
1773725327037292,-0.0377931,0.0225548,-0.999031
1773725327057288,-0.0379502,0.0227294,-0.999021
1773725327077287,-0.0380722,0.0228839,-0.999013
1773725327097287,-0.0381904,0.0230211,-0.999005
1773725327117290,-0.0383173,0.0231483,-0.998997
1773725327137288,-0.0384541,0.0232553,-0.99899
1773725327157286,-0.0386219,0.0233803,-0.99898
1773725327177288,-0.0388081,0.0235146,-0.99897
1773725327197287,-0.0389334,0.0235569,-0.998964
1773725327217287,-0.0390093,0.0235509,-0.998961
1773725327237287,-0.0391363,0.02359,-0.998955
1773725327257288,-0.0391992,0.0236456,-0.998952
1773725327277288,-0.039268,0.0237039,-0.998948
1773725327297314,-0.0392579,0.0236954,-0.998948
1773725327317285,-0.0392283,0.0236541,-0.99895
1773725327337292,-0.0391494,0.0235551,-0.998956
1773725327357292,-0.0389705,0.0234482,-0.998965
1773725327377295,-0.0387467,0.023303,-0.998977
1773725327397294,-0.0385179,0.0230945,-0.998991
1773725327417296,-0.0382393,0.0229153,-0.999006
1773725327437292,-0.0380644,0.0228356,-0.999014
1773725327457289,-0.0378612,0.0227072,-0.999025
1773725327477291,-0.0377393,0.0224998,-0.999034
1773725327497290,-0.037602,0.0222621,-0.999045
1773725327517289,-0.0375851,0.0220183,-0.999051
1773725327537290,-0.0376863,0.0216872,-0.999054
1773725327557315,-0.0378997,0.0212117,-0.999056
1773725327577314,-0.0382074,0.0207484,-0.999054
1773725327597286,-0.0386783,0.0202984,-0.999046
1773725327617288,-0.0392321,0.0197137,-0.999036
1773725327637287,-0.0398724,0.0190451,-0.999023
1773725327657313,-0.0406982,0.0183252,-0.999003
1773725327677286,-0.0416141,0.0175634,-0.998979
1773725327697287,-0.042717,0.0169135,-0.998944
1773725327717288,-0.0438525,0.0162445,-0.998906
1773725327737286,-0.0450862,0.0156035,-0.998861
1773725327757308,-0.0458946,0.0149016,-0.998835
1773725327777286,-0.0464704,0.0142354,-0.998818
1773725327797292,-0.0470346,0.0135949,-0.998801
1773725327817290,-0.0474956,0.0130898,-0.998786
1773725327837377,-0.0479978,0.0126665,-0.998767
1773725327857287,-0.0484731,0.0122497,-0.998749
1773725327877286,-0.0491362,0.0118792,-0.998721
1773725327897291,-0.0499817,0.0115642,-0.998683
1773725327917287,-0.0511917,0.0113373,-0.998624
1773725327937312,-0.0525334,0.0111323,-0.998557
1773725327957289,-0.0538272,0.0109293,-0.99849
1773725327977290,-0.0551634,0.0107899,-0.998419
1773725327997289,-0.0568236,0.0106089,-0.998328
1773725328017287,-0.0588032,0.0104565,-0.998215
1773725328037290,-0.060905,0.0103753,-0.99809
1773725328057288,-0.0629221,0.0101502,-0.997967
1773725328077285,-0.0659349,0.0100383,-0.997773
1773725328097287,-0.0668715,0.00995547,-0.997712
1773725328117287,-0.0683728,0.00987925,-0.997611
1773725328137286,-0.0691513,0.00979362,-0.997558
1773725328157291,-0.0693738,0.00982454,-0.997542
1773725328177287,-0.069819,0.00981471,-0.997511
1773725328197286,-0.0705185,0.0100078,-0.99746
1773725328217289,-0.0707965,0.010139,-0.997439
1773725328237288,-0.0707471,0.0102059,-0.997442
1773725328257287,-0.0707793,0.0104155,-0.997438
1773725328277285,-0.0706254,0.0109199,-0.997443
1773725328297289,-0.0701437,0.0113017,-0.997473
1773725328317289,-0.0696898,0.0118311,-0.997499
1773725328337286,-0.0690379,0.012328,-0.997538
1773725328357295,-0.0682714,0.0129494,-0.997583
1773725328377287,-0.0674321,0.0135759,-0.997631
1773725328397286,-0.0665203,0.0141937,-0.997684
1773725328417287,-0.0655575,0.0147449,-0.99774
1773725328437287,-0.0645691,0.0152722,-0.997796
1773725328457285,-0.0635648,0.0157237,-0.997854
1773725328477286,-0.0624992,0.0161743,-0.997914
1773725328497287,-0.0614748,0.0165852,-0.997971
1773725328517287,-0.0604361,0.0169529,-0.998028
1773725328537287,-0.0594174,0.0172664,-0.998084
1773725328557288,-0.0583646,0.0175273,-0.998141
1773725328577287,-0.0573196,0.0177799,-0.998198
1773725328597305,-0.0562619,0.0179814,-0.998254
1773725328617288,-0.0552885,0.0180979,-0.998306
1773725328637306,-0.0543404,0.0182726,-0.998355
1773725328657288,-0.0533527,0.0182988,-0.998408
1773725328677311,-0.0524279,0.0183619,-0.998456
1773725328697287,-0.0515287,0.0184387,-0.998501
1773725328717289,-0.0506161,0.0184038,-0.998549
1773725328737287,-0.0497961,0.0184161,-0.99859
1773725328757286,-0.0489397,0.0183691,-0.998633
1773725328777287,-0.0480571,0.0184001,-0.998675
1773725328797288,-0.0470948,0.01843,-0.99872
1773725328817292,-0.0459901,0.01846,-0.998771
1773725328837314,-0.0447507,0.0184344,-0.998828
1773725328857316,-0.0435027,0.0184013,-0.998884
1773725328877287,-0.0423639,0.0185085,-0.998931
1773725328897289,-0.0412273,0.0185994,-0.998977
1773725328917288,-0.0400675,0.0186508,-0.999023
1773725328937290,-0.0391959,0.0187608,-0.999055
1773725328957311,-0.0377003,0.0189764,-0.999109
1773725328977288,-0.0364952,0.0192038,-0.999149
1773725328997296,-0.0354072,0.0193946,-0.999185
1773725329017287,-0.0343039,0.0195189,-0.999221
1773725329037288,-0.0333144,0.0197078,-0.999251
1773725329057288,-0.0323644,0.0197765,-0.99928
1773725329077308,-0.0315308,0.0197987,-0.999307
1773725329097286,-0.0307675,0.0198246,-0.99933
1773725329117307,-0.0301227,0.0198681,-0.999349
1773725329137290,-0.0295573,0.019738,-0.999368
1773725329157287,-0.0291221,0.0195471,-0.999385
1773725329177288,-0.0287757,0.0193474,-0.999399
1773725329197317,-0.0285592,0.0191015,-0.99941
1773725329217288,-0.0283865,0.0188738,-0.999419
1773725329237287,-0.0283545,0.0186634,-0.999424
1773725329257287,-0.0283777,0.0184029,-0.999428
1773725329277312,-0.0284816,0.0181377,-0.99943
1773725329297288,-0.0286259,0.0178548,-0.999431
1773725329317287,-0.0288442,0.0176273,-0.999428
1773725329337292,-0.0290732,0.0174892,-0.999424
1773725329357290,-0.0293075,0.0174024,-0.999419
1773725329377287,-0.029557,0.0173993,-0.999412
1773725329397288,-0.0298835,0.0174642,-0.999401
1773725329417287,-0.030145,0.01751,-0.999392
1773725329437286,-0.0304376,0.0176712,-0.99938
1773725329457294,-0.0307286,0.017847,-0.999368
1773725329477287,-0.0310402,0.0180432,-0.999355
1773725329497287,-0.0314035,0.0182882,-0.999339
1773725329517286,-0.0316895,0.0185234,-0.999326
1773725329537316,-0.0320015,0.0188428,-0.99931
1773725329557288,-0.0322886,0.0191564,-0.999295
1773725329577288,-0.0325604,0.0194305,-0.999281
1773725329597287,-0.0328045,0.0197015,-0.999268
1773725329617291,-0.0331095,0.0200444,-0.999251
1773725329637289,-0.0332677,0.020506,-0.999236
1773725329657288,-0.0334408,0.0209551,-0.999221
1773725329677310,-0.0336252,0.0212888,-0.999208
1773725329697288,-0.0337675,0.0217276,-0.999194
1773725329717289,-0.0338652,0.0220778,-0.999183
1773725329737288,-0.0339815,0.0223746,-0.999172
1773725329757289,-0.0341688,0.0225877,-0.999161
1773725329777313,-0.034386,0.0228608,-0.999147
1773725329797293,-0.0345908,0.0230148,-0.999137
1773725329817292,-0.0348466,0.0230612,-0.999127
1773725329837318,-0.0351606,0.0231344,-0.999114
1773725329857323,-0.0355998,0.0232021,-0.999097
1773725329877289,-0.0360797,0.0232221,-0.999079
1773725329897287,-0.0366948,0.0231864,-0.999057
1773725329917285,-0.0374025,0.0231331,-0.999032
1773725329937287,-0.0382198,0.0229944,-0.999005
1773725329957315,-0.0391174,0.0227612,-0.998975
1773725329977288,-0.0401063,0.0225304,-0.998941
1773725329997290,-0.0411684,0.0222908,-0.998904
1773725330017321,-0.0422657,0.0219693,-0.998865
1773725330037287,-0.0433808,0.0217253,-0.998822
1773725330057286,-0.0445181,0.0214561,-0.998778
1773725330077289,-0.045595,0.0211019,-0.998737
1773725330097288,-0.0466748,0.0207859,-0.998694
1773725330117287,-0.0476222,0.0204426,-0.998656
1773725330137289,-0.0484634,0.0201072,-0.998623
1773725330157315,-0.0491708,0.019886,-0.998592
1773725330177288,-0.049745,0.0196138,-0.998569
1773725330197289,-0.0501371,0.0193859,-0.998554
1773725330217287,-0.0503788,0.0191834,-0.998546
1773725330237382,-0.0505169,0.0190607,-0.998541
1773725330257300,-0.0505179,0.0188743,-0.998545
1773725330277286,-0.0503994,0.0186832,-0.998554
1773725330297286,-0.0501487,0.018566,-0.998569
1773725330317287,-0.0499408,0.0185047,-0.998581
1773725330337286,-0.0496598,0.0184119,-0.998596
1773725330357287,-0.0492793,0.0183243,-0.998617
1773725330377342,-0.0489195,0.0182934,-0.998635
1773725330397310,-0.0486353,0.0183496,-0.998648
1773725330417289,-0.048321,0.018383,-0.998663
1773725330437366,-0.0479647,0.0184061,-0.998679
1773725330457310,-0.0476094,0.018444,-0.998696
1773725330477341,-0.0472746,0.0184213,-0.998712
1773725330497297,-0.0469434,0.0184979,-0.998726
1773725330517294,-0.0465914,0.0185163,-0.998742
1773725330537289,-0.0462571,0.0185865,-0.998757
1773725330557290,-0.0459816,0.01864,-0.998768
1773725330577288,-0.0457839,0.0186628,-0.998777
1773725330597287,-0.0456011,0.0187161,-0.998784
1773725330617288,-0.0454104,0.0186974,-0.998793
1773725330637286,-0.0452643,0.0187796,-0.998799
1773725330657286,-0.0450954,0.0188801,-0.998804
1773725330677287,-0.0449311,0.0189936,-0.99881
1773725330697252,-0.0447488,0.0191619,-0.998814
1773725330717292,-0.0444802,0.0193635,-0.998823
1773725330737291,-0.0441444,0.0195407,-0.998834
1773725330757291,-0.0436991,0.0197848,-0.998849
1773725330777291,-0.0431851,0.0199914,-0.998867
1773725330797290,-0.042604,0.0202717,-0.998886
1773725330817292,-0.0419954,0.0205579,-0.998906
1773725330837291,-0.0412992,0.0208977,-0.998928
1773725330857292,-0.0405917,0.0211981,-0.998951
1773725330877293,-0.0397799,0.0214842,-0.998977
1773725330897290,-0.0389667,0.0217775,-0.999003
1773725330917290,-0.0381396,0.0219194,-0.999032
1773725330937294,-0.037276,0.0220487,-0.999062
1773725330957290,-0.0363945,0.0221011,-0.999093
1773725330977291,-0.0355288,0.0220734,-0.999125
1773725330997293,-0.0347553,0.0219587,-0.999155
1773725331017293,-0.0340808,0.0217559,-0.999182
1773725331037291,-0.0335766,0.0214533,-0.999206
1773725331057288,-0.0332012,0.0210592,-0.999227
1773725331077291,-0.0328783,0.0205795,-0.999247
1773725331097293,-0.0326702,0.0200818,-0.999264
1773725331117290,-0.0325852,0.0193153,-0.999282
1773725331137286,-0.0326756,0.0186614,-0.999292
1773725331157286,-0.0328377,0.0179629,-0.999299
1773725331177287,-0.0330044,0.0172498,-0.999306
1773725331197316,-0.0331866,0.0165802,-0.999312
1773725331217289,-0.0334389,0.0158521,-0.999315
1773725331237309,-0.0335873,0.0151745,-0.999321
1773725331257296,-0.0336287,0.0146362,-0.999327
1773725331277288,-0.0335144,0.0140335,-0.99934
1773725331297286,-0.0333046,0.0136082,-0.999353
1773725331317286,-0.0330286,0.0131844,-0.999367
1773725331337287,-0.0326522,0.0128738,-0.999384
1773725331357289,-0.0322808,0.0126086,-0.999399
1773725331377288,-0.0318137,0.0123463,-0.999418
1773725331397287,-0.0313959,0.0122668,-0.999432
1773725331417287,-0.0309486,0.0122695,-0.999446
1773725331437288,-0.030668,0.0123073,-0.999454
1773725331457288,-0.0305447,0.0124642,-0.999456
1773725331477290,-0.0305724,0.0127454,-0.999451
1773725331497286,-0.0307477,0.0130519,-0.999442
1773725331517286,-0.0310775,0.0134632,-0.999426
1773725331537289,-0.0314211,0.0139239,-0.999409
1773725331557286,-0.0317556,0.0144034,-0.999392
1773725331577289,-0.0321714,0.0148575,-0.999372
1773725331597311,-0.0325766,0.0152789,-0.999352
1773725331617293,-0.0326812,0.0155746,-0.999344
1773725331637288,-0.032677,0.015772,-0.999342
1773725331657320,-0.0329454,0.0158645,-0.999331
1773725331677289,-0.0335691,0.0158251,-0.999311
1773725331697288,-0.0342256,0.015657,-0.999291
1773725331717287,-0.0350631,0.0154032,-0.999266
1773725331737288,-0.0360601,0.0150977,-0.999236
1773725331757288,-0.0370496,0.0147301,-0.999205
1773725331777288,-0.0380639,0.0144049,-0.999171
1773725331797287,-0.0390865,0.0140844,-0.999137
1773725331817289,-0.039992,0.0138025,-0.999105
1773725331837287,-0.0407374,0.0135798,-0.999078
1773725331857288,-0.0413809,0.0134229,-0.999053
1773725331877289,-0.0419258,0.0132105,-0.999033
1773725331897287,-0.0424572,0.013,-0.999014
1773725331917292,-0.0428832,0.0129078,-0.998997
1773725331937290,-0.043178,0.0128066,-0.998985
1773725331957311,-0.0433345,0.0126749,-0.99898
1773725331977287,-0.0433883,0.0125161,-0.99898
1773725331997287,-0.0434106,0.0124621,-0.99898
1773725332017286,-0.0434099,0.012415,-0.99898
1773725332037288,-0.0433589,0.0124747,-0.998982
1773725332057318,-0.0432979,0.0127421,-0.998981
1773725332077314,-0.0431874,0.0130382,-0.998982
1773725332097315,-0.0431779,0.0134184,-0.998977
1773725332117287,-0.0435466,0.013792,-0.998956
1773725332137289,-0.0438552,0.0141609,-0.998938
1773725332157293,-0.0440419,0.0143776,-0.998926
1773725332177289,-0.0441757,0.0146087,-0.998917
1773725332197288,-0.0444095,0.0145964,-0.998907
1773725332217295,-0.0446978,0.0145171,-0.998895
1773725332237288,-0.0450475,0.0142597,-0.998883
1773725332257287,-0.0455106,0.0138984,-0.998867
1773725332277287,-0.0459828,0.0135202,-0.998851
1773725332297294,-0.046262,0.0130361,-0.998844
1773725332317288,-0.046453,0.0124676,-0.998843
1773725332337286,-0.0465689,0.0119836,-0.998843
1773725332357293,-0.0466149,0.0115658,-0.998846
1773725332377289,-0.0470047,0.0112207,-0.998832
1773725332397289,-0.0467593,0.0110206,-0.998845
1773725332417287,-0.0464739,0.0109307,-0.99886
1773725332437290,-0.0458979,0.010929,-0.998886
1773725332457288,-0.0450616,0.0110734,-0.998923
1773725332477287,-0.0441819,0.0112404,-0.99896
1773725332497313,-0.043169,0.0114207,-0.999003
1773725332517288,-0.0420528,0.0118195,-0.999045
1773725332537287,-0.041528,0.0120953,-0.999064
1773725332557292,-0.0411482,0.0122994,-0.999077
1773725332577316,-0.0410445,0.0123704,-0.999081
1773725332597288,-0.0411035,0.0123192,-0.999079
1773725332617286,-0.0413486,0.0118601,-0.999074
1773725332637289,-0.0422427,0.0112058,-0.999045
1773725332657287,-0.0432097,0.0103323,-0.999013
1773725332677287,-0.0443107,0.00923683,-0.998975
1773725332697288,-0.045583,0.00822866,-0.998927
1773725332717291,-0.0466093,0.00725363,-0.998887
1773725332737287,-0.0472916,0.0064301,-0.99886
1773725332757288,-0.0476393,0.00568699,-0.998848
1773725332777313,-0.0476256,0.00524265,-0.998852
1773725332797287,-0.0474506,0.00480894,-0.998862
1773725332817288,-0.0471612,0.00465116,-0.998876
1773725332837291,-0.0468593,0.00443153,-0.998892
1773725332857297,-0.046903,0.00416224,-0.998891
1773725332877288,-0.0472257,0.00390063,-0.998877
1773725332897289,-0.0478255,0.00370013,-0.998849
1773725332917288,-0.0486984,0.00360785,-0.998807
1773725332937292,-0.0497922,0.00357651,-0.998753
1773725332957291,-0.0505938,0.00379269,-0.998712
1773725332977290,-0.050733,0.00460973,-0.998702
1773725332997291,-0.0511544,0.00536668,-0.998676
1773725333017319,-0.0515543,0.00596801,-0.998652
1773725333037288,-0.0521676,0.00649605,-0.998617
1773725333057291,-0.0527651,0.0067305,-0.998584
1773725333077294,-0.0536954,0.00704386,-0.998533
1773725333097286,-0.0540974,0.00720214,-0.99851
1773725333117291,-0.0547895,0.00764155,-0.998469
1773725333137290,-0.0554205,0.00783196,-0.998432
1773725333157290,-0.0559627,0.00776559,-0.998403
1773725333177291,-0.0565347,0.0077204,-0.998371
1773725333197293,-0.0572281,0.00760553,-0.998332
1773725333217289,-0.0576032,0.00772422,-0.99831
1773725333237318,-0.0578271,0.00766305,-0.998297
1773725333257286,-0.0580818,0.00768864,-0.998282
1773725333277289,-0.0582812,0.00747799,-0.998272
1773725333297289,-0.0584052,0.00768818,-0.998263
1773725333317290,-0.0584824,0.00778183,-0.998258
1773725333337291,-0.058576,0.00754851,-0.998254
1773725333357291,-0.0588046,0.00753785,-0.998241
1773725333377312,-0.0590055,0.00760658,-0.998229
1773725333397291,-0.0592922,0.00770111,-0.998211
1773725333417289,-0.0596307,0.00771106,-0.998191
1773725333437285,-0.0601762,0.00777908,-0.998157
1773725333457285,-0.0606809,0.00795355,-0.998126
1773725333477286,-0.0614701,0.00810075,-0.998076
1773725333497287,-0.0624888,0.00804009,-0.998013
1773725333517309,-0.0634525,0.00802667,-0.997953
1773725333537290,-0.0646617,0.00803997,-0.997875
1773725333557287,-0.0656695,0.00833189,-0.997807
1773725333577287,-0.066832,0.00841585,-0.997729
1773725333597289,-0.0677069,0.00838875,-0.99767
1773725333617289,-0.0688082,0.00839657,-0.997595
1773725333637288,-0.0697646,0.00834576,-0.997529
1773725333657318,-0.0705133,0.00798247,-0.997479
1773725333677288,-0.0714361,0.00776746,-0.997415
1773725333697289,-0.0723193,0.00753375,-0.997353
1773725333717288,-0.0730946,0.00729231,-0.997298
1773725333737288,-0.073767,0.00718416,-0.99725
1773725333757288,-0.0745014,0.00707543,-0.997196
1773725333777289,-0.0753043,0.00698099,-0.997136
1773725333797317,-0.0757915,0.00691405,-0.9971
1773725333817291,-0.076486,0.00687406,-0.997047
1773725333837289,-0.0773227,0.0068105,-0.996983
1773725333857291,-0.0778636,0.0066161,-0.996942
1773725333877289,-0.0785878,0.00658923,-0.996885
1773725333897289,-0.0789801,0.00641434,-0.996856
1773725333917288,-0.0795102,0.00633168,-0.996814
1773725333937288,-0.0799312,0.00623776,-0.996781
1773725333957288,-0.080333,0.00628551,-0.996748
1773725333977288,-0.0807814,0.0062292,-0.996712
1773725333997291,-0.0811239,0.00619916,-0.996685
1773725334017300,-0.081434,0.00620617,-0.996659
1773725334037293,-0.0816148,0.00618384,-0.996645
1773725334057292,-0.0817981,0.00599968,-0.996631
1773725334077293,-0.0819315,0.00588199,-0.996621
1773725334097295,-0.0820097,0.00589634,-0.996614
1773725334117293,-0.0820692,0.00589021,-0.996609
1773725334137292,-0.0821691,0.00593023,-0.996601
1773725334157290,-0.0822393,0.00602238,-0.996594
1773725334177300,-0.0822753,0.00609156,-0.996591
1773725334197292,-0.0823302,0.0060295,-0.996587
1773725334217288,-0.0824806,0.00606855,-0.996574
1773725334237288,-0.0825828,0.0061029,-0.996566
1773725334257286,-0.0827329,0.00612971,-0.996553
1773725334277286,-0.0827927,0.00614631,-0.996548
1773725334297287,-0.0828515,0.00610393,-0.996543
1773725334317288,-0.0829447,0.00599447,-0.996536
1773725334337287,-0.0830821,0.00603935,-0.996524
1773725334357286,-0.0832021,0.00603722,-0.996514
1773725334377287,-0.0833214,0.00600307,-0.996505
1773725334397287,-0.0834202,0.00603834,-0.996496
1773725334417293,-0.0835921,0.0060876,-0.996481
1773725334437288,-0.0836909,0.0060715,-0.996473
1773725334457289,-0.0838887,0.00621613,-0.996456
1773725334477287,-0.0840904,0.00628291,-0.996438
1773725334497295,-0.084236,0.00635119,-0.996426
1773725334517290,-0.0846367,0.00643016,-0.996391
1773725334537292,-0.0849662,0.00656968,-0.996362
1773725334557289,-0.0853252,0.00660997,-0.996331
1773725334577289,-0.0857851,0.00658366,-0.996292
1773725334597290,-0.0863503,0.00665175,-0.996243
1773725334617291,-0.0868894,0.00672028,-0.996195
1773725334637289,-0.0874273,0.00676715,-0.996148
1773725334657288,-0.0879982,0.00672865,-0.996098
1773725334677291,-0.0886397,0.00672825,-0.996041
1773725334697290,-0.0893889,0.00680208,-0.995974
1773725334717294,-0.0901026,0.00686302,-0.995909
1773725334737292,-0.0907688,0.00677355,-0.995849
1773725334757290,-0.091513,0.00667861,-0.995781
1773725334777290,-0.0923968,0.00671416,-0.9957
1773725334797289,-0.0932629,0.00677152,-0.995618
1773725334817292,-0.0940845,0.00703156,-0.995539
1773725334837292,-0.0947758,0.00720111,-0.995473
1773725334857294,-0.0954495,0.00718418,-0.995408
1773725334877289,-0.0960611,0.00724683,-0.995349
1773725334897291,-0.096695,0.00732934,-0.995287
1773725334917291,-0.0972993,0.00735461,-0.995228
1773725334937290,-0.0978804,0.00745962,-0.99517
1773725334957290,-0.0984519,0.00755813,-0.995113
1773725334977296,-0.0990282,0.00753047,-0.995056
1773725334997288,-0.0996317,0.00757775,-0.994996
1773725335017292,-0.100048,0.00747899,-0.994955
1773725335037291,-0.100341,0.00750773,-0.994925
1773725335057288,-0.100509,0.00748913,-0.994908
1773725335077287,-0.100528,0.00751297,-0.994906
1773725335097289,-0.100488,0.00756515,-0.994909
1773725335117288,-0.100473,0.00754593,-0.994911
1773725335137289,-0.100319,0.00755902,-0.994927
1773725335157288,-0.0999747,0.00752929,-0.994961
1773725335177320,-0.0995636,0.00750487,-0.995003
1773725335197310,-0.0990319,0.00747149,-0.995056
1773725335217288,-0.0985887,0.0073998,-0.995101
1773725335237288,-0.0981288,0.00739187,-0.995146
1773725335257287,-0.0975407,0.0072571,-0.995205
1773725335277287,-0.0969124,0.00718975,-0.995267
1773725335297287,-0.0962309,0.00708541,-0.995334
1773725335317293,-0.0955143,0.00701482,-0.995403
1773725335337286,-0.0947306,0.00690833,-0.995479
1773725335357287,-0.0939781,0.00683916,-0.995551
1773725335377288,-0.0932271,0.00678965,-0.995622
1773725335397288,-0.0923939,0.00671544,-0.9957
1773725335417288,-0.0915021,0.00671536,-0.995782
1773725335437292,-0.0904349,0.00668697,-0.99588
1773725335457292,-0.0895439,0.00662855,-0.995961
1773725335477290,-0.0887483,0.00647378,-0.996033
1773725335497289,-0.0879331,0.00639066,-0.996106
1773725335517292,-0.0871675,0.00630451,-0.996174
1773725335537289,-0.0864349,0.00620304,-0.996238
1773725335557289,-0.0856052,0.0060706,-0.996311
1773725335577289,-0.0847703,0.00600531,-0.996382
1773725335597292,-0.0839923,0.00610576,-0.996448
1773725335617299,-0.0833663,0.00609095,-0.9965
1773725335637340,-0.0827304,0.00595581,-0.996554
1773725335657290,-0.0819345,0.00595096,-0.99662
1773725335677287,-0.081312,0.00597394,-0.996671
1773725335697285,-0.0807066,0.0059289,-0.99672
1773725335717312,-0.0801124,0.00589171,-0.996768
1773725335737296,-0.0792427,0.00600474,-0.996837
1773725335757291,-0.0786781,0.00607563,-0.996882
1773725335777293,-0.078193,0.00600285,-0.99692
1773725335797294,-0.0777737,0.00588649,-0.996954
1773725335817290,-0.077226,0.00576234,-0.996997
1773725335837293,-0.076941,0.00586551,-0.997018
1773725335857292,-0.076768,0.00586297,-0.997032
1773725335877291,-0.0765668,0.00567523,-0.997048
1773725335897290,-0.0762384,0.00562554,-0.997074
1773725335917291,-0.0760988,0.0054052,-0.997086
1773725335937292,-0.0760524,0.00539938,-0.997089
1773725335957289,-0.0760274,0.00537472,-0.997091
1773725335977289,-0.0760043,0.00536265,-0.997093
1773725335997291,-0.0760012,0.00525636,-0.997094
1773725336017294,-0.0760245,0.00510315,-0.997093
1773725336037291,-0.0761165,0.00510647,-0.997086
1773725336057293,-0.0762501,0.00523974,-0.997075
1773725336077292,-0.0763584,0.00521032,-0.997067
1773725336097291,-0.0764415,0.00521317,-0.99706
1773725336117295,-0.0765362,0.005222,-0.997053
1773725336137520,-0.0766085,0.00523154,-0.997048
1773725336157287,-0.0767199,0.0052262,-0.997039
1773725336177287,-0.0768166,0.0052882,-0.997031
1773725336197289,-0.0768912,0.00529303,-0.997025
1773725336217291,-0.0770153,0.00523935,-0.997016
1773725336237289,-0.077153,0.00520659,-0.997006
1773725336257288,-0.0773194,0.00516902,-0.996993
1773725336277287,-0.0774892,0.00518984,-0.99698
1773725336297288,-0.0775873,0.00520839,-0.996972
1773725336317287,-0.0777223,0.00521604,-0.996961
1773725336337289,-0.0778491,0.00515009,-0.996952
1773725336357287,-0.0779753,0.00517606,-0.996942
1773725336377287,-0.0780487,0.00519372,-0.996936
1773725336397287,-0.0781532,0.00527772,-0.996927
1773725336417289,-0.0781773,0.00524782,-0.996926
1773725336437288,-0.0781394,0.00519861,-0.996929
1773725336457289,-0.0780643,0.00523694,-0.996935
1773725336477289,-0.0780276,0.00525144,-0.996937
1773725336497287,-0.0780078,0.0052791,-0.996939
1773725336517293,-0.0779312,0.00524659,-0.996945
1773725336537288,-0.0778482,0.00521013,-0.996952
1773725336557288,-0.0777352,0.00526784,-0.99696
1773725336577287,-0.0776379,0.00524971,-0.996968
1773725336597287,-0.0775256,0.00521735,-0.996977
1773725336617288,-0.0774705,0.00522733,-0.996981
1773725336637289,-0.07737,0.00522009,-0.996989
1773725336657288,-0.0772431,0.00523407,-0.996999
1773725336677291,-0.0772061,0.00545411,-0.997
1773725336697288,-0.0771628,0.00537826,-0.997004
1773725336717287,-0.0771572,0.00542664,-0.997004
1773725336737290,-0.0771066,0.00539668,-0.997008
1773725336757289,-0.0770234,0.00538769,-0.997015
1773725336777288,-0.0768524,0.00540811,-0.997028
1773725336797293,-0.076692,0.00545694,-0.99704
1773725336817304,-0.0764713,0.00537784,-0.997057
1773725336837293,-0.0763009,0.00537172,-0.99707
1773725336857292,-0.0761133,0.00540068,-0.997085
1773725336877292,-0.0758851,0.00537745,-0.997102
1773725336897290,-0.0756905,0.00541957,-0.997117
1773725336917290,-0.0754472,0.00536182,-0.997135
1773725336937291,-0.0751964,0.00537795,-0.997154
1773725336957292,-0.0749888,0.00538523,-0.99717
1773725336977291,-0.0747648,0.00529407,-0.997187
1773725336997290,-0.0745218,0.00526163,-0.997206
1773725337017292,-0.0742979,0.00528671,-0.997222
1773725337037288,-0.0740804,0.00529351,-0.997238
1773725337057292,-0.0737669,0.005258,-0.997262
1773725337077291,-0.073433,0.00524324,-0.997286
1773725337097289,-0.0730467,0.00515584,-0.997315
1773725337117291,-0.0726449,0.0050927,-0.997345
1773725337137295,-0.0722167,0.00506996,-0.997376
1773725337157293,-0.0717852,0.00503214,-0.997407
1773725337177293,-0.0713483,0.00504346,-0.997439
1773725337197292,-0.0710435,0.00509459,-0.99746
1773725337217292,-0.0707961,0.00512015,-0.997478
1773725337237293,-0.0705202,0.00514428,-0.997497
1773725337257292,-0.070193,0.00511454,-0.99752
1773725337277290,-0.0698097,0.00516028,-0.997547
1773725337297293,-0.0692592,0.00514351,-0.997585
1773725337317293,-0.0687483,0.00514198,-0.997621
1773725337337293,-0.0682618,0.00516901,-0.997654
1773725337357294,-0.0678187,0.00511471,-0.997685
1773725337377294,-0.0674257,0.00510784,-0.997711
1773725337397291,-0.0670373,0.00513437,-0.997737
1773725337417295,-0.0666215,0.00509598,-0.997765
1773725337437299,-0.0662021,0.00506505,-0.997793
1773725337457288,-0.0658191,0.00506098,-0.997819
1773725337477287,-0.0654239,0.005057,-0.997845
1773725337497288,-0.0650624,0.00495287,-0.997869
1773725337517391,-0.0647012,0.0049933,-0.997892
1773725337537293,-0.0643699,0.00498426,-0.997914
1773725337557296,-0.0640076,0.00496396,-0.997937
1773725337577290,-0.0635982,0.00491116,-0.997963
1773725337597290,-0.0631802,0.00485445,-0.99799
1773725337617297,-0.0628121,0.00486531,-0.998014
1773725337637291,-0.0623673,0.00477241,-0.998042
1773725337657289,-0.0619319,0.00469017,-0.998069
1773725337677291,-0.0614546,0.00460954,-0.998099
1773725337697288,-0.0610103,0.00459221,-0.998127
1773725337717397,-0.0605199,0.0044602,-0.998157
1773725337737290,-0.0600808,0.00439025,-0.998184
1773725337757288,-0.059656,0.00441233,-0.998209
1773725337777288,-0.0593643,0.00430456,-0.998227
1773725337797291,-0.0590418,0.00418996,-0.998247
1773725337817289,-0.0587109,0.00413858,-0.998266
1773725337837287,-0.058447,0.00409303,-0.998282
1773725337857290,-0.0581858,0.00417397,-0.998297
1773725337877313,-0.057891,0.00430873,-0.998314
1773725337897287,-0.0576554,0.00442779,-0.998327
1773725337917290,-0.0575113,0.00436742,-0.998335
1773725337937389,-0.0573089,0.00431082,-0.998347
1773725337957287,-0.0570544,0.00433027,-0.998362
1773725337977322,-0.0567281,0.00435994,-0.99838
1773725337997288,-0.0563192,0.00450541,-0.998403
1773725338017362,-0.056051,0.00453093,-0.998418
1773725338037299,-0.0557689,0.00444528,-0.998434
1773725338057291,-0.0554687,0.00438025,-0.998451
1773725338077291,-0.0551539,0.00435322,-0.998468
1773725338097290,-0.0547535,0.00428785,-0.998491
1773725338117291,-0.0542656,0.00420941,-0.998518
1773725338137298,-0.05375,0.00416304,-0.998546
1773725338157290,-0.0532169,0.00409776,-0.998575
1773725338177290,-0.0526801,0.00408156,-0.998603
1773725338197293,-0.0521684,0.00402758,-0.99863
1773725338217292,-0.0515573,0.00400871,-0.998662
1773725338237289,-0.0509889,0.00401775,-0.998691
1773725338257291,-0.0504201,0.00395577,-0.99872
1773725338277289,-0.0498169,0.00389133,-0.998751
1773725338297289,-0.0492341,0.00386542,-0.99878
1773725338317290,-0.0486361,0.00387144,-0.998809
1773725338337290,-0.0480368,0.0037542,-0.998839
1773725338357291,-0.0474245,0.00369655,-0.998868
1773725338377289,-0.0467476,0.00350624,-0.998901
1773725338397292,-0.0461535,0.0034212,-0.998929
1773725338417291,-0.0456002,0.00344883,-0.998954
1773725338437290,-0.0451464,0.00347427,-0.998974
1773725338457292,-0.0447385,0.00343131,-0.998993
1773725338477290,-0.0443333,0.00331253,-0.999011
1773725338497294,-0.0439351,0.0032716,-0.999029
1773725338517291,-0.0435358,0.00340553,-0.999046
1773725338537290,-0.043243,0.00349045,-0.999058
1773725338557290,-0.0429048,0.00354054,-0.999073
1773725338577290,-0.0425349,0.00353318,-0.999089
1773725338597292,-0.0421674,0.00371609,-0.999104
1773725338617291,-0.0418458,0.0037772,-0.999117
1773725338637295,-0.0414878,0.00367371,-0.999132
1773725338657294,-0.0410614,0.00354658,-0.99915
1773725338677298,-0.0407316,0.00351177,-0.999164
1773725338697290,-0.0402409,0.0032446,-0.999185
1773725338717290,-0.0397813,0.00330319,-0.999203
1773725338737293,-0.0393366,0.00333665,-0.99922
1773725338757290,-0.0390139,0.00329449,-0.999233
1773725338777289,-0.0387597,0.00316244,-0.999244
1773725338797291,-0.0385917,0.0030746,-0.99925
1773725338817295,-0.0383874,0.0030483,-0.999258
1773725338837290,-0.0382294,0.00323913,-0.999264
1773725338857293,-0.0381625,0.00334329,-0.999266
1773725338877293,-0.0381323,0.00338666,-0.999267
1773725338897291,-0.0380301,0.00317994,-0.999272
1773725338917289,-0.0380565,0.00316374,-0.999271
1773725338937293,-0.0379611,0.00326838,-0.999274
1773725338957293,-0.0377925,0.00357132,-0.999279
1773725338977290,-0.0376778,0.00365515,-0.999283
1773725338997292,-0.0376528,0.00355103,-0.999285
1773725339017291,-0.0375079,0.00350283,-0.99929
1773725339037290,-0.03741,0.0035523,-0.999294
1773725339057289,-0.0371798,0.00360322,-0.999302
1773725339077294,-0.0369326,0.00375994,-0.999311
1773725339097291,-0.036679,0.0039348,-0.999319
1773725339117294,-0.0365281,0.00389839,-0.999325
1773725339137292,-0.0363163,0.00381717,-0.999333
1773725339157315,-0.0360666,0.00376088,-0.999342
1773725339177286,-0.0357869,0.00386587,-0.999352
1773725339197288,-0.0354277,0.00383931,-0.999365
1773725339217292,-0.0350942,0.00380912,-0.999377
1773725339237291,-0.0347579,0.00379317,-0.999389
1773725339257289,-0.0343663,0.00378877,-0.999402
1773725339277291,-0.033995,0.00378897,-0.999415
1773725339297288,-0.0335819,0.00381377,-0.999429
1773725339317311,-0.0331754,0.00377021,-0.999442
1773725339337287,-0.0327512,0.00371101,-0.999457
1773725339357289,-0.0322783,0.00357902,-0.999473
1773725339377286,-0.0318215,0.00356451,-0.999487
1773725339397289,-0.0313838,0.00360474,-0.999501
1773725339417290,-0.0309823,0.00376198,-0.999513
1773725339437287,-0.0306465,0.00379444,-0.999523
1773725339457288,-0.030364,0.00372439,-0.999532
1773725339477315,-0.0301309,0.00371702,-0.999539
1773725339497288,-0.0298899,0.00361767,-0.999547
1773725339517295,-0.029576,0.0033508,-0.999557
1773725339537293,-0.0293575,0.0032863,-0.999564
1773725339557296,-0.0291239,0.00334705,-0.99957
1773725339577294,-0.0287379,0.0033802,-0.999581
1773725339597291,-0.0282394,0.00337122,-0.999596
1773725339617292,-0.0280561,0.00326711,-0.999601
1773725339637295,-0.027824,0.00324762,-0.999608
1773725339657295,-0.0275408,0.0031723,-0.999616
1773725339677294,-0.0272377,0.00312023,-0.999624
1773725339697295,-0.0269126,0.00307721,-0.999633
1773725339717298,-0.0266554,0.00305255,-0.99964
1773725339737292,-0.0264659,0.00308535,-0.999645
1773725339757288,-0.026189,0.00303457,-0.999652
1773725339777293,-0.0258902,0.00296451,-0.99966
1773725339797293,-0.0256521,0.00290272,-0.999667
1773725339817290,-0.0252867,0.00287853,-0.999676
1773725339837292,-0.024863,0.0029456,-0.999687
1773725339857288,-0.0244082,0.00304385,-0.999697
1773725339877290,-0.0239751,0.00302213,-0.999708
1773725339897293,-0.0235483,0.00296064,-0.999718
1773725339917293,-0.0229785,0.00287162,-0.999732
1773725339937291,-0.0221555,0.00282562,-0.999751
1773725339957292,-0.0213822,0.00279607,-0.999767
1773725339977291,-0.0207887,0.00280099,-0.99978
1773725339997295,-0.0201854,0.00283296,-0.999792
1773725340017317,-0.0195643,0.00263753,-0.999805
1773725340037289,-0.0189156,0.00256611,-0.999818
1773725340057288,-0.0182292,0.00249404,-0.999831
1773725340077291,-0.0175199,0.00246059,-0.999843
1773725340097291,-0.0168289,0.00240798,-0.999855
1773725340117290,-0.0161119,0.00235853,-0.999867
1773725340137288,-0.0154273,0.00235851,-0.999878
1773725340157289,-0.0148283,0.00237276,-0.999887
1773725340177289,-0.0142684,0.0023046,-0.999896
1773725340197290,-0.013662,0.0022326,-0.999904
1773725340217290,-0.0131046,0.00217083,-0.999912
1773725340237292,-0.0126026,0.00214647,-0.999918
1773725340257290,-0.0120204,0.00214463,-0.999925
1773725340277289,-0.01142,0.00230051,-0.999932
1773725340297292,-0.0108477,0.00247547,-0.999938
1773725340317292,-0.0103364,0.00241097,-0.999944
1773725340337292,-0.00990736,0.00234793,-0.999948
1773725340357289,-0.00951058,0.00240322,-0.999952
1773725340377289,-0.00916477,0.00246821,-0.999955
1773725340397293,-0.00890863,0.00245707,-0.999957
1773725340417292,-0.00863894,0.00249466,-0.99996
1773725340437292,-0.00838288,0.00254879,-0.999962
1773725340457290,-0.00817482,0.00262262,-0.999963
1773725340477289,-0.00819899,0.0025978,-0.999963
1773725340497291,-0.00825312,0.00255334,-0.999963
1773725340517292,-0.00827633,0.00263583,-0.999962
1773725340537292,-0.00819685,0.00262285,-0.999963
1773725340557289,-0.00814835,0.00252896,-0.999964
1773725340577290,-0.00812945,0.00236017,-0.999964
1773725340597291,-0.00816675,0.0023265,-0.999964
1773725340617290,-0.00823316,0.00237255,-0.999963
1773725340637289,-0.0083961,0.00244708,-0.999962
1773725340657289,-0.00846403,0.00233121,-0.999961
1773725340677288,-0.00846497,0.00227282,-0.999962
1773725340697290,-0.0084573,0.00238951,-0.999961
1773725340717288,-0.00889351,0.00235422,-0.999958
1773725340737293,-0.00945213,0.00222579,-0.999953
1773725340757288,-0.0102535,0.00223277,-0.999945
1773725340777291,-0.0110217,0.00225057,-0.999937
1773725340797291,-0.0117801,0.00213608,-0.999928
1773725340817290,-0.0126407,0.0020948,-0.999918
1773725340837292,-0.0136562,0.00214574,-0.999904
1773725340857290,-0.014835,0.00217698,-0.999888
1773725340877290,-0.0160916,0.00204154,-0.999868
1773725340897290,-0.0174416,0.00210163,-0.999846
1773725340917293,-0.0189337,0.00227434,-0.999818
1773725340937290,-0.0203621,0.00243343,-0.99979
1773725340957290,-0.021716,0.00261371,-0.999761
1773725340977291,-0.0229356,0.00274825,-0.999733
1773725340997288,-0.0243474,0.00287976,-0.999699
1773725341017292,-0.0260484,0.00298977,-0.999656
1773725341037288,-0.0276306,0.00315545,-0.999613
1773725341057295,-0.0295661,0.00334749,-0.999557
1773725341077290,-0.0314291,0.00351021,-0.9995
1773725341097290,-0.0331507,0.00370483,-0.999443
1773725341117290,-0.0351432,0.00383752,-0.999375
1773725341137290,-0.0369725,0.00375041,-0.999309
1773725341157289,-0.0388761,0.00385961,-0.999237
1773725341177290,-0.0410527,0.00396636,-0.999149
1773725341197292,-0.0431878,0.00405123,-0.999059
1773725341217291,-0.0453131,0.00400983,-0.998965
1773725341237294,-0.0474715,0.0041867,-0.998864
1773725341257289,-0.0494285,0.00452734,-0.998767
1773725341277290,-0.0512999,0.00462775,-0.998673
1773725341297288,-0.0529553,0.00477115,-0.998585
1773725341317294,-0.0546224,0.00481534,-0.998495
1773725341337287,-0.0563157,0.00493255,-0.998401
1773725341357297,-0.0579984,0.00498051,-0.998304
1773725341377291,-0.0594769,0.00511083,-0.998217
1773725341397288,-0.061046,0.00528168,-0.998121
1773725341417291,-0.062497,0.00547617,-0.99803
1773725341437291,-0.063701,0.00555535,-0.997954
1773725341457290,-0.0650662,0.00565666,-0.997865
1773725341477288,-0.0664089,0.00570985,-0.997776
1773725341497310,-0.0678554,0.00580139,-0.997678
1773725341517287,-0.0690995,0.00584582,-0.997593
1773725341537308,-0.0704675,0.00580435,-0.997497
1773725341557289,-0.0713416,0.0058024,-0.997435
1773725341577288,-0.0721946,0.00575307,-0.997374
1773725341597289,-0.0734789,0.00574585,-0.99728
1773725341617290,-0.0747179,0.00562606,-0.997189
1773725341637289,-0.0763103,0.00560141,-0.997068
1773725341657288,-0.0777676,0.00556575,-0.996956
1773725341677287,-0.0789904,0.0055853,-0.99686
1773725341697289,-0.0801745,0.00558666,-0.996765
1773725341717287,-0.0811926,0.00556684,-0.996683
1773725341737288,-0.0822485,0.00559786,-0.996596
1773725341757290,-0.0832237,0.00573244,-0.996514
1773725341777288,-0.0841821,0.0057345,-0.996434
1773725341797288,-0.0850363,0.00573068,-0.996361
1773725341817288,-0.0858674,0.00579402,-0.99629
1773725341837286,-0.0867792,0.00580485,-0.996211
1773725341857287,-0.0875062,0.0059318,-0.996146
1773725341877289,-0.0880842,0.00598299,-0.996095
1773725341897314,-0.0884114,0.00600221,-0.996066
1773725341917301,-0.0884268,0.00598394,-0.996065
1773725341937288,-0.0880318,0.00605074,-0.996099
1773725341957315,-0.0875147,0.00615421,-0.996144
1773725341977292,-0.0868763,0.00614131,-0.9962
1773725341997289,-0.0858543,0.00607804,-0.996289
1773725342017288,-0.084912,0.00606325,-0.99637
1773725342037288,-0.0837401,0.00593125,-0.99647
1773725342057287,-0.0819878,0.00582501,-0.996616
1773725342077286,-0.0801322,0.00582146,-0.996767
1773725342097286,-0.0774174,0.00591986,-0.996981
1773725342117288,-0.0745801,0.00593212,-0.997197
1773725342137287,-0.0721386,0.00609854,-0.997376
1773725342157285,-0.0693895,0.00608703,-0.997571
1773725342177288,-0.0666326,0.00607094,-0.997759
1773725342197288,-0.06384,0.0059322,-0.997943
1773725342217285,-0.0607875,0.00584791,-0.998134
1773725342237291,-0.0571179,0.00580449,-0.998351
1773725342257256,-0.0534682,0.00571396,-0.998553
1773725342277287,-0.0493905,0.00565422,-0.998764
1773725342297288,-0.04569,0.00576495,-0.998939
1773725342317293,-0.0416858,0.00554734,-0.999115
1773725342337287,-0.038249,0.00524748,-0.999254
1773725342357287,-0.0349695,0.00493238,-0.999376
1773725342377289,-0.0318647,0.00470873,-0.999481
1773725342397290,-0.0285619,0.00452545,-0.999582
1773725342417292,-0.0253445,0.00414079,-0.99967
1773725342437288,-0.0226744,0.00365232,-0.999736
1773725342457317,-0.0212291,0.00295389,-0.99977
1773725342477289,-0.0201757,0.00213573,-0.999794
1773725342497292,-0.0193289,0.00121228,-0.999812
1773725342517288,-0.0186418,0.000303625,-0.999826
1773725342537290,-0.0178756,-0.000455752,-0.99984
1773725342557290,-0.0172875,-0.000869501,-0.99985
1773725342577292,-0.016856,-0.00137274,-0.999857
1773725342597288,-0.0163569,-0.00168224,-0.999865
1773725342617289,-0.0160717,-0.00195563,-0.999869
1773725342637288,-0.0157197,-0.00218828,-0.999874
1773725342657286,-0.0151922,-0.00243061,-0.999882
1773725342677288,-0.0146359,-0.00263502,-0.999889
1773725342697291,-0.0140831,-0.00246126,-0.999898
1773725342717287,-0.0134749,-0.00234685,-0.999906
1773725342737287,-0.0126923,-0.00247929,-0.999916
1773725342757287,-0.0119553,-0.00264124,-0.999925
1773725342777286,-0.0113719,-0.00263574,-0.999932
1773725342797287,-0.0106865,-0.00262509,-0.999939
1773725342817287,-0.00977437,-0.00265653,-0.999949
1773725342837289,-0.00913576,-0.00254828,-0.999955
1773725342857287,-0.00826038,-0.00241125,-0.999963
1773725342877289,-0.00775312,-0.00224543,-0.999967
1773725342897291,-0.00717115,-0.0021504,-0.999972
1773725342917287,-0.00658232,-0.00222376,-0.999976
1773725342937302,-0.0063363,-0.00216936,-0.999978
1773725342957289,-0.00591744,-0.00216067,-0.99998
1773725342977299,-0.0050926,-0.0021772,-0.999985
1773725342997288,-0.00471129,-0.00227108,-0.999986
1773725343017286,-0.00413896,-0.00227293,-0.999989
1773725343037287,-0.00321522,-0.00227249,-0.999992
1773725343057289,-0.00207255,-0.00236675,-0.999995
1773725343077290,-0.00100259,-0.00252555,-0.999996
1773725343097290,0.000187416,-0.00249718,-0.999997
1773725343117317,0.00160065,-0.00242718,-0.999996
1773725343137310,0.00350436,-0.0025713,-0.999991
1773725343157288,0.00555855,-0.00260001,-0.999981
1773725343177287,0.00751512,-0.00274942,-0.999968
1773725343197317,0.00949102,-0.00292076,-0.999951
1773725343217287,0.0108592,-0.00311626,-0.999936
1773725343237286,0.0122657,-0.00329531,-0.999919
1773725343257287,0.013815,-0.00333675,-0.999899
1773725343277288,0.0157152,-0.00344703,-0.999871
1773725343297287,0.0172078,-0.00347475,-0.999846
1773725343317288,0.0186906,-0.00361949,-0.999819
1773725343337288,0.0197141,-0.00368419,-0.999799
1773725343357287,0.0202909,-0.0037382,-0.999787
1773725343377287,0.0205444,-0.00358016,-0.999783
1773725343397287,0.0205491,-0.00364942,-0.999782
1773725343417303,0.020578,-0.00377677,-0.999781
1773725343437288,0.0208095,-0.00370769,-0.999777
1773725343457289,0.0207499,-0.00366536,-0.999778
1773725343477288,0.0208833,-0.00356151,-0.999776
1773725343497290,0.0209757,-0.00360435,-0.999773
1773725343517314,0.0210318,-0.00360329,-0.999772
1773725343537289,0.0213453,-0.00363008,-0.999766
1773725343557289,0.0216969,-0.00358654,-0.999758
1773725343577292,0.0220615,-0.00355708,-0.99975
1773725343597287,0.022288,-0.00353418,-0.999745
1773725343617290,0.0223848,-0.00349412,-0.999743
1773725343637286,0.0223176,-0.00343775,-0.999745
1773725343657287,0.0221581,-0.00344927,-0.999749
1773725343677288,0.021893,-0.00337777,-0.999755
1773725343697287,0.0216308,-0.00331604,-0.999761
1773725343717288,0.0214138,-0.00326915,-0.999765
1773725343737288,0.0210279,-0.00319751,-0.999774
1773725343757295,0.0204015,-0.00303805,-0.999787
1773725343777288,0.0194794,-0.0028924,-0.999806
1773725343797287,0.0182205,-0.00277645,-0.99983
1773725343817289,0.0166658,-0.00255596,-0.999858
1773725343837312,0.0154942,-0.00256807,-0.999877
1773725343857287,0.0143801,-0.00238988,-0.999894
1773725343877287,0.0131084,-0.00222422,-0.999912
1773725343897291,0.0115094,-0.00198545,-0.999932
1773725343917288,0.0100171,-0.00175504,-0.999948
1773725343937289,0.0082947,-0.00159709,-0.999964
1773725343957288,0.00699077,-0.00136144,-0.999975
1773725343977288,0.00559591,-0.00120655,-0.999984
1773725343997292,0.00430699,-0.00097839,-0.99999
1773725344017292,0.00284817,-0.00087039,-0.999996
1773725344037289,0.00153109,-0.000732283,-0.999999
1773725344057289,0.000209037,-0.000511843,-1
1773725344077287,-0.000974973,-0.000239184,-0.999999
1773725344097288,-0.00199158,-0.000160476,-0.999998
1773725344117288,-0.00321439,5.35701e-06,-0.999995
1773725344137306,-0.00439807,0.000160596,-0.99999
1773725344157285,-0.00532511,0.000249284,-0.999986
1773725344177286,-0.0064182,0.000402745,-0.999979
1773725344197288,-0.00759243,0.000447839,-0.999971
1773725344217290,-0.00831291,0.000471135,-0.999965
1773725344237289,-0.00910348,0.000654053,-0.999958
1773725344257317,-0.00987582,0.000742561,-0.999951
1773725344277311,-0.0107045,0.000997658,-0.999942
1773725344297293,-0.0116557,0.00123275,-0.999931
1773725344317286,-0.0126771,0.00127921,-0.999919
1773725344337286,-0.0136237,0.00138669,-0.999906
1773725344357285,-0.0144757,0.00142235,-0.999894
1773725344377287,-0.0153207,0.00156255,-0.999881
1773725344397289,-0.0165004,0.00174092,-0.999862
1773725344417275,-0.0174096,0.00187869,-0.999847
1773725344437454,-0.0180362,0.00188375,-0.999836
1773725344457286,-0.0186176,0.00197035,-0.999825
1773725344477286,-0.0190669,0.00210955,-0.999816
1773725344497290,-0.0196089,0.00216105,-0.999805
1773725344517292,-0.0202865,0.00219983,-0.999792
1773725344537286,-0.0209188,0.0021454,-0.999779
1773725344557289,-0.0211294,0.00233311,-0.999774
1773725344577292,-0.0213949,0.00233748,-0.999768
1773725344597289,-0.0216338,0.00252217,-0.999763
1773725344617295,-0.0219945,0.00261054,-0.999755
1773725344637296,-0.022566,0.00260236,-0.999742
1773725344657293,-0.022963,0.00255265,-0.999733
1773725344677293,-0.0231857,0.00262569,-0.999728
1773725344697291,-0.0233206,0.00262947,-0.999725
1773725344717290,-0.0234278,0.00259219,-0.999722
1773725344737291,-0.0235603,0.00264228,-0.999719
1773725344757290,-0.0236304,0.0026677,-0.999717
1773725344777297,-0.0237436,0.00284396,-0.999714
1773725344797291,-0.0238803,0.00284623,-0.999711
1773725344817290,-0.0241812,0.00281319,-0.999704
1773725344837291,-0.0242325,0.00285117,-0.999702
1773725344857293,-0.0241819,0.00294035,-0.999703
1773725344877291,-0.0241585,0.00292359,-0.999704
1773725344897292,-0.0241144,0.00285608,-0.999705
1773725344917296,-0.0241734,0.00275193,-0.999704
1773725344937291,-0.0241386,0.00272149,-0.999705
1773725344957291,-0.0241487,0.00272253,-0.999705
1773725344977290,-0.0241269,0.00267758,-0.999705
1773725344997291,-0.0240724,0.0027172,-0.999707
1773725345017292,-0.0240653,0.0027947,-0.999706
1773725345037289,-0.0240222,0.00283042,-0.999707
1773725345057290,-0.0239762,0.00290246,-0.999708
1773725345077289,-0.0238919,0.00292583,-0.99971
1773725345097291,-0.0237351,0.00285319,-0.999714
1773725345117289,-0.0236597,0.00290997,-0.999716
1773725345137314,-0.0235576,0.00293688,-0.999718
1773725345157287,-0.0235478,0.00300984,-0.999718
1773725345177288,-0.0234871,0.00293267,-0.99972
1773725345197313,-0.0234301,0.00292325,-0.999721
1773725345217289,-0.0233919,0.00294409,-0.999722
1773725345237291,-0.023347,0.00291142,-0.999723
1773725345257289,-0.0233522,0.00294922,-0.999723
1773725345277292,-0.0232857,0.00287426,-0.999725
1773725345297288,-0.0233067,0.00293262,-0.999724
1773725345317289,-0.0233286,0.00286067,-0.999724
1773725345337287,-0.0233567,0.00288437,-0.999723
1773725345357287,-0.0233776,0.00287089,-0.999723
1773725345377287,-0.0233686,0.00281401,-0.999723
1773725345397288,-0.023369,0.00286632,-0.999723
1773725345417293,-0.0233871,0.0028668,-0.999722
1773725345437286,-0.0234181,0.00287865,-0.999722
1773725345457286,-0.023424,0.00282965,-0.999722
1773725345477309,-0.0235238,0.00282306,-0.999719
1773725345497285,-0.0235867,0.0027834,-0.999718
1773725345517287,-0.0235738,0.0026804,-0.999719
1773725345537314,-0.0235606,0.00266762,-0.999719
1773725345557288,-0.0235553,0.00263028,-0.999719
1773725345577288,-0.0236085,0.00266605,-0.999718
1773725345597314,-0.0236247,0.00264487,-0.999717
1773725345617288,-0.0236407,0.00259755,-0.999717
1773725345637290,-0.0236116,0.002562,-0.999718
1773725345657287,-0.023583,0.0025806,-0.999719
1773725345677290,-0.0235729,0.00260374,-0.999719
1773725345697288,-0.0235124,0.0025766,-0.99972
1773725345717288,-0.0234984,0.00257557,-0.999721
1773725345737299,-0.0234646,0.00262621,-0.999721
1773725345757292,-0.0234366,0.0026263,-0.999722
1773725345777291,-0.0233953,0.00266,-0.999723
1773725345797291,-0.0233151,0.00263659,-0.999725
1773725345817289,-0.0232938,0.00262227,-0.999725
1773725345837290,-0.0232282,0.00253538,-0.999727
1773725345857287,-0.0231928,0.00256637,-0.999728
1773725345877286,-0.0231398,0.0025809,-0.999729
1773725345897288,-0.0230886,0.00256924,-0.99973
1773725345917290,-0.0230929,0.00252469,-0.99973
1773725345937293,-0.0230331,0.00245983,-0.999732
1773725345957289,-0.0230727,0.00250044,-0.999731
1773725345977291,-0.022997,0.00243648,-0.999733
1773725345997313,-0.0230184,0.0024042,-0.999732
1773725346017287,-0.023029,0.0023873,-0.999732
1773725346037288,-0.0230681,0.00237607,-0.999731
1773725346057299,-0.023044,0.00235219,-0.999732
1773725346077286,-0.0230644,0.00235683,-0.999731
1773725346097286,-0.0231071,0.0023877,-0.99973
1773725346117288,-0.0231187,0.00238248,-0.99973
1773725346137286,-0.0231275,0.00229731,-0.99973
1773725346157320,-0.0231739,0.00225318,-0.999729
1773725346177294,-0.0231952,0.00222124,-0.999728
1773725346197291,-0.0232469,0.00223933,-0.999727
1773725346217293,-0.0232661,0.00215926,-0.999727
1773725346237292,-0.0233263,0.00211159,-0.999726
1773725346257289,-0.0233239,0.00208365,-0.999726
1773725346277289,-0.0233536,0.00205494,-0.999725
1773725346297292,-0.0233326,0.00209082,-0.999726
1773725346317291,-0.023327,0.00211933,-0.999726
1773725346337290,-0.0233138,0.00215257,-0.999726
1773725346357314,-0.0233025,0.00220779,-0.999726
1773725346377288,-0.0232466,0.00216453,-0.999727
1773725346397288,-0.0232148,0.00221522,-0.999728
1773725346417295,-0.0232038,0.00225015,-0.999728
1773725346437292,-0.02316,0.00225377,-0.999729
1773725346457293,-0.0231085,0.00223812,-0.99973
1773725346477289,-0.0230079,0.00221235,-0.999733
1773725346497290,-0.0229837,0.00225641,-0.999733
1773725346517291,-0.0229346,0.00226838,-0.999734
1773725346537289,-0.0228859,0.00226225,-0.999736
1773725346557296,-0.0228519,0.00221715,-0.999736
1773725346577290,-0.0228367,0.0021803,-0.999737
1773725346597291,-0.0228141,0.00217453,-0.999737
1773725346617292,-0.0228662,0.00215019,-0.999736
1773725346637292,-0.0228301,0.00212681,-0.999737
1773725346657291,-0.0228425,0.00208367,-0.999737
1773725346677291,-0.0228617,0.002028,-0.999737
1773725346697291,-0.0229006,0.00206092,-0.999736
1773725346717293,-0.0229251,0.00208902,-0.999735
1773725346737290,-0.0228906,0.00206228,-0.999736
1773725346757291,-0.0228823,0.00205946,-0.999736
1773725346777293,-0.0229194,0.00207024,-0.999735
1773725346797292,-0.022903,0.00204366,-0.999736
1773725346817290,-0.0229028,0.00204157,-0.999736
1773725346837295,-0.0229335,0.00200072,-0.999735
1773725346857290,-0.0229517,0.0019792,-0.999735
1773725346877289,-0.0230647,0.0020095,-0.999732
1773725346897290,-0.0230945,0.00202898,-0.999731
1773725346917292,-0.0231367,0.00205325,-0.99973
1773725346937297,-0.0231637,0.0020169,-0.99973
1773725346957293,-0.0231571,0.00203348,-0.99973
1773725346977292,-0.0231993,0.00208234,-0.999729
1773725346997292,-0.0232225,0.0020481,-0.999728
1773725347017292,-0.0232511,0.00205377,-0.999728
1773725347037291,-0.0232008,0.0019816,-0.999729
1773725347089703,-0.0232033,0.0019875,-0.999729
1773725347090742,-0.0232031,0.00198539,-0.999729
1773725347097290,-0.0232031,0.00198539,-0.999729
1773725347117299,-0.0191465,0.00181053,-0.999815
1773725347137290,0.011464,-0.00306801,-0.99993
1773725347157292,0.0259238,-0.00108563,-0.999663
1773725347177291,0.0349163,0.004601,-0.99938
1773725347197289,0.0390277,0.00575551,-0.999222
1773725347217305,0.04072,0.00468147,-0.99916
1773725347237296,0.0436447,0.00354792,-0.999041
1773725347257296,0.0447972,0.00399481,-0.998988
1773725347277292,0.0440392,0.00478145,-0.999018
1773725347297289,0.042836,0.00500293,-0.99907
1773725347317287,0.0403791,0.00529706,-0.99917
1773725347337293,0.0373826,0.00494497,-0.999289
1773725347357289,0.034878,0.00403759,-0.999383
1773725347377289,0.0319612,0.00346324,-0.999483
1773725347397288,0.0300202,0.00367553,-0.999543
1773725347417320,0.028821,0.00410009,-0.999576
1773725347437291,0.0288413,0.00526889,-0.99957
1773725347457320,0.029658,0.00700664,-0.999536
1773725347477290,0.0309674,0.0087465,-0.999482
1773725347497290,0.0328194,0.00956328,-0.999416
1773725347517289,0.0347409,0.00977674,-0.999349
1773725347537293,0.0355912,0.0104111,-0.999312
1773725347557294,0.0381334,0.0104585,-0.999218
1773725347577294,0.0419198,0.0103337,-0.999068
1773725347597294,0.0457079,0.00993297,-0.998905
1773725347617293,0.0485023,0.00865251,-0.998786
1773725347637287,0.0507694,0.00669412,-0.998688
1773725347657291,0.052644,0.00458938,-0.998603
1773725347677289,0.0539543,0.00241103,-0.99854
1773725347697291,0.0547141,-0.000275566,-0.998502
1773725347717288,0.0543602,-0.00337612,-0.998516
1773725347737295,0.0533341,-0.00608625,-0.998558
1773725347757300,0.0527007,-0.00762098,-0.998581
1773725347777291,0.052479,-0.00812496,-0.998589
1773725347797290,0.0525219,-0.00835347,-0.998585
1773725347817288,0.0523616,-0.00905913,-0.998587
1773725347837290,0.0518751,-0.00994095,-0.998604
1773725347857290,0.051192,-0.0105329,-0.998633
1773725347877287,0.0507223,-0.010847,-0.998654
1773725347897314,0.0500573,-0.0112102,-0.998683
1773725347917289,0.0495038,-0.0110737,-0.998713
1773725347937292,0.0496278,-0.0104859,-0.998713
1773725347957288,0.0503782,-0.00916303,-0.998688
1773725347977289,0.0517982,-0.00811789,-0.998625
1773725347997295,0.0532359,-0.00776205,-0.998552
1773725348017289,0.0550243,-0.00844172,-0.998449
1773725348037288,0.0573871,-0.00907043,-0.998311
1773725348057290,0.0599727,-0.00948204,-0.998155
1773725348077288,0.0620012,-0.00997648,-0.998026
1773725348097288,0.0636532,-0.0102924,-0.997919
1773725348117291,0.0648156,-0.0107188,-0.99784
1773725348137289,0.0655127,-0.0114933,-0.997786
1773725348157290,0.0657986,-0.012579,-0.997754
1773725348177289,0.0653024,-0.0140703,-0.997766
1773725348197288,0.0636806,-0.0155577,-0.997849
1773725348217292,0.0619026,-0.0162823,-0.997949
1773725348237288,0.0596911,-0.0165368,-0.99808
1773725348257289,0.0579874,-0.0166903,-0.998178
1773725348277268,0.0564231,-0.0168431,-0.998265
1773725348297289,0.0553381,-0.0173451,-0.998317
1773725348317289,0.0544847,-0.0175784,-0.99836
1773725348337289,0.054108,-0.0176631,-0.998379
1773725348357289,0.0539255,-0.0174098,-0.998393
1773725348377290,0.0542361,-0.0172091,-0.99838
1773725348397317,0.0547004,-0.0169322,-0.998359
1773725348417290,0.0556562,-0.0166856,-0.998311
1773725348437290,0.0565898,-0.0165749,-0.99826
1773725348457289,0.0574567,-0.0163731,-0.998214
1773725348477289,0.0581617,-0.0163735,-0.998173
1773725348497289,0.0586914,-0.016453,-0.998141
1773725348517287,0.0590773,-0.0165769,-0.998116
1773725348537288,0.0591747,-0.016665,-0.998109
1773725348557288,0.0587455,-0.0166787,-0.998134
1773725348577287,0.0581005,-0.0167731,-0.99817
1773725348597288,0.0571717,-0.0168778,-0.998222
1773725348617298,0.056185,-0.0169265,-0.998277
1773725348637310,0.0551864,-0.0169322,-0.998332
1773725348657288,0.0544725,-0.0167125,-0.998375
1773725348677288,0.0540546,-0.0164224,-0.998403
1773725348697320,0.0536778,-0.0163053,-0.998425
1773725348717291,0.053449,-0.0163277,-0.998437
1773725348737290,0.0531929,-0.0163895,-0.99845
1773725348757288,0.0529484,-0.0163491,-0.998463
1773725348777293,0.052702,-0.0161868,-0.998479
1773725348797289,0.0525051,-0.0159787,-0.998493
1773725348817289,0.052407,-0.0159123,-0.998499
1773725348837288,0.0523099,-0.0157979,-0.998506
1773725348857290,0.0522063,-0.015762,-0.998512
1773725348877289,0.0520954,-0.0156984,-0.998519
1773725348897288,0.0519983,-0.015837,-0.998522
1773725348917288,0.0517541,-0.0159044,-0.998533
1773725348937296,0.051716,-0.0159456,-0.998535
1773725348957296,0.0517703,-0.0158596,-0.998533
1773725348977290,0.0519902,-0.0158812,-0.998521
1773725348997296,0.0521127,-0.0159578,-0.998514
1773725349017289,0.0521857,-0.016062,-0.998508
1773725349037289,0.0522918,-0.0161467,-0.998501
1773725349057484,0.0524429,-0.0161933,-0.998493
1773725349077292,0.0525536,-0.0163321,-0.998485
1773725349097289,0.0526339,-0.0164065,-0.998479
1773725349117299,0.0527404,-0.0164093,-0.998473
1773725349137320,0.0527838,-0.0164558,-0.99847
1773725349157289,0.0528715,-0.0163768,-0.998467
1773725349177288,0.0529354,-0.0164064,-0.998463
1773725349197290,0.0530538,-0.0164196,-0.998457
1773725349217292,0.0530656,-0.0163347,-0.998457
1773725349237436,0.0530533,-0.0163125,-0.998458
1773725349257290,0.0531132,-0.0163449,-0.998455
1773725349277317,0.0531428,-0.0162682,-0.998454
1773725349297287,0.0531913,-0.0163507,-0.99845
1773725349317288,0.0531957,-0.0162701,-0.998452
1773725349337468,0.0531114,-0.0162711,-0.998456
1773725349357288,0.0531067,-0.0163579,-0.998455
1773725349377288,0.0530798,-0.0164837,-0.998454
1773725349397289,0.0529927,-0.0163993,-0.99846
1773725349417290,0.052889,-0.0163512,-0.998467
1773725349437289,0.0527147,-0.016416,-0.998475
1773725349457294,0.0525578,-0.0164437,-0.998482
1773725349477290,0.0524083,-0.0163794,-0.998491
1773725349497289,0.0522406,-0.01631,-0.998501
1773725349517290,0.0521101,-0.0163142,-0.998508
1773725349537321,0.0520723,-0.0163557,-0.998509
1773725349557288,0.0521407,-0.0164007,-0.998505
1773725349577289,0.0523243,-0.0164242,-0.998495
1773725349597289,0.0526746,-0.0164399,-0.998476
1773725349617292,0.0529046,-0.0165062,-0.998463
1773725349637289,0.0532126,-0.016565,-0.998446
1773725349657289,0.053492,-0.0165622,-0.998431
1773725349677304,0.0536638,-0.0166351,-0.99842
1773725349697292,0.0539317,-0.0167515,-0.998404
1773725349717291,0.0541363,-0.0168126,-0.998392
1773725349737289,0.0544141,-0.0169379,-0.998375
1773725349757288,0.054692,-0.0170134,-0.998358
1773725349777288,0.0549861,-0.0170467,-0.998342
1773725349797288,0.05534,-0.0171268,-0.998321
1773725349817289,0.05566,-0.0171823,-0.998302
1773725349837289,0.055942,-0.0173866,-0.998283
1773725349857291,0.0562279,-0.0175434,-0.998264
1773725349877290,0.0565418,-0.017648,-0.998244
1773725349897290,0.056827,-0.0178461,-0.998225
1773725349917293,0.0571105,-0.0179259,-0.998207
1773725349937288,0.0573028,-0.0179534,-0.998195
1773725349957314,0.0575143,-0.0180631,-0.998181
1773725349977290,0.0575319,-0.0180657,-0.99818
1773725349997294,0.057592,-0.0180637,-0.998177
1773725350017317,0.0576907,-0.0181113,-0.99817
1773725350037288,0.0577092,-0.018112,-0.998169
1773725350057317,0.0577129,-0.0181036,-0.998169
1773725350077289,0.0577563,-0.0180955,-0.998167
1773725350097291,0.0577665,-0.0182366,-0.998164
1773725350117300,0.0577532,-0.0182884,-0.998163
1773725350137291,0.0577711,-0.0183055,-0.998162
1773725350157291,0.0577563,-0.0181993,-0.998165
1773725350177292,0.0577514,-0.018183,-0.998165
1773725350197288,0.0577092,-0.0181653,-0.998168
1773725350217288,0.0576613,-0.0180667,-0.998173
1773725350237532,0.0576538,-0.0180288,-0.998174
1773725350257288,0.0575718,-0.017988,-0.998179
1773725350277319,0.0575782,-0.0179904,-0.998179
1773725350297288,0.0575696,-0.0179378,-0.99818
1773725350317322,0.0576322,-0.0179839,-0.998176
1773725350337298,0.0577449,-0.0180252,-0.998169
1773725350357295,0.0579145,-0.0181042,-0.998157
1773725350377297,0.0580217,-0.0181272,-0.998151
1773725350397291,0.0580917,-0.0181267,-0.998147
1773725350417291,0.058193,-0.0181642,-0.99814
1773725350437291,0.0582521,-0.0181174,-0.998137
1773725350457288,0.0583201,-0.0182118,-0.998132
1773725350477289,0.0583737,-0.0182288,-0.998128
1773725350497288,0.0584131,-0.0182515,-0.998126
1773725350517297,0.0584852,-0.0182712,-0.998121
1773725350537287,0.0584984,-0.0183015,-0.99812
1773725350557323,0.0585445,-0.0182984,-0.998117
1773725350577313,0.0584931,-0.0182568,-0.998121
1773725350597290,0.0584891,-0.0182514,-0.998121
1773725350617289,0.0584094,-0.018247,-0.998126
1773725350637289,0.0583913,-0.0182637,-0.998127
1773725350657291,0.0583261,-0.0182599,-0.998131
1773725350677290,0.0583021,-0.0182704,-0.998132
1773725350697288,0.0582523,-0.0182558,-0.998135
1773725350717290,0.0582969,-0.0182964,-0.998132
1773725350737295,0.0582986,-0.0182207,-0.998133
1773725350757293,0.0582791,-0.018286,-0.998133
1773725350777290,0.0583137,-0.0183557,-0.99813
1773725350797289,0.0583284,-0.0183335,-0.998129
1773725350817317,0.0583287,-0.0183327,-0.998129
1773725350837315,0.0583422,-0.0183564,-0.998128
1773725350857291,0.0583457,-0.0183856,-0.998127
1773725350877290,0.0583598,-0.0184694,-0.998125
1773725350897288,0.058349,-0.0185199,-0.998124
1773725350917287,0.0583702,-0.0184979,-0.998124
1773725350937291,0.0583814,-0.0184813,-0.998123
1773725350957290,0.0583701,-0.0183915,-0.998126
1773725350977309,0.0583428,-0.0183795,-0.998127
1773725350997318,0.0583563,-0.0184746,-0.998125
1773725351017314,0.0583781,-0.0184084,-0.998125
1773725351037287,0.0583917,-0.0183444,-0.998125
1773725351057290,0.0583672,-0.0182986,-0.998127
1773725351077290,0.0583331,-0.0182963,-0.998129
1773725351097290,0.0582799,-0.0182743,-0.998133
1773725351117321,0.0582689,-0.0182747,-0.998134
1773725351137474,0.0582109,-0.0183364,-0.998136
1773725351157291,0.0581907,-0.0183061,-0.998138
1773725351177319,0.0581642,-0.0183444,-0.998138
1773725351197289,0.0581483,-0.018327,-0.99814
1773725351217289,0.0581557,-0.0183365,-0.998139
1773725351237290,0.0581577,-0.0182581,-0.99814
1773725351257291,0.0582417,-0.0183491,-0.998134
1773725351277289,0.0582668,-0.0183803,-0.998132
1773725351297289,0.0582585,-0.0184665,-0.998131
1773725351317290,0.0582843,-0.0184808,-0.998129
1773725351337288,0.058298,-0.0185079,-0.998128
1773725351357294,0.0583068,-0.0184849,-0.998128
1773725351377288,0.0583224,-0.0184175,-0.998128
1773725351397289,0.0583481,-0.018335,-0.998128
1773725351417291,0.0583304,-0.018315,-0.998129
1773725351437288,0.0583081,-0.0183269,-0.99813
1773725351457289,0.0582939,-0.0183457,-0.998131
1773725351477291,0.0583029,-0.0184026,-0.998129
1773725351497288,0.0583201,-0.0184369,-0.998128
1773725351517300,0.0582771,-0.0184688,-0.99813
1773725351537288,0.0582712,-0.0185504,-0.998128
1773725351557288,0.0582736,-0.0185455,-0.998128
1773725351577290,0.0583058,-0.0185269,-0.998127
1773725351597288,0.0583046,-0.0185079,-0.998127
1773725351617288,0.0583186,-0.018497,-0.998127
1773725351637288,0.0582858,-0.0184614,-0.998129
1773725351657307,0.0582855,-0.0184862,-0.998129
1773725351677293,0.0582177,-0.0184916,-0.998133
1773725351697293,0.0582237,-0.0184991,-0.998132
1773725351717294,0.058243,-0.0184491,-0.998132
1773725351737298,0.0582281,-0.0183994,-0.998134
1773725351757293,0.0581821,-0.0184004,-0.998136
1773725351777294,0.0581803,-0.0183884,-0.998137
1773725351797293,0.0582103,-0.0184674,-0.998134
1773725351817291,0.0582072,-0.0184424,-0.998134
1773725351837292,0.058181,-0.0184482,-0.998136
1773725351857291,0.0581682,-0.0184762,-0.998136
1773725351877297,0.0581764,-0.0184759,-0.998135
1773725351897292,0.0581483,-0.0184754,-0.998137
1773725351917292,0.0581307,-0.0185617,-0.998136
1773725351937291,0.0581351,-0.0185532,-0.998136
1773725351957288,0.0581726,-0.0185719,-0.998134
1773725351977286,0.0582121,-0.018673,-0.99813
1773725351997289,0.0582501,-0.018683,-0.998127
1773725352017291,0.0582567,-0.0186534,-0.998127
1773725352037290,0.0582099,-0.0186063,-0.998131
1773725352057287,0.0582042,-0.0186015,-0.998131
1773725352077287,0.0582367,-0.0185819,-0.99813
1773725352097289,0.0581911,-0.0184792,-0.998134
1773725352117289,0.058167,-0.018563,-0.998134
1773725352137297,0.0581727,-0.0185901,-0.998133
1773725352157290,0.0581799,-0.0186335,-0.998132
1773725352177289,0.0582118,-0.0187184,-0.998129
1773725352197287,0.0582531,-0.0187415,-0.998126
1773725352217288,0.0582656,-0.0188059,-0.998124
1773725352237290,0.0582497,-0.0187975,-0.998125
1773725352257287,0.0582718,-0.0187884,-0.998124
1773725352277289,0.0583452,-0.0188047,-0.998119
1773725352297289,0.0583643,-0.0188468,-0.998117
1773725352317313,0.0583361,-0.0188615,-0.998119
1773725352337287,0.0583327,-0.0188357,-0.998119
1773725352357288,0.0583165,-0.018849,-0.99812
1773725352377287,0.0583417,-0.018887,-0.998118
1773725352397289,0.0583792,-0.0188987,-0.998116
1773725352417292,0.0583762,-0.0189422,-0.998115
1773725352437288,0.0583549,-0.0189252,-0.998116
1773725352457313,0.0583137,-0.0188885,-0.99812
1773725352477287,0.0582916,-0.0188957,-0.998121
1773725352497288,0.0582642,-0.0188712,-0.998123
1773725352517302,0.0582327,-0.0188505,-0.998125
1773725352537312,0.0581939,-0.0188947,-0.998126
1773725352557288,0.0582303,-0.018971,-0.998123
1773725352577286,0.0582479,-0.0189871,-0.998122
1773725352597288,0.0582371,-0.0189316,-0.998123
1773725352617290,0.0582678,-0.0189058,-0.998122
1773725352637289,0.0582276,-0.0189223,-0.998124
1773725352657291,0.0582477,-0.0189224,-0.998123
1773725352677289,0.0582289,-0.0189561,-0.998123
1773725352697288,0.0582143,-0.0189816,-0.998124
1773725352717288,0.0581892,-0.0190311,-0.998124
1773725352737289,0.0581538,-0.0190138,-0.998127
1773725352757315,0.058086,-0.019019,-0.99813
1773725352777289,0.0579595,-0.0190666,-0.998137
1773725352797310,0.0578743,-0.0190625,-0.998142
1773725352817290,0.0577522,-0.0189988,-0.99815
1773725352837287,0.0577412,-0.018977,-0.998151
1773725352857293,0.0576439,-0.0188782,-0.998159
1773725352877319,0.0576051,-0.0189244,-0.99816
1773725352897288,0.0575076,-0.0189023,-0.998166
1773725352917287,0.0574565,-0.0188616,-0.99817
1773725352937290,0.0574402,-0.0188716,-0.998171
1773725352957290,0.0574158,-0.0188836,-0.998172
1773725352977287,0.0573851,-0.0189108,-0.998173
1773725352997288,0.0573635,-0.0188964,-0.998175
1773725353017289,0.0573615,-0.0189076,-0.998174
1773725353037287,0.0573775,-0.0189041,-0.998174
1773725353057289,0.0573861,-0.0188933,-0.998173
1773725353077289,0.057433,-0.0189476,-0.99817
1773725353097289,0.0575116,-0.0190014,-0.998164
1773725353117289,0.0575453,-0.0190141,-0.998162
1773725353137292,0.0576348,-0.0190375,-0.998156
1773725353157290,0.0576919,-0.0190858,-0.998152
1773725353177289,0.0577635,-0.019109,-0.998147
1773725353197315,0.0577464,-0.0191582,-0.998147
1773725353217290,0.0578122,-0.0191843,-0.998143
1773725353237290,0.0578239,-0.0191162,-0.998144
1773725353257286,0.057869,-0.019082,-0.998142
1773725353277289,0.0579062,-0.0191281,-0.998139
1773725353297290,0.0579013,-0.0190947,-0.99814
1773725353317288,0.0578411,-0.0190641,-0.998144
1773725353337288,0.057814,-0.0190663,-0.998145
1773725353357289,0.0577552,-0.0191381,-0.998147
1773725353377289,0.0576687,-0.0191812,-0.998151
1773725353397288,0.0576282,-0.019191,-0.998154
1773725353417290,0.0576962,-0.0191866,-0.99815
1773725353437289,0.0576982,-0.0191867,-0.99815
1773725353457288,0.057675,-0.0191654,-0.998151
1773725353477332,0.0576145,-0.0191206,-0.998156
1773725353497290,0.0576047,-0.0190508,-0.998158
1773725353517293,0.0575649,-0.0190135,-0.998161
1773725353537289,0.057552,-0.0190564,-0.998161
1773725353557299,0.0575396,-0.0190495,-0.998161
1773725353577297,0.0575213,-0.0190743,-0.998162
1773725353597288,0.0575659,-0.0191183,-0.998159
1773725353617289,0.0576186,-0.0191567,-0.998155
1773725353637290,0.0576584,-0.0191656,-0.998152
1773725353657288,0.0577294,-0.0192142,-0.998147
1773725353677316,0.0577623,-0.0191955,-0.998146
1773725353697289,0.0577843,-0.0191922,-0.998145
1773725353717288,0.0578168,-0.0192567,-0.998141
1773725353737301,0.0578886,-0.0192793,-0.998137
1773725353757294,0.0579464,-0.0193051,-0.998133
1773725353777317,0.0579666,-0.0192934,-0.998132
1773725353797288,0.0579923,-0.0193006,-0.99813
1773725353817311,0.0579925,-0.0193729,-0.998129
1773725353837287,0.0579823,-0.0193828,-0.998129
1773725353857244,0.0579582,-0.0192909,-0.998133
1773725353877288,0.0579326,-0.0192798,-0.998134
1773725353897288,0.0578814,-0.0191721,-0.998139
1773725353917298,0.0578775,-0.0191569,-0.99814
1773725353937288,0.0577995,-0.0191516,-0.998144
1773725353957288,0.0577906,-0.019109,-0.998146
1773725353977289,0.0577938,-0.0190552,-0.998147
1773725353997317,0.0577959,-0.0190548,-0.998147
1773725354017289,0.0578065,-0.0191206,-0.998145
1773725354037289,0.0577846,-0.0191331,-0.998146
1773725354057289,0.0577868,-0.0191269,-0.998146
1773725354077288,0.05783,-0.0191467,-0.998143
1773725354097287,0.0578566,-0.0191102,-0.998142
1773725354117288,0.0578834,-0.0190748,-0.998141
1773725354137289,0.0578844,-0.0190347,-0.998142
1773725354157290,0.0578772,-0.0190154,-0.998143
1773725354177318,0.0578834,-0.0189999,-0.998143
1773725354197289,0.0578546,-0.0190463,-0.998143
1773725354217288,0.0578638,-0.0190752,-0.998142
1773725354237290,0.0578851,-0.0191036,-0.99814
1773725354257316,0.057897,-0.0191095,-0.99814
1773725354277290,0.0578919,-0.0190862,-0.99814
1773725354297289,0.057903,-0.0190443,-0.998141
1773725354317288,0.0579458,-0.0190894,-0.998137
1773725354337291,0.0579674,-0.0191116,-0.998136
1773725354357288,0.0579355,-0.0191124,-0.998137
1773725354377291,0.0579121,-0.0190899,-0.998139
1773725354397289,0.0579016,-0.0190275,-0.998141
1773725354417292,0.0579163,-0.0189919,-0.998141
1773725354437296,0.0579145,-0.0189971,-0.998141
1773725354457289,0.0579032,-0.018963,-0.998142
1773725354477289,0.0579166,-0.0189894,-0.998141
1773725354497290,0.0579007,-0.0189832,-0.998142
1773725354517309,0.0579276,-0.0189418,-0.998141
1773725354537291,0.0579136,-0.018936,-0.998142
1773725354557315,0.0579059,-0.0189145,-0.998143
1773725354577289,0.0579014,-0.0188597,-0.998144
1773725354597288,0.0578689,-0.0187986,-0.998147
1773725354617288,0.0578769,-0.0187072,-0.998148
1773725354637291,0.0579372,-0.0186944,-0.998145
1773725354657292,0.0579107,-0.0186298,-0.998148
1773725354677313,0.0579222,-0.0186518,-0.998147
1773725354697288,0.0579255,-0.0186895,-0.998146
1773725354717288,0.0579111,-0.0187127,-0.998146
1773725354737290,0.0578824,-0.0187479,-0.998147
1773725354757289,0.0578814,-0.0187057,-0.998148
1773725354777289,0.0579115,-0.0187004,-0.998147
1773725354797288,0.0579433,-0.0187033,-0.998145
1773725354817288,0.0579579,-0.0187526,-0.998143
1773725354837289,0.0579166,-0.0188024,-0.998144
1773725354857291,0.0579467,-0.0188137,-0.998142
1773725354877290,0.0579739,-0.0187621,-0.998142
1773725354897288,0.0579781,-0.0187635,-0.998142
1773725354917296,0.0579552,-0.0188065,-0.998142
1773725354938344,0.0579489,-0.0188167,-0.998142
1773725354957288,0.0579802,-0.0187557,-0.998142
1773725354977289,0.0579514,-0.0187949,-0.998142
1773725354997289,0.0579319,-0.0187837,-0.998144
1773725355017291,0.0579612,-0.0188125,-0.998142
1773725355037323,0.0579783,-0.0188413,-0.99814
1773725355057310,0.0579577,-0.0187754,-0.998142
1773725355077290,0.058001,-0.018636,-0.998143
1773725355097318,0.0580352,-0.0186303,-0.998141
1773725355117288,0.0580647,-0.0186547,-0.998139
1773725355137289,0.0580566,-0.0186751,-0.998139
1773725355157288,0.0581444,-0.0186082,-0.998135
1773725355177288,0.0582239,-0.0186221,-0.99813
1773725355197287,0.0582894,-0.0185555,-0.998127
1773725355217288,0.0583197,-0.0185328,-0.998126
1773725355237293,0.0583229,-0.0185613,-0.998125
1773725355257289,0.058332,-0.018605,-0.998124
1773725355277316,0.058379,-0.0186537,-0.99812
1773725355297289,0.0583769,-0.0186613,-0.99812
1773725355317291,0.058325,-0.0186582,-0.998123
1773725355337289,0.0583045,-0.0186126,-0.998125
1773725355357290,0.0582941,-0.0186266,-0.998126
1773725355377291,0.0583097,-0.0186373,-0.998125
1773725355397290,0.0582457,-0.0186381,-0.998128
1773725355417290,0.058263,-0.0186645,-0.998127
1773725355437288,0.0582644,-0.0186926,-0.998126
1773725355457289,0.0583033,-0.0186606,-0.998124
1773725355477290,0.0583213,-0.0187469,-0.998122
1773725355497290,0.0582617,-0.0187409,-0.998125
1773725355517290,0.0582875,-0.0187549,-0.998124
1773725355537288,0.058294,-0.0187297,-0.998124
1773725355557289,0.0582781,-0.018716,-0.998125
1773725355577289,0.0582896,-0.0187419,-0.998124
1773725355597287,0.0582856,-0.0187399,-0.998124
1773725355617288,0.0583209,-0.0187708,-0.998121
1773725355637289,0.0583126,-0.0186926,-0.998123
1773725355657288,0.0582724,-0.0186234,-0.998127
1773725355677308,0.058278,-0.0186394,-0.998126
1773725355697317,0.0583034,-0.0186602,-0.998124
1773725355717290,0.0583165,-0.0186053,-0.998125
1773725355737301,0.0583497,-0.01855,-0.998124
1773725355757297,0.0583663,-0.0185243,-0.998123
1773725355777290,0.0583223,-0.0185197,-0.998126
1773725355797291,0.0583173,-0.0185656,-0.998125
1773725355817294,0.058305,-0.0185699,-0.998126
1773725355837294,0.0582872,-0.0185634,-0.998127
1773725355857291,0.0582899,-0.0185371,-0.998128
1773725355877290,0.0583395,-0.0186326,-0.998123
1773725355897289,0.058342,-0.0186016,-0.998123
1773725355917293,0.05837,-0.0186974,-0.99812
1773725355937290,0.0583496,-0.0186911,-0.998121
1773725355957290,0.0592114,-0.0192839,-0.998059
1773725355977289,0.0603413,-0.0206089,-0.997965
1773725355997288,0.0615339,-0.0224444,-0.997853
1773725356017292,0.0631056,-0.0239349,-0.99772
1773725356037289,0.0640205,-0.0252892,-0.997628
1773725356057290,0.0631422,-0.0276467,-0.997622
1773725356077288,0.0613528,-0.0308921,-0.997638
1773725356097288,0.0635973,-0.0315784,-0.997476
1773725356117318,0.0692668,-0.0295266,-0.997161
1773725356137291,0.0746233,-0.0254872,-0.996886
1773725356157289,0.0825625,-0.0196446,-0.996392
1773725356177290,0.0901879,-0.0138111,-0.995829
1773725356197289,0.095896,-0.0115649,-0.995324
1773725356217287,0.102026,-0.00827309,-0.994747
1773725356237312,0.103732,0.00130901,-0.994604
1773725356257286,0.102818,0.00925777,-0.994657
1773725356277290,0.0975455,0.0163893,-0.995096
1773725356297290,0.0907778,0.0215243,-0.995639
1773725356317309,0.080482,0.0225795,-0.9965
1773725356337287,0.0667896,0.0201935,-0.997563
1773725356357318,0.0498758,0.0160768,-0.998626
1773725356377288,0.0268556,0.0166601,-0.9995
1773725356397287,-0.00115288,0.0209935,-0.999779
1773725356417288,-0.027665,0.0297989,-0.999173
1773725356437293,-0.0533731,0.0415439,-0.99771
1773725356457288,-0.0773709,0.0566264,-0.995393
1773725356477288,-0.09643,0.071286,-0.992784
1773725356497289,-0.113365,0.0833892,-0.990048
1773725356517289,-0.125279,0.090542,-0.987981
1773725356537292,-0.129512,0.0945728,-0.987058
1773725356557290,-0.133843,0.0940071,-0.986534
1773725356577289,-0.136498,0.0946793,-0.986106
1773725356597288,-0.138663,0.0959429,-0.985681
1773725356617320,-0.141204,0.0972561,-0.985192
1773725356637292,-0.142361,0.0959997,-0.985148
1773725356657290,-0.142204,0.0936412,-0.985398
1773725356677288,-0.142222,0.0908878,-0.985653
1773725356697289,-0.142248,0.0880626,-0.985906
1773725356717289,-0.142631,0.0861157,-0.986023
1773725356737351,-0.143428,0.0850273,-0.986001
1773725356757294,-0.143886,0.0843455,-0.985993
1773725356777289,-0.144397,0.0837611,-0.985968
1773725356797288,-0.144795,0.0839468,-0.985894
1773725356817289,-0.144838,0.0848775,-0.985808
1773725356837289,-0.144946,0.0857566,-0.985716
1773725356857287,-0.145278,0.0862475,-0.985624
1773725356877289,-0.145871,0.0869808,-0.985473
1773725356897302,-0.146529,0.0878846,-0.985295
1773725356917375,-0.147441,0.0886918,-0.985086
1773725356937287,-0.1487,0.0893007,-0.984842
1773725356957288,-0.150118,0.0901961,-0.984545
1773725356977287,-0.151842,0.0910246,-0.984205
1773725356997288,-0.153546,0.0920012,-0.983849
1773725357017287,-0.155459,0.0931204,-0.983443
1773725357037298,-0.157198,0.0943239,-0.983052
1773725357057295,-0.158859,0.0953411,-0.982687
1773725357077289,-0.160652,0.0960228,-0.982329
1773725357097290,-0.162864,0.0965602,-0.981912
1773725357117291,-0.164976,0.0976532,-0.981451
1773725357137296,-0.167221,0.0984221,-0.980994
1773725357157289,-0.169504,0.0993161,-0.980513
1773725357177290,-0.171841,0.100307,-0.980005
1773725357197292,-0.173988,0.101449,-0.979508
1773725357217291,-0.176257,0.102733,-0.978968
1773725357237288,-0.17851,0.103813,-0.978446
1773725357257290,-0.180962,0.104694,-0.977902
1773725357277291,-0.183,0.105324,-0.977455
1773725357297288,-0.185194,0.106104,-0.976957
1773725357317359,-0.187485,0.107024,-0.97642
1773725357337294,-0.189925,0.108196,-0.975819
1773725357357292,-0.192646,0.10988,-0.975097
1773725357377295,-0.195562,0.111476,-0.974335
1773725357397294,-0.198879,0.112691,-0.973524
1773725357417298,-0.202641,0.113813,-0.972617
1773725357437314,-0.206889,0.114614,-0.971628
1773725357457288,-0.211486,0.115856,-0.97049
1773725357477290,-0.216734,0.117418,-0.969144
1773725357497291,-0.221646,0.119127,-0.967823
1773725357517288,-0.226844,0.120638,-0.966431
1773725357537291,-0.2316,0.120636,-0.965302
1773725357557289,-0.23646,0.120426,-0.96415
1773725357577290,-0.240514,0.121112,-0.96306
1773725357597287,-0.244594,0.121818,-0.961943
1773725357617288,-0.248365,0.122798,-0.960851
1773725357637324,-0.251792,0.12373,-0.959839
1773725357657289,-0.254915,0.12559,-0.958773
1773725357677292,-0.257336,0.127821,-0.957831
1773725357697292,-0.258502,0.130088,-0.957211
1773725357717295,-0.259062,0.131922,-0.956809
1773725357737304,-0.258917,0.133813,-0.956586
1773725357757299,-0.257968,0.135316,-0.956631
1773725357777296,-0.256181,0.136253,-0.956978
1773725357797317,-0.254324,0.137107,-0.957351
1773725357817287,-0.252409,0.138285,-0.957688
1773725357837292,-0.250448,0.139223,-0.958067
1773725357857298,-0.248727,0.139576,-0.958464
1773725357877289,-0.247038,0.139898,-0.958854
1773725357897288,-0.245183,0.140609,-0.959226
1773725357917302,-0.242886,0.140744,-0.95979
1773725357937290,-0.24044,0.141014,-0.960366
1773725357957290,-0.23796,0.141318,-0.960939
1773725357977289,-0.235846,0.142311,-0.961314
1773725357997290,-0.233884,0.143168,-0.961666
1773725358017296,-0.232005,0.143752,-0.962034
1773725358037289,-0.23009,0.144605,-0.962366
1773725358057289,-0.228187,0.145738,-0.962648
1773725358077288,-0.226206,0.146813,-0.962952
1773725358097288,-0.224486,0.14829,-0.963128
1773725358117289,-0.222692,0.148954,-0.963442
1773725358137290,-0.22082,0.149796,-0.963743
1773725358157289,-0.219054,0.150362,-0.964057
1773725358177288,-0.21764,0.1506,-0.96434
1773725358197289,-0.216502,0.150596,-0.964597
1773725358217291,-0.215243,0.150398,-0.96491
1773725358237290,-0.213957,0.150073,-0.965246
1773725358257291,-0.213045,0.149441,-0.965546
1773725358277290,-0.212128,0.149005,-0.965815
1773725358297288,-0.211183,0.148139,-0.966155
1773725358317290,-0.210249,0.147344,-0.966481
1773725358337290,-0.2089,0.147026,-0.966822
1773725358357290,-0.207875,0.146549,-0.967115
1773725358377292,-0.20713,0.146199,-0.967328
1773725358397290,-0.206405,0.145418,-0.9676
1773725358417290,-0.205444,0.144902,-0.967882
1773725358437289,-0.204177,0.144421,-0.968222
1773725358457294,-0.202629,0.144143,-0.968589
1773725358477261,-0.200659,0.143851,-0.969042
1773725358497291,-0.198545,0.143173,-0.969578
1773725358517289,-0.195984,0.142755,-0.97016
1773725358537298,-0.19308,0.142303,-0.970809
1773725358557289,-0.189985,0.142097,-0.97145
1773725358577289,-0.186348,0.141852,-0.97219
1773725358597288,-0.182461,0.141755,-0.972941
1773725358617292,-0.178656,0.141314,-0.973711
1773725358637291,-0.174538,0.140497,-0.974575
1773725358657270,-0.169168,0.139176,-0.975711
1773725358677289,-0.16518,0.137895,-0.976576
1773725358697288,-0.162474,0.136137,-0.977276
1773725358717287,-0.160697,0.134072,-0.977855
1773725358737290,-0.159538,0.1317,-0.978367
1773725358757295,-0.158288,0.129678,-0.97884
1773725358777291,-0.156804,0.127714,-0.979337
1773725358797290,-0.15548,0.12643,-0.979715
1773725358817302,-0.153641,0.125621,-0.980109
1773725358837292,-0.15233,0.124948,-0.9804
1773725358857289,-0.151163,0.124228,-0.980672
1773725358877289,-0.149945,0.122914,-0.981024
1773725358897288,-0.148778,0.120976,-0.981443
1773725358917291,-0.147516,0.118782,-0.981901
1773725358937289,-0.146116,0.116351,-0.982401
1773725358957288,-0.144845,0.113959,-0.98287
1773725358977290,-0.143151,0.111655,-0.983382
1773725358997309,-0.141595,0.109237,-0.983879
1773725359017290,-0.140255,0.107111,-0.984305
1773725359037309,-0.138976,0.104645,-0.984751
1773725359057288,-0.137277,0.102732,-0.985191
1773725359077287,-0.135597,0.100675,-0.985636
1773725359097288,-0.133889,0.0986841,-0.986071
1773725359117290,-0.132166,0.0965841,-0.986511
1773725359137289,-0.130445,0.0943856,-0.986953
1773725359157290,-0.12844,0.0921927,-0.987423
1773725359177290,-0.125944,0.0899388,-0.987952
1773725359197291,-0.123472,0.087347,-0.988496
1773725359217289,-0.121038,0.0846965,-0.989028
1773725359237288,-0.118859,0.0820013,-0.989519
1773725359257290,-0.11658,0.0793769,-0.990004
1773725359277291,-0.113581,0.0767167,-0.990562
1773725359297289,-0.110776,0.0736202,-0.991115
1773725359317298,-0.107417,0.070492,-0.991712
1773725359337292,-0.103273,0.0677473,-0.992343
1773725359357287,-0.099031,0.0653173,-0.992938
1773725359377287,-0.094509,0.0628083,-0.993541
1773725359397288,-0.0889557,0.0611799,-0.994155
1773725359417292,-0.0828001,0.060722,-0.994715
1773725359437288,-0.0768972,0.0598944,-0.995238
1773725359457288,-0.0713826,0.0592567,-0.995687
1773725359477292,-0.0659866,0.0577038,-0.996151
1773725359497288,-0.0610978,0.0561062,-0.996554
1773725359517288,-0.0563831,0.0545915,-0.996916
1773725359537293,-0.0520023,0.0533015,-0.997224
1773725359557291,-0.0482076,0.0518375,-0.997491
1773725359577287,-0.044667,0.0502184,-0.997739
1773725359597287,-0.0479075,0.0468137,-0.997754
1773725359617289,-0.0582179,0.0349524,-0.997692
1773725359637287,-0.065551,0.0183913,-0.99768
1773725359657291,-0.0640902,0.00318265,-0.997939
1773725359677289,-0.0538148,-0.0102505,-0.998498
1773725359697289,-0.0421058,-0.0198492,-0.998916
1773725359717290,-0.0234508,-0.0255992,-0.999397
1773725359737289,-0.00889176,-0.0238011,-0.999677
1773725359757290,0.000769934,-0.016439,-0.999865
1773725359777290,0.0130278,-0.00926101,-0.999872
1773725359797290,0.0259807,0.00347808,-0.999656
1773725359817296,0.0310813,0.0102218,-0.999465
1773725359837291,0.0260945,0.017899,-0.999499
1773725359857290,0.0160265,0.0202844,-0.999666
1773725359877290,0.00084065,0.0188747,-0.999822
1773725359897296,-0.0256475,0.0177861,-0.999513
1773725359917296,-0.0484935,0.0199877,-0.998623
1773725359937291,-0.0693649,0.0248466,-0.997282
1773725359957290,-0.10562,0.0429134,-0.99348
1773725359979182,-0.10562,0.0429134,-0.99348
1773725359997286,-0.121049,0.0553475,-0.991102
1773725360017287,-0.135038,0.0663552,-0.988616
1773725360037291,-0.145863,0.0761545,-0.986369
1773725360057288,-0.152613,0.0818234,-0.984893
1773725360077288,-0.155254,0.085507,-0.984167
1773725360097287,-0.15375,0.0874612,-0.984231
1773725360117287,-0.148333,0.0880689,-0.985008
1773725360137313,-0.140934,0.0871819,-0.986173
1773725360157289,-0.132436,0.084637,-0.987571
1773725360177252,-0.123441,0.0808316,-0.989054
1773725360197292,-0.114709,0.0764492,-0.990453
1773725360217291,-0.10708,0.0722079,-0.991625
1773725360237294,-0.101145,0.0682023,-0.992531
1773725360257289,-0.0958637,0.0645877,-0.993297
1773725360277288,-0.091864,0.0609095,-0.993907
1773725360297290,-0.0844252,0.0595064,-0.994651
1773725360317292,-0.074665,0.0595581,-0.995429
1773725360337287,-0.0686377,0.0647629,-0.995537
1773725360357289,-0.0607855,0.0695958,-0.995722
1773725360377288,-0.0561811,0.0734235,-0.995717
1773725360397289,-0.0524194,0.0772092,-0.995636
1773725360417288,-0.0512095,0.0787731,-0.995576
1773725360437288,-0.048896,0.0765943,-0.995863
1773725360457291,-0.0458869,0.0710668,-0.996416
1773725360477289,-0.0431432,0.0648519,-0.996962
1773725360497289,-0.0411223,0.0612573,-0.997275
1773725360517288,-0.0366085,0.0591459,-0.997578
1773725360537294,-0.0319719,0.0597093,-0.997704
1773725360557289,-0.0229416,0.0607985,-0.997886
1773725360577289,-0.0119926,0.0599761,-0.998128
1773725360597292,-0.00127246,0.061358,-0.998115
1773725360617290,0.00837801,0.0633913,-0.997954
1773725360637290,0.0180928,0.0659839,-0.997657
1773725360657299,0.0285672,0.0692004,-0.997194
1773725360677290,0.0391457,0.0719083,-0.996643
1773725360697289,0.0517359,0.0719116,-0.996068
1773725360717291,0.0651549,0.0696032,-0.995445
1773725360737290,0.0734669,0.065876,-0.99512
1773725360757289,0.0713687,0.0584935,-0.995733
1773725360777289,0.0566531,0.052276,-0.997024
1773725360797289,0.0297174,0.0467829,-0.998463
1773725360817293,0.00137832,0.0513348,-0.998681
1773725360837288,-0.0216088,0.0554502,-0.998228
1773725360857293,-0.0357053,0.0594977,-0.99759
1773725360877291,-0.0445164,0.0560021,-0.997438
1773725360897289,-0.059558,0.0474702,-0.997095
1773725360917288,-0.0731243,0.0342639,-0.996734
1773725360937295,-0.088708,0.0228874,-0.995795
1773725360957289,-0.103093,0.0138938,-0.994575
1773725360977288,-0.118396,0.00911186,-0.992925
1773725360997293,-0.134707,0.00616451,-0.990866
1773725361017290,-0.15441,0.00422027,-0.987998
1773725361037297,-0.176982,0.0020122,-0.984212
1773725361057291,-0.201175,0.000619182,-0.979555
1773725361077290,-0.225153,-0.00166149,-0.974322
1773725361097288,-0.246984,-0.00547104,-0.969004
1773725361117296,-0.259553,-0.011919,-0.965655
1773725361137292,-0.268829,-0.0225944,-0.962923
1773725361157294,-0.276201,-0.0408478,-0.960232
1773725361177298,-0.275992,-0.0677395,-0.95877
1773725361197315,-0.272066,-0.0986502,-0.957209
1773725361217316,-0.26,-0.127972,-0.957091
1773725361237296,-0.241513,-0.155386,-0.957876
1773725361257291,-0.219607,-0.175505,-0.959672
1773725361277290,-0.197961,-0.190339,-0.961552
1773725361297289,-0.183209,-0.191206,-0.9643
1773725361317292,-0.158508,-0.182483,-0.970348
1773725361337287,-0.140138,-0.181637,-0.973329
1773725361357288,-0.132895,-0.182209,-0.974238
1773725361377292,-0.130779,-0.18435,-0.974121
1773725361397287,-0.134426,-0.187889,-0.972948
1773725361417288,-0.136752,-0.191811,-0.971858
1773725361437291,-0.134913,-0.201382,-0.970177
1773725361457289,-0.133638,-0.205654,-0.969457
1773725361477289,-0.128838,-0.210819,-0.968998
1773725361497288,-0.123549,-0.21292,-0.969227
1773725361517288,-0.118826,-0.21753,-0.968794
1773725361537288,-0.112503,-0.220259,-0.968932
1773725361557289,-0.107988,-0.220185,-0.969462
1773725361577289,-0.103031,-0.21776,-0.970549
1773725361597290,-0.101379,-0.212381,-0.971914
1773725361617289,-0.103243,-0.204597,-0.973386
1773725361637288,-0.108614,-0.194031,-0.974964
1773725361657290,-0.116724,-0.181404,-0.976457
1773725361677288,-0.12697,-0.167571,-0.97765
1773725361697291,-0.141831,-0.152836,-0.978021
1773725361717292,-0.159154,-0.138112,-0.977545
1773725361737288,-0.177087,-0.123047,-0.976473
1773725361757427,-0.189732,-0.106704,-0.97602
1773725361777291,-0.199444,-0.0913136,-0.975645
1773725361797290,-0.208562,-0.0795758,-0.974766
1773725361817291,-0.214675,-0.0729831,-0.973955
1773725361837288,-0.216985,-0.06899,-0.973734
1773725361857291,-0.216899,-0.0669713,-0.973894
1773725361877290,-0.216436,-0.0663607,-0.974039
1773725361897290,-0.214844,-0.067069,-0.974343
1773725361917288,-0.212543,-0.067571,-0.974813
1773725361937294,-0.210071,-0.0687326,-0.975267
1773725361957291,-0.207916,-0.0712508,-0.975548
1773725361977294,-0.204795,-0.0743183,-0.97598
1773725361997295,-0.20077,-0.0783576,-0.9765
1773725362017423,-0.195898,-0.0827481,-0.977127
1773725362037290,-0.190985,-0.0873416,-0.977699
1773725362057300,-0.185196,-0.0922851,-0.978359
1773725362077290,-0.17871,-0.0971435,-0.979094
1773725362097293,-0.172085,-0.101736,-0.979815
1773725362117296,-0.165422,-0.106174,-0.980491
1773725362137290,-0.158859,-0.110441,-0.981105
1773725362157289,-0.152514,-0.114822,-0.981609
1773725362177289,-0.146766,-0.119203,-0.981963
1773725362197326,-0.141657,-0.123506,-0.982181
1773725362217278,-0.136942,-0.127924,-0.982284
1773725362237288,-0.132376,-0.132336,-0.982326
1773725362257289,-0.128318,-0.136666,-0.982271
1773725362277292,-0.124833,-0.140988,-0.98211
1773725362297290,-0.121449,-0.145312,-0.981903
1773725362317287,-0.118705,-0.14958,-0.981598
1773725362337290,-0.116181,-0.153422,-0.981307
1773725362357289,-0.113442,-0.156762,-0.9811
1773725362377289,-0.111351,-0.158977,-0.980983
1773725362397287,-0.110462,-0.160403,-0.980851
1773725362417290,-0.11038,-0.162796,-0.980466
1773725362437293,-0.109868,-0.165118,-0.980135
1773725362457293,-0.108164,-0.166491,-0.980093
1773725362477291,-0.104716,-0.167835,-0.980238
1773725362497288,-0.101001,-0.168757,-0.980469
1773725362517294,-0.0969495,-0.168681,-0.980891
1773725362537288,-0.0887644,-0.165923,-0.982136
1773725362557295,-0.0740249,-0.159415,-0.984432
1773725362577291,-0.0608133,-0.150664,-0.986713
1773725362597289,-0.0437491,-0.140233,-0.989151
1773725362617288,-0.0268981,-0.125269,-0.991758
1773725362637291,-0.00611154,-0.109601,-0.993957
1773725362657289,0.0128556,-0.0970793,-0.995194
1773725362677289,0.0225327,-0.0914882,-0.995551
1773725362697288,0.0280363,-0.0930017,-0.995271
1773725362717288,0.0267393,-0.10145,-0.994481
1773725362737297,0.0201663,-0.115166,-0.993142
1773725362757295,0.0109493,-0.131385,-0.991271
1773725362777298,0.0025815,-0.147444,-0.989067
1773725362797289,-0.00358647,-0.161633,-0.986844
1773725362817287,-0.00877706,-0.172522,-0.984967
1773725362837287,-0.0133261,-0.181072,-0.983379
1773725362857288,-0.0189893,-0.188732,-0.981845
1773725362877290,-0.0246691,-0.194441,-0.980604
1773725362897288,-0.0293579,-0.197413,-0.979881
1773725362917289,-0.0318578,-0.198332,-0.979617
1773725362937289,-0.0335142,-0.19768,-0.979694
1773725362957290,-0.0357171,-0.195799,-0.979993
1773725362977288,-0.0361734,-0.193108,-0.98051
1773725362997289,-0.032003,-0.187099,-0.98182
1773725363017289,-0.0235818,-0.179705,-0.983438
1773725363037288,-0.0105648,-0.171454,-0.985135
1773725363057287,0.00508804,-0.163805,-0.98648
1773725363077290,0.0214828,-0.157217,-0.98733
1773725363097288,0.03705,-0.153395,-0.98747
1773725363117290,0.0498346,-0.151233,-0.987241
1773725363137289,0.0600933,-0.15201,-0.98655
1773725363157292,0.069917,-0.155333,-0.985385
1773725363177288,0.0774785,-0.160891,-0.983926
1773725363197288,0.0830316,-0.16817,-0.982255
1773725363217292,0.0858423,-0.177645,-0.980343
1773725363237292,0.0832744,-0.188066,-0.97862
1773725363257293,0.0743701,-0.199215,-0.97713
1773725363277298,0.0612282,-0.209158,-0.975963
1773725363297287,0.0454799,-0.21701,-0.975109
1773725363317289,0.0270588,-0.222635,-0.974526
1773725363337294,0.0044782,-0.226037,-0.974108
1773725363357288,-0.0186248,-0.22772,-0.973549
1773725363377290,-0.0370727,-0.22712,-0.973161
1773725363397290,-0.0512723,-0.224029,-0.973233
1773725363417290,-0.0602192,-0.219295,-0.973798
1773725363437313,-0.0647119,-0.213902,-0.974709
1773725363457294,-0.065554,-0.207865,-0.975958
1773725363477300,-0.0661491,-0.204264,-0.976678
1773725363497288,-0.0711233,-0.202816,-0.976631
1773725363517290,-0.0759453,-0.203069,-0.976215
1773725363537288,-0.0833248,-0.204616,-0.975289
1773725363557289,-0.0923999,-0.206327,-0.974111
1773725363577289,-0.103644,-0.205526,-0.973148
1773725363597290,-0.11348,-0.202424,-0.972701
1773725363617293,-0.121263,-0.196296,-0.973018
1773725363637290,-0.125871,-0.185447,-0.974559
1773725363657288,-0.130152,-0.170751,-0.97668
1773725363677288,-0.131825,-0.155419,-0.979013
1773725363697287,-0.133522,-0.139449,-0.981186
1773725363717291,-0.13245,-0.128968,-0.982764
1773725363737288,-0.129101,-0.121983,-0.9841
1773725363757288,-0.125474,-0.117953,-0.98506
1773725363777294,-0.115502,-0.116858,-0.986409
1773725363797289,-0.107975,-0.115118,-0.987466
1773725363817291,-0.100463,-0.114636,-0.988315
1773725363837294,-0.0923143,-0.114559,-0.989118
1773725363857289,-0.0845759,-0.113259,-0.989959
1773725363877288,-0.0789136,-0.110255,-0.990766
1773725363897291,-0.0761424,-0.107209,-0.991317
1773725363917289,-0.0750466,-0.102836,-0.991863
1773725363937288,-0.0750449,-0.0979387,-0.992359
1773725363957288,-0.075677,-0.0923189,-0.99285
1773725363977291,-0.0770101,-0.086626,-0.99326
1773725363997290,-0.0777062,-0.0813077,-0.993655
1773725364017288,-0.0777065,-0.0758654,-0.994086
1773725364037294,-0.0749858,-0.0714668,-0.99462
1773725364057309,-0.0723208,-0.0688136,-0.995005
1773725364077287,-0.0684996,-0.0670377,-0.995396
1773725364097287,-0.0663052,-0.0672377,-0.995531
1773725364117291,-0.0644968,-0.0674424,-0.995636
1773725364137287,-0.0602467,-0.0675408,-0.995896
1773725364157288,-0.0568241,-0.0656024,-0.996227
1773725364177288,-0.0540767,-0.0637556,-0.996499
1773725364197289,-0.0513685,-0.0619679,-0.996755
1773725364217302,-0.0479285,-0.0605467,-0.997014
1773725364237291,-0.0436914,-0.059134,-0.997293
1773725364257289,-0.0393025,-0.0581109,-0.997536
1773725364277288,-0.034384,-0.0572445,-0.997768
1773725364297290,-0.0291412,-0.056452,-0.99798
1773725364317288,-0.0235214,-0.05595,-0.998156
1773725364337286,-0.0177198,-0.0561731,-0.998264
1773725364357289,-0.0118507,-0.0568198,-0.998314
1773725364377289,-0.00576877,-0.0574256,-0.998333
1773725364397289,0.00152348,-0.0578439,-0.998324
1773725364417289,0.0060165,-0.057991,-0.998299
1773725364437291,0.0113237,-0.0579853,-0.998253
1773725364457289,0.0163663,-0.0578068,-0.998194
1773725364477291,0.0212409,-0.0575866,-0.998115
1773725364497292,0.0258766,-0.0576391,-0.998002
1773725364517289,0.0301846,-0.0579118,-0.997865
1773725364537289,0.034093,-0.0582393,-0.99772
1773725364557290,0.0368491,-0.0590454,-0.997575
1773725364577288,0.0389007,-0.0602555,-0.997425
1773725364597288,0.0404452,-0.0617785,-0.99727
1773725364617295,0.0416144,-0.064405,-0.997056
1773725364637291,0.0422021,-0.0671683,-0.996849
1773725364657290,0.0432932,-0.0699265,-0.996612
1773725364677290,0.0441794,-0.0725451,-0.996386
1773725364697292,0.0450918,-0.0753929,-0.996134
1773725364717289,0.0458398,-0.0777098,-0.995922
1773725364737293,0.0464543,-0.0799638,-0.995715
1773725364757291,0.0470871,-0.0818507,-0.995532
1773725364777288,0.0470001,-0.083342,-0.995412
1773725364797288,0.0468698,-0.0838879,-0.995372
1773725364817295,0.0465341,-0.0840046,-0.995378
1773725364837289,0.0463385,-0.0837878,-0.995406
1773725364857288,0.0457514,-0.0837757,-0.995434
1773725364877288,0.0450637,-0.083985,-0.995448
1773725364897291,0.0443307,-0.084211,-0.995461
1773725364917291,0.0433346,-0.0846458,-0.995468
1773725364937289,0.0415849,-0.0853988,-0.995479
1773725364957294,0.0484409,-0.0865975,-0.995065
1773725364979331,0.0485069,-0.0865605,-0.995065
1773725364997312,0.0551393,-0.0860338,-0.994765
1773725365017323,0.0639,-0.0843418,-0.994386
1773725365037287,0.0719158,-0.0822768,-0.994011
1773725365057288,0.0789343,-0.0804234,-0.99363
1773725365077290,0.0847618,-0.0779902,-0.993344
1773725365097288,0.0894781,-0.0758211,-0.993099
1773725365117293,0.0946573,-0.0744608,-0.992721
1773725365137288,0.101021,-0.073261,-0.992183
1773725365157290,0.107699,-0.0717854,-0.991589
1773725365177290,0.115843,-0.0694971,-0.990833
1773725365197289,0.120637,-0.0639905,-0.990632
1773725365217288,0.124631,-0.0557476,-0.990636
1773725365237292,0.124423,-0.0465728,-0.991136
1773725365257289,0.120456,-0.0331122,-0.992166
1773725365277288,0.113848,-0.0188133,-0.99332
1773725365297288,0.103441,-0.00404791,-0.994627
1773725365317288,0.0889069,0.0108533,-0.995981
1773725365337289,0.0682237,0.0243972,-0.997372
1773725365357288,0.0512966,0.033396,-0.998125
1773725365377289,0.0239183,0.0418377,-0.998838
1773725365397287,-0.00908053,0.0491052,-0.998752
1773725365417288,-0.0278769,0.0523025,-0.998242
1773725365437291,-0.0482226,0.0567007,-0.997226
1773725365457286,-0.061909,0.063222,-0.996077
1773725365477287,-0.0657055,0.0659345,-0.995658
1773725365497289,-0.0637821,0.0707391,-0.995454
1773725365517297,-0.0629987,0.0745093,-0.995228
1773725365537289,-0.063918,0.0804794,-0.994705
1773725365557288,-0.0670575,0.0867056,-0.993975
1773725365577289,-0.0729865,0.0911958,-0.993155
1773725365597290,-0.078115,0.0901644,-0.992859
1773725365617296,-0.0852313,0.0872045,-0.992538
1773725365637290,-0.0960173,0.0830284,-0.991911
1773725365657288,-0.105028,0.0797656,-0.991265
1773725365677303,-0.111976,0.0767122,-0.990745
1773725365697287,-0.121897,0.0732931,-0.989833
1773725365717289,-0.128626,0.073101,-0.988995
1773725365737293,-0.134657,0.0745935,-0.988081
1773725365757294,-0.140285,0.0773094,-0.987088
1773725365777288,-0.145459,0.0801375,-0.986113
1773725365797288,-0.148932,0.0813044,-0.985499
1773725365817290,-0.154401,0.0804658,-0.984726
1773725365837303,-0.159049,0.0805377,-0.98398
1773725365857290,-0.16288,0.0793913,-0.983447
1773725365877289,-0.168127,0.0774037,-0.982722
1773725365897289,-0.171623,0.0754189,-0.982272
1773725365917289,-0.173794,0.0735871,-0.982029
1773725365937293,-0.175199,0.0729171,-0.981829
1773725365957291,-0.176634,0.0735042,-0.981528
1773725365977256,-0.176498,0.0722913,-0.981643
1773725365997289,-0.173972,0.0713551,-0.982162
1773725366017466,-0.171919,0.0715606,-0.982509
1773725366037291,-0.170741,0.0718146,-0.982695
1773725366057291,-0.171158,0.0736673,-0.982486
1773725366077290,-0.171047,0.076224,-0.98231
1773725366097288,-0.170542,0.0779122,-0.982265
1773725366117291,-0.170727,0.079415,-0.982113
1773725366137288,-0.170944,0.0806626,-0.981973
1773725366157288,-0.172045,0.0816475,-0.9817
1773725366177292,-0.173335,0.081628,-0.981474
1773725366197294,-0.175385,0.0814169,-0.981128
1773725366217289,-0.177234,0.0817781,-0.980765
1773725366237290,-0.180479,0.082707,-0.980095
1773725366257289,-0.184195,0.0837121,-0.979318
1773725366277290,-0.188795,0.0852784,-0.978307
1773725366297289,-0.194661,0.0869612,-0.977008
1773725366317294,-0.203601,0.0898065,-0.974926
1773725366337303,-0.210253,0.0934397,-0.973171
1773725366357290,-0.214022,0.0967346,-0.972027
1773725366377287,-0.220092,0.101615,-0.970172
1773725366397289,-0.223741,0.10525,-0.968949
1773725366417291,-0.226435,0.108637,-0.967949
1773725366437289,-0.226944,0.112287,-0.967413
1773725366457295,-0.227653,0.114428,-0.966996
1773725366477291,-0.227534,0.113816,-0.967096
1773725366497289,-0.228582,0.112952,-0.96695
1773725366517303,-0.231565,0.112028,-0.966348
1773725366537291,-0.233192,0.113057,-0.965836
1773725366557289,-0.235632,0.112961,-0.965255
1773725366577290,-0.236631,0.113576,-0.964939
1773725366597288,-0.237561,0.115398,-0.964494
1773725366617298,-0.240525,0.117848,-0.963462
1773725366637291,-0.241535,0.117561,-0.963245
1773725366657290,-0.240046,0.120185,-0.963293
1773725366677292,-0.239889,0.117509,-0.963662
1773725366697291,-0.238604,0.115799,-0.964188
1773725366717289,-0.236142,0.116113,-0.964756
1773725366737294,-0.234332,0.109709,-0.965946
1773725366757292,-0.232336,0.104742,-0.966979
1773725366777289,-0.230793,0.103134,-0.967522
1773725366797291,-0.229096,0.103221,-0.967916
1773725366817293,-0.226494,0.103455,-0.968503
1773725366837292,-0.225421,0.104572,-0.968633
1773725366857289,-0.224203,0.106118,-0.968748
1773725366877289,-0.224624,0.104738,-0.9688
1773725366897290,-0.225017,0.105492,-0.968627
1773725366917289,-0.227764,0.102294,-0.968328
1773725366937289,-0.230288,0.0994489,-0.968028
1773725366957290,-0.232502,0.0959276,-0.967854
1773725366977291,-0.234821,0.092619,-0.967616
1773725366997290,-0.238428,0.0887668,-0.967095
1773725367017291,-0.241445,0.0866313,-0.96654
1773725367037290,-0.247971,0.0831319,-0.965194
1773725367057288,-0.254984,0.0807249,-0.96357
1773725367077291,-0.260584,0.0799021,-0.962139
1773725367097289,-0.271689,0.0777149,-0.959242
1773725367117292,-0.27865,0.0778416,-0.957233
1773725367137289,-0.286253,0.0847285,-0.9544
1773725367157291,-0.288601,0.0914164,-0.953075
1773725367177291,-0.290846,0.0984708,-0.951689
1773725367197290,-0.292964,0.104852,-0.950357
1773725367217288,-0.295437,0.108928,-0.949132
1773725367237294,-0.298398,0.109152,-0.94818
1773725367257290,-0.301349,0.107071,-0.947483
1773725367277287,-0.303199,0.104178,-0.947216
1773725367297292,-0.306376,0.0978133,-0.946872
1773725367317288,-0.308996,0.0919095,-0.946612
1773725367337292,-0.310972,0.0871641,-0.946414
1773725367357287,-0.312614,0.084723,-0.946094
1773725367377288,-0.314505,0.0829188,-0.945627
1773725367397293,-0.317125,0.0846717,-0.944597
1773725367417290,-0.319359,0.087009,-0.943631
1773725367437289,-0.320708,0.0884569,-0.943038
1773725367457293,-0.322436,0.0933315,-0.941979
1773725367477290,-0.3244,0.0939697,-0.941241
1773725367497288,-0.326493,0.0950842,-0.940405
1773725367517287,-0.329369,0.0945737,-0.939453
1773725367537289,-0.331611,0.0923634,-0.938884
1773725367557291,-0.333876,0.0894778,-0.938361
1773725367577314,-0.335812,0.0866346,-0.937936
1773725367597314,-0.3383,0.0845182,-0.937235
1773725367617289,-0.34041,0.0827313,-0.936631
1773725367637289,-0.34215,0.0816166,-0.936094
1773725367657290,-0.343562,0.0808785,-0.935641
1773725367677303,-0.344801,0.0795738,-0.935297
1773725367697293,-0.346476,0.0796456,-0.934672
1773725367717289,-0.34743,0.0782698,-0.934434
1773725367737290,-0.347524,0.0770344,-0.934501
1773725367757294,-0.347144,0.0758455,-0.93474
1773725367777291,-0.34721,0.0749921,-0.934784
1773725367797290,-0.348206,0.0731922,-0.934556
1773725367817302,-0.348471,0.0708283,-0.93464
1773725367837292,-0.347692,0.0688764,-0.935076
1773725367857292,-0.346116,0.0667546,-0.935814
1773725367877293,-0.345044,0.0652443,-0.936316
1773725367897297,-0.343392,0.0642472,-0.936992
1773725367917293,-0.341676,0.0634948,-0.937671
1773725367937296,-0.340304,0.062831,-0.938214
1773725367957304,-0.33843,0.0626556,-0.938903
1773725367977290,-0.336764,0.0624081,-0.939519
1773725367997300,-0.334958,0.0615777,-0.940219
1773725368017290,-0.33282,0.0603562,-0.941057
1773725368037291,-0.330784,0.0585383,-0.941889
1773725368057288,-0.328399,0.0569874,-0.942818
1773725368077294,-0.326155,0.0554946,-0.943686
1773725368097291,-0.324076,0.0539405,-0.944492
1773725368117290,-0.321382,0.0524186,-0.945498
1773725368137289,-0.318313,0.0511423,-0.946605
1773725368157289,-0.315313,0.049883,-0.947676
1773725368177289,-0.312748,0.0489397,-0.948574
1773725368197453,-0.310878,0.0477759,-0.949248
1773725368217955,-0.309128,0.045781,-0.949918
1773725368237292,-0.306309,0.0444699,-0.950893
1773725368257291,-0.304195,0.0441666,-0.951585
1773725368277288,-0.302213,0.0405234,-0.952379
1773725368297290,-0.301145,0.0379016,-0.952825
1773725368317290,-0.2997,0.0371801,-0.953309
1773725368337487,-0.298,0.0331813,-0.953989
1773725368357294,-0.296523,0.0299134,-0.954557
1773725368377291,-0.29464,0.0268284,-0.955232
1773725368397290,-0.293366,0.025144,-0.955669
1773725368417289,-0.291747,0.0199112,-0.956288
1773725368437291,-0.29003,0.0167372,-0.956871
1773725368457309,-0.289688,0.0131833,-0.95703
1773725368477288,-0.289345,0.0101242,-0.957171
1773725368497289,-0.288304,0.00755227,-0.957509
1773725368517291,-0.287622,0.00487069,-0.957732
1773725368537288,-0.286818,0.00250228,-0.957982
1773725368557288,-0.285951,0.00103526,-0.958244
1773725368577288,-0.284777,-0.00269363,-0.95859
1773725368597289,-0.284381,-0.00546997,-0.958696
1773725368617290,-0.283698,-0.00774538,-0.958883
1773725368637288,-0.282616,-0.0098155,-0.959183
1773725368657288,-0.281134,-0.011703,-0.959597
1773725368677290,-0.279174,-0.0140155,-0.960138
1773725368697289,-0.276868,-0.0166308,-0.960764
1773725368717292,-0.272152,-0.0205641,-0.962034
1773725368737291,-0.267478,-0.02395,-0.963266
1773725368757289,-0.262349,-0.0261668,-0.964618
1773725368777288,-0.256645,-0.0284771,-0.966086
1773725368797290,-0.250466,-0.0303553,-0.967649
1773725368817288,-0.244306,-0.0314114,-0.969189
1773725368837301,-0.238147,-0.0323863,-0.970689
1773725368857289,-0.232165,-0.0329236,-0.972119
1773725368877290,-0.227634,-0.0334598,-0.973172
1773725368897290,-0.219696,-0.0335525,-0.974991
1773725368917290,-0.214858,-0.033928,-0.976056
1773725368937293,-0.209051,-0.0334777,-0.977331
1773725368957295,-0.202004,-0.0321213,-0.978858
1773725368977289,-0.195245,-0.0312138,-0.980258
1773725368997289,-0.187708,-0.0301906,-0.981761
1773725369017383,-0.179922,-0.0291916,-0.983248
1773725369037286,-0.172234,-0.0280661,-0.984656
1773725369057288,-0.163757,-0.0276662,-0.986113
1773725369077286,-0.154261,-0.0267562,-0.987668
1773725369097291,-0.143969,-0.0246458,-0.989275
1773725369117292,-0.136006,-0.0220276,-0.990463
1773725369137290,-0.119032,-0.0140845,-0.99279
1773725369157289,-0.107407,-0.00956654,-0.994169
1773725369177288,-0.0999583,-0.00657544,-0.99497
1773725369197290,-0.0880888,-0.000519896,-0.996112
1773725369217288,-0.0806272,0.00419349,-0.996736
1773725369237291,-0.0731982,0.00789658,-0.997286
1773725369257292,-0.0666666,0.0102101,-0.997723
1773725369277290,-0.0611041,0.0117003,-0.998063
1773725369297288,-0.0561254,0.0122047,-0.998349
1773725369317289,-0.0518565,0.0124927,-0.998576
1773725369337353,-0.0474716,0.0124194,-0.998795
1773725369357292,-0.0442292,0.0127249,-0.99894
1773725369377293,-0.0393292,0.0133453,-0.999137
1773725369397290,-0.0360402,0.0144202,-0.999246
1773725369417289,-0.0361031,0.0151263,-0.999234
1773725369437287,-0.0405689,0.0150917,-0.999063
1773725369457292,-0.0450752,0.0134185,-0.998893
1773725369477291,-0.045646,0.0112516,-0.998894
1773725369497290,-0.0433074,0.00893266,-0.999022
1773725369517293,-0.0374582,0.0115466,-0.999231
1773725369537288,-0.0335345,0.0165855,-0.9993
1773725369557289,-0.0285666,0.0220884,-0.999348
1773725369577288,-0.0213472,0.0250199,-0.999459
1773725369597290,-0.0154503,0.0267571,-0.999523
1773725369617289,-0.011804,0.029952,-0.999482
1773725369637288,-0.00920721,0.0326322,-0.999425
1773725369657289,-0.00801881,0.0308335,-0.999492
1773725369677290,-0.00672625,0.0265738,-0.999624
1773725369697287,-0.00620911,0.0241453,-0.999689
1773725369717288,-0.00781416,0.0183738,-0.999801
1773725369737291,-0.0102831,0.0141129,-0.999848
1773725369757289,-0.0171305,0.00791521,-0.999822
1773725369777288,-0.0230924,0.00061132,-0.999733
1773725369797288,-0.0300092,-0.00259402,-0.999546
1773725369817291,-0.0310694,-0.000791137,-0.999517
1773725369837293,-0.0309112,0.0053249,-0.999508
1773725369857288,-0.0288091,0.0119817,-0.999513
1773725369877291,-0.0253707,0.017609,-0.999523
1773725369897292,-0.0199595,0.0205507,-0.99959
1773725369917289,-0.014212,0.0213244,-0.999672
1773725369937289,-0.00719459,0.0204712,-0.999765
1773725369957307,0.00876509,0.0180478,-0.999799
1773725369980388,0.0132665,0.0171144,-0.999766
1773725369997289,0.0180607,0.0162907,-0.999704
1773725370017292,0.0283415,0.0151279,-0.999484
1773725370037289,0.0401453,0.0132965,-0.999105
1773725370057291,0.0477743,0.0119894,-0.998786
1773725370077288,0.0558999,0.0106257,-0.99838
1773725370097293,0.0643427,0.0104756,-0.997873
1773725370117291,0.0714542,0.0119203,-0.997373
1773725370137289,0.0766583,0.0150974,-0.996943
1773725370157290,0.0791786,0.0183694,-0.996691
1773725370177290,0.0812192,0.0257562,-0.996363
1773725370197288,0.0790884,0.0316121,-0.996366
1773725370217288,0.0710252,0.0358603,-0.99683
1773725370237289,0.0647937,0.0415939,-0.997031
1773725370257290,0.0544858,0.045393,-0.997482
1773725370277288,0.041472,0.046316,-0.998066
1773725370297289,0.0184741,0.0474762,-0.998702
1773725370317293,-0.0132925,0.0526809,-0.998523
1773725370337307,-0.0377618,0.0580783,-0.997598
1773725370357290,-0.0563333,0.0586419,-0.996688
1773725370377290,-0.074366,0.0533648,-0.995802
1773725370397370,-0.0876098,0.0481386,-0.994991
1773725370417296,-0.101987,0.0446619,-0.993783
1773725370437293,-0.113653,0.0452893,-0.992488
1773725370457289,-0.127168,0.0450139,-0.990859
1773725370477292,-0.13633,0.0422514,-0.989762
1773725370497290,-0.144286,0.0364633,-0.988864
1773725370517293,-0.141878,0.0331336,-0.989329
1773725370537287,-0.136855,0.0314923,-0.99009
1773725370557290,-0.128462,0.0331529,-0.99116
1773725370577317,-0.117695,0.0378561,-0.992328
1773725370597290,-0.10538,0.0446747,-0.993428
1773725370617288,-0.0867074,0.0508753,-0.994934
1773725370637290,-0.0745551,0.0569222,-0.995591
1773725370657293,-0.0632596,0.0607183,-0.996148
1773725370677288,-0.0526415,0.0621633,-0.996677
1773725370697289,-0.0435357,0.0595035,-0.997278
1773725370717289,-0.0374194,0.0557956,-0.997741
1773725370737294,-0.0305804,0.0451814,-0.998511
1773725370757289,-0.0260696,0.0369755,-0.998976
1773725370777288,-0.0233101,0.0204447,-0.999519
1773725370797288,-0.0254774,0.0143234,-0.999573
1773725370817293,-0.0261791,0.0112606,-0.999594
1773725370837290,-0.0285091,0.0112738,-0.99953
1773725370857288,-0.0295041,0.0111926,-0.999502
1773725370877290,-0.0306838,0.00979762,-0.999481
1773725370897290,-0.0328419,0.00719253,-0.999435
1773725370917288,-0.036117,0.00345724,-0.999342
1773725370937291,-0.0401024,0.000520536,-0.999195
1773725370957288,-0.0439688,-0.00123496,-0.999032
1773725370977287,-0.0476998,-0.00385753,-0.998854
1773725370997290,-0.0512023,-0.00536424,-0.998674
1773725371017289,-0.0540151,-0.0072342,-0.998514
1773725371037289,-0.0564429,-0.0114214,-0.99834
1773725371057339,-0.0550735,-0.0147519,-0.998373
1773725371077290,-0.0529957,-0.0168571,-0.998452
1773725371097289,-0.0474682,-0.022015,-0.99863
1773725371117246,-0.0408622,-0.0254805,-0.99884
1773725371137304,-0.0308799,-0.0287936,-0.999108
1773725371157286,-0.0221659,-0.0311675,-0.999268
1773725371177288,-0.00604639,-0.0337296,-0.999413
1773725371197289,0.00396591,-0.0380773,-0.999267
1773725371217290,-0.00254973,-0.0402001,-0.999188
1773725371237289,-0.000287365,-0.0443144,-0.999018
1773725371257290,0.00046274,-0.0476473,-0.998864
1773725371277292,0.000995651,-0.0499286,-0.998752
1773725371297290,-0.000553576,-0.0506508,-0.998716
1773725371317289,-0.00185147,-0.0516814,-0.998662
1773725371337287,-0.00171715,-0.0523988,-0.998625
1773725371357287,-0.00158081,-0.0522452,-0.998633
1773725371377287,3.41081e-05,-0.0525961,-0.998616
1773725371397288,0.00325093,-0.0541754,-0.998526
1773725371417288,0.00858039,-0.0559908,-0.998394
1773725371437299,0.0160044,-0.0583338,-0.998169
1773725371457298,0.0245065,-0.0610278,-0.997835
1773725371477293,0.0348052,-0.0643112,-0.997323
1773725371497292,0.0467979,-0.0672135,-0.996641
1773725371517292,0.0559119,-0.0692625,-0.99603
1773725371537291,0.0635335,-0.0707418,-0.995469
1773725371557291,0.0687296,-0.0727905,-0.994976
1773725371577290,0.0756538,-0.0772607,-0.994136
1773725371597288,0.0786401,-0.0807861,-0.993624
1773725371617288,0.0793933,-0.0849045,-0.993221
1773725371637289,0.0786516,-0.0894117,-0.992884
1773725371657291,0.0765772,-0.0932687,-0.992692
1773725371677288,0.0733731,-0.0967778,-0.992598
1773725371697289,0.0704446,-0.0995111,-0.99254
1773725371717290,0.0705582,-0.103684,-0.992104
1773725371737293,0.0708095,-0.108407,-0.991582
1773725371757290,0.071504,-0.111231,-0.991219
1773725371777291,0.073258,-0.115164,-0.990641
1773725371797294,0.0754024,-0.116566,-0.990317
1773725371817290,0.0777885,-0.117262,-0.99005
1773725371837311,0.0801471,-0.117041,-0.989888
1773725371857302,0.0830693,-0.116461,-0.989715
1773725371877292,0.0863427,-0.115986,-0.989491
1773725371897290,0.0906515,-0.116161,-0.989085
1773725371917291,0.0967337,-0.117825,-0.988312
1773725371937289,0.107347,-0.119655,-0.986995
1773725371957289,0.121657,-0.119522,-0.98535
1773725371977289,0.137707,-0.116045,-0.983651
1773725371997291,0.153657,-0.11081,-0.981891
1773725372017290,0.168874,-0.103192,-0.980221
1773725372037290,0.183127,-0.0937876,-0.978605
1773725372057289,0.195067,-0.0828385,-0.977285
1773725372077289,0.203434,-0.0731596,-0.976351
1773725372097289,0.205507,-0.0664951,-0.976394
1773725372117289,0.208701,-0.0606363,-0.976098
1773725372137290,0.205723,-0.0560305,-0.977005
1773725372157289,0.199733,-0.053256,-0.978402
1773725372177288,0.19113,-0.0516373,-0.980206
1773725372197288,0.187419,-0.0493239,-0.981041
1773725372217289,0.184059,-0.0481192,-0.981737
1773725372237289,0.183325,-0.0430846,-0.982108
1773725372257289,0.176629,-0.0355516,-0.983635
1773725372277288,0.171607,-0.0287299,-0.984747
1773725372297289,0.155951,-0.0200078,-0.987562
1773725372317289,0.142588,-0.0116788,-0.989713
1773725372337290,0.128259,-0.00509768,-0.991728
1773725372357289,0.118192,0.000557259,-0.992991
1773725372377289,0.109661,0.0062867,-0.993949
1773725372397288,0.104586,0.0103926,-0.994462
1773725372417290,0.102169,0.0131849,-0.99468
1773725372437288,0.101535,0.0152109,-0.994716
1773725372457290,0.102873,0.0186838,-0.994519
1773725372477289,0.104802,0.0206489,-0.994279
1773725372497289,0.108058,0.0230924,-0.993876
1773725372517289,0.110093,0.0244867,-0.99362
1773725372537289,0.11161,0.0252829,-0.99343
1773725372557288,0.111284,0.0265859,-0.993433
1773725372577290,0.110165,0.0295988,-0.993473
1773725372597288,0.107735,0.03282,-0.993638
1773725372617289,0.10445,0.0351125,-0.99391
1773725372637325,0.101551,0.0365491,-0.994159
1773725372657291,0.0996877,0.0363139,-0.994356
1773725372677300,0.0995285,0.0346774,-0.99443
1773725372697288,0.101088,0.0324182,-0.994349
1773725372717290,0.102983,0.0310192,-0.994199
1773725372737286,0.105619,0.0309078,-0.993926
1773725372757292,0.108522,0.0322014,-0.993572
1773725372777288,0.111463,0.0342872,-0.993177
1773725372797287,0.113467,0.0372827,-0.992842
1773725372817286,0.114014,0.0399691,-0.992675
1773725372837290,0.112481,0.0451197,-0.992629
1773725372857290,0.109199,0.0467835,-0.992918
1773725372877289,0.101787,0.0461096,-0.993737
1773725372897287,0.091202,0.0439099,-0.994864
1773725372917288,0.078388,0.0415532,-0.996057
1773725372937323,0.0672891,0.0395485,-0.996949
1773725372957290,0.0592024,0.0381134,-0.997518
1773725372977339,0.0533606,0.0371343,-0.997885
1773725372997318,0.0468058,0.0378785,-0.998186
1773725373017287,0.0412338,0.0393147,-0.998376
1773725373037291,0.0371741,0.0411785,-0.99846
1773725373057290,0.0323116,0.0458497,-0.998426
1773725373077289,0.0298029,0.0494112,-0.998334
1773725373097289,0.028463,0.0526032,-0.99821
1773725373117292,0.027784,0.0548837,-0.998106
1773725373137297,0.0272692,0.0565508,-0.998027
1773725373157289,0.0276101,0.0569011,-0.997998
1773725373177293,0.0290249,0.0566236,-0.997974
1773725373197289,0.0314009,0.0559303,-0.997941
1773725373217289,0.0356946,0.05504,-0.997846
1773725373237289,0.0407994,0.0545331,-0.997678
1773725373257295,0.0466482,0.054052,-0.997448
1773725373277290,0.0520469,0.0541578,-0.997175
1773725373297288,0.0576167,0.0546796,-0.99684
1773725373317289,0.064288,0.0552288,-0.996402
1773725373337295,0.0682562,0.0551012,-0.996145
1773725373357289,0.0709716,0.0546101,-0.995982
1773725373377289,0.0741836,0.0540662,-0.995778
1773725373397289,0.0754935,0.0522589,-0.995776
1773725373417291,0.0752993,0.048813,-0.995966
1773725373437289,0.0734042,0.0442266,-0.996321
1773725373457288,0.0698373,0.0388122,-0.996803
1773725373477288,0.0636694,0.0327949,-0.997432
1773725373497289,0.0567468,0.0261446,-0.998046
1773725373517288,0.0521625,0.0213228,-0.998411
1773725373537291,0.04393,0.0138136,-0.998939
1773725373557287,0.0386378,0.0090925,-0.999212
1773725373577291,0.0345726,0.00517733,-0.999389
1773725373597288,0.0318238,0.00201043,-0.999491
1773725373617290,0.0304776,-0.00010042,-0.999535
1773725373637290,0.0310347,-0.000749214,-0.999518
1773725373657290,0.0326888,-0.00010702,-0.999466
1773725373677315,0.0350693,0.000717824,-0.999385
1773725373697290,0.0382788,0.00106988,-0.999267
1773725373717289,0.0423058,0.00079322,-0.999104
1773725373737291,0.0475105,0.000365774,-0.998871
1773725373757288,0.0536803,-0.000163962,-0.998558
1773725373777310,0.0552223,-0.000109002,-0.998474
1773725373797286,0.0569333,6.17756e-05,-0.998378
1773725373817288,0.0591716,-0.000316887,-0.998248
1773725373837337,0.0607757,-0.00102586,-0.998151
1773725373857290,0.0612504,-0.00246773,-0.998119
1773725373877289,0.0614603,-0.00478092,-0.998098
1773725373897319,0.0612404,-0.0074819,-0.998095
1773725373917293,0.0610567,-0.0109321,-0.998074
1773725373937290,0.0598231,-0.0149632,-0.998097
1773725373957289,0.0584369,-0.0185499,-0.998119
1773725373977296,0.0570118,-0.0219671,-0.998132
1773725373997289,0.055493,-0.0256543,-0.998129
1773725374017292,0.0541052,-0.0293856,-0.998103
1773725374037289,0.0537428,-0.0323887,-0.998029
1773725374057290,0.053906,-0.0347608,-0.997941
1773725374077288,0.05445,-0.0364729,-0.99785
1773725374097288,0.0550805,-0.0380234,-0.997758
1773725374117456,0.0560012,-0.0391412,-0.997663
1773725374137288,0.057314,-0.0401713,-0.997548
1773725374157290,0.058526,-0.0407837,-0.997452
1773725374177291,0.0596598,-0.0408502,-0.997383
1773725374197287,0.0604956,-0.0407074,-0.997338
1773725374217289,0.0621358,-0.0397825,-0.997275
1773725374237289,0.0636662,-0.0382658,-0.997237
1773725374257290,0.0648635,-0.0369996,-0.997208
1773725374277289,0.0662592,-0.0356021,-0.997167
1773725374297289,0.0669642,-0.0351939,-0.997134
1773725374317288,0.0671985,-0.0354029,-0.997111
1773725374337303,0.0671934,-0.0358708,-0.997095
1773725374357291,0.067331,-0.0363965,-0.997067
1773725374377291,0.0677074,-0.0369399,-0.997021
1773725374397292,0.0679553,-0.0380328,-0.996963
1773725374417450,0.0682491,-0.0388925,-0.99691
1773725374437288,0.0687143,-0.0397186,-0.996845
1773725374457291,0.0692006,-0.0404011,-0.996784
1773725374477288,0.0694944,-0.040985,-0.99674
1773725374497290,0.0696688,-0.0417509,-0.996696
1773725374517287,0.069467,-0.0423182,-0.996686
1773725374537289,0.0691296,-0.0428191,-0.996688
1773725374557289,0.0689768,-0.0429639,-0.996693
1773725374577294,0.0686216,-0.0429827,-0.996716
1773725374597289,0.0684589,-0.0431299,-0.996721
1773725374617288,0.0682482,-0.0433601,-0.996726
1773725374637288,0.0681868,-0.0434359,-0.996727
1773725374657293,0.0683728,-0.0433005,-0.99672
1773725374677289,0.0685289,-0.0429919,-0.996722
1773725374697289,0.0688089,-0.0429971,-0.996703
1773725374717288,0.0695825,-0.0425641,-0.996668
1773725374737295,0.0704299,-0.0420292,-0.996631
1773725374757288,0.0714525,-0.041582,-0.996577
1773725374777294,0.0724186,-0.0413474,-0.996517
1773725374797294,0.0733132,-0.0413915,-0.99645
1773725374817292,0.0739469,-0.0412449,-0.996409
1773725374837289,0.0747277,-0.0410705,-0.996358
1773725374857290,0.0752182,-0.0409295,-0.996327
1773725374877291,0.076207,-0.0407145,-0.99626
1773725374897291,0.0766274,-0.0403709,-0.996242
1773725374917291,0.0770376,-0.040144,-0.99622
1773725374937293,0.0772861,-0.0399895,-0.996207
1773725374957292,0.0772641,-0.0397816,-0.996217
1773725374977292,0.0771519,-0.0394564,-0.996238
1773725374997301,0.0773643,-0.0393277,-0.996227
1773725375017288,0.077446,-0.0391897,-0.996226
1773725375037287,0.0777507,-0.0390052,-0.99621
1773725375057289,0.0778343,-0.0387274,-0.996214
1773725375077289,0.0778214,-0.0383053,-0.996231
1773725375097298,0.0780687,-0.03804,-0.996222
1773725375117289,0.0782313,-0.0377683,-0.99622
1773725375137318,0.0786804,-0.0375886,-0.996191
1773725375157288,0.0787965,-0.0373966,-0.996189
1773725375177289,0.0789315,-0.0370493,-0.996191
1773725375197290,0.0790089,-0.0368493,-0.996193
1773725375217292,0.0788017,-0.0365256,-0.996221
1773725375237289,0.0786629,-0.0362212,-0.996243
1773725375257291,0.0785863,-0.0360001,-0.996257
1773725375277288,0.0785217,-0.0358649,-0.996267
1773725375297289,0.0783275,-0.0357568,-0.996286
1773725375317290,0.078097,-0.0356304,-0.996309
1773725375337317,0.0778644,-0.0354313,-0.996334
1773725375357288,0.077705,-0.0353773,-0.996349
1773725375377295,0.0776554,-0.035284,-0.996356
1773725375397289,0.0776992,-0.0352106,-0.996355
1773725375417295,0.0777698,-0.0351869,-0.99635
1773725375437289,0.0777929,-0.0350958,-0.996352
1773725375457288,0.0777819,-0.0349519,-0.996358
1773725375477301,0.0777677,-0.0349188,-0.99636
1773725375497290,0.0776364,-0.0348916,-0.996371
1773725375517287,0.0774835,-0.0348827,-0.996383
1773725375537290,0.077336,-0.034755,-0.996399
1773725375557288,0.0771349,-0.0346675,-0.996418
1773725375577286,0.0770765,-0.0345754,-0.996425
1773725375597288,0.0770524,-0.0344477,-0.996432
1773725375617298,0.0770523,-0.034453,-0.996432
1773725375637290,0.0771209,-0.0343976,-0.996428
1773725375657293,0.077236,-0.0344275,-0.996418
1773725375677291,0.0773687,-0.034415,-0.996408
1773725375697299,0.0775242,-0.0343898,-0.996397
1773725375717315,0.0776162,-0.034377,-0.99639
1773725375737293,0.0776267,-0.0343054,-0.996392
1773725375757296,0.0776677,-0.03428,-0.99639
1773725375777294,0.0776755,-0.0342666,-0.99639
1773725375797296,0.0777114,-0.0342481,-0.996387
1773725375817294,0.0777442,-0.0342421,-0.996385
1773725375837300,0.0777937,-0.0341808,-0.996383
1773725375857297,0.0777912,-0.0341454,-0.996385
1773725375877288,0.0778438,-0.0341698,-0.99638
1773725375897287,0.0778553,-0.0341732,-0.996379
1773725375917291,0.0778583,-0.0340992,-0.996381
1773725375937288,0.0778341,-0.0340693,-0.996384
1773725375957293,0.0778327,-0.0339848,-0.996387
1773725375977288,0.0778798,-0.0339142,-0.996386
1773725375997288,0.0779128,-0.0339183,-0.996383
1773725376017289,0.077904,-0.0338514,-0.996386
1773725376037288,0.0778913,-0.0337629,-0.99639
1773725376057291,0.0777884,-0.0336678,-0.996401
1773725376077292,0.0777576,-0.0336845,-0.996403
1773725376097289,0.0777276,-0.0337508,-0.996403
1773725376117288,0.0777527,-0.0337271,-0.996402
1773725376137305,0.0777418,-0.0337068,-0.996404
1773725376157289,0.0777394,-0.0337123,-0.996404
1773725376177289,0.0777868,-0.0337129,-0.9964
1773725376197288,0.0778015,-0.0336676,-0.9964
1773725376217286,0.0778103,-0.0336777,-0.996399
1773725376237289,0.077806,-0.0336775,-0.9964
1773725376257289,0.0777825,-0.0335944,-0.996404
1773725376277290,0.0778153,-0.0336658,-0.996399
1773725376297313,0.0778612,-0.0336645,-0.996396
1773725376317290,0.0779381,-0.0337185,-0.996388
1773725376337290,0.0779545,-0.0336585,-0.996389
1773725376357288,0.0779798,-0.0336447,-0.996387
1773725376377287,0.0779507,-0.033585,-0.996391
1773725376397287,0.0779261,-0.0335972,-0.996393
1773725376417287,0.0779134,-0.0336018,-0.996394
1773725376437293,0.0778974,-0.0336866,-0.996392
1773725376457290,0.0778743,-0.0336745,-0.996394
1773725376477287,0.0779252,-0.0336563,-0.996391
1773725376497294,0.0779277,-0.0336297,-0.996392
1773725376517289,0.0779123,-0.0335786,-0.996395
1773725376537287,0.0778894,-0.0335765,-0.996396
1773725376557287,0.0778842,-0.0335424,-0.996398
1773725376577287,0.0778603,-0.0335996,-0.996398
1773725376597289,0.0777921,-0.0335764,-0.996404
1773725376617288,0.0777617,-0.0336077,-0.996405
1773725376637290,0.077729,-0.0335772,-0.996409
1773725376657288,0.0777459,-0.0336763,-0.996404
1773725376677289,0.0777166,-0.0336998,-0.996406
1773725376697288,0.0777519,-0.0337808,-0.9964
1773725376717287,0.0777704,-0.033778,-0.996399
1773725376737320,0.0777564,-0.0337545,-0.996401
1773725376757288,0.077777,-0.0337778,-0.996398
1773725376777292,0.077837,-0.0338204,-0.996392
1773725376797290,0.0778289,-0.0337984,-0.996394
1773725376817288,0.0778349,-0.0338152,-0.996393
1773725376837289,0.0778184,-0.0338028,-0.996394
1773725376857288,0.0778252,-0.0337712,-0.996395
1773725376877288,0.0779018,-0.033836,-0.996387
1773725376897288,0.0779091,-0.0337824,-0.996388
1773725376917289,0.0779028,-0.0337355,-0.99639
1773725376937289,0.077869,-0.0337803,-0.996391
1773725376957292,0.0778615,-0.0337826,-0.996392
1773725376977288,0.0778389,-0.0338419,-0.996391
1773725376997290,0.0778013,-0.0338179,-0.996395
1773725377017289,0.0778139,-0.0337569,-0.996396
1773725377037288,0.0778408,-0.0337234,-0.996395
1773725377057325,0.0778306,-0.0337841,-0.996394
1773725377077292,0.0778323,-0.0338213,-0.996393
1773725377097317,0.0778304,-0.0338414,-0.996392
1773725377117289,0.0778297,-0.0338432,-0.996392
1773725377137287,0.0778156,-0.0338409,-0.996393
1773725377157289,0.0778172,-0.0339145,-0.996391
1773725377177291,0.07784,-0.0338805,-0.99639
1773725377197288,0.0778254,-0.0337864,-0.996394
1773725377217287,0.0778484,-0.033757,-0.996394
1773725377237349,0.0778709,-0.033812,-0.99639
1773725377257289,0.0778591,-0.0337885,-0.996392
1773725377277290,0.0778518,-0.033775,-0.996393
1773725377297289,0.0778272,-0.0337871,-0.996394
1773725377317290,0.0778125,-0.0337706,-0.996396
1773725377337293,0.0778185,-0.0337719,-0.996395
1773725377357293,0.0778103,-0.0337914,-0.996395
1773725377377289,0.0778052,-0.0337365,-0.996398
1773725377397292,0.0777782,-0.0336975,-0.996401
1773725377417287,0.0777765,-0.033681,-0.996402
1773725377437289,0.0778086,-0.0336869,-0.996399
1773725377457288,0.0777887,-0.0336364,-0.996402
1773725377477289,0.0778206,-0.0336479,-0.996399
1773725377497288,0.0778049,-0.0335719,-0.996403
1773725377517289,0.0778024,-0.0335466,-0.996404
1773725377537291,0.0778222,-0.0335664,-0.996402
1773725377557291,0.0778288,-0.0335716,-0.996401
1773725377577287,0.0778613,-0.033592,-0.996398
1773725377597288,0.0778698,-0.033613,-0.996397
1773725377617309,0.0778108,-0.0336403,-0.9964
1773725377637289,0.0777646,-0.0336319,-0.996404
1773725377657286,0.0777704,-0.0336647,-0.996403
1773725377677289,0.0777465,-0.033732,-0.996402
1773725377697315,0.0777292,-0.0337527,-0.996403
1773725377717290,0.0777708,-0.0338857,-0.996395
1773725377737288,0.0777651,-0.0338787,-0.996396
1773725377757288,0.0777801,-0.033941,-0.996393
1773725377777288,0.077803,-0.0338966,-0.996392
1773725377797288,0.0777895,-0.0338669,-0.996394
1773725377817289,0.077785,-0.0338416,-0.996396
1773725377837288,0.0777971,-0.0338488,-0.996394
1773725377857288,0.0777827,-0.0338315,-0.996396
1773725377877289,0.0777969,-0.0337615,-0.996397
1773725377897288,0.0778243,-0.0337787,-0.996395
1773725377917288,0.0778622,-0.0338275,-0.99639
1773725377937291,0.0778185,-0.033839,-0.996393
1773725377957344,0.0778074,-0.0338705,-0.996393
1773725377977291,0.0777837,-0.0338188,-0.996396
1773725377997288,0.077757,-0.033836,-0.996398
1773725378017286,0.077696,-0.0338269,-0.996403
1773725378037288,0.0775972,-0.0337894,-0.996412
1773725378057287,0.0775718,-0.0337625,-0.996415
1773725378077288,0.0775688,-0.033718,-0.996417
1773725378097294,0.077559,-0.033674,-0.996419
1773725378117287,0.0775477,-0.0336804,-0.99642
1773725378137288,0.0775459,-0.0336792,-0.99642
1773725378157292,0.0775522,-0.0336901,-0.996419
1773725378177289,0.0775378,-0.0336366,-0.996422
1773725378197289,0.0775047,-0.0335815,-0.996426
1773725378217310,0.0774903,-0.0335643,-0.996428
1773725378237288,0.0775112,-0.0336538,-0.996423
1773725378257311,0.0775394,-0.033695,-0.99642
1773725378277287,0.0775382,-0.0337392,-0.996418
1773725378297288,0.0775725,-0.0337245,-0.996416
1773725378317289,0.0775898,-0.0337967,-0.996412
1773725378337289,0.0776216,-0.0338086,-0.996409
1773725378357289,0.0776522,-0.0338493,-0.996406
1773725378377314,0.0776176,-0.0338388,-0.996409
1773725378397288,0.0775577,-0.0338219,-0.996414
1773725378417287,0.0775742,-0.0338754,-0.996411
1773725378437289,0.07757,-0.0339011,-0.99641
1773725378457286,0.0775841,-0.0338569,-0.996411
1773725378477287,0.0775937,-0.0338496,-0.99641
1773725378497311,0.0776194,-0.0337985,-0.99641
1773725378517286,0.0776114,-0.0338641,-0.996408
1773725378537294,0.0776162,-0.0338474,-0.996409
1773725378557290,0.0775627,-0.0338202,-0.996414
1773725378577291,0.0776044,-0.0339119,-0.996407
1773725378597291,0.0775896,-0.0339266,-0.996408
1773725378617288,0.0775578,-0.0339148,-0.996411
1773725378637289,0.0775321,-0.0339296,-0.996412
1773725378657297,0.0775077,-0.0339209,-0.996415
1773725378677289,0.0775111,-0.0338662,-0.996416
1773725378697287,0.0775307,-0.0338296,-0.996416
1773725378717298,0.0775156,-0.0338608,-0.996416
1773725378737287,0.0774985,-0.0338241,-0.996419
1773725378757288,0.077389,-0.0338119,-0.996427
1773725378777325,0.0773449,-0.0338192,-0.996431
1773725378797287,0.0773416,-0.0338063,-0.996431
1773725378817319,0.0773996,-0.0338588,-0.996425
1773725378837287,0.0774494,-0.0338431,-0.996422
1773725378857287,0.0774341,-0.0338436,-0.996423
1773725378877287,0.0774014,-0.0338392,-0.996426
1773725378897288,0.0773564,-0.0338845,-0.996428
1773725378917290,0.07736,-0.0339224,-0.996426
1773725378937288,0.07736,-0.0339173,-0.996426
1773725378957296,0.0773823,-0.0339053,-0.996425
1773725378977314,0.0773897,-0.0339445,-0.996423
1773725378997289,0.0773514,-0.0339483,-0.996426
1773725379017288,0.0773733,-0.0340199,-0.996422
1773725379037288,0.0773331,-0.0339351,-0.996428
1773725379057289,0.0773209,-0.033985,-0.996427
1773725379077288,0.0773305,-0.0339467,-0.996427
1773725379097288,0.0772907,-0.0338866,-0.996433
1773725379117295,0.0772448,-0.0339342,-0.996434
1773725379137286,0.077218,-0.0339725,-0.996435
1773725379157288,0.0771906,-0.0340432,-0.996435
1773725379177327,0.0771696,-0.0340418,-0.996437
1773725379197289,0.0771684,-0.0340239,-0.996437
1773725379217320,0.0771968,-0.0339664,-0.996437
1773725379237290,0.0772094,-0.0338848,-0.996439
1773725379257288,0.0772009,-0.0339153,-0.996439
1773725379277288,0.0772018,-0.0338924,-0.996439
1773725379297287,0.0772077,-0.0339145,-0.996438
1773725379317290,0.0772316,-0.0338832,-0.996437
1773725379337288,0.0772736,-0.0338396,-0.996435
1773725379357289,0.0772457,-0.0338754,-0.996436
1773725379377287,0.0772531,-0.0338783,-0.996436
1773725379397287,0.0772491,-0.033888,-0.996436
1773725379417311,0.0772171,-0.0339079,-0.996438
1773725379437290,0.0771513,-0.0339254,-0.996442
1773725379457291,0.0771326,-0.0339547,-0.996442
1773725379477287,0.0771487,-0.0339369,-0.996442
1773725379497288,0.0771458,-0.0339385,-0.996442
1773725379517288,0.0771449,-0.0339252,-0.996443
1773725379537292,0.0771282,-0.0339032,-0.996445
1773725379557289,0.0771056,-0.033926,-0.996446
1773725379577289,0.0770609,-0.033909,-0.99645
1773725379597289,0.0770515,-0.0339417,-0.996449
1773725379617287,0.0770654,-0.0339189,-0.996449
1773725379637289,0.0770546,-0.0338931,-0.996451
1773725379657288,0.0770436,-0.0339142,-0.996451
1773725379677294,0.0770325,-0.0338993,-0.996452
1773725379697300,0.0769839,-0.0338448,-0.996458
1773725379717290,0.0770303,-0.0338941,-0.996452
1773725379737291,0.0769901,-0.0338094,-0.996458
1773725379757289,0.0769726,-0.0337893,-0.99646
1773725379777292,0.0769895,-0.0337954,-0.996459
1773725379797295,0.0770161,-0.0338297,-0.996456
1773725379817288,0.0769738,-0.0338328,-0.996459
1773725379837289,0.0769745,-0.0337743,-0.996461
1773725379857287,0.076997,-0.0338447,-0.996457
1773725379877289,0.0770187,-0.0338342,-0.996455
1773725379897286,0.0769783,-0.0337808,-0.99646
1773725379917288,0.077,-0.0337909,-0.996458
1773725379937287,0.0769886,-0.0338028,-0.996459
1773725379957289,0.0770431,-0.0338638,-0.996453
1773725379979883,0.0770666,-0.0338746,-0.99645
1773725379997289,0.0770887,-0.0338838,-0.996448
1773725380017287,0.0770965,-0.0340255,-0.996443
1773725380037288,0.0771206,-0.0340301,-0.996441
1773725380057286,0.0771088,-0.0340376,-0.996442
1773725380077288,0.0770708,-0.034056,-0.996444
1773725380097288,0.0770379,-0.0341553,-0.996443
1773725380117289,0.0770465,-0.0341761,-0.996442
1773725380137288,0.0770166,-0.0341648,-0.996444
1773725380157288,0.0769798,-0.0341908,-0.996446
1773725380177291,0.0770264,-0.0342604,-0.99644
1773725380197291,0.0770261,-0.0342973,-0.996439
1773725380217291,0.0770346,-0.0342977,-0.996438
1773725380237291,0.0770387,-0.0342725,-0.996439
1773725380257289,0.0770392,-0.0343229,-0.996437
1773725380277290,0.0770331,-0.0342703,-0.996439
1773725380297291,0.0770322,-0.0342932,-0.996439
1773725380317291,0.0770402,-0.0342534,-0.996439
1773725380337290,0.0770278,-0.034195,-0.996442
1773725380357294,0.0770361,-0.0341961,-0.996442
1773725380377296,0.0770827,-0.034188,-0.996438
1773725380397289,0.0770984,-0.0341193,-0.99644
1773725380417288,0.0771074,-0.0341186,-0.996439
1773725380437289,0.0770882,-0.0340246,-0.996444
1773725380457288,0.0771133,-0.0340682,-0.99644
1773725380477289,0.0771061,-0.0341007,-0.99644
1773725380497288,0.0770673,-0.0340644,-0.996444
1773725380517289,0.0770717,-0.0341057,-0.996442
1773725380537294,0.0770725,-0.0340882,-0.996443
1773725380557289,0.0770239,-0.0340442,-0.996448
1773725380577291,0.0770122,-0.0339738,-0.996451
1773725380597289,0.0770217,-0.0339513,-0.996451
1773725380617288,0.0770379,-0.0339694,-0.996449
1773725380637289,0.0770743,-0.0339911,-0.996446
1773725380657291,0.0770619,-0.033974,-0.996447
1773725380677291,0.0770501,-0.0339919,-0.996448
1773725380697289,0.077072,-0.0339706,-0.996447
1773725380717288,0.0770837,-0.0339894,-0.996445
1773725380737289,0.0770831,-0.0340321,-0.996444
1773725380757287,0.077101,-0.0341237,-0.996439
1773725380777287,0.0770666,-0.0341544,-0.996441
1773725380797290,0.0770203,-0.0340685,-0.996447
1773725380817288,0.0770072,-0.0340638,-0.996448
1773725380837289,0.0770322,-0.0340507,-0.996447
1773725380857288,0.0770344,-0.0341126,-0.996445
1773725380877318,0.0769942,-0.0341311,-0.996447
1773725380897289,0.0769921,-0.0341414,-0.996447
1773725380917290,0.0769786,-0.0341427,-0.996448
1773725380937323,0.0770155,-0.0341732,-0.996444
1773725380957291,0.0770146,-0.0341807,-0.996444
1773725380977288,0.0770481,-0.0341729,-0.996442
1773725380997289,0.0770546,-0.0341626,-0.996441
1773725381017288,0.0770661,-0.0341866,-0.99644
1773725381037288,0.0770922,-0.0342432,-0.996436
1773725381057288,0.0770923,-0.0341914,-0.996438
1773725381077290,0.0771313,-0.034279,-0.996431
1773725381097286,0.0771141,-0.0342581,-0.996434
1773725381117288,0.0771075,-0.0342377,-0.996435
1773725381137287,0.0771167,-0.0343087,-0.996432
1773725381157314,0.0771088,-0.0343536,-0.996431
1773725381177286,0.0771147,-0.0342773,-0.996433
1773725381197288,0.0770889,-0.0342927,-0.996434
1773725381217287,0.0771341,-0.0343191,-0.99643
1773725381237292,0.0771653,-0.0342651,-0.996429
1773725381257295,0.077201,-0.0342881,-0.996426
1773725381277288,0.077214,-0.0342467,-0.996426
1773725381297287,0.0772185,-0.034205,-0.996427
1773725381317288,0.0772501,-0.0342223,-0.996424
1773725381337294,0.0772207,-0.0341843,-0.996428
1773725381357295,0.0772399,-0.0341486,-0.996428
1773725381377290,0.0772128,-0.0341927,-0.996428
1773725381397288,0.0772088,-0.0342024,-0.996428
1773725381417289,0.0771916,-0.0342123,-0.996429
1773725381437314,0.0771803,-0.0341672,-0.996432
1773725381457286,0.0771776,-0.0341113,-0.996434
1773725381477288,0.0771552,-0.0341133,-0.996435
1773725381497289,0.0771927,-0.0341526,-0.996431
1773725381517289,0.0772156,-0.0341497,-0.996429
1773725381537290,0.0772676,-0.0341441,-0.996426
1773725381557290,0.0772638,-0.0341584,-0.996425
1773725381577289,0.0772632,-0.0341754,-0.996425
1773725381597315,0.0772798,-0.0341771,-0.996423
1773725381617286,0.077256,-0.0342651,-0.996422
1773725381637318,0.0772891,-0.034289,-0.996419
1773725381657289,0.0772769,-0.0342565,-0.996421
1773725381677244,0.0773327,-0.0342935,-0.996415
1773725381697289,0.0773453,-0.0342841,-0.996415
1773725381717318,0.0773478,-0.0342624,-0.996415
1773725381737287,0.0773799,-0.0343048,-0.996411
1773725381757286,0.0773753,-0.0342537,-0.996413
1773725381777285,0.0773343,-0.0341913,-0.996419
1773725381797287,0.0773182,-0.0342145,-0.996419
1773725381817285,0.0773261,-0.0341851,-0.99642
1773725381837288,0.077316,-0.0341009,-0.996423
1773725381857290,0.0773106,-0.0340466,-0.996426
1773725381877296,0.0773414,-0.0341177,-0.996421
1773725381897295,0.0773519,-0.0342267,-0.996416
1773725381917295,0.077381,-0.0342449,-0.996413
1773725381937295,0.0773624,-0.0341655,-0.996417
1773725381957287,0.0773098,-0.034105,-0.996424
1773725381977289,0.0773101,-0.0341094,-0.996423
1773725381997289,0.0772864,-0.0340473,-0.996427
1773725382017289,0.0772738,-0.0340361,-0.996429
1773725382037288,0.0772682,-0.0340285,-0.996429
1773725382057290,0.0773563,-0.0340039,-0.996423
1773725382077288,0.0773769,-0.0339393,-0.996424
1773725382097290,0.0774565,-0.0339091,-0.996419
1773725382117289,0.0775945,-0.0339201,-0.996408
1773725382137289,0.0777034,-0.0339029,-0.9964
1773725382157291,0.0778003,-0.0338676,-0.996394
1773725382177287,0.0778874,-0.0337939,-0.996389
1773725382197274,0.0779549,-0.0337461,-0.996386
1773725382217293,0.0779704,-0.0337195,-0.996385
1773725382237287,0.0779965,-0.0337553,-0.996382
1773725382257287,0.0780311,-0.0338277,-0.996377
1773725382277287,0.0780996,-0.0338449,-0.996371
1773725382297277,0.0781489,-0.033877,-0.996366
1773725382317287,0.0782435,-0.0338937,-0.996358
1773725382337287,0.0783201,-0.0339121,-0.996351
1773725382357289,0.0782579,-0.0338075,-0.99636
1773725382377455,0.0782795,-0.0337867,-0.996359
1773725382397288,0.0781575,-0.0337479,-0.99637
1773725382417286,0.0781014,-0.0337525,-0.996374
1773725382437287,0.0780108,-0.0337212,-0.996382
1773725382457286,0.0779449,-0.0337082,-0.996388
1773725382477288,0.0779036,-0.0336412,-0.996393
1773725382497288,0.0779197,-0.0336701,-0.996391
1773725382517288,0.0778626,-0.0335791,-0.996398
1773725382537287,0.0778361,-0.0335548,-0.996401
1773725382557291,0.0777942,-0.0336186,-0.996402
1773725382577287,0.0777411,-0.0336784,-0.996405
1773725382597289,0.0777024,-0.0337037,-0.996407
1773725382617288,0.0776763,-0.0336833,-0.996409
1773725382637288,0.0777216,-0.0336683,-0.996406
1773725382657288,0.0777705,-0.0336029,-0.996405
1773725382677315,0.0778554,-0.0335758,-0.996399
1773725382697286,0.0779255,-0.0335426,-0.996395
1773725382717292,0.0779305,-0.0335306,-0.996395
1773725382737290,0.0779032,-0.0334148,-0.996401
1773725382757289,0.0779164,-0.0334712,-0.996398
1773725382777288,0.0779345,-0.0335159,-0.996395
1773725382797290,0.0779705,-0.0335023,-0.996393
1773725382817288,0.0779727,-0.033502,-0.996392
1773725382837302,0.0779855,-0.0334403,-0.996393
1773725382857289,0.077989,-0.0333495,-0.996396
1773725382877288,0.0779273,-0.0333263,-0.996402
1773725382897288,0.0778554,-0.0333122,-0.996408
1773725382917291,0.0778096,-0.0333492,-0.99641
1773725382937289,0.0777742,-0.0333617,-0.996413
1773725382957290,0.077734,-0.033318,-0.996417
1773725382977288,0.0777442,-0.0333246,-0.996416
1773725382997289,0.0777132,-0.0333109,-0.996419
1773725383017289,0.0776328,-0.0332342,-0.996428
1773725383037288,0.0776339,-0.0332883,-0.996426
1773725383057315,0.0776163,-0.0332942,-0.996427
1773725383077290,0.0775783,-0.0333333,-0.996429
1773725383097313,0.077581,-0.0334302,-0.996425
1773725383117288,0.077591,-0.0334013,-0.996426
1773725383137288,0.0775759,-0.0333597,-0.996428
1773725383157289,0.0776249,-0.0332738,-0.996427
1773725383177288,0.0776111,-0.033224,-0.99643
1773725383197287,0.077596,-0.0332084,-0.996432
1773725383217295,0.0775546,-0.033204,-0.996435
1773725383237287,0.0776056,-0.0332682,-0.996429
1773725383257286,0.0776167,-0.0332313,-0.996429
1773725383277288,0.0777012,-0.0332414,-0.996422
1773725383297287,0.077704,-0.0332294,-0.996423
1773725383317288,0.0777574,-0.0333135,-0.996416
1773725383337289,0.077736,-0.0333181,-0.996417
1773725383357289,0.0777416,-0.0332842,-0.996418
1773725383377287,0.0777201,-0.033346,-0.996417
1773725383397288,0.0777218,-0.0332851,-0.996419
1773725383417286,0.0777534,-0.0332507,-0.996418
1773725383437290,0.0777281,-0.0332752,-0.996419
1773725383457288,0.077713,-0.0331976,-0.996423
1773725383477289,0.0776983,-0.0331396,-0.996426
1773725383497288,0.0777203,-0.033118,-0.996425
1773725383517289,0.0776698,-0.0330425,-0.996431
1773725383537288,0.0776126,-0.0330757,-0.996435
1773725383557289,0.0775922,-0.0330004,-0.996439
1773725383577290,0.0775654,-0.0330438,-0.99644
1773725383597288,0.0775323,-0.0329832,-0.996444
1773725383617287,0.0774554,-0.0329036,-0.996453
1773725383637289,0.0773433,-0.0329286,-0.996461
1773725383657286,0.0772182,-0.032933,-0.99647
1773725383677310,0.0771453,-0.0330349,-0.996472
1773725383697289,0.077127,-0.0330993,-0.996472
1773725383717289,0.0771782,-0.0330906,-0.996468
1773725383737288,0.0771614,-0.0331153,-0.996469
1773725383757287,0.0771624,-0.0331541,-0.996467
1773725383777314,0.0771657,-0.0330998,-0.996469
1773725383797287,0.0771439,-0.0331157,-0.99647
1773725383817286,0.0771216,-0.0330501,-0.996474
1773725383837316,0.0771397,-0.0330483,-0.996472
1773725383857288,0.0772051,-0.0330262,-0.996468
1773725383877290,0.0771886,-0.032983,-0.996471
1773725383897288,0.0772702,-0.0330051,-0.996464
1773725383917289,0.0773407,-0.033002,-0.996458
1773725383937287,0.0774012,-0.0329712,-0.996455
1773725383957288,0.07746,-0.0330579,-0.996447
1773725383977286,0.0775141,-0.033099,-0.996442
1773725383997288,0.0775847,-0.0331319,-0.996435
1773725384017287,0.0776037,-0.0331383,-0.996433
1773725384037287,0.0776254,-0.0331534,-0.996431
1773725384057289,0.0776935,-0.0332078,-0.996424
1773725384077285,0.0777625,-0.0331413,-0.996421
1773725384097287,0.0777587,-0.0331399,-0.996421
1773725384117287,0.0777972,-0.0330993,-0.99642
1773725384137287,0.0778189,-0.0330374,-0.99642
1773725384157286,0.0778464,-0.0330491,-0.996417
1773725384177286,0.0778603,-0.0330418,-0.996417
1773725384197290,0.0778023,-0.0331233,-0.996418
1773725384217287,0.0777107,-0.0330944,-0.996427
1773725384237312,0.0776366,-0.0331011,-0.996432
1773725384257286,0.07759,-0.0330677,-0.996437
1773725384277286,0.0775406,-0.0330615,-0.996441
1773725384297285,0.0766699,-0.0329409,-0.996512
1773725384317288,0.0760384,-0.0328221,-0.996565
1773725384337286,0.0761844,-0.0327624,-0.996555
1773725384357289,0.0763121,-0.0328192,-0.996544
1773725384377288,0.0765267,-0.032942,-0.996523
1773725384397308,0.0769022,-0.0329802,-0.996493
1773725384417285,0.077048,-0.0329626,-0.996482
1773725384437285,0.0770553,-0.0329556,-0.996482
1773725384457288,0.0770358,-0.0330279,-0.996481
1773725384477287,0.0770766,-0.0330026,-0.996479
1773725384497289,0.0771111,-0.0330287,-0.996475
1773725384517285,0.0771583,-0.0330245,-0.996472
1773725384537290,0.0772056,-0.0330305,-0.996468
1773725384557288,0.0772067,-0.0330122,-0.996468
1773725384577287,0.0772101,-0.0330248,-0.996468
1773725384597289,0.0772309,-0.0330269,-0.996466
1773725384617288,0.0773359,-0.0330395,-0.996457
1773725384637297,0.077308,-0.0330131,-0.996461
1773725384657287,0.0772399,-0.0331036,-0.996463
1773725384677288,0.0770941,-0.0330747,-0.996475
1773725384697288,0.0769493,-0.0330537,-0.996487
1773725384717289,0.076979,-0.0331068,-0.996483
1773725384737290,0.0771102,-0.0331499,-0.996471
1773725384757288,0.0773317,-0.0331891,-0.996453
1773725384777318,0.0774569,-0.0332257,-0.996442
1773725384797288,0.0774303,-0.0332171,-0.996444
1773725384817288,0.0773076,-0.0332053,-0.996454
1773725384837289,0.0771879,-0.0332847,-0.996461
1773725384857287,0.0771662,-0.0334092,-0.996458
1773725384877288,0.0771713,-0.0334538,-0.996456
1773725384897286,0.0771143,-0.0334247,-0.996462
1773725384917319,0.0769665,-0.0334264,-0.996473
1773725384937288,0.0767993,-0.0333919,-0.996487
1773725384957289,0.0767306,-0.0333751,-0.996493
1773725384977288,0.0767917,-0.0333999,-0.996488
1773725384997317,0.0769675,-0.0334498,-0.996472
1773725385017289,0.0770949,-0.0333571,-0.996466
1773725385037290,0.0772476,-0.0332972,-0.996456
1773725385057287,0.0773024,-0.0332954,-0.996452
1773725385077289,0.0773927,-0.0332706,-0.996445
1773725385097287,0.0773821,-0.0332701,-0.996446
1773725385117295,0.0774174,-0.0332738,-0.996443
1773725385137295,0.0774211,-0.0333064,-0.996442
1773725385157291,0.0773268,-0.033361,-0.996447
1773725385177286,0.0772763,-0.0332751,-0.996454
1773725385197291,0.0772558,-0.0332414,-0.996457
1773725385217285,0.077206,-0.0332107,-0.996462
1773725385237288,0.0771477,-0.0332001,-0.996467
1773725385257288,0.0771331,-0.0331937,-0.996468
1773725385277288,0.0771311,-0.0331882,-0.996468
1773725385297286,0.0771334,-0.033074,-0.996472
1773725385317289,0.0768965,-0.0331235,-0.996489
1773725385337287,0.0766694,-0.0330773,-0.996508
1773725385357292,0.076638,-0.0330489,-0.996511
1773725385377287,0.0767185,-0.0330529,-0.996505
1773725385397293,0.0767516,-0.0330925,-0.996501
1773725385417331,0.076823,-0.0330615,-0.996496
1773725385437290,0.0768751,-0.0330403,-0.996493
1773725385457323,0.0769009,-0.0331183,-0.996489
1773725385477291,0.0768979,-0.033115,-0.996489
1773725385497287,0.0769397,-0.0332374,-0.996482
1773725385517292,0.0770827,-0.0332472,-0.99647
1773725385537333,0.0771393,-0.0332927,-0.996464
1773725385557292,0.0771059,-0.0333002,-0.996467
1773725385577288,0.0770933,-0.0333508,-0.996466
1773725385597292,0.0771376,-0.0333999,-0.996461
1773725385617289,0.0771548,-0.0333385,-0.996462
1773725385637289,0.0772082,-0.0333295,-0.996458
1773725385657287,0.0772009,-0.0333211,-0.996459
1773725385677291,0.0772577,-0.0332371,-0.996457
1773725385697290,0.0773551,-0.0331851,-0.996451
1773725385717291,0.0773017,-0.0331371,-0.996457
1773725385737290,0.0771956,-0.0331325,-0.996465
1773725385757292,0.0771777,-0.0330147,-0.996471
1773725385777289,0.0771886,-0.0329886,-0.996471
1773725385797291,0.0771904,-0.0330826,-0.996467
1773725385817288,0.0771664,-0.0330728,-0.99647
1773725385837292,0.0771645,-0.033062,-0.99647
1773725385857288,0.0771966,-0.033073,-0.996467
1773725385877290,0.0772302,-0.033091,-0.996464
1773725385897334,0.0772718,-0.0330431,-0.996462
1773725385917332,0.0772145,-0.0329992,-0.996468
1773725385937287,0.077153,-0.0329343,-0.996475
1773725385957290,0.0770784,-0.0329009,-0.996482
1773725385977288,0.0769853,-0.03287,-0.99649
1773725385997295,0.0769775,-0.0328885,-0.99649
1773725386017294,0.0769344,-0.0328678,-0.996494
1773725386037295,0.0768577,-0.0328286,-0.996501
1773725386057295,0.0767814,-0.0328405,-0.996507
1773725386077292,0.0767283,-0.0327711,-0.996513
1773725386097324,0.0767665,-0.0327779,-0.99651
1773725386117335,0.076825,-0.0327984,-0.996505
1773725386137289,0.076833,-0.0328362,-0.996503
1773725386157295,0.076881,-0.0328869,-0.996498
1773725386177290,0.0769251,-0.0328693,-0.996495
1773725386197292,0.0769289,-0.0328707,-0.996495
1773725386217291,0.0769444,-0.032911,-0.996492
1773725386237300,0.0769496,-0.0329244,-0.996491
1773725386257288,0.0770126,-0.0329859,-0.996484
1773725386277298,0.0770646,-0.0329339,-0.996482
1773725386297294,0.0771195,-0.0328903,-0.996479
1773725386317294,0.0771134,-0.0328483,-0.996481
1773725386337293,0.0770984,-0.0328063,-0.996484
1773725386357292,0.0771127,-0.0327982,-0.996483
1773725386377287,0.0770683,-0.0327905,-0.996486
1773725386397463,0.077069,-0.0328043,-0.996486
1773725386417302,0.0770543,-0.0328034,-0.996487
1773725386437290,0.0769903,-0.0327444,-0.996494
1773725386457286,0.0769162,-0.0327508,-0.9965
1773725386477286,0.0768624,-0.0328021,-0.996502
1773725386497285,0.0768269,-0.0327991,-0.996505
1773725386517287,0.0767583,-0.0327873,-0.99651
1773725386537287,0.0767151,-0.0327305,-0.996516
1773725386557286,0.0766485,-0.0326932,-0.996522
1773725386577288,0.0766478,-0.0326689,-0.996523
1773725386597290,0.0766041,-0.0326751,-0.996526
1773725386617287,0.0765552,-0.0326888,-0.996529
1773725386637291,0.0765497,-0.0327226,-0.996529
1773725386657285,0.0765044,-0.0327016,-0.996533
1773725386677288,0.0764677,-0.0326859,-0.996536
1773725386697291,0.076254,-0.0333886,-0.996529
1773725386717288,0.0747554,-0.0348736,-0.996592
1773725386737286,0.0708185,-0.037285,-0.996792
1773725386757285,0.0663745,-0.0399273,-0.996996
1773725386777288,0.0612938,-0.0434805,-0.997172
1773725386797290,0.0540284,-0.0468365,-0.99744
1773725386817289,0.0442133,-0.0496992,-0.997785
1773725386837288,0.0310444,-0.0508993,-0.998221
1773725386857288,0.0177451,-0.0464929,-0.998761
1773725386877285,0.00444084,-0.0417285,-0.999119
1773725386897284,-0.0101584,-0.0336904,-0.999381
1773725386917287,-0.0223884,-0.0269018,-0.999387
1773725386937285,-0.0343319,-0.019984,-0.999211
1773725386957288,-0.0410396,-0.014189,-0.999057
1773725386977288,-0.0430832,-0.00904725,-0.999031
1773725386997289,-0.0447287,-0.00470291,-0.998988
1773725387017288,-0.0430927,-0.000963629,-0.999071
1773725387037288,-0.0426236,0.00310124,-0.999086
1773725387057289,-0.0388743,0.00761442,-0.999215
1773725387077287,-0.0366129,0.00852748,-0.999293
1773725387097288,-0.0327038,0.00818213,-0.999432
1773725387117288,-0.0274833,0.0102569,-0.99957
1773725387137286,-0.0228107,0.0119216,-0.999669
1773725387157286,-0.016455,0.0148708,-0.999754
1773725387177287,-0.0114613,0.0168482,-0.999792
1773725387197288,-0.00942572,0.0188556,-0.999778
1773725387217315,-0.00704704,0.0199568,-0.999776
1773725387237287,-0.00556061,0.0210614,-0.999763
1773725387257291,-0.0043708,0.0211122,-0.999768
1773725387277296,-0.00397883,0.0203471,-0.999785
1773725387297289,-0.00410241,0.0183971,-0.999822
1773725387317286,-0.00449779,0.0156693,-0.999867
1773725387337278,-0.00506198,0.0121392,-0.999914
1773725387357286,-0.00639853,0.00852018,-0.999943
1773725387377286,-0.0079811,0.00510064,-0.999955
1773725387397287,-0.0101942,0.0016714,-0.999947
1773725387417289,-0.013896,-0.0017366,-0.999902
1773725387437289,-0.0177179,-0.00442284,-0.999833
1773725387457293,-0.0218118,-0.00625227,-0.999743
1773725387477293,-0.0247455,-0.00650314,-0.999673
1773725387497287,-0.0278925,-0.00745154,-0.999583
1773725387517289,-0.030154,-0.00753573,-0.999517
1773725387537286,-0.0327235,-0.00773953,-0.999434
1773725387557286,-0.0354212,-0.00750174,-0.999344
1773725387577287,-0.0382418,-0.00709821,-0.999243
1773725387597290,-0.0413066,-0.00668124,-0.999124
1773725387617289,-0.0436058,-0.00633633,-0.999029
1773725387637307,-0.0454735,-0.0062088,-0.998946
1773725387657291,-0.0457325,-0.0060478,-0.998935
1773725387677291,-0.0459437,-0.00548054,-0.998929
1773725387697292,-0.0462926,-0.00525908,-0.998914
1773725387717290,-0.0464132,-0.00493486,-0.99891
1773725387737292,-0.0458192,-0.00474138,-0.998938
1773725387757291,-0.0447777,-0.00429187,-0.998988
1773725387777291,-0.0436244,-0.00404856,-0.99904
1773725387797291,-0.0422313,-0.0041297,-0.999099
1773725387817294,-0.0405406,-0.00463958,-0.999167
1773725387837295,-0.038524,-0.00510691,-0.999245
1773725387857290,-0.0369735,-0.0053623,-0.999302
1773725387877291,-0.0355381,-0.00564896,-0.999352
1773725387897290,-0.0341543,-0.00593288,-0.999399
1773725387917293,-0.0326772,-0.00626931,-0.999446
1773725387937289,-0.031325,-0.00673151,-0.999487
1773725387957289,-0.0299295,-0.00706372,-0.999527
1773725387977292,-0.0287831,-0.00749832,-0.999558
1773725387997292,-0.028155,-0.0078968,-0.999572
1773725388017292,-0.0272663,-0.0083475,-0.999593
1773725388037292,-0.0266218,-0.00860111,-0.999609
1773725388057291,-0.0261702,-0.00894937,-0.999617
1773725388077290,-0.0257599,-0.0090956,-0.999627
1773725388097288,-0.0251305,-0.00932625,-0.999641
1773725388117290,-0.0242826,-0.00961923,-0.999659
1773725388137289,-0.0233569,-0.0101185,-0.999676
1773725388157290,-0.0223185,-0.0105238,-0.999696
1773725388177291,-0.0210888,-0.0108005,-0.999719
1773725388197289,-0.019572,-0.0107518,-0.999751
1773725388217289,-0.0178676,-0.0105368,-0.999785
1773725388237289,-0.015978,-0.0101992,-0.99982
1773725388257293,-0.0148203,-0.0100011,-0.99984
1773725388277289,-0.0138039,-0.00985487,-0.999856
1773725388297293,-0.0125573,-0.0099168,-0.999872
1773725388317293,-0.0114236,-0.0106126,-0.999878
1773725388337292,-0.0104791,-0.0113725,-0.99988
1773725388357288,-0.00928111,-0.0122789,-0.999882
1773725388377292,-0.00815555,-0.0131393,-0.99988
1773725388397411,-0.00704487,-0.0137406,-0.999881
1773725388417294,-0.00587549,-0.0142152,-0.999882
1773725388437290,-0.00475405,-0.0144935,-0.999884
1773725388457290,-0.00393434,-0.0146674,-0.999885
1773725388477291,-0.00316692,-0.0146454,-0.999888
1773725388497293,-0.00240557,-0.0145433,-0.999891
1773725388517293,-0.00208313,-0.0143297,-0.999895
1773725388537292,-0.00238702,-0.0140474,-0.999898
1773725388557294,-0.00207642,-0.013341,-0.999909
1773725388577292,-0.00097781,-0.0125872,-0.99992
1773725388597294,5.35838e-05,-0.011552,-0.999933
1773725388617297,0.000351458,-0.0105515,-0.999944
1773725388637289,0.000642644,-0.00965845,-0.999953
1773725388657289,0.000893647,-0.00857979,-0.999963
1773725388677291,0.00111248,-0.0074788,-0.999971
1773725388697292,0.0012284,-0.00649475,-0.999978
1773725388717297,0.00155814,-0.00563529,-0.999983
1773725388737294,0.00158892,-0.00476006,-0.999987
1773725388757291,0.00140234,-0.00382304,-0.999992
1773725388777291,0.000598748,-0.00291203,-0.999996
1773725388797291,-9.72109e-05,-0.00216681,-0.999998
1773725388817291,-0.000649084,-0.00159418,-0.999999
1773725388837354,-0.00129942,-0.00137233,-0.999998
1773725388857293,-0.00221504,-0.00116376,-0.999997
1773725388877291,-0.003347,-0.00106201,-0.999994
1773725388897294,-0.00462828,-0.000917981,-0.999989
1773725388917293,-0.00588414,-0.00075427,-0.999982
1773725388937305,-0.00655817,-0.00072741,-0.999978
1773725388957295,-0.00752592,-0.000895253,-0.999971
1773725388977295,-0.0086239,-0.0010754,-0.999962
1773725388997296,-0.00967381,-0.00128177,-0.999952
1773725389017299,-0.0106714,-0.00128875,-0.999942
1773725389037294,-0.0117489,-0.00133282,-0.99993
1773725389057295,-0.0128269,-0.00147573,-0.999917
