1775117297987295,0,0,0
1775117298005735,0,0,0
1775117298025735,0,0,0
1775117298045736,0,0,0
1775117298065737,0,0,0
1775117298085734,0,0,0
1775117298105739,0,0,0
1775117298125735,0,0,0
1775117298145735,0,0,0
1775117298165734,0,0,0
1775117298185732,-0.00714079,-0.0140449,-0.999876
1775117298205735,-0.00804462,-0.0142582,-0.999866
1775117298225731,-0.00811832,-0.0141786,-0.999867
1775117298245733,-0.00831653,-0.0139144,-0.999869
1775117298265733,-0.00811856,-0.01411,-0.999867
1775117298285737,-0.00876445,-0.0135113,-0.99987
1775117298305733,-0.00937468,-0.0128891,-0.999873
1775117298325730,-0.00915061,-0.0142423,-0.999857
1775117298345730,-0.00674626,-0.0161502,-0.999847
1775117298365728,-0.0071659,-0.0167214,-0.999835
1775117298385731,-0.00758017,-0.0159392,-0.999844
1775117298405732,-0.00726053,-0.0155401,-0.999853
1775117298425732,-0.0109975,-0.0143591,-0.999836
1775117298445735,-0.01134,-0.0144254,-0.999832
1775117298465731,-0.00850921,-0.0161751,-0.999833
1775117298485739,-0.00912056,-0.0173393,-0.999808
1775117298505729,-0.0103188,-0.0157176,-0.999823
1775117298525733,-0.0110795,-0.0148515,-0.999828
1775117298545729,-0.012269,-0.0154926,-0.999805
1775117298565734,-0.0117556,-0.015364,-0.999813
1775117298585726,-0.0123982,-0.0155259,-0.999803
1775117298605816,-0.00976412,-0.017477,-0.9998
1775117298625733,-0.0102214,-0.0172592,-0.999799
1775117298645728,-0.0136053,-0.0146464,-0.9998
1775117298665733,-0.0135602,-0.0147104,-0.9998
1775117298685730,-0.0133883,-0.0146863,-0.999803
1775117298705731,-0.0105829,-0.0164067,-0.999809
1775117298725729,-0.011458,-0.016495,-0.999798
1775117298745728,-0.0111375,-0.0167371,-0.999798
1775117298765730,-0.0110199,-0.0165819,-0.999802
1775117298785728,-0.0109799,-0.0169784,-0.999796
1775117298805730,-0.0108805,-0.0168807,-0.999798
1775117298825728,-0.0106134,-0.0171434,-0.999797
1775117298845730,-0.0111432,-0.0169429,-0.999794
1775117298865736,-0.0107782,-0.0166485,-0.999803
1775117298885728,-0.0109409,-0.016864,-0.999798
1775117298905729,-0.0142031,-0.0148162,-0.999789
1775117298925755,-0.0108222,-0.0167443,-0.999801
1775117298945726,-0.0141707,-0.0153011,-0.999783
1775117298965730,-0.0138984,-0.0153986,-0.999785
1775117298985753,-0.0137072,-0.0153873,-0.999788
1775117299005726,-0.0137877,-0.014557,-0.999799
1775117299025752,-0.013691,-0.0147864,-0.999797
1775117299045756,-0.0135624,-0.0150626,-0.999795
1775117299065728,-0.0130275,-0.0153042,-0.999798
1775117299085741,-0.0106483,-0.0167713,-0.999803
1775117299105731,-0.0102731,-0.0173305,-0.999797
1775117299125726,-0.00977355,-0.0174342,-0.9998
1775117299145725,-0.0130654,-0.0159591,-0.999787
1775117299165724,-0.0120306,-0.0152641,-0.999811
1775117299185725,-0.0121097,-0.0140838,-0.999827
1775117299205744,-0.0110738,-0.013083,-0.999853
1775117299225757,-0.00767464,-0.0157175,-0.999847
1775117299245730,-0.00845075,-0.0159326,-0.999837
1775117299265731,-0.0113278,-0.0139752,-0.999838
1775117299285727,-0.0111963,-0.0137319,-0.999843
1775117299305730,-0.00768361,-0.015307,-0.999853
1775117299325727,-0.00805994,-0.0161229,-0.999838
1775117299345730,-0.00700304,-0.0175098,-0.999822
1775117299365733,-0.00853633,-0.0171466,-0.999817
1775117299385730,-0.00558512,-0.016174,-0.999854
1775117299405731,-0.00964854,-0.0145086,-0.999848
1775117299425686,-0.00852884,-0.0133646,-0.999874
1775117299445732,-0.00888009,-0.0141496,-0.99986
1775117299465728,-0.00862564,-0.0142539,-0.999861
1775117299485754,-0.00851384,-0.0137167,-0.99987
1775117299505724,-0.00808137,-0.0136849,-0.999874
1775117299525729,-0.00790403,-0.013758,-0.999874
1775117299545734,-0.00743065,-0.0140338,-0.999874
1775117299565728,-0.00991248,-0.0139418,-0.999854
1775117299585729,-0.0100408,-0.0132226,-0.999862
1775117299605727,-0.0145652,-0.0126766,-0.999814
1775117299625728,-0.00747964,-0.0159921,-0.999844
1775117299645726,-0.00172852,-0.0141915,-0.999898
1775117299665726,-0.0019329,-0.0131996,-0.999911
1775117299685726,-0.00712681,-0.0130155,-0.99989
1775117299705727,-0.0134373,-0.0137252,-0.999816
1775117299725726,-0.0167826,-0.0132189,-0.999772
1775117299745727,-0.0157896,-0.0136959,-0.999782
1775117299765728,-0.0141475,-0.0130293,-0.999815
1775117299785727,-0.0113586,-0.0126469,-0.999856
1775117299805726,-0.0128301,-0.0128258,-0.999835
1775117299825727,-0.0130955,-0.0126165,-0.999835
1775117299845727,-0.0138748,-0.0121436,-0.99983
1775117299865746,-0.019468,-0.0128214,-0.999728
1775117299885730,-0.0202456,-0.0133387,-0.999706
1775117299905728,-0.0186157,-0.0121537,-0.999753
1775117299925729,-0.0196972,-0.0132103,-0.999719
1775117299945725,-0.0213235,-0.0117644,-0.999703
1775117299965727,-0.0218082,-0.0113982,-0.999697
1775117299985731,-0.0203304,-0.0131345,-0.999707
1775117300005729,-0.020816,-0.013,-0.999699
1775117300025728,-0.0207986,-0.013328,-0.999695
1775117300045729,-0.0213695,-0.013292,-0.999683
1775117300065747,-0.0206168,-0.0134146,-0.999697
1775117300085733,-0.0198897,-0.0136859,-0.999709
1775117300105735,-0.0202894,-0.013309,-0.999706
1775117300125730,-0.0287822,-0.00850978,-0.999549
1775117300145742,-0.0211091,-0.0146092,-0.99967
1775117300165727,-0.0284662,-0.00799244,-0.999563
1775117300185729,-0.0192753,-0.0133882,-0.999725
1775117300205728,-0.0303214,-0.00881467,-0.999501
1775117300225727,-0.0298829,-0.00821494,-0.99952
1775117300245726,-0.0304047,-0.00791857,-0.999506
1775117300265731,-0.0305246,-0.00915962,-0.999492
1775117300285727,-0.0299657,-0.0092444,-0.999508
1775117300305806,-0.0315679,-0.0105596,-0.999446
1775117300325729,-0.0305239,-0.00943009,-0.99949
1775117300345727,-0.0323532,-0.00885184,-0.999437
1775117300365733,-0.0337216,-0.0109836,-0.999371
1775117300385733,-0.0347031,-0.0112502,-0.999334
1775117300405730,-0.0322917,-0.0107748,-0.99942
1775117300425730,-0.0208707,-0.0183809,-0.999613
1775117300445725,-0.0223158,-0.0177496,-0.999593
1775117300465727,-0.0224763,-0.0182127,-0.999581
1775117300485730,-0.0253124,-0.019266,-0.999494
1775117300505731,-0.0249347,-0.0183294,-0.999521
1775117300525728,-0.0246058,-0.0183207,-0.999529
1775117300545731,-0.0256867,-0.0181056,-0.999506
1775117300565704,-0.0368684,-0.0140406,-0.999221
1775117300585728,-0.0326723,-0.0135913,-0.999374
1775117300605727,-0.0376297,-0.015452,-0.999172
1775117300625728,-0.0378522,-0.0149248,-0.999172
1775117300645726,-0.0359718,-0.0155439,-0.999232
1775117300665728,-0.0366074,-0.0154852,-0.99921
1775117300685726,-0.0379591,-0.0138687,-0.999183
1775117300705734,-0.0327564,-0.0183107,-0.999296
1775117300725730,-0.0342752,-0.0184858,-0.999241
1775117300745731,-0.0342254,-0.0166932,-0.999275
1775117300765728,-0.0331151,-0.0164034,-0.999317
1775117300785734,-0.0343189,-0.0161103,-0.999281
1775117300805727,-0.036599,-0.0169471,-0.999186
1775117300825731,-0.0369572,-0.0171129,-0.99917
1775117300845728,-0.0367055,-0.0174652,-0.999173
1775117300865729,-0.0342597,-0.0161029,-0.999283
1775117300885729,-0.0344307,-0.0173275,-0.999257
1775117300905727,-0.033228,-0.0168892,-0.999305
1775117300925735,-0.0332263,-0.0160958,-0.999318
1775117300945748,-0.0301374,-0.0164793,-0.99941
1775117300965726,-0.0308848,-0.0166104,-0.999385
1775117300985726,-0.0316604,-0.0163252,-0.999365
1775117301005730,-0.0331214,-0.0160823,-0.999322
1775117301025726,-0.0332654,-0.0155706,-0.999325
1775117301045726,-0.0352917,-0.0157275,-0.999253
1775117301065731,-0.0347461,-0.0159022,-0.99927
1775117301085762,-0.0347215,-0.0157985,-0.999272
1775117301105736,-0.0352874,-0.0161564,-0.999247
1775117301125733,-0.0358334,-0.0164425,-0.999223
1775117301145727,-0.0337387,-0.0160976,-0.999301
1775117301165730,-0.0325272,-0.0162477,-0.999339
1775117301185853,-0.0338007,-0.0169988,-0.999284
1775117301205728,-0.0348913,-0.0154732,-0.999271
1775117301225727,-0.0337374,-0.0148865,-0.99932
1775117301245727,-0.0336871,-0.0139804,-0.999335
1775117301265727,-0.0347558,-0.0158174,-0.999271
1775117301285728,-0.0371707,-0.0152116,-0.999193
1775117301305726,-0.0349511,-0.0163742,-0.999255
1775117301325728,-0.0344953,-0.0154883,-0.999285
1775117301345727,-0.034137,-0.0156427,-0.999295
1775117301365728,-0.035178,-0.0155672,-0.99926
1775117301385725,-0.0321509,-0.0150577,-0.99937
1775117301405728,-0.0338913,-0.0154465,-0.999306
1775117301425727,-0.0312098,-0.0142087,-0.999412
1775117301445727,-0.0298208,-0.0139055,-0.999459
1775117301465727,-0.029613,-0.0138321,-0.999466
1775117301485730,-0.0301157,-0.0141946,-0.999446
1775117301505725,-0.0290374,-0.0138688,-0.999482
1775117301525725,-0.0279468,-0.0125953,-0.99953
1775117301545726,-0.0267661,-0.0129534,-0.999558
1775117301565729,-0.0278859,-0.0133992,-0.999521
1775117301585731,-0.0266909,-0.0135181,-0.999552
1775117301605734,-0.0218484,-0.00906113,-0.99972
1775117301625728,-0.0208738,-0.00853053,-0.999746
1775117301645727,-0.0243375,-0.0122713,-0.999628
1775117301665725,-0.0257553,-0.0128751,-0.999585
1775117301685727,-0.0225915,-0.0119992,-0.999673
1775117301705732,-0.0252507,-0.0126777,-0.999601
1775117301725727,-0.0241327,-0.0100182,-0.999659
1775117301745727,-0.0230811,-0.0112347,-0.99967
1775117301765731,-0.0222106,-0.0105305,-0.999698
1775117301785726,-0.0225835,-0.00884292,-0.999706
1775117301805727,-0.0260439,-0.0102099,-0.999609
1775117301825768,-0.0266568,-0.00980024,-0.999597
1775117301845729,-0.0259277,-0.00955425,-0.999618
1775117301865730,-0.0259535,-0.0103727,-0.999609
1775117301885728,-0.0273249,-0.00933432,-0.999583
1775117301905729,-0.0267869,-0.00791699,-0.99961
1775117301925788,-0.0259481,-0.00795504,-0.999632
1775117301945729,-0.0264826,-0.00850605,-0.999613
1775117301965729,-0.028563,-0.0090752,-0.999551
1775117301985732,-0.0294254,-0.00938513,-0.999523
1775117302005751,-0.030131,-0.00847699,-0.99951
1775117302025728,-0.0310205,-0.00885974,-0.999479
1775117302045724,-0.0301742,-0.00788255,-0.999514
1775117302065726,-0.0308744,-0.00771943,-0.999493
1775117302085724,-0.0307585,-0.00887198,-0.999487
1775117302105727,-0.0292742,-0.00642924,-0.999551
1775117302125876,-0.0289138,-0.00647236,-0.999561
1775117302145726,-0.0283383,-0.00701997,-0.999574
1775117302165730,-0.0285884,-0.00706388,-0.999566
1775117302185727,-0.0281097,-0.00706203,-0.99958
1775117302205912,-0.0270899,-0.00640687,-0.999612
1775117302225728,-0.0270182,-0.00629509,-0.999615
1775117302245728,-0.0273196,-0.005964,-0.999609
1775117302265726,-0.0311899,-0.00705687,-0.999489
1775117302285727,-0.0312199,-0.00697249,-0.999488
1775117302305726,-0.0307751,-0.00699788,-0.999502
1775117302325731,-0.0301225,-0.00734643,-0.999519
1775117302345725,-0.0280991,-0.00673473,-0.999582
1775117302365727,-0.0272473,-0.00721067,-0.999603
1775117302385728,-0.0271196,-0.00658943,-0.99961
1775117302405760,-0.0271234,-0.00683872,-0.999609
1775117302425730,-0.0270291,-0.00648749,-0.999614
1775117302445728,-0.0273339,-0.00614999,-0.999607
1775117302465727,-0.0279653,-0.00679702,-0.999586
1775117302485728,-0.0305509,-0.00707459,-0.999508
1775117302505727,-0.030884,-0.00694285,-0.999499
1775117302525724,-0.0319447,-0.00726988,-0.999463
1775117302545726,-0.0311437,-0.007815,-0.999484
1775117302565726,-0.0324158,-0.00847306,-0.999439
1775117302585729,-0.0318735,-0.00816467,-0.999459
1775117302605727,-0.0326477,-0.00829871,-0.999432
1775117302625735,-0.0304351,-0.00852984,-0.9995
1775117302645732,-0.030812,-0.00915114,-0.999483
1775117302665759,-0.03051,-0.0088242,-0.999496
1775117302685725,-0.030581,-0.00842205,-0.999497
1775117302705726,-0.0297875,-0.00764305,-0.999527
1775117302725725,-0.0298674,-0.00864739,-0.999516
1775117302745728,-0.0296506,-0.00854027,-0.999524
1775117302765726,-0.0292146,-0.00816329,-0.99954
1775117302785726,-0.0332229,-0.011957,-0.999376
1775117302805727,-0.0323853,-0.0114016,-0.99941
1775117302825727,-0.0325605,-0.0108484,-0.999411
1775117302845726,-0.0323491,-0.011932,-0.999405
1775117302865727,-0.0325022,-0.0122048,-0.999397
1775117302885732,-0.0304427,-0.0119302,-0.999465
1775117302905729,-0.0306171,-0.0114438,-0.999466
1775117302925728,-0.0310201,-0.0119107,-0.999448
1775117302945756,-0.0306725,-0.0120563,-0.999457
1775117302965727,-0.0306767,-0.012305,-0.999454
1775117302985728,-0.030802,-0.012854,-0.999443
1775117303005726,-0.0321726,-0.0134999,-0.999391
1775117303025729,-0.0316975,-0.0133761,-0.999408
1775117303045730,-0.0315545,-0.0130915,-0.999416
1775117303065730,-0.0318089,-0.0127494,-0.999413
1775117303085728,-0.0316284,-0.0132718,-0.999412
1775117303105730,-0.0317983,-0.0134208,-0.999404
1775117303125728,-0.0315936,-0.0134663,-0.99941
1775117303145732,-0.0325378,-0.0142418,-0.999369
1775117303165727,-0.0324569,-0.0142325,-0.999372
1775117303185727,-0.0347331,-0.0143802,-0.999293
1775117303205727,-0.0339273,-0.014616,-0.999317
1775117303225734,-0.033532,-0.014664,-0.99933
1775117303245728,-0.0336573,-0.0146109,-0.999327
1775117303265728,-0.0333313,-0.0147394,-0.999336
1775117303285732,-0.0309673,-0.0154438,-0.999401
1775117303305729,-0.0331934,-0.0146357,-0.999342
1775117303325732,-0.0331677,-0.0143331,-0.999347
1775117303345726,-0.0333881,-0.0144909,-0.999337
1775117303365727,-0.0333224,-0.0148077,-0.999335
1775117303385724,-0.0330697,-0.014724,-0.999345
1775117303405753,-0.0329527,-0.0147521,-0.999348
1775117303425725,-0.0332875,-0.0150004,-0.999333
1775117303445733,-0.0323608,-0.0141103,-0.999377
1775117303465749,-0.0323183,-0.0142499,-0.999376
1775117303485726,-0.0321938,-0.0146053,-0.999375
1775117303505724,-0.0311978,-0.0119963,-0.999441
1775117303525730,-0.0318017,-0.0137923,-0.999399
1775117303545726,-0.0313044,-0.0133876,-0.99942
1775117303565732,-0.0310971,-0.013443,-0.999426
1775117303585750,-0.0309126,-0.0129054,-0.999439
1775117303605726,-0.0302101,-0.012679,-0.999463
1775117303625726,-0.0310137,-0.0120834,-0.999446
1775117303645729,-0.0307947,-0.0118313,-0.999456
1775117303665729,-0.0304895,-0.0117054,-0.999467
1775117303685816,-0.0305726,-0.0120314,-0.99946
1775117303705727,-0.0320397,-0.0118526,-0.999416
1775117303725746,-0.033657,-0.012535,-0.999355
1775117303745724,-0.0296984,-0.0117707,-0.99949
1775117303765724,-0.030348,-0.01198,-0.999468
1775117303785724,-0.0307292,-0.0116691,-0.99946
1775117303805729,-0.0330784,-0.0125856,-0.999374
1775117303825728,-0.0329356,-0.0133226,-0.999369
1775117303845730,-0.0326794,-0.0129771,-0.999382
1775117303865727,-0.0327576,-0.0132647,-0.999375
1775117303885728,-0.0334248,-0.0134482,-0.999351
1775117303905729,-0.0309494,-0.0137628,-0.999426
1775117303925727,-0.0312845,-0.0126901,-0.99943
1775117303945728,-0.0285195,-0.0103021,-0.99954
1775117303965752,-0.0280747,-0.00985967,-0.999557
1775117303985728,-0.0280624,-0.00960576,-0.99956
1775117304005726,-0.0283798,-0.00895471,-0.999557
1775117304025728,-0.0285452,-0.0100471,-0.999542
1775117304045726,-0.028033,-0.00925268,-0.999564
1775117304065727,-0.0282954,-0.00938784,-0.999556
1775117304085726,-0.0276112,-0.00909843,-0.999577
1775117304105730,-0.0268021,-0.00943529,-0.999596
1775117304125735,-0.0258583,-0.00916951,-0.999624
1775117304145730,-0.0252451,-0.00972924,-0.999634
1775117304165838,-0.0264815,-0.00999855,-0.999599
1775117304185732,-0.0255296,-0.0105688,-0.999618
1775117304205729,-0.0275727,-0.00952824,-0.999574
1775117304225726,-0.0278008,-0.0104268,-0.999559
1775117304245725,-0.0264914,-0.00995447,-0.999599
1775117304265725,-0.0265231,-0.00931077,-0.999605
1775117304285726,-0.0262158,-0.00956107,-0.999611
1775117304305724,-0.0237499,-0.00867966,-0.99968
1775117304325725,-0.0247829,-0.00929683,-0.99965
1775117304345724,-0.02488,-0.0095363,-0.999645
1775117304365748,-0.0242391,-0.00971098,-0.999659
1775117304385726,-0.023956,-0.0100764,-0.999662
1775117304405727,-0.0233877,-0.0108822,-0.999667
1775117304425725,-0.0236623,-0.00991387,-0.999671
1775117304445726,-0.0247873,-0.0108695,-0.999634
1775117304465729,-0.024322,-0.0108905,-0.999645
1775117304485730,-0.0233315,-0.00926291,-0.999685
1775117304505727,-0.0244727,-0.0111919,-0.999638
1775117304525727,-0.0244615,-0.00971502,-0.999654
1775117304545747,-0.0244243,-0.0100986,-0.999651
1775117304565726,-0.0340494,-0.00600738,-0.999402
1775117304585725,-0.0337157,-0.00593175,-0.999414
1775117304605730,-0.0348641,-0.0060309,-0.999374
1775117304625727,-0.0354108,-0.00639226,-0.999352
1775117304645731,-0.036087,-0.00598538,-0.999331
1775117304665732,-0.036344,-0.0056022,-0.999324
1775117304685734,-0.0361915,-0.00576021,-0.999328
1775117304705729,-0.0364765,-0.00556612,-0.999319
1775117304725726,-0.0362108,-0.00559596,-0.999329
1775117304745724,-0.0410987,-0.00732124,-0.999128
1775117304765728,-0.0366083,-0.00535565,-0.999315
1775117304785727,-0.0369898,-0.00571776,-0.999299
1775117304805725,-0.0369282,-0.00571077,-0.999302
1775117304825726,-0.0413647,-0.00743541,-0.999116
1775117304845723,-0.0414389,-0.00742162,-0.999113
1775117304865730,-0.0412282,-0.00750755,-0.999122
1775117304885728,-0.0409318,-0.00712156,-0.999137
1775117304905732,-0.0412613,-0.00715885,-0.999123
1775117304925727,-0.0354629,-0.00691106,-0.999347
1775117304945729,-0.0367547,-0.00537839,-0.99931
1775117304965724,-0.0363222,-0.00670901,-0.999318
1775117304985725,-0.0413269,-0.00749731,-0.999118
1775117305005726,-0.041209,-0.00761315,-0.999122
1775117305025726,-0.0419108,-0.00824507,-0.999087
1775117305045729,-0.0369759,-0.00799466,-0.999284
1775117305065726,-0.0342598,-0.0065635,-0.999391
1775117305085725,-0.0342643,-0.00660735,-0.999391
1775117305105725,-0.0339767,-0.00719104,-0.999397
1775117305125732,-0.0337511,-0.00612249,-0.999412
1775117305145731,-0.0338016,-0.00609317,-0.99941
1775117305165726,-0.0340083,-0.00602845,-0.999403
1775117305185725,-0.0338631,-0.00592312,-0.999409
1775117305205767,-0.0363089,-0.00748585,-0.999313
1775117305225730,-0.0338743,-0.00587812,-0.999409
1775117305245724,-0.0337791,-0.00577273,-0.999413
1775117305265726,-0.035912,-0.00726594,-0.999329
1775117305285724,-0.035935,-0.0074261,-0.999327
1775117305305727,-0.035967,-0.00754139,-0.999325
1775117305325728,-0.0357926,-0.00744835,-0.999331
1775117305345729,-0.0356612,-0.00762872,-0.999335
1775117305365729,-0.0360289,-0.00757429,-0.999322
1775117305385727,-0.035598,-0.00716762,-0.99934
1775117305405726,-0.0359515,-0.00717923,-0.999328
1775117305425724,-0.0359188,-0.00748796,-0.999327
1775117305445729,-0.0355921,-0.00744447,-0.999339
1775117305465726,-0.0357042,-0.0073671,-0.999335
1775117305485726,-0.0354863,-0.00681699,-0.999347
1775117305505725,-0.0335819,-0.00579915,-0.999419
1775117305525727,-0.0336086,-0.00590307,-0.999418
1775117305545727,-0.0338398,-0.00572646,-0.999411
1775117305565735,-0.0331898,-0.0059639,-0.999431
1775117305585726,-0.0331652,-0.00583198,-0.999433
1775117305605724,-0.033278,-0.00660393,-0.999424
1775117305625726,-0.0359775,-0.0073534,-0.999326
1775117305645729,-0.0333763,-0.00625049,-0.999423
1775117305665734,-0.0331197,-0.00643494,-0.999431
1775117305685726,-0.0357318,-0.00746756,-0.999334
1775117305705726,-0.041402,-0.00779724,-0.999112
1775117305725727,-0.0409891,-0.00755912,-0.999131
1775117305745726,-0.0413076,-0.00725946,-0.99912
1775117305765725,-0.0408364,-0.00779958,-0.999135
1775117305785735,-0.0414375,-0.00748842,-0.999113
1775117305805727,-0.0414146,-0.00744806,-0.999114
1775117305825729,-0.0337557,-0.00554469,-0.999415
1775117305845729,-0.0361471,-0.00704791,-0.999322
1775117305865727,-0.0332621,-0.00601626,-0.999429
1775117305885728,-0.0335455,-0.00591534,-0.99942
1775117305905727,-0.0332068,-0.00598895,-0.999431
1775117305925727,-0.0361357,-0.00718165,-0.999321
1775117305945725,-0.0354575,-0.00755548,-0.999343
1775117305965728,-0.0348056,-0.00836135,-0.999359
1775117305985729,-0.0354776,-0.00832171,-0.999336
1775117306005726,-0.0349606,-0.00854687,-0.999352
1775117306025727,-0.0348907,-0.00880108,-0.999352
1775117306045727,-0.0348944,-0.0088298,-0.999352
1775117306065727,-0.0389771,-0.009314,-0.999197
1775117306085728,-0.0344809,-0.00755533,-0.999377
1775117306105729,-0.0336596,-0.00708886,-0.999408
1775117306125726,-0.0340354,-0.00715788,-0.999395
1775117306145729,-0.0338788,-0.00729915,-0.999399
1775117306165729,-0.0297464,-0.00679752,-0.999534
1775117306185727,-0.0314491,-0.00830751,-0.999471
1775117306205771,-0.0311268,-0.0082156,-0.999482
1775117306225728,-0.0368682,-0.00850082,-0.999284
1775117306245729,-0.0330164,-0.00699636,-0.99943
1775117306265729,-0.0335822,-0.0070664,-0.999411
1775117306285730,-0.0340336,-0.00663182,-0.999399
1775117306305725,-0.0342646,-0.00720768,-0.999387
1775117306325727,-0.0341723,-0.00670526,-0.999393
1775117306345731,-0.0339223,-0.00660124,-0.999403
1775117306365729,-0.0334934,-0.00668413,-0.999417
1775117306385731,-0.0337154,-0.00603314,-0.999413
1775117306405725,-0.0343148,-0.00619192,-0.999392
1775117306425727,-0.0341406,-0.00605652,-0.999399
1775117306445726,-0.0302631,-0.0053862,-0.999527
1775117306465728,-0.0307376,-0.00496712,-0.999515
1775117306485725,-0.0349396,-0.00562807,-0.999374
1775117306505725,-0.0310867,-0.00500895,-0.999504
1775117306525727,-0.0354376,-0.00529695,-0.999358
1775117306545727,-0.03575,-0.00580186,-0.999344
1775117306565726,-0.0364878,-0.00532347,-0.99932
1775117306585730,-0.036801,-0.00551056,-0.999307
1775117306605692,-0.0378113,-0.00566927,-0.999269
1775117306625725,-0.0479246,-0.00877825,-0.998812
1775117306645725,-0.0369485,-0.00733446,-0.99929
1775117306665726,-0.0404735,-0.00819682,-0.999147
1775117306685728,-0.0340852,-0.00765823,-0.99939
1775117306705727,-0.0404391,-0.00806806,-0.999149
1775117306725734,-0.0362612,-0.00643659,-0.999322
1775117306745726,-0.0367595,-0.0063504,-0.999304
1775117306765725,-0.0362076,-0.00647046,-0.999323
1775117306785726,-0.035745,-0.00644582,-0.99934
1775117306805725,-0.0372863,-0.00662333,-0.999283
1775117306825728,-0.0404444,-0.00838871,-0.999147
1775117306845726,-0.0407985,-0.00868775,-0.99913
1775117306865727,-0.0360428,-0.00732793,-0.999323
1775117306885732,-0.0361797,-0.00672574,-0.999323
1775117306905733,-0.0331949,-0.00683119,-0.999426
1775117306925728,-0.0329075,-0.00668113,-0.999436
1775117306945729,-0.0356028,-0.0080445,-0.999334
1775117306965729,-0.035528,-0.00811465,-0.999336
1775117306985726,-0.0330464,-0.00674051,-0.999431
1775117307005727,-0.0354028,-0.00822088,-0.999339
1775117307025725,-0.0357191,-0.00849756,-0.999326
1775117307045726,-0.0351162,-0.00833623,-0.999348
1775117307065724,-0.0352088,-0.00832475,-0.999345
1775117307085727,-0.0352771,-0.00827215,-0.999343
1775117307105726,-0.0351252,-0.00844588,-0.999347
1775117307125730,-0.0404622,-0.00907844,-0.99914
1775117307145729,-0.0405824,-0.00921585,-0.999134
1775117307165730,-0.0405296,-0.00916932,-0.999136
1775117307185730,-0.0403703,-0.00917441,-0.999143
1775117307205740,-0.0349204,-0.0087016,-0.999352
1775117307225728,-0.0344517,-0.00870024,-0.999368
1775117307245728,-0.0344586,-0.00942277,-0.999362
1775117307265727,-0.0345445,-0.00874222,-0.999365
1775117307285726,-0.0349827,-0.00892774,-0.999348
1775117307305727,-0.0347449,-0.00921415,-0.999354
1775117307325727,-0.0353648,-0.00853727,-0.999338
1775117307345727,-0.0351173,-0.00898846,-0.999343
1775117307365730,-0.0349375,-0.0090936,-0.999348
1775117307385726,-0.0357067,-0.00909105,-0.999321
1775117307405727,-0.0330111,-0.00756745,-0.999426
1775117307425729,-0.0329046,-0.00728438,-0.999432
1775117307445728,-0.0327579,-0.00744521,-0.999436
1775117307465727,-0.0324506,-0.00707265,-0.999448
1775117307485728,-0.0325831,-0.0074264,-0.999441
1775117307505726,-0.0324801,-0.00734062,-0.999445
1775117307525747,-0.0316897,-0.00768288,-0.999468
1775117307545729,-0.0321445,-0.0075849,-0.999454
1775117307565731,-0.0318555,-0.00753413,-0.999464
1775117307585733,-0.0317781,-0.00764858,-0.999466
1775117307605737,-0.0315811,-0.00783633,-0.99947
1775117307625729,-0.0316433,-0.00762442,-0.99947
1775117307645732,-0.0320103,-0.00766673,-0.999458
1775117307665730,-0.032022,-0.0075209,-0.999459
1775117307685729,-0.0355037,-0.00766627,-0.99934
1775117307705737,-0.0356585,-0.00734037,-0.999337
1775117307725736,-0.0354273,-0.00753754,-0.999344
1775117307745730,-0.0353907,-0.00736022,-0.999346
1775117307765732,-0.0352888,-0.00726788,-0.999351
1775117307785731,-0.035136,-0.00736174,-0.999355
1775117307805737,-0.0353838,-0.00732387,-0.999347
1775117307825736,-0.0355187,-0.00734543,-0.999342
1775117307845731,-0.0352204,-0.00742142,-0.999352
1775117307865730,-0.0373892,-0.00709794,-0.999276
1775117307885729,-0.0378058,-0.00709734,-0.99926
1775117307905733,-0.0379559,-0.00663526,-0.999257
1775117307925731,-0.0382723,-0.00583678,-0.99925
1775117307945732,-0.0381872,-0.00569475,-0.999254
1775117307965736,-0.0377751,-0.00623549,-0.999267
1775117307985730,-0.0370256,-0.00584314,-0.999297
1775117308005732,-0.0385077,-0.00679166,-0.999235
1775117308025728,-0.0386217,-0.00661818,-0.999232
1775117308045730,-0.0386964,-0.00689625,-0.999227
1775117308065728,-0.0385148,-0.00708547,-0.999233
1775117308085730,-0.0383816,-0.00706894,-0.999238
1775117308105729,-0.038239,-0.00694208,-0.999245
1775117308125733,-0.0381562,-0.00681548,-0.999249
1775117308145732,-0.0383004,-0.00664791,-0.999244
1775117308165733,-0.0379964,-0.00638415,-0.999257
1775117308185735,-0.0379371,-0.00564184,-0.999264
1775117308205736,-0.0358056,-0.00514835,-0.999346
1775117308225732,-0.0354362,-0.00490465,-0.99936
1775117308245728,-0.0367786,-0.00595026,-0.999306
1775117308265730,-0.0356678,-0.00439295,-0.999354
1775117308285727,-0.0378087,-0.00515954,-0.999272
1775117308305727,-0.0418863,-0.00542435,-0.999108
1775117308325727,-0.0393743,-0.00480337,-0.999213
1775117308345727,-0.0355371,-0.00492157,-0.999356
1775117308365719,-0.0390331,-0.00583505,-0.999221
1775117308385731,-0.0353689,-0.00561276,-0.999359
1775117308405727,-0.0357759,-0.006213,-0.999341
1775117308425727,-0.0390051,-0.00727132,-0.999213
1775117308445727,-0.0400443,-0.00751201,-0.99917
1775117308465727,-0.0388824,-0.00751548,-0.999216
1775117308485734,-0.0397594,-0.00757043,-0.999181
1775117308505728,-0.0385554,-0.00723701,-0.99923
1775117308525728,-0.0391121,-0.00691166,-0.999211
1775117308545726,-0.0399924,-0.00680469,-0.999177
1775117308565730,-0.0399673,-0.00639907,-0.99918
1775117308585728,-0.0406452,-0.0066432,-0.999152
1775117308605733,-0.0398061,-0.00623586,-0.999188
1775117308625730,-0.035938,-0.00542006,-0.999339
1775117308645730,-0.0364349,-0.00524379,-0.999322
1775117308665731,-0.0366185,-0.00526244,-0.999315
1775117308685731,-0.0373056,-0.00548953,-0.999289
1775117308705745,-0.0365979,-0.00548422,-0.999315
1775117308725728,-0.0403338,-0.00681709,-0.999163
1775117308745731,-0.0416169,-0.00645862,-0.999113
1775117308765729,-0.0417514,-0.00775995,-0.999098
1775117308785729,-0.0426258,-0.00745433,-0.999063
1775117308805728,-0.0434797,-0.00830366,-0.99902
1775117308825727,-0.0437794,-0.00864669,-0.999004
1775117308845728,-0.0422741,-0.00723084,-0.99908
1775117308865727,-0.0425022,-0.0076156,-0.999067
1775117308885729,-0.0405775,-0.00670065,-0.999154
1775117308905732,-0.0421619,-0.00713547,-0.999085
1775117308925732,-0.0393641,-0.00679937,-0.999202
1775117308945738,-0.0425871,-0.00755712,-0.999064
1775117308965731,-0.0425555,-0.00761501,-0.999065
1775117308985730,-0.0389121,-0.00736188,-0.999216
1775117309005728,-0.0407856,-0.00827396,-0.999134
1775117309025728,-0.04003,-0.00913231,-0.999157
1775117309045729,-0.0403169,-0.00878437,-0.999148
1775117309065730,-0.0390031,-0.00935203,-0.999195
1775117309085730,-0.0389196,-0.00922336,-0.9992
1775117309105729,-0.0393035,-0.0093497,-0.999184
1775117309125729,-0.0388087,-0.0092162,-0.999204
1775117309145729,-0.035481,-0.00936595,-0.999326
1775117309165732,-0.0357865,-0.00953359,-0.999314
1775117309185733,-0.0355268,-0.00918989,-0.999326
1775117309205732,-0.0369421,-0.00925493,-0.999275
1775117309225821,-0.0371157,-0.0088541,-0.999272
1775117309245734,-0.0372483,-0.00876693,-0.999268
1775117309265730,-0.0371669,-0.00880133,-0.99927
1775117309285731,-0.0379998,-0.00897159,-0.999237
1775117309305732,-0.0381447,-0.0089509,-0.999232
1775117309325729,-0.0356126,-0.00721511,-0.99934
1775117309345729,-0.0341234,-0.00652982,-0.999396
1775117309365730,-0.0356028,-0.00713949,-0.999341
1775117309385730,-0.035649,-0.007378,-0.999337
1775117309405730,-0.0380576,-0.00951671,-0.99923
1775117309425731,-0.0382099,-0.00911399,-0.999228
1775117309445730,-0.0381135,-0.00898779,-0.999233
1775117309465729,-0.0427742,-0.00987585,-0.999036
1775117309485728,-0.0428114,-0.00983017,-0.999035
1775117309505735,-0.0421602,-0.00958504,-0.999065
1775117309525731,-0.0422629,-0.00928224,-0.999063
1775117309545737,-0.0370024,-0.00755046,-0.999287
1775117309565740,-0.0364459,-0.00778649,-0.999305
1775117309585732,-0.0356946,-0.0074134,-0.999335
1775117309605739,-0.035563,-0.00744338,-0.99934
1775117309625732,-0.0350916,-0.00720311,-0.999358
1775117309645730,-0.0349834,-0.00672405,-0.999365
1775117309665731,-0.0351371,-0.00656079,-0.999361
1775117309685730,-0.0396447,-0.00816908,-0.99918
1775117309705730,-0.0392717,-0.00865798,-0.999191
1775117309725730,-0.0399235,-0.00854526,-0.999166
1775117309745732,-0.0402002,-0.00821875,-0.999158
1775117309765730,-0.0397518,-0.00853164,-0.999173
1775117309785734,-0.0355115,-0.00810973,-0.999336
1775117309805728,-0.0325371,-0.00684677,-0.999447
1775117309825736,-0.0333871,-0.00663517,-0.99942
1775117309845729,-0.0333436,-0.00677528,-0.999421
1775117309865731,-0.0327578,-0.00665926,-0.999441
1775117309885731,-0.0327528,-0.00622057,-0.999444
1775117309905736,-0.0336824,-0.00591496,-0.999415
1775117309925732,-0.0356091,-0.00729856,-0.999339
1775117309945730,-0.0352126,-0.00736953,-0.999353
1775117309965728,-0.033878,-0.00700627,-0.999401
1775117309985728,-0.0326058,-0.00521567,-0.999455
1775117310005766,-0.0384424,-0.00551512,-0.999246
1775117310025732,-0.0414883,-0.00743152,-0.999111
1775117310045731,-0.0418109,-0.00752315,-0.999097
1775117310065731,-0.0333043,-0.00582223,-0.999428
1775117310085731,-0.0354176,-0.00579274,-0.999356
1775117310105730,-0.0396626,-0.00694663,-0.999189
1775117310125731,-0.0404202,-0.00665745,-0.999161
1775117310145734,-0.0388042,-0.00672296,-0.999224
1775117310165734,-0.0387385,-0.00777098,-0.999219
1775117310185901,-0.036668,-0.00588366,-0.99931
1775117310205730,-0.0376795,-0.00621296,-0.999271
1775117310225726,-0.0453861,-0.00851365,-0.998933
1775117310245731,-0.040804,-0.00674977,-0.999144
1775117310265725,-0.0530962,-0.00944417,-0.998545
1775117310285725,-0.0393435,-0.00693736,-0.999202
1775117310305728,-0.040137,-0.00748801,-0.999166
1775117310325732,-0.0454423,-0.00924007,-0.998924
1775117310345730,-0.0393042,-0.00702601,-0.999203
1775117310365731,-0.0393288,-0.00691523,-0.999202
1775117310385730,-0.0419769,-0.00763507,-0.999089
1775117310405731,-0.0406452,-0.00950722,-0.999128
1775117310425729,-0.0399651,-0.00838162,-0.999166
1775117310445732,-0.0430656,-0.00893402,-0.999032
1775117310465731,-0.0388621,-0.00816451,-0.999211
1775117310485730,-0.0383943,-0.00869264,-0.999225
1775117310505730,-0.0480303,-0.010139,-0.998794
1775117310525732,-0.0378486,-0.00819166,-0.99925
1775117310545728,-0.0392844,-0.00799128,-0.999196
1775117310565729,-0.0439246,-0.00845027,-0.998999
1775117310585729,-0.0412109,-0.00801776,-0.999118
1775117310605731,-0.0421626,-0.00920612,-0.999068
1775117310625731,-0.0405154,-0.00741176,-0.999151
1775117310645730,-0.0452329,-0.00766965,-0.998947
1775117310665731,-0.0412952,-0.00761227,-0.999118
1775117310685730,-0.0412885,-0.0080156,-0.999115
1775117310705732,-0.0507233,-0.00928791,-0.99867
1775117310725757,-0.0468465,-0.0079891,-0.99887
1775117310745731,-0.0456958,-0.009117,-0.998914
1775117310765728,-0.0428314,-0.00804059,-0.99905
1775117310785729,-0.0466093,-0.0082933,-0.998879
1775117310805729,-0.052236,-0.0100225,-0.998584
1775117310825727,-0.0429431,-0.0081253,-0.999044
1775117310845725,-0.0421689,-0.00817127,-0.999077
1775117310865730,-0.0472176,-0.0080488,-0.998852
1775117310885726,-0.0440107,-0.0081519,-0.998998
1775117310905730,-0.0453032,-0.009272,-0.99893
1775117310925735,-0.0461638,-0.00835156,-0.998899
1775117310945728,-0.0470072,-0.0102345,-0.998842
1775117310965732,-0.0443635,-0.00915056,-0.998974
1775117310985726,-0.045282,-0.0112733,-0.998911
1775117311005725,-0.0468716,-0.010627,-0.998844
1775117311025729,-0.0469106,-0.00865012,-0.998862
1775117311045727,-0.0516193,-0.00872214,-0.998629
1775117311065726,-0.0516368,-0.00910533,-0.998624
1775117311085728,-0.0520394,-0.00748074,-0.998617
1775117311105730,-0.0530923,-0.00798913,-0.998558
1775117311125728,-0.0518212,-0.00557266,-0.998641
1775117311145734,-0.0559676,-0.00553112,-0.998417
1775117311165727,-0.0600174,-0.00704742,-0.998172
1775117311185728,-0.0516205,-0.00413561,-0.998658
1775117311205730,-0.0590158,-0.00436523,-0.998248
1775117311225729,-0.0588879,-0.00441717,-0.998255
1775117311245719,-0.0564355,-0.00345537,-0.9984
1775117311265730,-0.061007,-0.00384895,-0.99813
1775117311285725,-0.0660075,-0.00543835,-0.997804
1775117311306862,-0.0593264,-0.00457765,-0.998228
1775117311325703,-0.0593787,-0.00305397,-0.998231
1775117311345726,-0.0642348,-0.0032353,-0.99793
1775117311365731,-0.0656618,-0.00359004,-0.997835
1775117311385728,-0.0687711,-0.00213369,-0.99763
1775117311405727,-0.0643056,-0.00196304,-0.997928
1775117311425728,-0.0679638,-0.00155131,-0.997687
1775117311445727,-0.0705145,-0.0018263,-0.997509
1775117311465728,-0.0707133,-0.0026488,-0.997493
1775117311485726,-0.0731364,-0.00190115,-0.99732
1775117311505731,-0.0744912,-0.0019555,-0.99722
1775117311525726,-0.0743919,-0.0025024,-0.997226
1775117311545730,-0.0764936,-0.000489471,-0.99707
1775117311565733,-0.0740587,1.73284e-05,-0.997254
1775117311585730,-0.0772516,-0.00139932,-0.997011
1775117311605734,-0.0819287,-0.00272703,-0.996634
1775117311625726,-0.0826627,-0.00219355,-0.996575
1775117311645734,-0.0804288,-0.000716015,-0.99676
1775117311665729,-0.0850508,-0.00250118,-0.996373
1775117311685735,-0.0828249,-0.000399199,-0.996564
1775117311705734,-0.0845201,-0.000560923,-0.996422
1775117311725733,-0.0874279,-0.00248514,-0.996168
1775117311745755,-0.086315,-0.000726062,-0.996268
1775117311765727,-0.0830115,0.000194186,-0.996549
1775117311785726,-0.0861298,-0.00151278,-0.996283
1775117311805727,-0.0864953,0.000375898,-0.996252
1775117311825726,-0.0881874,-0.00109602,-0.996103
1775117311845726,-0.0899389,-0.000323825,-0.995947
1775117311865724,-0.0966426,-0.000835213,-0.995319
1775117311885726,-0.0930173,-0.000265914,-0.995664
1775117311905728,-0.095353,0.000479966,-0.995443
1775117311925736,-0.10086,-0.000892183,-0.9949
1775117311945729,-0.10195,-0.00112255,-0.994789
1775117311965728,-0.0980917,0.000949844,-0.995177
1775117311985728,-0.106187,-0.00046674,-0.994346
1775117312005728,-0.0994052,0.0012989,-0.995046
1775117312025731,-0.10331,0.00129686,-0.994648
1775117312045728,-0.102732,0.00175046,-0.994708
1775117312065730,-0.107003,0.00106496,-0.994258
1775117312085729,-0.106927,0.000643526,-0.994267
1775117312105729,-0.109061,0.00179024,-0.994033
1775117312125729,-0.110328,0.00175356,-0.993894
1775117312145733,-0.114323,0.00265219,-0.99344
1775117312165728,-0.11048,0.00334068,-0.993873
1775117312185732,-0.11483,0.00344903,-0.993379
1775117312205737,-0.11442,0.00392691,-0.993425
1775117312225733,-0.122657,0.00159379,-0.992448
1775117312245730,-0.123664,0.00190362,-0.992322
1775117312265685,-0.116251,0.00373227,-0.993213
1775117312285733,-0.120023,0.00229064,-0.992768
1775117312305750,-0.121191,0.00397116,-0.992621
1775117312325727,-0.119899,0.00348826,-0.99278
1775117312345729,-0.123674,0.00237957,-0.99232
1775117312365728,-0.123302,0.00181565,-0.992367
1775117312385726,-0.122747,0.00169142,-0.992437
1775117312405727,-0.123654,0.00174747,-0.992324
1775117312425725,-0.125532,0.00198843,-0.992088
1775117312445725,-0.125955,0.00242072,-0.992033
1775117312465724,-0.131442,0.00200317,-0.991322
1775117312485726,-0.125769,0.00248685,-0.992056
1775117312505723,-0.123923,0.00378514,-0.992285
1775117312525726,-0.123985,0.00360343,-0.992278
1775117312545725,-0.124507,0.00375435,-0.992212
1775117312565726,-0.126717,0.00215181,-0.991937
1775117312585727,-0.124493,0.00356432,-0.992214
1775117312605727,-0.126241,0.00245337,-0.991997
1775117312625732,-0.123745,0.00368051,-0.992307
1775117312645727,-0.126963,0.00329798,-0.991902
1775117312665726,-0.127432,0.00315651,-0.991842
1775117312685726,-0.123987,0.00369217,-0.992277
1775117312705725,-0.12551,0.0026868,-0.992089
1775117312725726,-0.124166,0.00272115,-0.992258
1775117312745726,-0.124032,0.00279318,-0.992274
1775117312765729,-0.12401,0.00277526,-0.992277
1775117312785730,-0.124029,0.00280841,-0.992275
1775117312805729,-0.123965,0.00266799,-0.992283
1775117312825732,-0.120844,0.00464641,-0.992661
1775117312845729,-0.123888,0.00309716,-0.992291
1775117312865727,-0.124449,0.00325718,-0.992221
1775117312885728,-0.123772,0.00366649,-0.992304
1775117312905736,-0.122894,0.00338148,-0.992414
1775117312925736,-0.123346,0.0029284,-0.992359
1775117312945737,-0.122999,0.00294088,-0.992402
1775117312965733,-0.121958,0.00392347,-0.992528
1775117312985730,-0.122237,0.00380485,-0.992494
1775117313005729,-0.122212,0.00391962,-0.992496
1775117313025727,-0.122251,0.00401052,-0.992491
1775117313045729,-0.122293,0.00420953,-0.992485
1775117313065727,-0.122262,0.00387786,-0.99249
1775117313085729,-0.122363,0.00407419,-0.992477
1775117313105695,-0.122455,0.00392474,-0.992466
1775117313125769,-0.122566,0.00426928,-0.992451
1775117313145732,-0.122474,0.00419365,-0.992463
1775117313165727,-0.128501,0.00268518,-0.991706
1775117313185729,-0.123779,0.00333076,-0.992304
1775117313205742,-0.123171,0.00347381,-0.992379
1775117313225732,-0.123037,0.00346519,-0.992396
1775117313245731,-0.12324,0.00364109,-0.99237
1775117313265732,-0.123654,0.00341783,-0.992319
1775117313285732,-0.123875,0.00373776,-0.992291
1775117313305732,-0.124107,0.00361329,-0.992262
1775117313325731,-0.124016,0.00351868,-0.992274
1775117313345730,-0.124186,0.00365053,-0.992252
1775117313365727,-0.124193,0.0032408,-0.992253
1775117313385740,-0.124226,0.00318114,-0.992249
1775117313405730,-0.124059,0.003616,-0.992268
1775117313425730,-0.123864,0.00356355,-0.992293
1775117313445728,-0.123918,0.00382369,-0.992285
1775117313465732,-0.124074,0.00396647,-0.992265
1775117313485727,-0.123964,0.00371981,-0.99228
1775117313505745,-0.124188,0.00350289,-0.992253
1775117313525728,-0.123981,0.00374792,-0.992277
1775117313545732,-0.129047,0.0030855,-0.991634
1775117313565733,-0.122831,0.0046234,-0.992417
1775117313585733,-0.122612,0.0048336,-0.992443
1775117313605740,-0.123958,0.00330842,-0.992282
1775117313625733,-0.124124,0.00363032,-0.99226
1775117313645750,-0.123719,0.00370294,-0.99231
1775117313665724,-0.121889,0.00328619,-0.992538
1775117313685749,-0.121932,0.00341658,-0.992533
1775117313705739,-0.121331,0.00361313,-0.992606
1775117313725729,-0.121185,0.00350551,-0.992624
1775117313745753,-0.120378,0.00493801,-0.992716
1775117313765726,-0.120031,0.00514962,-0.992757
1775117313785728,-0.119476,0.00586593,-0.99282
1775117313805742,-0.119069,0.00588906,-0.992868
1775117313825727,-0.120221,0.00499729,-0.992735
1775117313845754,-0.119826,0.0049477,-0.992783
1775117313865727,-0.119264,0.00494466,-0.99285
1775117313885756,-0.121441,0.0038514,-0.992591
1775117313905726,-0.119154,0.00538511,-0.992861
1775117313925732,-0.121046,0.00418379,-0.992638
1775117313945733,-0.118283,0.00527493,-0.992966
1775117313965726,-0.120828,0.00383589,-0.992666
1775117313985724,-0.120647,0.00378748,-0.992688
1775117314005726,-0.117815,0.0047312,-0.993024
1775117314025725,-0.117145,0.00522472,-0.993101
1775117314045725,-0.117188,0.00526943,-0.993096
1775117314065724,-0.117127,0.0051992,-0.993103
1775117314085727,-0.11722,0.00537629,-0.993091
1775117314105734,-0.117223,0.00513002,-0.993092
1775117314125727,-0.117371,0.00512637,-0.993075
1775117314145727,-0.117084,0.00498577,-0.993109
1775117314165727,-0.117155,0.00506195,-0.993101
1775117314185726,-0.117408,0.00513515,-0.99307
1775117314205734,-0.11765,0.00486269,-0.993043
1775117314225736,-0.117572,0.00477672,-0.993053
1775117314245742,-0.11784,0.00523877,-0.993019
1775117314265728,-0.118066,0.00532419,-0.992991
1775117314285730,-0.120031,0.00380929,-0.992763
1775117314305727,-0.118081,0.00512788,-0.992991
1775117314325752,-0.119307,0.0036873,-0.992851
1775117314345725,-0.120207,0.00389857,-0.992741
1775117314365726,-0.118209,0.00487655,-0.992977
1775117314385724,-0.118483,0.00505773,-0.992943
1775117314405728,-0.118066,0.00494877,-0.992993
1775117314425726,-0.118039,0.00490836,-0.992997
1775117314445730,-0.118061,0.00489083,-0.992994
1775117314465727,-0.117798,0.00472529,-0.993026
1775117314485728,-0.117908,0.00496414,-0.993012
1775117314505727,-0.117921,0.00499069,-0.99301
1775117314525727,-0.118144,0.00494199,-0.992984
1775117314545727,-0.117912,0.00506616,-0.993011
1775117314565729,-0.117877,0.0052581,-0.993014
1775117314585728,-0.117811,0.00510621,-0.993023
1775117314605729,-0.120244,0.00392877,-0.992737
1775117314625726,-0.120073,0.0039295,-0.992757
1775117314645729,-0.120607,0.00415742,-0.992692
1775117314665727,-0.120373,0.00404492,-0.99272
1775117314685728,-0.119557,0.00391994,-0.99282
1775117314705738,-0.119436,0.00406357,-0.992834
1775117314725728,-0.120542,0.00413817,-0.9927
1775117314745728,-0.120404,0.004104,-0.992716
1775117314765733,-0.120345,0.00410251,-0.992724
1775117314785730,-0.120389,0.00401152,-0.992719
1775117314805731,-0.118148,0.00530972,-0.992982
1775117314825732,-0.120288,0.00410759,-0.992731
1775117314845731,-0.120062,0.00389832,-0.992759
1775117314865727,-0.118684,0.00514456,-0.992919
1775117314885725,-0.120214,0.00413183,-0.992739
1775117314905725,-0.117903,0.00517613,-0.993012
1775117314925766,-0.118273,0.00540585,-0.992966
1775117314945763,-0.120005,0.00404462,-0.992765
1775117314965727,-0.118135,0.00529475,-0.992983
1775117314985732,-0.120363,0.00414436,-0.992721
1775117315005728,-0.120311,0.00396094,-0.992728
1775117315025732,-0.120354,0.0039505,-0.992723
1775117315045730,-0.120362,0.00383009,-0.992723
1775117315065732,-0.120702,0.00409335,-0.99268
1775117315085728,-0.119851,0.00390151,-0.992784
1775117315105738,-0.120967,0.00408617,-0.992648
1775117315125727,-0.12018,0.00402099,-0.992744
1775117315145731,-0.11829,0.00520071,-0.992965
1775117315165727,-0.118705,0.00540025,-0.992915
1775117315185728,-0.118499,0.0051818,-0.992941
1775117315205731,-0.118942,0.00537001,-0.992887
1775117315225734,-0.119258,0.00536225,-0.992849
1775117315245732,-0.119068,0.00505754,-0.992873
1775117315265730,-0.121192,0.00394436,-0.992621
1775117315285730,-0.121075,0.00412063,-0.992635
1775117315305899,-0.120964,0.0041345,-0.992648
1775117315325726,-0.121163,0.00404724,-0.992624
1775117315345728,-0.121072,0.00402976,-0.992636
1775117315365734,-0.12116,0.00382628,-0.992626
1775117315385729,-0.121637,0.00401877,-0.992566
1775117315405730,-0.121691,0.00409896,-0.99256
1775117315425730,-0.121718,0.00401864,-0.992557
1775117315445728,-0.121648,0.00382084,-0.992566
1775117315465730,-0.121989,0.00411436,-0.992523
1775117315485727,-0.122028,0.00419272,-0.992518
1775117315505731,-0.122154,0.00417631,-0.992502
1775117315525741,-0.122298,0.00403627,-0.992485
1775117315545730,-0.122209,0.00416983,-0.992496
1775117315565733,-0.122243,0.00425509,-0.992491
1775117315585729,-0.122296,0.00434118,-0.992484
1775117315605847,-0.122195,0.00433952,-0.992497
1775117315625726,-0.122173,0.00417567,-0.9925
1775117315645778,-0.122188,0.00424386,-0.992498
1775117315665741,-0.121792,0.00421986,-0.992547
1775117315685726,-0.121955,0.0041814,-0.992527
1775117315705725,-0.121896,0.00420456,-0.992534
1775117315725725,-0.121939,0.00419966,-0.992529
1775117315745726,-0.121962,0.0041828,-0.992526
1775117315765749,-0.122091,0.00415588,-0.99251
1775117315785746,-0.122049,0.00447697,-0.992514
1775117315805730,-0.122121,0.00433226,-0.992506
1775117315825739,-0.122235,0.00438751,-0.992491
1775117315845732,-0.122126,0.00431176,-0.992505
1775117315865739,-0.122012,0.0043622,-0.992519
1775117315885729,-0.121846,0.0040562,-0.992541
1775117315905745,-0.122056,0.00411511,-0.992515
1775117315925730,-0.12229,0.00426105,-0.992485
1775117315945730,-0.122214,0.00424925,-0.992495
1775117315965732,-0.122287,0.00411,-0.992486
1775117315985728,-0.122343,0.00409897,-0.992479
1775117316005729,-0.125241,0.00503945,-0.992114
1775117316025728,-0.125502,0.00504572,-0.992081
1775117316045729,-0.125641,0.00515774,-0.992062
1775117316065819,-0.123008,0.00439274,-0.992396
1775117316085730,-0.123155,0.00414273,-0.992379
1775117316105740,-0.123828,0.00389353,-0.992296
1775117316125727,-0.124505,0.00363929,-0.992212
1775117316145728,-0.125685,0.00380189,-0.992063
1775117316165727,-0.127145,0.00469656,-0.991873
1775117316185734,-0.131179,0.00402107,-0.991351
1775117316205731,-0.131026,0.00423169,-0.99137
1775117316225733,-0.131498,0.00418051,-0.991308
1775117316245730,-0.130973,0.00444309,-0.991376
1775117316265731,-0.13106,0.0042023,-0.991366
1775117316285735,-0.131165,0.00452298,-0.99135
1775117316306940,-0.131033,0.00429961,-0.991369
1775117316325733,-0.131151,0.00415624,-0.991354
1775117316345727,-0.131524,0.00424687,-0.991304
1775117316365732,-0.131621,0.00421239,-0.991291
1775117316385727,-0.131224,0.00428836,-0.991343
1775117316405736,-0.131559,0.00414132,-0.9913
1775117316425726,-0.131507,0.00409267,-0.991307
1775117316445755,-0.131446,0.00397042,-0.991315
1775117316465729,-0.131562,0.00394673,-0.9913
1775117316485728,-0.131574,0.00419974,-0.991297
1775117316505733,-0.131668,0.00429144,-0.991285
1775117316525752,-0.131518,0.003999,-0.991306
1775117316545726,-0.126676,0.00466295,-0.991933
1775117316565727,-0.131614,0.0040802,-0.991293
1775117316585726,-0.126669,0.00465308,-0.991934
1775117316605727,-0.126746,0.00469879,-0.991924
1775117316625733,-0.131476,0.00380523,-0.991312
1775117316645732,-0.126729,0.00449107,-0.991927
1775117316665729,-0.131321,0.00381036,-0.991333
1775117316685730,-0.131624,0.00365739,-0.991293
1775117316705734,-0.126523,0.0042665,-0.991955
1775117316725728,-0.131455,0.00351249,-0.991316
1775117316745729,-0.126814,0.00418133,-0.991918
1775117316765728,-0.131242,0.00377675,-0.991343
1775117316785730,-0.126545,0.00427804,-0.991952
1775117316805732,-0.126615,0.00430578,-0.991943
1775117316825738,-0.126808,0.00437768,-0.991918
1775117316845735,-0.126691,0.00421574,-0.991933
1775117316865732,-0.12646,0.00441734,-0.991962
1775117316885732,-0.126603,0.00440293,-0.991944
1775117316905729,-0.131317,0.00393445,-0.991333
1775117316925731,-0.126524,0.00444078,-0.991954
1775117316945728,-0.131279,0.00375756,-0.991338
1775117316965737,-0.126613,0.00438682,-0.991943
1775117316985735,-0.131462,0.00373805,-0.991314
1775117317005698,-0.126439,0.00436436,-0.991965
1775117317025729,-0.131246,0.00357247,-0.991343
1775117317045730,-0.126727,0.0043855,-0.991928
1775117317065731,-0.131263,0.00377493,-0.99134
1775117317085728,-0.131461,0.00370868,-0.991314
1775117317105738,-0.126864,0.00416615,-0.991911
1775117317125727,-0.126931,0.00424276,-0.991903
1775117317145727,-0.126935,0.00414885,-0.991902
1775117317165682,-0.126736,0.00418165,-0.991928
1775117317185728,-0.126768,0.00423925,-0.991923
1775117317205732,-0.126969,0.00441282,-0.991897
1775117317225733,-0.127057,0.00428768,-0.991886
1775117317245740,-0.1271,0.0042234,-0.991881
1775117317265737,-0.126487,0.00431252,-0.991959
1775117317285731,-0.127257,0.0042636,-0.991861
1775117317305753,-0.12663,0.00429211,-0.991941
1775117317325738,-0.126484,0.00434327,-0.991959
1775117317345731,-0.126446,0.00434061,-0.991964
1775117317365727,-0.126873,0.00425871,-0.99191
1775117317385748,-0.126832,0.00426268,-0.991915
1775117317405746,-0.12685,0.00453094,-0.991912
1775117317425727,-0.127711,0.00448571,-0.991801
1775117317445756,-0.12669,0.00442003,-0.991933
1775117317465726,-0.127542,0.00444708,-0.991823
1775117317485726,-0.127696,0.00446836,-0.991803
1775117317505729,-0.126347,0.00442023,-0.991976
1775117317525726,-0.127689,0.00452645,-0.991804
1775117317545727,-0.127912,0.0045492,-0.991775
1775117317565731,-0.127824,0.00451937,-0.991787
1775117317585729,-0.127773,0.00441781,-0.991794
1775117317605732,-0.127766,0.00435582,-0.991795
1775117317625726,-0.127809,0.00432148,-0.991789
1775117317645726,-0.128321,0.00464639,-0.991722
1775117317665725,-0.127948,0.00470775,-0.99177
1775117317685726,-0.127812,0.00466965,-0.991787
1775117317705732,-0.128162,0.00448056,-0.991743
1775117317725728,-0.128149,0.00454467,-0.991744
1775117317745728,-0.128409,0.00462473,-0.991711
1775117317765727,-0.128146,0.00449162,-0.991745
1775117317785729,-0.128212,0.00469703,-0.991736
1775117317805730,-0.128681,0.00461959,-0.991675
1775117317825728,-0.128524,0.0045597,-0.991696
1775117317845736,-0.128348,0.0045891,-0.991719
1775117317865727,-0.12855,0.00464502,-0.991692
1775117317885733,-0.128399,0.00448785,-0.991712
1775117317905728,-0.128201,0.00478976,-0.991737
1775117317925728,-0.129064,0.0046275,-0.991625
1775117317945731,-0.128256,0.00454932,-0.991731
1775117317965732,-0.13144,0.00587189,-0.991307
1775117317985729,-0.13224,0.00605603,-0.991199
1775117318005728,-0.132664,0.0058631,-0.991144
1775117318025728,-0.13064,0.00729685,-0.991403
1775117318045726,-0.132796,0.00625755,-0.991124
1775117318065726,-0.132754,0.00609693,-0.99113
1775117318085727,-0.129823,0.00501524,-0.991525
1775117318105730,-0.129903,0.00488913,-0.991515
1775117318125729,-0.12797,0.00609522,-0.991759
1775117318145729,-0.128134,0.00617869,-0.991738
1775117318165727,-0.128125,0.00607228,-0.991739
1775117318185726,-0.127998,0.00589436,-0.991757
1775117318205728,-0.128083,0.0060219,-0.991745
1775117318225728,-0.128247,0.00600432,-0.991724
1775117318245727,-0.128208,0.00634901,-0.991727
1775117318265731,-0.131748,0.00551945,-0.991268
1775117318285730,-0.128022,0.00581636,-0.991754
1775117318305739,-0.128277,0.00615301,-0.991719
1775117318325730,-0.126496,0.00686551,-0.991943
1775117318345728,-0.13162,0.00542487,-0.991285
1775117318365729,-0.128103,0.00613808,-0.991742
1775117318385724,-0.128387,0.00621718,-0.991705
1775117318405726,-0.128074,0.00610424,-0.991746
1775117318425729,-0.128347,0.00632564,-0.991709
1775117318445726,-0.128065,0.00595685,-0.991748
1775117318465729,-0.128161,0.00601623,-0.991735
1775117318485727,-0.128195,0.00624578,-0.991729
1775117318505727,-0.128057,0.00612928,-0.991748
1775117318525731,-0.130318,0.00481732,-0.991461
1775117318545728,-0.130438,0.00468991,-0.991445
1775117318565731,-0.130476,0.00474063,-0.99144
1775117318585727,-0.130365,0.00469572,-0.991455
1775117318605728,-0.128254,0.00613296,-0.991722
1775117318625727,-0.130436,0.00466381,-0.991446
1775117318645734,-0.130488,0.0046301,-0.991439
1775117318665757,-0.130547,0.00465955,-0.991431
1775117318685726,-0.130519,0.00470249,-0.991435
1775117318705726,-0.130522,0.00489225,-0.991433
1775117318725736,-0.130576,0.0047548,-0.991427
1775117318745729,-0.130576,0.00481911,-0.991427
1775117318765730,-0.130427,0.00474858,-0.991447
1775117318785733,-0.130511,0.00470646,-0.991436
1775117318805728,-0.130611,0.0048484,-0.991422
1775117318825731,-0.1356,0.00412311,-0.990755
1775117318845749,-0.135174,0.00393412,-0.990814
1775117318865737,-0.132273,0.0054401,-0.991198
1775117318885733,-0.131888,0.00552247,-0.991249
1775117318905735,-0.131777,0.0055467,-0.991264
1775117318925730,-0.134092,0.00534556,-0.990954
1775117318945734,-0.131796,0.00542823,-0.991262
1775117318965736,-0.131857,0.00522527,-0.991255
1775117318985732,-0.131897,0.00525103,-0.991249
1775117319005729,-0.133454,0.00571743,-0.991039
1775117319025742,-0.131512,0.00528685,-0.991301
1775117319045730,-0.132406,0.00583806,-0.991178
1775117319065732,-0.131806,0.00533215,-0.991261
1775117319085732,-0.13181,0.00533752,-0.991261
1775117319105732,-0.132416,0.00575833,-0.991177
1775117319125730,-0.131964,0.00526797,-0.99124
1775117319145733,-0.132677,0.00581595,-0.991142
1775117319165730,-0.132448,0.00539665,-0.991175
1775117319185731,-0.132571,0.00507579,-0.99116
1775117319205727,-0.132972,0.00503623,-0.991107
1775117319225726,-0.133271,0.00504976,-0.991067
1775117319245726,-0.136706,0.00413985,-0.990603
1775117319265732,-0.136479,0.00418486,-0.990634
1775117319285739,-0.130534,0.00468443,-0.991433
1775117319305732,-0.130503,0.0045039,-0.991438
1775117319325732,-0.130826,0.00479923,-0.991394
1775117319345734,-0.131349,0.00451124,-0.991326
1775117319365746,-0.131416,0.00505854,-0.991314
1775117319385725,-0.131225,0.00463134,-0.991342
1775117319405730,-0.13616,0.00412277,-0.990678
1775117319425732,-0.136236,0.00423748,-0.990667
1775117319445736,-0.136424,0.00409553,-0.990642
1775117319465728,-0.132217,0.00454952,-0.99121
1775117319485729,-0.132531,0.00457568,-0.991168
1775117319505748,-0.132546,0.00447466,-0.991167
1775117319525732,-0.13249,0.0044248,-0.991175
1775117319545729,-0.132485,0.00428905,-0.991176
1775117319565736,-0.132814,0.00486114,-0.991129
1775117319585728,-0.136799,0.00427224,-0.99059
1775117319605733,-0.136889,0.00461216,-0.990576
1775117319625726,-0.137035,0.00434217,-0.990557
1775117319645726,-0.136982,0.00391263,-0.990566
1775117319665727,-0.139061,0.00429983,-0.990274
1775117319685718,-0.139213,0.00439407,-0.990253
1775117319705728,-0.135292,0.00526928,-0.990792
1775117319725728,-0.135197,0.00500284,-0.990806
1775117319745727,-0.137081,0.00474067,-0.990548
1775117319765725,-0.143765,0.00470222,-0.989601
1775117319785727,-0.144341,0.00510287,-0.989515
1775117319805751,-0.145035,0.00544867,-0.989412
1775117319825755,-0.148104,0.00537288,-0.988957
1775117319845729,-0.149422,0.00540634,-0.988759
1775117319865728,-0.150796,0.00537551,-0.98855
1775117319885728,-0.149754,0.00517609,-0.98871
1775117319905728,-0.153504,0.00528832,-0.988134
1775117319925726,-0.153826,0.00503344,-0.988085
1775117319945727,-0.154863,0.00520453,-0.987922
1775117319965729,-0.15713,0.00517805,-0.987564
1775117319985731,-0.158283,0.00523254,-0.98738
1775117320005731,-0.160411,0.00492705,-0.987038
1775117320025727,-0.159708,0.00514138,-0.987151
1775117320045729,-0.162056,0.00474088,-0.98677
1775117320065727,-0.161276,0.00485911,-0.986897
1775117320085727,-0.164507,0.00499452,-0.986363
1775117320105731,-0.165625,0.00486404,-0.986177
1775117320125727,-0.167063,0.00461675,-0.985935
1775117320145730,-0.169493,0.00487981,-0.985519
1775117320165727,-0.170745,0.00437225,-0.985306
1775117320185731,-0.173549,0.00432068,-0.984816
1775117320205726,-0.175567,0.00378205,-0.98446
1775117320225728,-0.178051,0.00433273,-0.984012
1775117320245729,-0.179045,0.00422109,-0.983832
1775117320265728,-0.182387,0.00322035,-0.983221
1775117320285733,-0.182213,0.00383424,-0.983252
1775117320305729,-0.183792,0.00377021,-0.982958
1775117320325732,-0.185298,0.00365582,-0.982676
1775117320345731,-0.183906,0.0035167,-0.982938
1775117320365728,-0.186151,0.00360896,-0.982515
1775117320385730,-0.186525,0.00352629,-0.982444
1775117320405728,-0.186032,0.00341052,-0.982538
1775117320425728,-0.186733,0.0024732,-0.982408
1775117320445729,-0.187184,0.00311587,-0.98232
1775117320465729,-0.187657,0.00298229,-0.98223
1775117320485730,-0.187373,0.00281915,-0.982285
1775117320505727,-0.188589,0.00174261,-0.982055
1775117320525728,-0.187884,0.00169258,-0.98219
1775117320545727,-0.191165,0.00224511,-0.981555
1775117320565727,-0.186937,0.00231622,-0.982369
1775117320585727,-0.186391,0.00202129,-0.982474
1775117320605727,-0.187462,0.00148975,-0.982271
1775117320625727,-0.186977,0.00146092,-0.982363
1775117320645725,-0.18685,0.00159758,-0.982387
1775117320665726,-0.189427,0.0011305,-0.981894
1775117320685796,-0.187034,0.0012306,-0.982353
1775117320705734,-0.192268,-0.000259835,-0.981342
1775117320725732,-0.185519,0.00109667,-0.98264
1775117320745733,-0.185273,0.00148857,-0.982686
1775117320765731,-0.185023,0.00146616,-0.982733
1775117320785729,-0.185015,0.00130714,-0.982735
1775117320805731,-0.184186,0.00135547,-0.98289
1775117320825730,-0.18519,0.000781036,-0.982702
1775117320845734,-0.184404,0.000591158,-0.98285
1775117320865735,-0.184602,0.000553619,-0.982813
1775117320885737,-0.18393,0.000965289,-0.982939
1775117320905737,-0.183995,0.000872658,-0.982927
1775117320925732,-0.184931,0.000967786,-0.982751
1775117320945733,-0.184849,0.00125227,-0.982766
1775117320965729,-0.184923,0.000881529,-0.982753
1775117320985732,-0.184919,0.0010752,-0.982753
1775117321005730,-0.184746,0.00105712,-0.982786
1775117321025728,-0.184778,0.00103451,-0.98278
1775117321045730,-0.184848,0.000943977,-0.982767
1775117321065730,-0.184759,0.000870377,-0.982783
1775117321085731,-0.184628,0.000994171,-0.982808
1775117321105729,-0.184579,0.00105532,-0.982817
1775117321125731,-0.185115,0.000393262,-0.982717
1775117321145730,-0.187159,0.00139369,-0.982329
1775117321165731,-0.187301,0.00147839,-0.982301
1775117321185732,-0.187362,0.00148964,-0.98229
1775117321205729,-0.187841,0.00148981,-0.982198
1775117321225727,-0.1878,0.00161976,-0.982206
1775117321245728,-0.187596,0.00197897,-0.982244
1775117321265726,-0.186322,0.00271234,-0.982485
1775117321285730,-0.186373,0.00267022,-0.982475
1775117321305732,-0.185969,0.00255863,-0.982552
1775117321325735,-0.186814,0.00241211,-0.982392
1775117321345730,-0.183391,0.00164721,-0.983039
1775117321365729,-0.183336,0.00156586,-0.983049
1775117321385729,-0.187087,0.00140427,-0.982342
1775117321405726,-0.187244,0.00132065,-0.982313
1775117321425727,-0.186817,0.00122344,-0.982394
1775117321445728,-0.186547,0.00119525,-0.982445
1775117321465730,-0.186579,0.000768534,-0.98244
1775117321485729,-0.182643,0.00121631,-0.983178
1775117321505728,-0.182498,0.00106334,-0.983206
1775117321525732,-0.182592,0.000965224,-0.983188
1775117321545733,-0.182551,0.00121809,-0.983196
1775117321565733,-0.182484,0.00118256,-0.983208
1775117321585730,-0.182345,0.00116669,-0.983234
1775117321605728,-0.182491,0.00123822,-0.983207
1775117321625730,-0.182187,0.00130386,-0.983263
1775117321645730,-0.182143,0.00107645,-0.983271
1775117321665733,-0.185399,0.000929672,-0.982663
1775117321685732,-0.185653,0.00117876,-0.982615
1775117321705730,-0.185521,0.000991409,-0.98264
1775117321725731,-0.185506,0.00103536,-0.982643
1775117321745729,-0.181702,0.00118558,-0.983353
1775117321765730,-0.181779,0.00148951,-0.983338
1775117321785734,-0.185541,0.00137864,-0.982636
1775117321805737,-0.181542,0.00140325,-0.983382
1775117321825730,-0.185388,0.00102922,-0.982665
1775117321845732,-0.181961,0.00132425,-0.983305
1775117321865733,-0.181666,0.00110082,-0.98336
1775117321885731,-0.182133,0.00133048,-0.983273
1775117321905730,-0.182156,0.00117011,-0.983269
1775117321925730,-0.182424,0.00135781,-0.983219
1775117321945731,-0.182645,0.00113584,-0.983178
1775117321965744,-0.182393,0.00114968,-0.983225
1775117321985728,-0.182868,0.00116388,-0.983137
1775117322005730,-0.182592,0.00117819,-0.983188
1775117322025727,-0.182925,0.000893197,-0.983127
1775117322045729,-0.182567,0.00101955,-0.983193
1775117322065729,-0.18289,0.00106519,-0.983133
1775117322085728,-0.182967,0.00119528,-0.983118
1775117322105729,-0.182678,0.000954787,-0.983172
1775117322125726,-0.1829,0.0010125,-0.983131
1775117322145726,-0.182909,0.000965205,-0.983129
1775117322165727,-0.186071,0.000801552,-0.982536
1775117322185727,-0.186095,0.000689362,-0.982532
1775117322205821,-0.186106,0.000599396,-0.98253
1775117322225762,-0.182101,0.00104638,-0.983279
1775117322245822,-0.182419,0.00109715,-0.98322
1775117322265731,-0.183275,0.00132682,-0.983061
1775117322285731,-0.182479,0.00120716,-0.983209
1775117322305806,-0.182217,0.000782027,-0.983258
1775117322325733,-0.182346,0.00124163,-0.983234
1775117322345734,-0.182997,0.000436935,-0.983113
1775117322365733,-0.183409,0.000613256,-0.983037
1775117322385733,-0.183422,0.000629493,-0.983034
1775117322405732,-0.183828,0.000539383,-0.982958
1775117322425734,-0.18353,0.000414419,-0.983014
1775117322445732,-0.182673,0.000390784,-0.983174
1775117322465733,-0.183042,0.000455192,-0.983105
1775117322485735,-0.183749,0.000527627,-0.982973
1775117322505732,-0.182616,0.000697423,-0.983184
1775117322525732,-0.182088,0.00100675,-0.983282
1775117322545730,-0.183771,0.000633783,-0.982969
1775117322565731,-0.182692,0.000466041,-0.98317
1775117322585730,-0.183113,0.00117117,-0.983091
1775117322605731,-0.18378,0.000545921,-0.982967
1775117322625729,-0.18301,0.0012425,-0.98311
1775117322645730,-0.182657,0.00126834,-0.983176
1775117322665733,-0.182958,0.00134704,-0.98312
1775117322685734,-0.182935,0.00127857,-0.983124
1775117322705734,-0.182207,0.00123979,-0.983259
1775117322725732,-0.182726,0.00120541,-0.983163
1775117322745731,-0.182154,0.0012256,-0.983269
1775117322765729,-0.183303,0.000714038,-0.983056
1775117322785748,-0.189373,-0.000481561,-0.981905
1775117322805728,-0.183103,0.00048131,-0.983094
1775117322825727,-0.182742,0.000611101,-0.983161
1775117322845751,-0.188694,-0.000389751,-0.982036
1775117322865729,-0.188085,-0.000559367,-0.982153
1775117322885736,-0.182506,0.000513884,-0.983205
1775117322905732,-0.18956,-0.000243615,-0.981869
1775117322925732,-0.182654,0.000746805,-0.983177
1775117322945684,-0.18321,0.000505255,-0.983074
1775117322965731,-0.186678,0.00145028,-0.98242
1775117322985728,-0.18609,0.00146236,-0.982532
1775117323005730,-0.185366,0.00132253,-0.982669
1775117323025728,-0.184918,0.00146209,-0.982753
1775117323045729,-0.183718,0.00168289,-0.982977
1775117323065729,-0.183511,0.001646,-0.983016
1775117323085732,-0.183435,0.00207823,-0.98303
1775117323105730,-0.179278,0.00160731,-0.983797
1775117323125730,-0.178924,0.00155231,-0.983862
1775117323145731,-0.179951,0.00186581,-0.983674
1775117323165732,-0.179424,0.00135721,-0.983771
1775117323185729,-0.179602,0.00141433,-0.983738
1775117323205726,-0.179547,0.00145918,-0.983748
1775117323225727,-0.179865,0.0014865,-0.98369
1775117323245733,-0.180136,0.00151902,-0.983641
1775117323265735,-0.180414,0.00162141,-0.983589
1775117323285737,-0.179848,0.00147586,-0.983693
1775117323305736,-0.179995,0.00167606,-0.983666
1775117323325733,-0.179911,0.0015245,-0.983682
1775117323345733,-0.180665,0.000651761,-0.983544
1775117323365739,-0.180323,0.00071682,-0.983607
1775117323385732,-0.189008,0.000688274,-0.981975
1775117323405733,-0.183052,0.00201065,-0.983101
1775117323425732,-0.180015,0.000816465,-0.983664
1775117323445730,-0.180241,0.000874715,-0.983622
1775117323465729,-0.179592,0.00121137,-0.98374
1775117323485730,-0.179025,0.001714,-0.983843
1775117323505730,-0.178183,0.00141552,-0.983996
1775117323525730,-0.178655,0.00124045,-0.983911
1775117323545730,-0.17807,0.0012203,-0.984017
1775117323565738,-0.178077,0.00123456,-0.984016
1775117323585731,-0.178373,0.00144812,-0.983962
1775117323605737,-0.17845,0.0012136,-0.983948
1775117323625727,-0.179643,0.00097605,-0.983731
1775117323645735,-0.17982,0.000789385,-0.983699
1775117323665733,-0.179659,0.000498281,-0.983729
1775117323685732,-0.178742,0.000933007,-0.983896
1775117323705729,-0.178187,0.000864147,-0.983996
1775117323725732,-0.177298,0.000772151,-0.984157
1775117323745731,-0.177206,0.000858251,-0.984173
1775117323765731,-0.176838,0.00128769,-0.984239
1775117323785731,-0.17822,0.00111526,-0.98399
1775117323805732,-0.178612,0.000834845,-0.983919
1775117323825730,-0.185309,-0.000386662,-0.98268
1775117323845729,-0.178509,0.000835455,-0.983938
1775117323865824,-0.178023,0.000807557,-0.984026
1775117323885735,-0.177047,0.000639217,-0.984202
1775117323905740,-0.176073,0.00196757,-0.984375
1775117323925728,-0.17527,0.00185618,-0.984519
1775117323945707,-0.174526,0.00214059,-0.98465
1775117323965728,-0.174402,0.0016315,-0.984673
1775117323985728,-0.174202,0.00129568,-0.984709
1775117324005729,-0.1786,0.00220834,-0.983919
1775117324025756,-0.179855,0.00263611,-0.98369
1775117324045729,-0.178736,0.00268866,-0.983893
1775117324065755,-0.176606,0.00275437,-0.984278
1775117324085728,-0.176704,0.00251099,-0.984261
1775117324105730,-0.176519,0.00374142,-0.98429
1775117324125726,-0.173103,0.00311508,-0.984899
1775117324145728,-0.175071,0.00213969,-0.984553
1775117324165726,-0.176328,0.00179957,-0.98433
1775117324185725,-0.175813,0.00149898,-0.984422
1775117324205728,-0.175327,0.00160636,-0.984509
1775117324225751,-0.173782,0.000681077,-0.984784
1775117324245729,-0.173819,0.000636846,-0.984777
1775117324265733,-0.174256,0.00149146,-0.984699
1775117324285728,-0.173152,0.00169459,-0.984894
1775117324305726,-0.171149,0.00117213,-0.985244
1775117324325728,-0.172699,0.00117965,-0.984974
1775117324345732,-0.175786,0.000632657,-0.984428
1775117324365729,-0.168946,0.00103783,-0.985625
1775117324385729,-0.168096,0.00053691,-0.98577
1775117324405727,-0.16773,0.000226671,-0.985833
1775117324425728,-0.16648,-0.000256644,-0.986045
1775117324445727,-0.169295,-6.10914e-05,-0.985565
1775117324465727,-0.168241,0.000589357,-0.985746
1775117324485726,-0.160736,-0.0019952,-0.986995
1775117324505726,-0.160949,-0.00196834,-0.986961
1775117324525726,-0.161814,0.000903392,-0.986821
1775117324545727,-0.169503,0.000658316,-0.985529
1775117324565728,-0.171761,0.00026917,-0.985139
1775117324585731,-0.17347,0.000199438,-0.984839
1775117324605728,-0.173233,-0.000455026,-0.984881
1775117324625729,-0.173619,-0.000745293,-0.984813
1775117324645728,-0.173969,-0.000730661,-0.984751
1775117324665728,-0.174997,-0.000247293,-0.984569
1775117324685731,-0.175802,-0.000820883,-0.984425
1775117324705729,-0.176651,-0.000278881,-0.984274
1775117324725727,-0.177375,0.000124272,-0.984143
1775117324745729,-0.177413,0.000346146,-0.984136
1775117324765729,-0.17798,-0.00099504,-0.984034
1775117324785731,-0.175794,-0.00113649,-0.984426
1775117324805731,-0.175415,-0.00160813,-0.984493
1775117324825757,-0.174216,-0.0020704,-0.984705
1775117324845729,-0.175027,-0.00301245,-0.984559
1775117324865727,-0.177548,-0.00270623,-0.984108
1775117324885728,-0.173966,-0.00225355,-0.984749
1775117324905727,-0.174323,-0.00291105,-0.984684
1775117324925733,-0.174392,-0.00206306,-0.984674
1775117324945731,-0.175371,-0.002569,-0.984499
1775117324965730,-0.175213,-0.00254847,-0.984527
1775117324985728,-0.175235,-0.00306078,-0.984522
1775117325005734,-0.178712,-0.00336288,-0.983896
1775117325025732,-0.175269,-0.00344441,-0.984515
1775117325045730,-0.174438,-0.00270044,-0.984664
1775117325065729,-0.175538,-0.00300883,-0.984468
1775117325085728,-0.175564,-0.00322482,-0.984463
1775117325105726,-0.180818,-0.00546432,-0.983501
1775117325125728,-0.174392,-0.00367005,-0.984669
1775117325145727,-0.175342,-0.00324764,-0.984502
1775117325165726,-0.175602,-0.00442008,-0.984451
1775117325185747,-0.175191,-0.00390568,-0.984527
1775117325205730,-0.179928,-0.00438659,-0.98367
1775117325225797,-0.177961,-0.00417562,-0.984029
1775117325245731,-0.176355,-0.00306591,-0.984322
1775117325265733,-0.175983,-0.0026537,-0.98439
1775117325285733,-0.176546,-0.00347374,-0.984286
1775117325305732,-0.17812,-0.00395703,-0.984001
1775117325325735,-0.178843,-0.00259619,-0.983874
1775117325345735,-0.178667,-0.00303899,-0.983905
1775117325365732,-0.179504,-0.00489519,-0.983745
1775117325385734,-0.181421,-0.00274277,-0.983402
1775117325405730,-0.175526,-0.00452668,-0.984464
1775117325425729,-0.175418,-0.00552733,-0.984479
1775117325445730,-0.1819,-0.00217782,-0.983315
1775117325465730,-0.182211,-0.00259982,-0.983256
1775117325485730,-0.178854,-0.00596672,-0.983858
1775117325505733,-0.182566,-0.00385094,-0.983186
1775117325525736,-0.182943,-0.00356954,-0.983117
1775117325545733,-0.183492,-0.0040512,-0.983013
1775117325565741,-0.183256,-0.00526083,-0.983051
1775117325585763,-0.183173,-0.00447769,-0.983071
1775117325605739,-0.180383,-0.00598762,-0.983578
1775117325625733,-0.183279,-0.00538932,-0.983046
1775117325645735,-0.181026,-0.00714894,-0.983452
1775117325665733,-0.184187,-0.00581233,-0.982874
1775117325685731,-0.182061,-0.00648452,-0.983266
1775117325705733,-0.185209,-0.00601451,-0.982681
1775117325725733,-0.186252,-0.00608371,-0.982483
1775117325745732,-0.186686,-0.00537681,-0.982405
1775117325765731,-0.187506,-0.00717851,-0.982237
1775117325785731,-0.191359,-0.00858802,-0.981483
1775117325805731,-0.187282,-0.00747642,-0.982278
1775117325825732,-0.191245,-0.00831861,-0.981507
1775117325845731,-0.191197,-0.00875961,-0.981513
1775117325865730,-0.189805,-0.009063,-0.98178
1775117325885744,-0.190184,-0.00863959,-0.98171
1775117325905805,-0.19101,-0.00947165,-0.981542
1775117325925741,-0.190038,-0.0103423,-0.981722
1775117325945727,-0.192719,-0.0103583,-0.981199
1775117325965727,-0.191355,-0.0107459,-0.981462
1775117325985731,-0.189052,-0.0110844,-0.981905
1775117326005728,-0.190083,-0.0120754,-0.981694
1775117326025727,-0.190815,-0.0133263,-0.981535
1775117326045726,-0.190008,-0.0127649,-0.981699
1775117326065728,-0.192323,-0.0147617,-0.981221
1775117326085728,-0.192174,-0.0156408,-0.981236
1775117326105710,-0.193934,-0.0171618,-0.980864
1775117326125732,-0.195629,-0.0169816,-0.980531
1775117326145734,-0.197934,-0.0187485,-0.980036
1775117326165735,-0.19892,-0.0213409,-0.979783
1775117326185733,-0.200843,-0.0230664,-0.979352
1775117326205731,-0.200416,-0.0228002,-0.979446
1775117326225731,-0.202245,-0.0236441,-0.97905
1775117326245732,-0.203437,-0.0240434,-0.978793
1775117326265732,-0.2042,-0.0267781,-0.978563
1775117326285732,-0.205716,-0.0264566,-0.978254
1775117326306925,-0.205813,-0.0283171,-0.978182
1775117326325727,-0.207116,-0.0296677,-0.977866
1775117326345731,-0.205221,-0.0304271,-0.978243
1775117326365736,-0.207647,-0.031488,-0.977697
1775117326385816,-0.20781,-0.0318068,-0.977652
1775117326405730,-0.206627,-0.0325449,-0.977878
1775117326425741,-0.209143,-0.0321351,-0.977357
1775117326445730,-0.209552,-0.0315283,-0.977289
1775117326465729,-0.20911,-0.0307521,-0.977409
1775117326485789,-0.209448,-0.0318286,-0.977302
1775117326505733,-0.21063,-0.0315872,-0.977055
1775117326525731,-0.210265,-0.0307575,-0.97716
1775117326545731,-0.20811,-0.030357,-0.977634
1775117326565732,-0.208757,-0.0281583,-0.977562
1775117326585732,-0.208186,-0.0292533,-0.977652
1775117326605733,-0.208279,-0.0282831,-0.97766
1775117326625733,-0.205403,-0.0292656,-0.97824
1775117326645737,-0.204395,-0.0278354,-0.978493
1775117326665732,-0.201584,-0.0285421,-0.979055
1775117326685731,-0.200308,-0.0277554,-0.97934
1775117326705729,-0.203139,-0.0261867,-0.9788
1775117326725729,-0.20351,-0.0261994,-0.978722
1775117326745731,-0.203746,-0.0248744,-0.978708
1775117326765730,-0.205599,-0.0239857,-0.978342
1775117326785736,-0.204749,-0.0233359,-0.978536
1775117326805735,-0.204532,-0.0226312,-0.978598
1775117326825739,-0.204875,-0.0220434,-0.97854
1775117326845734,-0.204259,-0.0219389,-0.978671
1775117326865731,-0.203869,-0.0205105,-0.978783
1775117326885732,-0.204397,-0.0199975,-0.978684
1775117326905731,-0.202674,-0.0194319,-0.979053
1775117326925733,-0.201672,-0.0185586,-0.979277
1775117326945739,-0.201481,-0.0181852,-0.979324
1775117326965734,-0.198869,-0.0175777,-0.979869
1775117326985739,-0.198411,-0.0174879,-0.979963
1775117327005731,-0.1972,-0.016402,-0.980226
1775117327025734,-0.197006,-0.0166551,-0.980261
1775117327045820,-0.19616,-0.0161083,-0.98044
1775117327065732,-0.195024,-0.0143767,-0.980693
1775117327085729,-0.196615,-0.0146404,-0.980372
1775117327105735,-0.192962,-0.0141465,-0.981104
1775117327125730,-0.191307,-0.0118417,-0.981459
1775117327145730,-0.191645,-0.0123739,-0.981386
1775117327165730,-0.190913,-0.011143,-0.981544
1775117327185731,-0.189323,-0.0106487,-0.981857
1775117327205730,-0.187577,-0.010041,-0.982199
1775117327225731,-0.186168,-0.00867592,-0.98248
1775117327245733,-0.18383,-0.00887717,-0.982918
1775117327265732,-0.179427,-0.00832944,-0.983736
1775117327285730,-0.178111,-0.0086437,-0.983972
1775117327305730,-0.17498,-0.00826167,-0.984537
1775117327325732,-0.173511,-0.0088278,-0.984792
1775117327345732,-0.170253,-0.00813551,-0.985367
1775117327365733,-0.165445,-0.00776409,-0.986188
1775117327385732,-0.162167,-0.00846063,-0.986727
1775117327405731,-0.163444,-0.0063971,-0.986532
1775117327425732,-0.160811,-0.00556978,-0.98697
1775117327445733,-0.15492,-0.00575185,-0.98791
1775117327465732,-0.152478,-0.00646442,-0.988286
1775117327485730,-0.154613,-0.004067,-0.987967
1775117327505730,-0.149629,-0.00608669,-0.988723
1775117327525730,-0.148503,-0.00429043,-0.988903
1775117327545733,-0.151089,-0.00254386,-0.988517
1775117327565767,-0.145618,-0.00285422,-0.989337
1775117327585732,-0.144771,-0.00109191,-0.989465
1775117327605732,-0.145411,-0.000774545,-0.989371
1775117327625732,-0.147465,0.000677057,-0.989067
1775117327645734,-0.147472,0.000948073,-0.989066
1775117327665734,-0.144451,0.000142384,-0.989512
1775117327685733,-0.147721,0.00367512,-0.989022
1775117327705737,-0.14956,0.00332925,-0.988747
1775117327725740,-0.14429,0.00240294,-0.989533
1775117327745731,-0.149577,0.00400041,-0.988742
1775117327765733,-0.149395,0.00559701,-0.988762
1775117327785738,-0.149864,0.005378,-0.988692
1775117327805740,-0.148816,0.00557943,-0.988849
1775117327825730,-0.148813,0.00618374,-0.988846
1775117327845731,-0.14139,0.0031611,-0.989949
1775117327865733,-0.142212,0.0025682,-0.989833
1775117327885732,-0.141021,0.00274066,-0.990003
1775117327905730,-0.146127,0.00467896,-0.989255
1775117327925732,-0.148605,0.0054874,-0.988881
1775117327945731,-0.146523,0.00632331,-0.989187
1775117327965731,-0.145965,0.00612145,-0.989271
1775117327985744,-0.138878,0.00212377,-0.990307
1775117328005750,-0.137373,0.00325983,-0.990514
1775117328025729,-0.144011,0.0070677,-0.989551
1775117328045728,-0.137089,0.00386122,-0.990551
1775117328065727,-0.136472,0.00334995,-0.990638
1775117328085729,-0.137984,0.00267139,-0.990431
1775117328105728,-0.142212,0.00735428,-0.989809
1775117328125728,-0.141723,0.00842266,-0.989871
1775117328145727,-0.136484,0.00380312,-0.990635
1775117328165747,-0.136215,0.00489024,-0.990667
1775117328185726,-0.136858,0.00540725,-0.990576
1775117328205726,-0.136582,0.00619344,-0.990609
1775117328225727,-0.139747,0.00556142,-0.990172
1775117328245727,-0.137163,0.00568884,-0.990532
1775117328265734,-0.134803,0.00427594,-0.990863
1775117328285734,-0.140929,0.00773389,-0.989989
1775117328305733,-0.136042,0.00317968,-0.990698
1775117328325732,-0.137377,0.00440245,-0.990509
1775117328345731,-0.142296,0.00924799,-0.989781
1775117328365732,-0.142181,0.00851828,-0.989804
1775117328385738,-0.142828,0.00888271,-0.989708
1775117328405731,-0.137649,0.00521651,-0.990467
1775117328425732,-0.138444,0.0057234,-0.990354
1775117328445737,-0.137931,0.00606982,-0.990423
1775117328465736,-0.148275,0.0158491,-0.988819
1775117328485732,-0.148884,0.0164427,-0.988718
1775117328505730,-0.145348,0.0135551,-0.989288
1775117328525731,-0.145556,0.0136896,-0.989255
1775117328545731,-0.146604,0.0142555,-0.989093
1775117328565738,-0.147813,0.0145785,-0.988908
1775117328585730,-0.148493,0.0141788,-0.988812
1775117328605731,-0.15177,0.0155611,-0.988293
1775117328625732,-0.149283,0.0126372,-0.988714
1775117328645732,-0.153604,0.0159403,-0.988004
1775117328665731,-0.152024,0.0137403,-0.988281
1775117328685730,-0.154567,0.0150785,-0.987867
1775117328705729,-0.151844,0.0117856,-0.988334
1775117328725729,-0.152694,0.0129852,-0.988188
1775117328745730,-0.15133,0.0121316,-0.988409
1775117328765738,-0.155544,0.0147555,-0.987719
1775117328785732,-0.154955,0.0144289,-0.987816
1775117328805731,-0.152522,0.0119706,-0.988228
1775117328825730,-0.150238,0.0102416,-0.988597
1775117328845732,-0.156191,0.0139858,-0.987628
1775117328865732,-0.156812,0.0134372,-0.987537
1775117328885730,-0.156722,0.0129218,-0.987558
1775117328905729,-0.157411,0.0123687,-0.987456
1775117328925731,-0.145973,-0.00133251,-0.989288
1775117328945735,-0.156352,0.00488246,-0.987689
1775117328965737,-0.155104,0.00502157,-0.987885
1775117328985737,-0.155563,0.00499515,-0.987813
1775117329005728,-0.1557,0.00153894,-0.987803
1775117329025736,-0.147329,-0.00546504,-0.989072
1775117329045734,-0.145782,-0.00892281,-0.989277
1775117329065755,-0.143256,-0.0126314,-0.989605
1775117329085733,-0.137995,-0.0222162,-0.990184
1775117329105728,-0.135341,-0.027239,-0.990425
1775117329125728,-0.131986,-0.0348887,-0.990637
1775117329145733,-0.131046,-0.0410208,-0.990527
1775117329165726,-0.134136,-0.0411827,-0.990107
1775117329185728,-0.135134,-0.0441233,-0.989844
1775117329205730,-0.133458,-0.0464014,-0.989968
1775117329225727,-0.131151,-0.0487799,-0.990162
1775117329245732,-0.125469,-0.0529306,-0.990685
1775117329265728,-0.111624,-0.0617858,-0.991828
1775117329285736,-0.111188,-0.0630038,-0.9918
1775117329305734,-0.108294,-0.0644412,-0.992028
1775117329325739,-0.108607,-0.0636519,-0.992045
1775117329345738,-0.108721,-0.0620042,-0.992137
1775117329365733,-0.110224,-0.0626949,-0.991927
1775117329385727,-0.106844,-0.0657635,-0.992098
1775117329405729,-0.105512,-0.0650724,-0.992287
1775117329425735,-0.108358,-0.0644006,-0.992024
1775117329445728,-0.104809,-0.0673892,-0.992206
1775117329465727,-0.107765,-0.0645321,-0.99208
1775117329485728,-0.105333,-0.0658678,-0.992253
1775117329505734,-0.108563,-0.0665977,-0.991856
1775117329525729,-0.106653,-0.0703864,-0.991802
1775117329545730,-0.10474,-0.0682913,-0.992152
1775117329565737,-0.104235,-0.0720301,-0.991941
1775117329585738,-0.105724,-0.073342,-0.991687
1775117329605733,-0.108085,-0.07049,-0.991639
1775117329625732,-0.106877,-0.0713018,-0.991712
1775117329645741,-0.103677,-0.0724506,-0.991969
1775117329665788,-0.119509,-0.0617289,-0.990912
1775117329685729,-0.11729,-0.0637861,-0.991047
1775117329705804,-0.116318,-0.0639689,-0.99115
1775117329725729,-0.114411,-0.0585529,-0.991706
1775117329745738,-0.111966,-0.0580543,-0.992015
1775117329765729,-0.110893,-0.0568364,-0.992206
1775117329785733,-0.111052,-0.0593671,-0.99204
1775117329805736,-0.111915,-0.0564829,-0.992111
1775117329825729,-0.10843,-0.0578659,-0.992418
1775117329845732,-0.109003,-0.056891,-0.992412
1775117329865735,-0.10978,-0.0559932,-0.992378
1775117329885728,-0.10629,-0.0569105,-0.992705
1775117329905730,-0.107876,-0.0560384,-0.992584
1775117329925739,-0.107789,-0.0556212,-0.992617
1775117329945731,-0.109722,-0.0554953,-0.992412
1775117329965730,-0.109724,-0.0546648,-0.992458
1775117329985727,-0.108251,-0.0561773,-0.992535
1775117330005730,-0.108101,-0.0579537,-0.992449
1775117330025736,-0.108535,-0.0553767,-0.992549
1775117330045730,-0.108908,-0.0575499,-0.992385
1775117330065742,-0.105967,-0.0575119,-0.992705
1775117330085731,-0.106342,-0.0560093,-0.992751
1775117330105732,-0.108948,-0.0575554,-0.99238
1775117330125730,-0.108502,-0.0575771,-0.992427
1775117330145801,-0.107361,-0.0580589,-0.992523
1775117330165730,-0.109669,-0.0552864,-0.992429
1775117330185811,-0.107958,-0.0556413,-0.992597
1775117330205732,-0.108954,-0.0550571,-0.992521
1775117330225730,-0.108094,-0.0548716,-0.992625
1775117330245736,-0.108694,-0.0545637,-0.992577
1775117330265728,-0.107508,-0.0541588,-0.992728
1775117330285729,-0.10571,-0.0553122,-0.992857
1775117330305733,-0.104723,-0.0546056,-0.993001
1775117330325728,-0.104364,-0.0539665,-0.993074
1775117330345731,-0.101309,-0.0556816,-0.993296
1775117330365728,-0.100677,-0.0551768,-0.993388
1775117330385727,-0.102462,-0.0552335,-0.993202
1775117330405745,-0.103324,-0.0542564,-0.993167
1775117330425730,-0.101265,-0.0559773,-0.993283
1775117330445732,-0.101532,-0.0547788,-0.993323
1775117330465733,-0.104079,-0.0543736,-0.993082
1775117330485728,-0.10181,-0.0552253,-0.99327
1775117330505729,-0.103405,-0.0548008,-0.993129
1775117330525735,-0.103588,-0.0567123,-0.993002
1775117330545729,-0.101286,-0.0555488,-0.993305
1775117330565730,-0.10423,-0.0574587,-0.992892
1775117330585733,-0.104345,-0.0570381,-0.992904
1775117330605799,-0.103705,-0.0574048,-0.99295
1775117330625739,-0.106728,-0.0568661,-0.992661
1775117330645732,-0.105554,-0.0596025,-0.992626
1775117330665734,-0.106592,-0.058647,-0.992572
1775117330685735,-0.108105,-0.0583869,-0.992423
1775117330705730,-0.10739,-0.0596849,-0.992424
1775117330725730,-0.109991,-0.0593674,-0.992158
1775117330745736,-0.110008,-0.0595444,-0.992146
1775117330765730,-0.111866,-0.0606525,-0.991871
1775117330785732,-0.111702,-0.0609488,-0.991871
1775117330805732,-0.112625,-0.0612473,-0.991748
1775117330825729,-0.115108,-0.0608424,-0.991488
1775117330845731,-0.116106,-0.0609898,-0.991363
1775117330865729,-0.113607,-0.0620765,-0.991585
1775117330885728,-0.114269,-0.0620063,-0.991513
1775117330905733,-0.11582,-0.0616085,-0.991358
1775117330925728,-0.117134,-0.0606848,-0.99126
1775117330945730,-0.116752,-0.0601825,-0.991336
1775117330965738,-0.116182,-0.061146,-0.991344
1775117330985729,-0.116228,-0.0621222,-0.991278
1775117331005727,-0.116043,-0.0620464,-0.991304
1775117331025728,-0.116478,-0.0623405,-0.991235
1775117331045729,-0.116963,-0.0631851,-0.991124
1775117331065732,-0.118165,-0.0630771,-0.990989
1775117331085726,-0.119587,-0.0609332,-0.990952
1775117331105754,-0.118241,-0.0632173,-0.990971
1775117331125738,-0.119187,-0.0627014,-0.99089
1775117331145733,-0.119674,-0.0625223,-0.990843
1775117331165730,-0.118868,-0.0626777,-0.99093
1775117331185729,-0.117781,-0.0632408,-0.991024
1775117331205728,-0.118623,-0.0618835,-0.991009
1775117331225730,-0.118653,-0.062926,-0.99094
1775117331245728,-0.121122,-0.0606854,-0.990781
1775117331265754,-0.122439,-0.0591763,-0.99071
1775117331285737,-0.122299,-0.0594975,-0.990708
1775117331305733,-0.12265,-0.0601197,-0.990627
1775117331325728,-0.122154,-0.0598518,-0.990705
1775117331345740,-0.122429,-0.0604711,-0.990633
1775117331365760,-0.120638,-0.0598359,-0.990892
1775117331385859,-0.120336,-0.060348,-0.990897
1775117331405973,-0.121236,-0.0603527,-0.990787
1775117331425735,-0.121131,-0.0609034,-0.990766
1775117331445772,-0.121675,-0.0627493,-0.990585
1775117331465766,-0.122227,-0.0615686,-0.990591
1775117331485739,-0.121962,-0.0629119,-0.990539
1775117331505742,-0.120672,-0.0604655,-0.990849
1775117331525735,-0.120074,-0.0608647,-0.990897
1775117331545735,-0.119892,-0.0616626,-0.99087
1775117331565742,-0.119898,-0.0619334,-0.990853
1775117331585730,-0.120273,-0.0605919,-0.99089
1775117331605729,-0.120327,-0.0603634,-0.990897
1775117331625737,-0.120532,-0.0609018,-0.99084
1775117331645729,-0.120332,-0.0608981,-0.990864
1775117331665730,-0.120462,-0.0610021,-0.990842
1775117331685729,-0.119944,-0.0621146,-0.990836
1775117331705729,-0.120071,-0.0606953,-0.990908
1775117331725740,-0.119869,-0.0601214,-0.990968
1775117331745730,-0.119438,-0.0599116,-0.991032
1775117331765730,-0.120008,-0.0602783,-0.990941
1775117331785736,-0.120246,-0.0587802,-0.991002
1775117331805735,-0.119885,-0.0598741,-0.990981
1775117331825731,-0.119515,-0.0605978,-0.990981
1775117331845739,-0.119348,-0.0599785,-0.991039
1775117331865729,-0.119138,-0.0583001,-0.991165
1775117331885729,-0.118345,-0.0589937,-0.991219
1775117331905735,-0.117721,-0.0603073,-0.991214
1775117331925728,-0.118931,-0.0582885,-0.99119
1775117331945731,-0.118027,-0.058772,-0.99127
1775117331965730,-0.117705,-0.0587442,-0.99131
1775117331985730,-0.117549,-0.0594861,-0.991284
1775117332005861,-0.117256,-0.0586332,-0.991369
1775117332025754,-0.117842,-0.0585214,-0.991306
1775117332045765,-0.11753,-0.0586452,-0.991336
1775117332065729,-0.118077,-0.0576676,-0.991329
1775117332085728,-0.117844,-0.0584947,-0.991308
1775117332105728,-0.118019,-0.0581398,-0.991308
1775117332125733,-0.117883,-0.0586143,-0.991296
1775117332145731,-0.117868,-0.0583953,-0.991311
1775117332165729,-0.1175,-0.058499,-0.991348
1775117332185727,-0.117739,-0.0584419,-0.991323
1775117332205729,-0.117811,-0.0575326,-0.991368
1775117332225736,-0.11767,-0.0577256,-0.991374
1775117332245730,-0.118183,-0.0583922,-0.991274
1775117332265730,-0.117911,-0.0584435,-0.991303
1775117332285733,-0.117781,-0.0592865,-0.991268
1775117332305733,-0.117978,-0.0584913,-0.991292
1775117332325731,-0.118259,-0.0584243,-0.991263
1775117332345734,-0.116026,-0.0607086,-0.991389
1775117332365730,-0.117343,-0.0600957,-0.991271
1775117332385728,-0.118536,-0.0581107,-0.991248
1775117332405731,-0.117347,-0.0590358,-0.991335
1775117332425734,-0.119187,-0.0600074,-0.991057
1775117332445737,-0.120083,-0.0600657,-0.990945
1775117332465730,-0.121588,-0.0604742,-0.990737
1775117332485748,-0.11987,-0.0602748,-0.990958
1775117332505734,-0.119528,-0.0604832,-0.990987
1775117332525730,-0.120055,-0.0607444,-0.990907
1775117332545757,-0.120565,-0.0619873,-0.990768
1775117332565735,-0.120837,-0.0614496,-0.990769
1775117332585734,-0.121438,-0.0609421,-0.990726
1775117332605735,-0.12181,-0.0603251,-0.990719
1775117332625733,-0.121926,-0.0602246,-0.99071
1775117332645731,-0.121494,-0.0602158,-0.990764
1775117332665732,-0.120816,-0.0606802,-0.990819
1775117332685739,-0.120431,-0.0603514,-0.990886
1775117332705749,-0.120338,-0.0598989,-0.990924
1775117332725729,-0.120937,-0.0594684,-0.990877
1775117332745733,-0.120716,-0.0592938,-0.990915
1775117332765740,-0.121333,-0.059724,-0.990813
1775117332785739,-0.120832,-0.0597639,-0.990872
1775117332805742,-0.120644,-0.0595249,-0.99091
1775117332825732,-0.119274,-0.0601458,-0.991038
1775117332845731,-0.120394,-0.0595236,-0.99094
1775117332865737,-0.119365,-0.0609396,-0.990978
1775117332885729,-0.119827,-0.0596244,-0.991003
1775117332905731,-0.120054,-0.0601691,-0.990942
1775117332925751,-0.121389,-0.0603203,-0.990771
1775117332945732,-0.121644,-0.0604376,-0.990732
1775117332965766,-0.121127,-0.0600111,-0.990821
1775117332985727,-0.121446,-0.0597773,-0.990796
1775117333005730,-0.121824,-0.0603854,-0.990713
1775117333025746,-0.126126,-0.0598716,-0.990206
1775117333045733,-0.12635,-0.061228,-0.990094
1775117333065735,-0.124497,-0.0608485,-0.990352
1775117333085735,-0.127003,-0.0605709,-0.990051
1775117333105729,-0.125057,-0.0598871,-0.99034
1775117333125728,-0.12575,-0.0630752,-0.990055
1775117333145733,-0.124889,-0.0640824,-0.990099
1775117333165727,-0.125457,-0.0646055,-0.989993
1775117333185728,-0.127882,-0.0661197,-0.989583
1775117333205733,-0.127391,-0.06719,-0.989574
1775117333225730,-0.130591,-0.0685925,-0.989061
1775117333245734,-0.132918,-0.0703944,-0.988624
1775117333265728,-0.130602,-0.0705176,-0.988924
1775117333285730,-0.134464,-0.0741618,-0.988139
1775117333305737,-0.136516,-0.0739734,-0.987872
1775117333325729,-0.13436,-0.075403,-0.98806
1775117333345733,-0.13927,-0.0764195,-0.987301
1775117333365757,-0.132143,-0.0818262,-0.987848
1775117333385739,-0.143393,-0.0784466,-0.986552
1775117333405736,-0.133446,-0.0857566,-0.987339
1775117333425727,-0.142013,-0.0818577,-0.986474
1775117333445733,-0.145321,-0.0832757,-0.985874
1775117333465733,-0.146943,-0.0850918,-0.985478
1775117333485731,-0.149851,-0.0873121,-0.984846
1775117333505729,-0.149479,-0.0877423,-0.984864
1775117333525734,-0.151117,-0.0896156,-0.984445
1775117333545731,-0.155938,-0.0946899,-0.983218
1775117333565731,-0.158136,-0.0959478,-0.982745
1775117333585730,-0.161889,-0.0978984,-0.981941
1775117333605730,-0.166339,-0.0988038,-0.981106
1775117333625736,-0.171385,-0.104252,-0.979673
1775117333645731,-0.174459,-0.106912,-0.978843
1775117333665735,-0.180337,-0.110512,-0.977377
1775117333685733,-0.18473,-0.113257,-0.976241
1775117333705762,-0.18857,-0.116538,-0.975121
1775117333725728,-0.197928,-0.123768,-0.972371
1775117333745728,-0.200391,-0.124977,-0.971712
1775117333765729,-0.205067,-0.129766,-0.970108
1775117333785731,-0.21359,-0.13518,-0.967526
1775117333805730,-0.223708,-0.140615,-0.964459
1775117333825729,-0.228304,-0.1466,-0.962489
1775117333845733,-0.235939,-0.149754,-0.96016
1775117333865729,-0.247227,-0.150782,-0.957154
1775117333885730,-0.259468,-0.146452,-0.954583
1775117333905734,-0.249924,-0.144145,-0.957476
1775117333925728,-0.245187,-0.134014,-0.960169
1775117333945732,-0.238915,-0.134825,-0.961635
1775117333965747,-0.239907,-0.130447,-0.961992
1775117333985729,-0.245895,-0.133116,-0.960112
1775117334005728,-0.24897,-0.131106,-0.959596
1775117334025728,-0.247767,-0.137923,-0.958952
1775117334045730,-0.251542,-0.141083,-0.957508
1775117334065750,-0.25329,-0.142552,-0.95683
1775117334085728,-0.254126,-0.148141,-0.955758
1775117334105730,-0.258403,-0.150136,-0.954299
1775117334125733,-0.256448,-0.154561,-0.95412
1775117334145735,-0.253446,-0.155435,-0.95478
1775117334165729,-0.253804,-0.151726,-0.955282
1775117334185729,-0.25452,-0.151246,-0.955167
1775117334205729,-0.255157,-0.150018,-0.955191
1775117334225739,-0.257316,-0.152812,-0.954168
1775117334245731,-0.256916,-0.152553,-0.954318
1775117334265731,-0.260845,-0.162305,-0.951639
1775117334285755,-0.269456,-0.164329,-0.948889
1775117334305732,-0.271328,-0.164611,-0.948306
1775117334325729,-0.273965,-0.162826,-0.947856
1775117334345735,-0.274637,-0.162283,-0.947755
1775117334365728,-0.275436,-0.162912,-0.947415
1775117334385728,-0.277316,-0.162059,-0.947013
1775117334405734,-0.278261,-0.161975,-0.94675
1775117334425730,-0.28021,-0.161738,-0.946215
1775117334445735,-0.280434,-0.161989,-0.946106
1775117334465729,-0.281546,-0.161693,-0.945826
1775117334485730,-0.284758,-0.161076,-0.944969
1775117334505733,-0.282949,-0.160868,-0.945548
1775117334525734,-0.283702,-0.162105,-0.945111
1775117334545730,-0.28237,-0.163038,-0.94535
1775117334565732,-0.280228,-0.163522,-0.945903
1775117334585729,-0.280907,-0.165036,-0.945439
1775117334605729,-0.283126,-0.167121,-0.94441
1775117334625737,-0.281633,-0.166499,-0.944966
1775117334645730,-0.282009,-0.168568,-0.944487
1775117334665735,-0.28034,-0.167807,-0.945119
1775117334685731,-0.282254,-0.169098,-0.944319
1775117334705728,-0.281635,-0.168507,-0.944609
1775117334725748,-0.27679,-0.167439,-0.94623
1775117334745731,-0.277568,-0.169311,-0.945669
1775117334765734,-0.277906,-0.169601,-0.945518
1775117334785728,-0.277486,-0.169945,-0.945579
1775117334805729,-0.277527,-0.172763,-0.945056
1775117334825728,-0.274676,-0.170844,-0.946237
1775117334845733,-0.27449,-0.17175,-0.946127
1775117334865729,-0.273334,-0.172456,-0.946334
1775117334885729,-0.27228,-0.174378,-0.946285
1775117334905751,-0.273611,-0.174826,-0.945818
1775117334925730,-0.271832,-0.17691,-0.945944
1775117334945734,-0.271751,-0.17786,-0.945789
1775117334965729,-0.270687,-0.178227,-0.946025
1775117334985732,-0.272817,-0.179042,-0.945259
1775117335005737,-0.27238,-0.178602,-0.945468
1775117335025831,-0.272523,-0.178261,-0.945492
1775117335045730,-0.27456,-0.177654,-0.945016
1775117335065738,-0.273253,-0.177788,-0.94537
1775117335085729,-0.274475,-0.175377,-0.945466
1775117335105730,-0.27404,-0.175625,-0.945546
1775117335125732,-0.275357,-0.176605,-0.944981
1775117335145834,-0.275964,-0.176848,-0.944758
1775117335165737,-0.276759,-0.176365,-0.944616
1775117335185734,-0.275802,-0.176663,-0.94484
1775117335205734,-0.277046,-0.177746,-0.944273
1775117335225740,-0.276145,-0.176825,-0.94471
1775117335245732,-0.277222,-0.176906,-0.944379
1775117335265685,-0.277955,-0.179004,-0.943768
1775117335285734,-0.272508,-0.167599,-0.947444
1775117335305732,-0.272825,-0.167203,-0.947423
1775117335325738,-0.272426,-0.167506,-0.947484
1775117335345735,-0.269908,-0.162772,-0.949028
1775117335365732,-0.270484,-0.164924,-0.948493
1775117335385729,-0.272112,-0.166886,-0.947684
1775117335405729,-0.272514,-0.166656,-0.947609
1775117335425729,-0.271683,-0.166904,-0.947803
1775117335445731,-0.272536,-0.166503,-0.947629
1775117335465727,-0.272857,-0.166515,-0.947535
1775117335485729,-0.273204,-0.166821,-0.947381
1775117335505733,-0.272446,-0.167523,-0.947475
1775117335525727,-0.273031,-0.166913,-0.947415
1775117335545736,-0.272389,-0.168003,-0.947407
1775117335565736,-0.273361,-0.167871,-0.94715
1775117335585729,-0.273083,-0.168144,-0.947182
1775117335605923,-0.271906,-0.16807,-0.947534
1775117335625728,-0.271168,-0.167935,-0.947769
1775117335645729,-0.271362,-0.167548,-0.947782
1775117335665734,-0.271201,-0.167996,-0.947748
1775117335685728,-0.272424,-0.168449,-0.947317
1775117335705728,-0.272676,-0.168011,-0.947322
1775117335725734,-0.272542,-0.168221,-0.947324
1775117335745729,-0.273244,-0.168135,-0.947137
1775117335765729,-0.272974,-0.16809,-0.947223
1775117335785730,-0.272938,-0.167641,-0.947313
1775117335805732,-0.271995,-0.167262,-0.947651
1775117335825735,-0.272928,-0.167791,-0.947289
1775117335845734,-0.272473,-0.167712,-0.947434
1775117335865733,-0.271247,-0.168005,-0.947734
1775117335885728,-0.270603,-0.168009,-0.947917
1775117335905728,-0.268615,-0.168796,-0.948343
1775117335925768,-0.266488,-0.168615,-0.948975
1775117335945734,-0.266304,-0.167619,-0.949203
1775117335965728,-0.262714,-0.169036,-0.949952
1775117335985760,-0.260885,-0.170568,-0.950182
1775117336005730,-0.259017,-0.171735,-0.950483
1775117336025734,-0.257726,-0.170629,-0.951033
1775117336045755,-0.255167,-0.171473,-0.951571
1775117336065730,-0.254848,-0.172814,-0.951414
1775117336085729,-0.253868,-0.173975,-0.951464
1775117336105728,-0.25048,-0.174325,-0.952297
1775117336125728,-0.250489,-0.174519,-0.95226
1775117336145734,-0.250828,-0.175651,-0.951962
1775117336165728,-0.24986,-0.174896,-0.952356
1775117336185732,-0.249145,-0.17625,-0.952293
1775117336205731,-0.249801,-0.175415,-0.952276
1775117336225729,-0.248321,-0.175151,-0.952711
1775117336245732,-0.248023,-0.174529,-0.952903
1775117336265739,-0.246656,-0.175342,-0.953108
1775117336285731,-0.248551,-0.173614,-0.952933
1775117336307922,-0.245206,-0.174134,-0.953704
1775117336325743,-0.24713,-0.172301,-0.95354
1775117336345736,-0.246741,-0.171084,-0.95386
1775117336365733,-0.248722,-0.171178,-0.953329
1775117336385736,-0.247872,-0.170882,-0.953603
1775117336405731,-0.247598,-0.171075,-0.95364
1775117336425732,-0.248037,-0.170371,-0.953652
1775117336445733,-0.248947,-0.16851,-0.953745
1775117336465734,-0.24814,-0.169403,-0.953797
1775117336485732,-0.249263,-0.166479,-0.954019
1775117336505733,-0.25011,-0.167625,-0.953597
1775117336525730,-0.248485,-0.167251,-0.954087
1775117336545731,-0.248917,-0.166472,-0.954111
1775117336565734,-0.247029,-0.166921,-0.954523
1775117336585732,-0.247311,-0.165675,-0.954667
1775117336605751,-0.248971,-0.165804,-0.954213
1775117336625729,-0.250573,-0.165148,-0.953907
1775117336645739,-0.247355,-0.165126,-0.954751
1775117336665732,-0.247983,-0.165499,-0.954523
1775117336685731,-0.246426,-0.164297,-0.955134
1775117336705736,-0.244967,-0.165807,-0.955248
1775117336725730,-0.242141,-0.165355,-0.956047
1775117336745732,-0.243869,-0.165009,-0.955667
1775117336765729,-0.241833,-0.165644,-0.956075
1775117336785729,-0.239879,-0.165904,-0.956522
1775117336805735,-0.240324,-0.165235,-0.956526
1775117336825731,-0.238267,-0.165735,-0.956954
1775117336845733,-0.238446,-0.165806,-0.956897
1775117336865730,-0.236389,-0.165519,-0.957457
1775117336885736,-0.234958,-0.165703,-0.957777
1775117336905729,-0.230951,-0.1659,-0.958717
1775117336925731,-0.23082,-0.166345,-0.958672
1775117336945729,-0.229721,-0.166666,-0.95888
1775117336965733,-0.226835,-0.166346,-0.959622
1775117336985736,-0.225456,-0.167832,-0.959689
1775117337005732,-0.221564,-0.169856,-0.960239
1775117337025731,-0.213853,-0.172252,-0.961559
1775117337045920,-0.208168,-0.174867,-0.962335
1775117337065729,-0.202269,-0.176559,-0.963283
1775117337085729,-0.195064,-0.178684,-0.964377
1775117337105837,-0.191493,-0.179661,-0.96491
1775117337125729,-0.183784,-0.18131,-0.966101
1775117337145729,-0.17858,-0.180873,-0.967158
1775117337165728,-0.173925,-0.181801,-0.967832
1775117337185730,-0.166899,-0.182714,-0.968896
1775117337205731,-0.163295,-0.181128,-0.969808
1775117337225728,-0.157876,-0.181954,-0.97055
1775117337245736,-0.154319,-0.1816,-0.971188
1775117337265734,-0.153811,-0.178816,-0.971785
1775117337285826,-0.153898,-0.176518,-0.972192
1775117337321699,-0.154387,-0.171774,-0.972964
1775117337325863,-0.154387,-0.171774,-0.972964
1775117337345820,-0.154438,-0.170929,-0.973104
1775117337365729,-0.154291,-0.168556,-0.973541
1775117337385727,-0.152718,-0.164643,-0.974459
1775117337405729,-0.155787,-0.163174,-0.97422
1775117337425736,-0.155575,-0.155706,-0.975475
1775117337445729,-0.155758,-0.152417,-0.975965
1775117337465732,-0.157809,-0.150227,-0.975975
1775117337485754,-0.160858,-0.147132,-0.975949
1775117337505733,-0.162442,-0.143112,-0.976285
1775117337525728,-0.166462,-0.137882,-0.97636
1775117337545734,-0.168756,-0.13506,-0.976361
1775117337565730,-0.168819,-0.134265,-0.976459
1775117337585729,-0.172453,-0.131095,-0.976255
1775117337605733,-0.172411,-0.127783,-0.976702
1775117337625728,-0.171803,-0.125246,-0.977137
1775117337645733,-0.168771,-0.122703,-0.977988
1775117337665729,-0.170804,-0.12175,-0.977754
1775117337685730,-0.170029,-0.119331,-0.978187
1775117337705737,-0.166466,-0.118057,-0.978954
1775117337725729,-0.165653,-0.114933,-0.979464
1775117337745732,-0.166808,-0.114297,-0.979342
1775117337765729,-0.163352,-0.113203,-0.980052
1775117337785730,-0.161374,-0.110869,-0.980646
1775117337805735,-0.161936,-0.110443,-0.980601
1775117337825730,-0.156624,-0.109477,-0.981572
1775117337845731,-0.15665,-0.110395,-0.981465
1775117337865740,-0.153618,-0.111022,-0.981873
1775117337885730,-0.150827,-0.107235,-0.982727
1775117337905732,-0.143851,-0.104675,-0.984048
1775117337925738,-0.140988,-0.103805,-0.984554
1775117337945733,-0.137714,-0.101594,-0.985248
1775117337965731,-0.133216,-0.0990844,-0.986122
1775117337985726,-0.12829,-0.0958415,-0.987095
1775117338005729,-0.124759,-0.0933332,-0.987787
1775117338025732,-0.118553,-0.0893526,-0.988919
1775117338045729,-0.113958,-0.0876793,-0.989609
1775117338065739,-0.109534,-0.0839193,-0.990434
1775117338085727,-0.104666,-0.0806675,-0.99123
1775117338105728,-0.101066,-0.0760909,-0.991966
1775117338125729,-0.0990122,-0.0748491,-0.992267
1775117338145731,-0.0964837,-0.0763359,-0.992403
1775117338165727,-0.0954834,-0.0759625,-0.992528
1775117338185728,-0.0921034,-0.0772132,-0.992751
1775117338205729,-0.0893496,-0.0763794,-0.993067
1775117338225728,-0.0870304,-0.0759733,-0.993304
1775117338245731,-0.0891129,-0.0761848,-0.993104
1775117338265731,-0.0858459,-0.0761971,-0.99339
1775117338285731,-0.0895632,-0.0764907,-0.99304
1775117338305736,-0.0855192,-0.0771866,-0.993342
1775117338325732,-0.0898377,-0.0756857,-0.993076
1775117338345732,-0.09094,-0.0736558,-0.993129
1775117338365729,-0.0876237,-0.0755747,-0.993283
1775117338385730,-0.0842381,-0.075103,-0.993611
1775117338405730,-0.0843531,-0.0753582,-0.993582
1775117338425729,-0.0850057,-0.0723471,-0.99375
1775117338445734,-0.0812751,-0.0708138,-0.994173
1775117338465734,-0.0801153,-0.0698969,-0.994332
1775117338485729,-0.0718184,-0.0657366,-0.995249
1775117338505728,-0.0708619,-0.0645141,-0.995398
1775117338525751,-0.0666165,-0.0618145,-0.995862
1775117338545733,-0.0640953,-0.0607648,-0.996092
1775117338565728,-0.0593965,-0.0592816,-0.996473
1775117338585729,-0.0535055,-0.0564591,-0.99697
1775117338605730,-0.0510918,-0.0554814,-0.997152
1775117338625737,-0.0439072,-0.0542581,-0.997561
1775117338645730,-0.0406192,-0.0543682,-0.997694
1775117338665731,-0.039723,-0.0509463,-0.997911
1775117338685726,-0.0403897,-0.0482934,-0.998016
1775117338705727,-0.0367697,-0.0486627,-0.998138
1775117338725736,-0.0379099,-0.0472064,-0.998166
1775117338745731,-0.0362723,-0.0458268,-0.998291
1775117338765731,-0.0367219,-0.0431412,-0.998394
1775117338785730,-0.0368523,-0.0428996,-0.998399
1775117338805732,-0.0363238,-0.0424647,-0.998437
1775117338825732,-0.0380417,-0.0399245,-0.998478
1775117338845733,-0.0378293,-0.0396227,-0.998498
1775117338865732,-0.0371846,-0.0397762,-0.998516
1775117338885727,-0.0426769,-0.036103,-0.998436
1775117338905737,-0.044776,-0.0344932,-0.998401
1775117338925732,-0.0466411,-0.032634,-0.998379
1775117338945737,-0.0496059,-0.0305046,-0.998303
1775117338965738,-0.0504535,-0.029929,-0.998278
1775117338985741,-0.0528251,-0.0283251,-0.998202
1775117339005737,-0.0541484,-0.0270507,-0.998166
1775117339025733,-0.0569074,-0.0254181,-0.998056
1775117339045737,-0.059055,-0.0248039,-0.997947
1775117339065734,-0.0610051,-0.0254743,-0.997812
1775117339085728,-0.0653693,-0.0235726,-0.997583
1775117339105729,-0.0659502,-0.0238219,-0.997539
1775117339125735,-0.0690452,-0.0204794,-0.997403
1775117339145728,-0.0715173,-0.0214043,-0.99721
1775117339165732,-0.0710632,-0.0180899,-0.997308
1775117339185728,-0.0734467,-0.0196099,-0.997106
1775117339205730,-0.079725,-0.0184489,-0.996646
1775117339225734,-0.0809618,-0.016785,-0.996576
1775117339245729,-0.085625,-0.0178301,-0.996168
1775117339265735,-0.0880923,-0.0162384,-0.99598
1775117339285734,-0.0934617,-0.0146501,-0.995515
1775117339305731,-0.0973766,-0.0125398,-0.995169
1775117339325731,-0.104393,-0.00890025,-0.994496
1775117339345737,-0.105293,-0.00506902,-0.994428
1775117339365729,-0.109278,0.000795574,-0.994011
1775117339385729,-0.112579,0.012268,-0.993567
1775117339405728,-0.11368,0.0209225,-0.993297
1775117339425730,-0.116913,0.0356329,-0.992503
1775117339445732,-0.11916,0.0454429,-0.991835
1775117339465729,-0.120825,0.0529714,-0.99126
1775117339485734,-0.124709,0.0614192,-0.990291
1775117339505733,-0.128198,0.0645214,-0.989647
1775117339525728,-0.12889,0.0642444,-0.989576
1775117339545732,-0.129519,0.0602111,-0.989747
1775117339565734,-0.130612,0.0582056,-0.989724
1775117339585728,-0.132985,0.0523108,-0.989737
1775117339605729,-0.131265,0.0488304,-0.990144
1775117339625733,-0.129459,0.0378428,-0.990862
1775117339645729,-0.126202,0.0288975,-0.991584
1775117339665732,-0.124288,0.0189778,-0.992065
1775117339685729,-0.120472,0.00168656,-0.992715
1775117339705729,-0.118728,-0.0102651,-0.992874
1775117339725735,-0.109313,-0.0262731,-0.99366
1775117339745731,-0.101332,-0.0300983,-0.994397
1775117339765730,-0.0919691,-0.0317624,-0.995255
1775117339785728,-0.0779488,-0.0279408,-0.996566
1775117339805734,-0.0732936,-0.0269557,-0.996946
1775117339825729,-0.064788,-0.0287534,-0.997485
1775117339845991,-0.0625792,-0.0280544,-0.997646
1775117339865729,-0.0595888,-0.0276928,-0.997839
1775117339885730,-0.0530797,-0.0244401,-0.998291
1775117339905756,-0.0488099,-0.0243329,-0.998512
1775117339925729,-0.0437842,-0.0243728,-0.998744
1775117339945733,-0.042075,-0.0250423,-0.998801
1775117339965729,-0.0423752,-0.025371,-0.99878
1775117339985730,-0.0431753,-0.0257646,-0.998735
1775117340005731,-0.0436699,-0.0252168,-0.998728
1775117340025738,-0.0447447,-0.0241731,-0.998706
1775117340045733,-0.0444859,-0.0246616,-0.998706
1775117340065733,-0.0448228,-0.0242386,-0.998701
1775117340085732,-0.0451686,-0.0251995,-0.998661
1775117340105729,-0.0460564,-0.0263641,-0.998591
1775117340125730,-0.0449854,-0.0281732,-0.99859
1775117340145728,-0.0463151,-0.0279461,-0.998536
1775117340165732,-0.0488031,-0.0294689,-0.998374
1775117340185728,-0.0497882,-0.0298962,-0.998312
1775117340205728,-0.0516347,-0.0308003,-0.998191
1775117340225734,-0.0539233,-0.03042,-0.998082
1775117340245728,-0.0540921,-0.0302822,-0.998077
1775117340265729,-0.0537951,-0.030653,-0.998081
1775117340285710,-0.0506835,-0.0323606,-0.99819
1775117340305731,-0.0478016,-0.0337155,-0.998288
1775117340325742,-0.0461828,-0.0335925,-0.998368
1775117340345735,-0.0459243,-0.0340051,-0.998366
1775117340365734,-0.0444422,-0.0340184,-0.998433
1775117340385730,-0.0446885,-0.034474,-0.998406
1775117340405728,-0.0460156,-0.0343895,-0.998349
1775117340425735,-0.0482153,-0.0352073,-0.998216
1775117340445742,-0.0496056,-0.0362423,-0.998111
1775117340465729,-0.0498546,-0.0380255,-0.998032
1775117340485729,-0.0518265,-0.0399241,-0.997858
1775117340505731,-0.0517897,-0.0410368,-0.997815
1775117340525733,-0.0519541,-0.0418551,-0.997772
1775117340545727,-0.0469048,-0.0440415,-0.997928
1775117340565731,-0.0458311,-0.0456483,-0.997906
1775117340585734,-0.0467776,-0.0489226,-0.997707
1775117340605731,-0.0459521,-0.0490342,-0.997739
1775117340625727,-0.043335,-0.0510369,-0.997756
1775117340645733,-0.0434705,-0.0518022,-0.997711
1775117340665728,-0.0399548,-0.0512207,-0.997888
1775117340685729,-0.0427577,-0.0545391,-0.997596
1775117340705731,-0.0415866,-0.0562396,-0.997551
1775117340725731,-0.0389635,-0.0571045,-0.997608
1775117340745734,-0.0417446,-0.0565074,-0.997529
1775117340765727,-0.0445254,-0.0573755,-0.997359
1775117340785730,-0.0443623,-0.0593996,-0.997248
1775117340805743,-0.0456234,-0.0599564,-0.997158
1775117340825728,-0.0477177,-0.0588626,-0.997125
1775117340845735,-0.0516454,-0.0581497,-0.996971
1775117340865733,-0.0520728,-0.0580253,-0.996956
1775117340885729,-0.0599803,-0.0557871,-0.996639
1775117340905734,-0.0626909,-0.0536864,-0.996588
1775117340925728,-0.0656298,-0.0498606,-0.996598
1775117340945728,-0.0666397,-0.048616,-0.996592
1775117340965735,-0.0670418,-0.0472688,-0.99663
1775117340985728,-0.0706607,-0.0450981,-0.99648
1775117341005728,-0.0689852,-0.0452551,-0.996591
1775117341025734,-0.0652629,-0.0443995,-0.99688
1775117341045729,-0.0694312,-0.0430693,-0.996657
1775117341065728,-0.0667227,-0.0435289,-0.996822
1775117341085730,-0.0669279,-0.0421083,-0.996869
1775117341105728,-0.0668419,-0.0416636,-0.996893
1775117341125733,-0.0718464,-0.0387577,-0.996662
1775117341145728,-0.0708648,-0.0411001,-0.996639
1775117341165739,-0.0712165,-0.0399342,-0.996661
1775117341185728,-0.0762493,-0.0381986,-0.996357
1775117341205728,-0.0760715,-0.0386103,-0.996355
1775117341225730,-0.0765759,-0.0395697,-0.996278
1775117341245751,-0.0758812,-0.0391661,-0.996347
1775117341265732,-0.0755884,-0.0397729,-0.996346
1775117341285730,-0.0781562,-0.0398522,-0.996144
1775117341308330,-0.0807335,-0.0380782,-0.996008
1775117341325734,-0.0842027,-0.0360178,-0.995797
1775117341345743,-0.0800875,-0.0393573,-0.996011
1775117341365737,-0.0815684,-0.0370399,-0.995979
1775117341385731,-0.0808758,-0.0383093,-0.995988
1775117341405738,-0.0818019,-0.0368321,-0.995968
1775117341425731,-0.0815706,-0.0375639,-0.995959
1775117341445741,-0.0820216,-0.0370345,-0.995942
1775117341465732,-0.0814702,-0.0370399,-0.995987
1775117341485732,-0.0793893,-0.0371936,-0.99615
1775117341505736,-0.0805936,-0.0367215,-0.99607
1775117341525737,-0.0793605,-0.0361947,-0.996189
1775117341545733,-0.0798366,-0.0359975,-0.996158
1775117341565734,-0.0798291,-0.0359837,-0.996159
1775117341585728,-0.0785508,-0.0353797,-0.996282
1775117341605729,-0.0797961,-0.0351432,-0.996192
1775117341625785,-0.0803195,-0.0373022,-0.996071
1775117341645744,-0.0808389,-0.0361325,-0.996072
1775117341665729,-0.0798763,-0.0353984,-0.996176
1775117341685726,-0.0793108,-0.0347774,-0.996243
1775117341705755,-0.0792169,-0.0357809,-0.996215
1775117341725727,-0.0789264,-0.0346155,-0.996279
1775117341745823,-0.0773255,-0.0346379,-0.996404
1775117341765729,-0.0773347,-0.0345114,-0.996408
1775117341785732,-0.077799,-0.0339176,-0.996392
1775117341805801,-0.0778017,-0.0343153,-0.996378
1775117341825736,-0.0771879,-0.0346666,-0.996414
1775117341845738,-0.0782696,-0.0345236,-0.996334
1775117341865728,-0.077919,-0.0343115,-0.996369
1775117341885728,-0.0780723,-0.0344869,-0.996351
1775117341905734,-0.077561,-0.0359581,-0.996339
1775117341925731,-0.0778392,-0.0355047,-0.996334
1775117341945733,-0.0793191,-0.035511,-0.996217
1775117341965728,-0.0784072,-0.0374154,-0.996219
1775117341985729,-0.0786859,-0.0356038,-0.996263
1775117342005738,-0.0780867,-0.0352139,-0.996324
1775117342025732,-0.0783619,-0.0348496,-0.996316
1775117342045734,-0.0783905,-0.0347792,-0.996316
1775117342065734,-0.0782185,-0.0346358,-0.996334
1775117342085728,-0.0795252,-0.0338615,-0.996258
1775117342105729,-0.0789319,-0.0343396,-0.996288
1775117342125732,-0.0785762,-0.0350098,-0.996293
1775117342145729,-0.0797383,-0.0350711,-0.996199
1775117342165731,-0.080044,-0.0352241,-0.996169
1775117342185729,-0.0800667,-0.0352514,-0.996166
1775117342205731,-0.0798526,-0.0350438,-0.99619
1775117342225737,-0.080994,-0.0343332,-0.996123
1775117342245729,-0.0808692,-0.0343101,-0.996134
1775117342265735,-0.0824152,-0.0345172,-0.996
1775117342285736,-0.0832492,-0.0343059,-0.995938
1775117342305735,-0.0830855,-0.0343772,-0.995949
1775117342325736,-0.0832424,-0.034164,-0.995944
1775117342345734,-0.08372,-0.0343442,-0.995897
1775117342365729,-0.0821642,-0.0335994,-0.996052
1775117342385736,-0.0807237,-0.033308,-0.99618
1775117342405733,-0.0775687,-0.0342729,-0.996398
1775117342425732,-0.0772964,-0.032183,-0.996489
1775117342445753,-0.0762166,-0.0317852,-0.996585
1775117342465732,-0.0771648,-0.0320019,-0.996505
1775117342485734,-0.0769257,-0.0319224,-0.996526
1775117342505748,-0.0770599,-0.0320178,-0.996512
1775117342525738,-0.0760272,-0.031712,-0.996601
1775117342545732,-0.0762229,-0.0311618,-0.996604
1775117342565743,-0.0755278,-0.0309898,-0.996662
1775117342585735,-0.0744029,-0.0304762,-0.996762
1775117342605733,-0.0727326,-0.0309717,-0.99687
1775117342625734,-0.0722088,-0.0297804,-0.996945
1775117342645730,-0.0706851,-0.029276,-0.997069
1775117342665730,-0.0702989,-0.028809,-0.99711
1775117342685739,-0.0691248,-0.0286085,-0.997198
1775117342705746,-0.0677044,-0.0281004,-0.99731
1775117342725735,-0.0670737,-0.0276493,-0.997365
1775117342745727,-0.0661055,-0.0270061,-0.997447
1775117342765748,-0.0657503,-0.0275514,-0.997456
1775117342785730,-0.0650595,-0.0273233,-0.997507
1775117342805735,-0.0648259,-0.0276393,-0.997514
1775117342825744,-0.0656254,-0.0282797,-0.997444
1775117342845734,-0.0664583,-0.0281991,-0.997391
1775117342865728,-0.0666332,-0.0284762,-0.997371
1775117342885730,-0.0690568,-0.0289083,-0.997194
1775117342905728,-0.070754,-0.028944,-0.997074
1775117342925729,-0.0720749,-0.0290246,-0.996977
1775117342945731,-0.0726507,-0.0289882,-0.996936
1775117342965729,-0.0726015,-0.0295477,-0.996923
1775117342985729,-0.0718893,-0.0276692,-0.997029
1775117343005732,-0.0718638,-0.0285714,-0.997005
1775117343025729,-0.0713232,-0.0278585,-0.997064
1775117343045733,-0.0715432,-0.0272395,-0.997065
1775117343065727,-0.0708702,-0.0267682,-0.997126
1775117343085730,-0.0716296,-0.0268763,-0.997069
1775117343105727,-0.0711993,-0.0267354,-0.997104
1775117343125728,-0.0729481,-0.0261802,-0.996992
1775117343145729,-0.0729891,-0.0263363,-0.996985
1775117343165734,-0.0738417,-0.0259821,-0.996931
1775117343185728,-0.075701,-0.0279867,-0.996738
1775117343205728,-0.0760379,-0.0295179,-0.996668
1775117343225739,-0.0791515,-0.0300067,-0.996411
1775117343245728,-0.080221,-0.0295999,-0.996338
1775117343265750,-0.0819507,-0.0298084,-0.996191
1775117343285726,-0.0845677,-0.031389,-0.995923
1775117343305733,-0.0860467,-0.030483,-0.995825
1775117343325734,-0.0879184,-0.030674,-0.995655
1775117343345728,-0.0876214,-0.0316333,-0.995651
1775117343365738,-0.0861256,-0.0316447,-0.995782
1775117343385731,-0.0870531,-0.0312926,-0.995712
1775117343405733,-0.085535,-0.030924,-0.995855
1775117343425731,-0.0847235,-0.0307858,-0.995929
1775117343445733,-0.0839342,-0.0309017,-0.995992
1775117343465732,-0.0831385,-0.0309958,-0.996056
1775117343485731,-0.0826535,-0.0306502,-0.996107
1775117343505730,-0.083271,-0.0308048,-0.996051
1775117343525729,-0.0837836,-0.0303692,-0.996021
1775117343545733,-0.0837063,-0.0303246,-0.996029
1775117343565783,-0.0834443,-0.0303051,-0.996052
1775117343585732,-0.080853,-0.0306965,-0.996253
1775117343605794,-0.0793788,-0.0309633,-0.996364
1775117343625734,-0.071174,-0.0314646,-0.996968
1775117343645745,-0.0628301,-0.0335669,-0.99746
1775117343665733,-0.0563685,-0.0340211,-0.99783
1775117343685732,-0.046376,-0.033266,-0.99837
1775117343705731,-0.0403993,-0.0319145,-0.998674
1775117343725742,-0.0347781,-0.0293939,-0.998963
1775117343745731,-0.0312925,-0.0256238,-0.999182
1775117343765732,-0.0257778,-0.0232267,-0.999398
1775117343785729,-0.0141078,-0.0225662,-0.999646
1775117343805731,-0.00754566,-0.0196509,-0.999778
1775117343825735,0.00435967,-0.016756,-0.99985
1775117343845729,0.00927427,-0.0153184,-0.99984
1775117343865731,0.0175119,-0.01304,-0.999762
1775117343885728,0.0270397,-0.0101008,-0.999583
1775117343905728,0.0319555,-0.00856802,-0.999453
1775117343925733,0.0379403,-0.00387519,-0.999272
1775117343945740,0.0414499,-0.00412949,-0.999132
1775117343965730,0.0483559,-0.00145944,-0.998829
1775117343985732,0.0537766,0.000390825,-0.998553
1775117344005729,0.0563955,0.000388706,-0.998408
1775117344025732,0.0578872,0.00317339,-0.998318
1775117344045729,0.0585545,0.00230732,-0.998282
1775117344065731,0.0580648,0.00299271,-0.998308
1775117344085729,0.0557695,0.00191297,-0.998442
1775117344105735,0.0545202,0.0019955,-0.998511
1775117344125729,0.0498394,0.0032484,-0.998752
1775117344145734,0.0463462,0.00345093,-0.998919
1775117344165733,0.0424102,0.00291693,-0.999096
1775117344185734,0.0353248,0.00285973,-0.999372
1775117344205733,0.0306534,0.00340291,-0.999524
1775117344225731,0.0241587,0.00371893,-0.999701
1775117344245733,0.0192196,0.00480959,-0.999804
1775117344265736,0.0141656,0.00549112,-0.999885
1775117344285731,0.00638832,0.00698831,-0.999955
1775117344305749,0.000396143,0.00708424,-0.999975
1775117344325739,-0.00412445,0.00743013,-0.999964
1775117344345736,-0.0133611,0.00789487,-0.99988
1775117344365737,-0.0204578,0.00904891,-0.99975
1775117344385729,-0.0265162,0.00926426,-0.999605
1775117344405729,-0.0359071,0.00751483,-0.999327
1775117344425731,-0.0490991,0.00886723,-0.998755
1775117344445728,-0.0594395,0.0100652,-0.998181
1775117344465732,-0.0665453,0.0118559,-0.997713
1775117344485734,-0.0776911,0.0118473,-0.996907
1775117344505727,-0.083488,0.0129751,-0.996424
1775117344525737,-0.0905422,0.0145577,-0.995786
1775117344545790,-0.0959929,0.014812,-0.995272
1775117344565728,-0.0994902,0.0134965,-0.994947
1775117344585729,-0.109241,0.0102346,-0.993963
1775117344605727,-0.110586,0.0116135,-0.993799
1775117344625727,-0.11397,0.0130659,-0.993398
1775117344645735,-0.113287,0.0129772,-0.993478
1775117344665728,-0.116139,0.0126811,-0.993152
1775117344685728,-0.117376,0.0104086,-0.993033
1775117344705737,-0.118647,0.00842185,-0.992901
1775117344725729,-0.12071,0.00720147,-0.992662
1775117344745732,-0.125104,0.00953875,-0.992098
1775117344765727,-0.128596,0.0106233,-0.99164
1775117344785730,-0.136815,0.0117113,-0.990527
1775117344805732,-0.138857,0.0122621,-0.990237
1775117344825731,-0.145365,0.0117406,-0.989308
1775117344845734,-0.146808,0.0117493,-0.989095
1775117344865736,-0.153125,0.0122159,-0.988131
1775117344885729,-0.155612,0.0120077,-0.987745
1775117344905730,-0.157975,0.00815124,-0.987409
1775117344925731,-0.16825,0.010175,-0.985692
1775117344945733,-0.171476,0.0103665,-0.985134
1775117344965729,-0.174636,0.00897346,-0.984592
1775117344985728,-0.181073,0.00985741,-0.98342
1775117345005728,-0.18199,0.00772113,-0.98327
1775117345025730,-0.185039,0.00971341,-0.982683
1775117345045728,-0.188003,0.00865929,-0.98213
1775117345065728,-0.189847,0.00857868,-0.981776
1775117345085732,-0.191421,0.00862165,-0.98147
1775117345105728,-0.191811,0.00776753,-0.981401
1775117345125731,-0.1942,0.0083028,-0.980927
1775117345145737,-0.192961,0.00628618,-0.981186
1775117345165728,-0.19331,0.00392223,-0.98113
1775117345185730,-0.191329,0.00322707,-0.981521
1775117345205752,-0.188689,0.00299259,-0.982032
1775117345225730,-0.183456,0.00309571,-0.983023
1775117345245733,-0.181904,0.00102252,-0.983316
1775117345265730,-0.174189,-0.00116039,-0.984712
1775117345285731,-0.164262,-0.00261779,-0.986413
1775117345305744,-0.155131,-0.00305087,-0.987889
1775117345325735,-0.145055,-0.00794953,-0.989392
1775117345345734,-0.136915,-0.00892125,-0.990543
1775117345365734,-0.125709,-0.00849751,-0.992031
1775117345385728,-0.11828,-0.00930935,-0.992937
1775117345405728,-0.105691,-0.0115691,-0.994332
1775117345425733,-0.0936823,-0.0153587,-0.995484
1775117345445729,-0.0882085,-0.0171131,-0.995955
1775117345465732,-0.0751341,-0.0150323,-0.99706
1775117345485729,-0.06365,-0.0188307,-0.997795
1775117345505730,-0.0556561,-0.0190915,-0.998267
1775117345525740,-0.0417285,-0.0168393,-0.998987
1775117345545731,-0.036595,-0.0203468,-0.999123
1775117345565739,-0.0309179,-0.0207112,-0.999307
1775117345585731,-0.0258318,-0.0204438,-0.999457
1775117345605736,-0.0233897,-0.0221206,-0.999482
1775117345625739,-0.0188455,-0.0209531,-0.999603
1775117345645697,-0.0180718,-0.01916,-0.999653
1775117345665735,-0.0189401,-0.017962,-0.999659
1775117345685737,-0.01803,-0.0171957,-0.99969
1775117345705733,-0.0164247,-0.0176615,-0.999709
1775117345725730,-0.0170426,-0.0169215,-0.999712
1775117345745736,-0.0186193,-0.016553,-0.99969
1775117345765736,-0.0176126,-0.0153997,-0.999726
1775117345785746,-0.018792,-0.0155885,-0.999702
1775117345805783,-0.0206922,-0.0141053,-0.999686
1775117345825728,-0.0213489,-0.0139422,-0.999675
1775117345845734,-0.0207448,-0.0146331,-0.999678
1775117345865727,-0.0262807,-0.010343,-0.999601
1775117345885729,-0.0261566,-0.0106935,-0.999601
1775117345905734,-0.0238787,-0.0123403,-0.999639
1775117345925728,-0.0248726,-0.0113387,-0.999626
1775117345945728,-0.0245747,-0.0103321,-0.999645
1775117345965911,-0.0247849,-0.00966527,-0.999646
1775117345985728,-0.0260008,-0.0090601,-0.999621
1775117346005730,-0.0275166,-0.0079293,-0.99959
1775117346025736,-0.0280546,-0.007937,-0.999575
1775117346045730,-0.0321928,-0.00462327,-0.999471
1775117346065731,-0.0302251,-0.0068721,-0.999519
1775117346085728,-0.034597,-0.00325608,-0.999396
1775117346105730,-0.0322816,-0.00635902,-0.999459
1775117346125886,-0.0356341,-0.00647422,-0.999344
1775117346145728,-0.0381329,-0.00549419,-0.999258
1775117346165733,-0.0378041,-0.00605721,-0.999267
1775117346185731,-0.040776,-0.00538148,-0.999154
1775117346205729,-0.0412233,-0.00441781,-0.99914
1775117346225732,-0.0440592,-0.00468826,-0.999018
1775117346245728,-0.0467547,-0.00464197,-0.998896
1775117346265729,-0.0476979,-0.00470174,-0.998851
1775117346285730,-0.0503297,-0.00250889,-0.99873
1775117346307679,-0.0531294,-0.00172054,-0.998586
1775117346325738,-0.0555157,-0.00203676,-0.998456
1775117346345737,-0.0603992,-0.00323722,-0.998169
1775117346365741,-0.0625793,-0.00320597,-0.998035
1775117346385736,-0.0663636,-0.00272203,-0.997792
1775117346405734,-0.0690219,-0.00189694,-0.997613
1775117346425734,-0.0713671,-0.00246052,-0.997447
1775117346445729,-0.0734264,-0.00244452,-0.997298
1775117346465732,-0.0755242,-0.00274949,-0.99714
1775117346485734,-0.0774954,-0.00182117,-0.996991
1775117346505727,-0.0805435,-0.00159604,-0.99675
1775117346525729,-0.0824095,-0.00152583,-0.996597
1775117346545733,-0.0858929,-0.00060699,-0.996304
1775117346565730,-0.0886859,-0.00118724,-0.996059
1775117346585729,-0.089136,-0.00279097,-0.996016
1775117346605729,-0.0903258,-0.00138404,-0.995911
1775117346625729,-0.0927229,-0.00141485,-0.995691
1775117346645732,-0.0945081,-0.000540556,-0.995524
1775117346665730,-0.0944946,-0.00204259,-0.995523
1775117346685754,-0.0943672,-0.00142014,-0.995536
1775117346705731,-0.0940735,-0.000865676,-0.995565
1775117346725730,-0.0947945,-0.000333043,-0.995497
1775117346745729,-0.0936269,-0.000775983,-0.995607
1775117346765732,-0.0935705,-0.0007052,-0.995612
1775117346785728,-0.0941294,-8.33921e-05,-0.99556
1775117346805734,-0.0928807,-0.000559917,-0.995677
1775117346825734,-0.0932734,-0.000322782,-0.99564
1775117346845731,-0.0924266,-0.000914898,-0.995719
1775117346865734,-0.0911358,-0.00119149,-0.995838
1775117346885730,-0.0909723,-0.000303464,-0.995853
1775117346905737,-0.0906087,0.000150415,-0.995887
1775117346925758,-0.0901468,0.000236118,-0.995928
1775117346945732,-0.0898599,0.000221171,-0.995954
1775117346965734,-0.0894192,-9.26483e-05,-0.995994
1775117346985734,-0.0893903,-9.64973e-05,-0.995997
1775117347005728,-0.0891949,0.000277143,-0.996014
1775117347025730,-0.0895337,-0.000407941,-0.995984
1775117347045754,-0.0896786,-0.000159078,-0.995971
1775117347065727,-0.0903817,-0.000291069,-0.995907
1775117347085730,-0.0899084,-0.000576559,-0.99595
1775117347105723,-0.0901798,-0.000325965,-0.995925
1775117347125730,-0.0904755,-0.000308342,-0.995899
1775117347145733,-0.0908933,-0.000388912,-0.995861
1775117347165727,-0.0908812,-0.000536175,-0.995862
1775117347185733,-0.0904961,-0.000731467,-0.995897
1775117347205730,-0.0911698,-0.000517989,-0.995835
1775117347225727,-0.0922576,-0.000702101,-0.995735
1775117347245732,-0.0919443,-0.000375681,-0.995764
1775117347265743,-0.0916286,-0.000384335,-0.995793
1775117347285728,-0.0926351,-0.000417853,-0.9957
1775117347305733,-0.0929378,-0.000469228,-0.995672
1775117347325735,-0.0919135,-0.00100057,-0.995766
1775117347345730,-0.0934215,-0.000169274,-0.995627
1775117347365746,-0.0934929,-5.73119e-05,-0.99562
1775117347385738,-0.09385,-0.000479671,-0.995586
1775117347405738,-0.0935452,-0.000429866,-0.995615
1775117347425728,-0.0947029,-0.000292982,-0.995506
1775117347445728,-0.0950604,-0.000736773,-0.995471
1775117347465732,-0.0967948,9.19532e-06,-0.995304
1775117347485728,-0.0975262,-3.00721e-05,-0.995233
1775117347505728,-0.0983291,0.000598612,-0.995154
1775117347525735,-0.096796,0.00013351,-0.995304
1775117347545727,-0.0981396,-0.000348243,-0.995173
1775117347565730,-0.0995563,-3.4845e-05,-0.995032
1775117347585727,-0.0973185,0.000247955,-0.995253
1775117347605729,-0.0996797,0.000276483,-0.99502
1775117347625731,-0.0989231,0.000112645,-0.995095
1775117347645729,-0.0986733,-0.00101016,-0.995119
1775117347665729,-0.098678,-0.000404724,-0.995119
1775117347685736,-0.0987544,5.02867e-05,-0.995112
1775117347705727,-0.0983774,-0.000177406,-0.995149
1775117347725729,-0.100098,0.0010799,-0.994977
1775117347745744,-0.0996331,0.000356545,-0.995024
1775117347765727,-0.0994332,0.000270799,-0.995044
1775117347785729,-0.0997361,2.97686e-05,-0.995014
1775117347805734,-0.0980901,-4.67934e-06,-0.995178
1775117347825732,-0.100084,0.000839941,-0.994979
1775117347845740,-0.0985219,-0.000181696,-0.995135
1775117347865731,-0.0987043,-0.000847204,-0.995116
1775117347885729,-0.0990427,-0.0007658,-0.995083
1775117347905728,-0.0996232,7.27682e-05,-0.995025
1775117347925732,-0.100318,-0.000126232,-0.994955
1775117347945730,-0.0993967,-0.00014515,-0.995048
1775117347965814,-0.0996071,-0.000844118,-0.995026
1775117347985741,-0.100418,-0.000926329,-0.994945
1775117348005731,-0.0997764,-0.000750828,-0.99501
1775117348025734,-0.0999135,-0.00120989,-0.994995
1775117348045732,-0.0995473,-0.0013081,-0.995032
1775117348065731,-0.0995106,-0.0010903,-0.995036
1775117348085734,-0.0994658,-0.00147008,-0.99504
1775117348105735,-0.0996539,-0.00126156,-0.995021
1775117348125732,-0.0991757,-0.00247851,-0.995067
1775117348145729,-0.0995624,-0.00169799,-0.99503
1775117348165734,-0.0996758,-0.00197719,-0.995018
1775117348185730,-0.0997046,-0.00198663,-0.995015
1775117348205730,-0.098778,-0.00187223,-0.995108
1775117348225728,-0.100172,-0.00161513,-0.994969
1775117348245743,-0.100621,-0.00195752,-0.994923
1775117348265735,-0.101138,-0.0014214,-0.994871
1775117348285735,-0.101111,-0.00228276,-0.994873
1775117348305747,-0.101697,-0.00224248,-0.994813
1775117348325731,-0.101953,-0.00293631,-0.994785
1775117348345743,-0.100972,-0.00283205,-0.994885
1775117348365745,-0.101363,-0.00273142,-0.994846
1775117348385747,-0.101208,-0.00377994,-0.994858
1775117348405735,-0.101149,-0.00435489,-0.994862
1775117348425732,-0.101326,-0.00344402,-0.994847
1775117348445738,-0.10182,-0.00386486,-0.994795
1775117348465727,-0.102092,-0.00443797,-0.994765
1775117348485738,-0.101568,-0.00435311,-0.994819
1775117348505736,-0.101109,-0.00397475,-0.994867
1775117348525735,-0.100491,-0.00383459,-0.994931
1775117348545732,-0.100465,-0.00410228,-0.994932
1775117348565733,-0.100386,-0.00415926,-0.99494
1775117348585729,-0.10184,-0.00409699,-0.994792
1775117348605730,-0.101497,-0.00442834,-0.994826
1775117348625736,-0.102308,-0.00457996,-0.994742
1775117348645732,-0.100696,-0.00409349,-0.994909
1775117348665730,-0.102228,-0.00542435,-0.994746
1775117348685727,-0.10232,-0.00468524,-0.994741
1775117348705728,-0.103068,-0.00594459,-0.994657
1775117348725729,-0.103007,-0.00642894,-0.99466
1775117348745740,-0.103074,-0.00750139,-0.994645
1775117348765730,-0.104127,-0.00717757,-0.994538
1775117348785733,-0.103392,-0.00775161,-0.99461
1775117348805734,-0.104355,-0.00830023,-0.994505
1775117348825734,-0.10469,-0.00735366,-0.994478
1775117348845733,-0.105766,-0.0079505,-0.994359
1775117348865730,-0.105632,-0.00911046,-0.994364
1775117348885743,-0.108308,-0.00841095,-0.994082
1775117348905730,-0.10686,-0.00931455,-0.99423
1775117348925731,-0.10878,-0.0087185,-0.994028
1775117348945735,-0.107631,-0.00932107,-0.994147
1775117348965728,-0.108137,-0.00476426,-0.994125
1775117348985731,-0.108991,-0.0102566,-0.99399
1775117349005733,-0.110037,-0.00960952,-0.993881
1775117349025734,-0.110227,-0.00995262,-0.993857
1775117349045730,-0.11007,-0.0113299,-0.993859
1775117349065731,-0.110259,-0.0107342,-0.993845
1775117349085731,-0.109834,-0.011672,-0.993881
1775117349105738,-0.108883,-0.0114418,-0.993989
1775117349125742,-0.109194,-0.0111869,-0.993958
1775117349145729,-0.109471,-0.0115927,-0.993922
1775117349165731,-0.109503,-0.0126499,-0.993906
1775117349185733,-0.108557,-0.0121178,-0.994016
1775117349205730,-0.10812,-0.01216,-0.994063
1775117349225766,-0.106946,-0.0139793,-0.994167
1775117349245733,-0.108178,-0.0108363,-0.994072
1775117349265732,-0.107237,-0.0117533,-0.994164
1775117349285732,-0.109438,-0.0116256,-0.993926
1775117349305730,-0.109461,-0.0128019,-0.993909
1775117349325730,-0.109109,-0.0107475,-0.993972
1775117349345742,-0.109593,-0.0103184,-0.993923
1775117349365737,-0.11016,-0.0117651,-0.993844
1775117349385750,-0.107715,-0.0129811,-0.994097
1775117349405748,-0.107304,-0.0128745,-0.994143
1775117349425689,-0.105224,-0.00897658,-0.994408
1775117349445738,-0.103127,-0.0122792,-0.994592
1775117349465729,-0.101548,-0.0123135,-0.994754
1775117349485731,-0.0979608,-0.0139353,-0.995093
1775117349505745,-0.0962074,-0.0142661,-0.995259
1775117349525729,-0.0947699,-0.0145442,-0.995393
1775117349545732,-0.0917045,-0.015735,-0.995662
1775117349565729,-0.0903826,-0.0159345,-0.99578
1775117349585730,-0.0894432,-0.0169703,-0.995847
1775117349605729,-0.0885645,-0.0181663,-0.995905
1775117349625741,-0.08731,-0.0184791,-0.99601
1775117349645732,-0.0848911,-0.0183433,-0.996221
1775117349665734,-0.0842306,-0.0191105,-0.996263
1775117349685726,-0.0839473,-0.0208899,-0.996251
1775117349705755,-0.0834522,-0.0217948,-0.996273
1775117349725735,-0.0841787,-0.0218151,-0.996212
1775117349745727,-0.0845495,-0.0226437,-0.996162
1775117349765729,-0.0844304,-0.0224205,-0.996177
1775117349785728,-0.0847979,-0.0227753,-0.996138
1775117349805729,-0.0849072,-0.0228819,-0.996126
1775117349825736,-0.085584,-0.0228456,-0.996069
1775117349845752,-0.0856541,-0.0227779,-0.996065
1775117349865729,-0.0860801,-0.0221637,-0.996042
1775117349885739,-0.0858796,-0.022287,-0.996056
1775117349905735,-0.0848561,-0.0229337,-0.996129
1775117349925733,-0.0847847,-0.0230273,-0.996133
1775117349945738,-0.0839244,-0.0237157,-0.99619
1775117349965735,-0.0831161,-0.0238542,-0.996254
1775117349985732,-0.0811572,-0.0242594,-0.996406
1775117350005735,-0.0820432,-0.0231885,-0.996359
1775117350025772,-0.0811015,-0.0236606,-0.996425
1775117350045734,-0.0803618,-0.023923,-0.996479
1775117350065731,-0.0796024,-0.0233175,-0.996554
1775117350085732,-0.0795827,-0.0227787,-0.996568
1775117350105733,-0.0786341,-0.0227217,-0.996645
1775117350125728,-0.0807177,-0.0228284,-0.996476
1775117350145730,-0.0793067,-0.0226672,-0.996593
1775117350165732,-0.078442,-0.0219432,-0.996677
1775117350185829,-0.0750321,-0.0196187,-0.996988
1775117350205729,-0.0739662,-0.0183753,-0.997091
1775117350225732,-0.0743703,-0.0180914,-0.997067
1775117350245728,-0.0778453,-0.0186189,-0.996792
1775117350265735,-0.0786824,-0.0173277,-0.996749
1775117350285728,-0.0792267,-0.0165959,-0.996718
1775117350305733,-0.0796063,-0.0166679,-0.996687
1775117350325738,-0.0794607,-0.0160003,-0.99671
1775117350345748,-0.0815263,-0.0189447,-0.996491
1775117350365740,-0.082232,-0.0182072,-0.996447
1775117350385743,-0.0828064,-0.0171345,-0.996418
1775117350405735,-0.082416,-0.0162212,-0.996466
1775117350425856,-0.0831608,-0.0157761,-0.996411
1775117350445758,-0.081888,-0.013798,-0.996546
1775117350465728,-0.0811246,-0.0117548,-0.996635
1775117350485729,-0.0791984,-0.00978894,-0.996811
1775117350505730,-0.075434,-0.00581799,-0.997134
1775117350525729,-0.0739144,-0.00166533,-0.997263
1775117350545915,-0.0774212,-0.00332963,-0.996993
1775117350565728,-0.0771797,-0.00201432,-0.997015
1775117350585730,-0.0743702,0.00166755,-0.997229
1775117350605731,-0.0747783,-0.000845237,-0.9972
1775117350625729,-0.0748608,0.00163887,-0.997193
1775117350645734,-0.0726474,0.000318572,-0.997358
1775117350665736,-0.0710573,0.0029434,-0.997468
1775117350685729,-0.0699538,0.00356056,-0.997544
1775117350705729,-0.0704978,0.00252031,-0.997509
1775117350725735,-0.0691618,0.00584868,-0.997588
1775117350745728,-0.069851,0.00236565,-0.997555
1775117350765728,-0.070446,0.0017979,-0.997514
1775117350785729,-0.0704325,0.00433883,-0.997507
1775117350805729,-0.0723762,0.00269196,-0.997374
1775117350825736,-0.0739935,0.00414846,-0.99725
1775117350845736,-0.0755687,0.00311371,-0.997136
1775117350865729,-0.0772445,0.00354253,-0.997006
1775117350885755,-0.0798879,0.00305302,-0.996799
1775117350905730,-0.0835763,0.0031269,-0.996496
1775117350925730,-0.0861768,0.00362275,-0.996273
1775117350945734,-0.0899778,0.00450134,-0.995934
1775117350965728,-0.0922453,0.00424651,-0.995727
1775117350985731,-0.0940946,0.00381609,-0.995556
1775117351005728,-0.0961266,0.00524469,-0.995355
1775117351025729,-0.0982701,0.00513323,-0.995147
1775117351045734,-0.10079,0.00481829,-0.994896
1775117351065729,-0.10343,0.00286493,-0.994633
1775117351085737,-0.105142,0.00338909,-0.994451
1775117351105755,-0.105974,0.00353292,-0.994363
1775117351125729,-0.105943,0.00281599,-0.994368
1775117351145735,-0.105277,0.00213553,-0.994441
1775117351165728,-0.104716,0.000712581,-0.994502
1775117351185729,-0.106331,0.00293389,-0.994326
1775117351205730,-0.105055,0.00248905,-0.994463
1775117351225772,-0.101753,0.0012795,-0.994809
1775117351245728,-0.100356,0.000648695,-0.994951
1775117351265730,-0.0997777,0.00108283,-0.995009
1775117351285731,-0.0988435,0.000407422,-0.995103
1775117351307883,-0.0969815,-0.000335306,-0.995286
1775117351325733,-0.0973133,-0.000237063,-0.995254
1775117351345805,-0.0968321,-0.000839379,-0.9953
1775117351366066,-0.0964655,-0.000884515,-0.995336
1775117351386403,-0.0963497,-0.00125483,-0.995347
1775117351405742,-0.0963831,-0.00190132,-0.995342
1775117351425741,-0.0957965,-0.0019397,-0.995399
1775117351445729,-0.095421,-0.00145562,-0.995436
1775117351465732,-0.095911,-0.00126759,-0.995389
1775117351485733,-0.0963248,-0.00103985,-0.995349
1775117351505730,-0.0957253,-0.00117222,-0.995407
1775117351525693,-0.0948666,6.07765e-05,-0.99549
1775117351545933,-0.0950575,-0.000487484,-0.995472
1775117351565727,-0.0932069,0.000863575,-0.995646
1775117351585732,-0.094972,0.00385179,-0.995472
1775117351605729,-0.093333,0.00401313,-0.995627
1775117351625729,-0.0932981,0.00525398,-0.995624
1775117351645735,-0.0929858,0.00561749,-0.995652
1775117351665729,-0.0902587,0.00319008,-0.995913
1775117351685729,-0.089621,0.00443024,-0.995966
1775117351705730,-0.0881508,0.0037062,-0.9961
1775117351725731,-0.0882088,0.00272698,-0.996098
1775117351745740,-0.0875893,0.00276671,-0.996153
1775117351765730,-0.0872759,0.00181145,-0.996183
1775117351785733,-0.0873243,0.00130917,-0.996179
1775117351805735,-0.0871973,0.000887582,-0.996191
1775117351825751,-0.0885564,0.00132951,-0.99607
1775117351845731,-0.0904991,0.00200989,-0.995895
1775117351865732,-0.0916245,0.00223717,-0.995791
1775117351885727,-0.0938428,0.00353533,-0.995581
1775117351905727,-0.0957677,0.004238,-0.995395
1775117351925735,-0.0980276,0.00549922,-0.995169
1775117351945727,-0.100091,0.00507727,-0.994965
1775117351965728,-0.100893,0.00664914,-0.994875
1775117351985727,-0.103124,0.00739497,-0.994641
1775117352005731,-0.105014,0.00633103,-0.994451
1775117352025739,-0.105693,0.00598789,-0.994381
1775117352045728,-0.105299,0.00448964,-0.99443
1775117352065733,-0.104707,0.00487737,-0.994491
1775117352085733,-0.101755,0.00124114,-0.994809
1775117352105732,-0.0998775,0.00160012,-0.994998
1775117352125765,-0.0982447,0.00119355,-0.995162
1775117352145731,-0.0970084,0.000920849,-0.995283
1775117352165737,-0.0932337,5.41796e-05,-0.995644
1775117352185739,-0.0902377,-0.000397029,-0.99592
1775117352205734,-0.0884978,-0.000595734,-0.996076
1775117352225734,-0.0884153,0.00125673,-0.996083
1775117352245736,-0.0860721,0.00123937,-0.996288
1775117352265730,-0.0851578,0.000931172,-0.996367
1775117352285736,-0.0836708,-0.000322679,-0.996493
1775117352305736,-0.0835886,-0.0008305,-0.9965
1775117352325733,-0.0841109,-0.000279585,-0.996456
1775117352345738,-0.0847535,0.000430077,-0.996402
1775117352365736,-0.0854642,0.000268548,-0.996341
1775117352385734,-0.0868929,0.000430488,-0.996218
1775117352405734,-0.0856634,-0.00196395,-0.996322
1775117352425735,-0.0867402,-0.00383199,-0.996224
1775117352445731,-0.0837961,-0.0073132,-0.996456
1775117352465728,-0.0813531,-0.0103585,-0.996632
1775117352485729,-0.0857443,-0.0069498,-0.996293
1775117352505758,-0.0860922,-0.00482165,-0.996276
1775117352525737,-0.0907081,-0.00016575,-0.995878
1775117352545730,-0.0922363,-0.00710888,-0.995712
1775117352565730,-0.0927789,-0.00725091,-0.99566
1775117352585730,-0.0947719,-0.00771083,-0.995469
1775117352605732,-0.0994982,-0.0100019,-0.994987
1775117352625730,-0.0994907,-0.00966001,-0.994992
1775117352645737,-0.101553,-0.0081885,-0.994796
1775117352665730,-0.103098,-0.00789167,-0.99464
1775117352685730,-0.106558,-0.00804543,-0.994274
1775117352705728,-0.109598,-0.00825687,-0.993942
1775117352725730,-0.111131,-0.00864776,-0.993768
1775117352745734,-0.1135,-0.0078082,-0.993507
1775117352765728,-0.113076,-0.00755666,-0.993558
1775117352785732,-0.113083,-0.0072436,-0.993559
1775117352805734,-0.114281,-0.00833891,-0.993413
1775117352825731,-0.113851,-0.00832913,-0.993463
1775117352845732,-0.113607,-0.00839289,-0.99349
1775117352865736,-0.113175,-0.00782147,-0.993544
1775117352885729,-0.112386,-0.0074626,-0.993637
1775117352905730,-0.11056,-0.0067253,-0.993847
1775117352925731,-0.110106,-0.00715765,-0.993894
1775117352945729,-0.108532,-0.00626256,-0.994073
1775117352965689,-0.10835,-0.00686526,-0.994089
1775117352985728,-0.10704,-0.00610273,-0.994236
1775117353005730,-0.106819,-0.00619275,-0.994259
1775117353025732,-0.10661,-0.00680906,-0.994278
1775117353045728,-0.106968,-0.00616077,-0.994243
1775117353065731,-0.107277,-0.00604126,-0.994211
1775117353085728,-0.108621,-0.00725303,-0.994057
1775117353105729,-0.108741,-0.00784444,-0.994039
1775117353125729,-0.108359,-0.00845192,-0.994076
1775117353145738,-0.108069,-0.00815397,-0.99411
1775117353165729,-0.106879,-0.00686873,-0.994248
1775117353185731,-0.10674,-0.00722383,-0.994261
1775117353205736,-0.106258,-0.00641208,-0.994318
1775117353225765,-0.107669,-0.00747496,-0.994159
1775117353245735,-0.108602,-0.00912899,-0.994043
1775117353265729,-0.109499,-0.00910308,-0.993945
1775117353285729,-0.110249,-0.00808136,-0.993871
1775117353305742,-0.111693,-0.00905344,-0.993701
1775117353325732,-0.113762,-0.00887247,-0.993468
1775117353345734,-0.116019,-0.0106352,-0.99319
1775117353365729,-0.117883,-0.0100877,-0.992976
1775117353385733,-0.118864,-0.0105825,-0.992854
1775117353405730,-0.119504,-0.0109572,-0.992773
1775117353425750,-0.119315,-0.0110892,-0.992795
1775117353445728,-0.118245,-0.0114629,-0.992918
1775117353465733,-0.118065,-0.0118034,-0.992936
1775117353485729,-0.116861,-0.0122433,-0.993073
1775117353505728,-0.115987,-0.012114,-0.993177
1775117353525734,-0.114962,-0.0116045,-0.993302
1775117353545729,-0.113501,-0.0121687,-0.993463
1775117353565730,-0.112737,-0.0122128,-0.99355
1775117353585729,-0.112394,-0.0121529,-0.993589
1775117353605728,-0.111901,-0.0130706,-0.993633
1775117353625750,-0.111172,-0.0133176,-0.993712
1775117353645734,-0.111362,-0.0137068,-0.993685
1775117353665728,-0.110163,-0.0132596,-0.993825
1775117353685733,-0.109235,-0.0133513,-0.993926
1775117353705727,-0.108785,-0.0130716,-0.993979
1775117353725731,-0.109567,-0.0137981,-0.993884
1775117353745736,-0.107422,-0.0141692,-0.994113
1775117353765727,-0.10619,-0.0147338,-0.994237
1775117353785729,-0.106241,-0.0148964,-0.994229
1775117353805731,-0.102968,-0.0147717,-0.994575
1775117353825733,-0.103637,-0.0150856,-0.994501
1775117353845736,-0.10402,-0.0156559,-0.994452
1775117353865734,-0.101005,-0.0164577,-0.99475
1775117353885738,-0.102679,-0.01572,-0.99459
1775117353905735,-0.100077,-0.0154817,-0.994859
1775117353925734,-0.100846,-0.0152719,-0.994785
1775117353945735,-0.0966232,-0.010758,-0.995263
1775117353965736,-0.0970698,-0.0100209,-0.995227
1775117353985728,-0.0969748,-0.0101037,-0.995236
1775117354005730,-0.0965903,-0.0112379,-0.995261
1775117354025736,-0.0963732,-0.0113186,-0.995281
1775117354045728,-0.0960999,-0.0114626,-0.995306
1775117354065729,-0.0962699,-0.0119478,-0.995284
1775117354085727,-0.0958414,-0.0115162,-0.99533
1775117354105732,-0.0959311,-0.0114466,-0.995322
1775117354125737,-0.0961225,-0.0125564,-0.99529
1775117354145728,-0.0960021,-0.0129072,-0.995297
1775117354165733,-0.095978,-0.0130847,-0.995297
1775117354185733,-0.0975098,-0.0120612,-0.995161
1775117354205728,-0.0974654,-0.0125062,-0.99516
1775117354225729,-0.0976556,-0.0122318,-0.995145
1775117354245732,-0.0978222,-0.0130705,-0.995118
1775117354265727,-0.0971451,-0.0108057,-0.995212
1775117354285731,-0.097149,-0.0103155,-0.995216
1775117354305732,-0.0983551,-0.0113014,-0.995087
1775117354325733,-0.0967872,-0.0112779,-0.995241
1775117354345760,-0.0961929,-0.0114005,-0.995297
1775117354365735,-0.0990142,-0.0103768,-0.995032
1775117354385736,-0.0992388,-0.0100901,-0.995012
1775117354405739,-0.09964,-0.0109312,-0.994964
1775117354425728,-0.0978066,-0.0138606,-0.995109
1775117354445727,-0.0997532,-0.0109714,-0.994952
1775117354465731,-0.100204,-0.0115707,-0.9949
1775117354485727,-0.0993926,-0.0116986,-0.99498
1775117354505734,-0.100091,-0.0117774,-0.994909
1775117354525754,-0.100527,-0.0108959,-0.994875
1775117354545740,-0.100817,-0.0112838,-0.994841
1775117354565728,-0.102034,-0.0119133,-0.99471
1775117354585729,-0.1015,-0.0116115,-0.994768
1775117354605729,-0.100964,-0.012104,-0.994816
1775117354625731,-0.100683,-0.0124162,-0.994841
1775117354645730,-0.100144,-0.0123349,-0.994896
1775117354665728,-0.101977,-0.0119402,-0.994715
1775117354685729,-0.0988463,-0.0128029,-0.99502
1775117354705809,-0.101295,-0.0121613,-0.994782
1775117354725733,-0.101075,-0.0140718,-0.994779
1775117354745738,-0.100876,-0.0115905,-0.994831
1775117354765736,-0.100627,-0.0117381,-0.994855
1775117354785736,-0.100762,-0.0116094,-0.994843
1775117354805733,-0.1009,-0.0125576,-0.994817
1775117354825734,-0.100437,-0.011535,-0.994877
1775117354845740,-0.100724,-0.0110136,-0.994853
1775117354865737,-0.101486,-0.0116299,-0.994769
1775117354885744,-0.100701,-0.0127396,-0.994835
1775117354905738,-0.100789,-0.0130389,-0.994822
1775117354925741,-0.101023,-0.0136105,-0.994791
1775117354945729,-0.1012,-0.0150126,-0.994753
1775117354965730,-0.101204,-0.0143324,-0.994762
1775117354985752,-0.101705,-0.0151205,-0.9947
1775117355005730,-0.10111,-0.0139388,-0.994778
1775117355025733,-0.100925,-0.0139008,-0.994797
1775117355045728,-0.100599,-0.013712,-0.994833
1775117355065731,-0.100152,-0.0138116,-0.994876
1775117355085728,-0.10023,-0.0145447,-0.994858
1775117355105729,-0.0995997,-0.0147812,-0.994918
1775117355125728,-0.0994639,-0.0145739,-0.994934
1775117355145734,-0.0990729,-0.0141743,-0.994979
1775117355165730,-0.0993791,-0.014798,-0.99494
1775117355185733,-0.100367,-0.0151738,-0.994835
1775117355205729,-0.10048,-0.0147343,-0.99483
1775117355225728,-0.100768,-0.0150165,-0.994797
1775117355245737,-0.100783,-0.0146501,-0.994801
1775117355265732,-0.100907,-0.0137311,-0.994801
1775117355285733,-0.100933,-0.0149306,-0.994781
1775117355305734,-0.10094,-0.0163867,-0.994758
1775117355325732,-0.100856,-0.0173382,-0.99475
1775117355345728,-0.100837,-0.0159784,-0.994775
1775117355365731,-0.100276,-0.0149588,-0.994847
1775117355385729,-0.100894,-0.0164939,-0.99476
1775117355405732,-0.0987338,-0.0148106,-0.995004
1775117355425727,-0.0989081,-0.0144539,-0.994992
1775117355445731,-0.0969764,-0.0144516,-0.995182
1775117355465731,-0.0948844,-0.0142198,-0.995387
1775117355485727,-0.0937022,-0.0142574,-0.995498
1775117355505729,-0.0930238,-0.016217,-0.995532
1775117355525736,-0.0914112,-0.016426,-0.995678
1775117355545727,-0.0876524,-0.0152788,-0.996034
1775117355565728,-0.0865005,-0.0155489,-0.99613
1775117355585728,-0.0855411,-0.014323,-0.996232
1775117355605728,-0.0840141,-0.0146135,-0.996357
1775117355625736,-0.0811985,-0.0134401,-0.996607
1775117355645731,-0.0787917,-0.0133459,-0.996802
1775117355665734,-0.0780988,-0.0134576,-0.996855
1775117355685731,-0.0769824,-0.0128663,-0.996949
1775117355705727,-0.0757961,-0.0120119,-0.997051
1775117355725824,-0.0749474,-0.0120104,-0.997115
1775117355745736,-0.0739299,-0.0116498,-0.997195
1775117355765734,-0.0734959,-0.0115544,-0.997229
1775117355785737,-0.0741229,-0.010641,-0.997192
1775117355805730,-0.0738188,-0.0108209,-0.997213
1775117355825737,-0.0728668,-0.0113455,-0.997277
1775117355845729,-0.074229,-0.0102673,-0.997188
1775117355865732,-0.0749081,-0.0104933,-0.997135
1775117355885733,-0.0758091,-0.0100683,-0.997072
1775117355905730,-0.0772198,-0.0111352,-0.996952
1775117355925728,-0.0787884,-0.0116113,-0.996824
1775117355945733,-0.0807509,-0.0112829,-0.99667
1775117355965734,-0.0806945,-0.0110567,-0.996678
1775117355990099,-0.0817234,-0.0118276,-0.996585
1775117356005751,-0.0827064,-0.0113738,-0.996509
1775117356025744,-0.0826617,-0.0112113,-0.996515
1775117356045730,-0.0825397,-0.0116909,-0.996519
1775117356065730,-0.0831868,-0.0113264,-0.99647
1775117356085728,-0.0833171,-0.0107484,-0.996465
1775117356105728,-0.0832021,-0.0105071,-0.996477
1775117356125734,-0.0839773,-0.0110283,-0.996407
1775117356145729,-0.0842936,-0.0101499,-0.996389
1775117356165729,-0.0847711,-0.0105383,-0.996345
1775117356185729,-0.0851747,-0.0109241,-0.996306
1775117356205729,-0.0861701,-0.0107218,-0.996223
1775117356225737,-0.0861027,-0.010761,-0.996228
1775117356245730,-0.0873835,-0.00985316,-0.996126
1775117356265732,-0.0878216,-0.00974241,-0.996089
1775117356285735,-0.0881507,-0.0101016,-0.996056
1775117356305731,-0.0889206,-0.00983371,-0.99599
1775117356325733,-0.0884528,-0.00989794,-0.996031
1775117356345732,-0.0879693,-0.00963137,-0.996077
1775117356365733,-0.0876286,-0.00982259,-0.996105
1775117356385736,-0.0869244,-0.0102529,-0.996162
1775117356405727,-0.0869542,-0.00914058,-0.99617
1775117356425727,-0.086905,-0.00890832,-0.996177
1775117356445736,-0.0868096,-0.00844181,-0.996189
1775117356465726,-0.0859731,-0.00917248,-0.996255
1775117356485727,-0.0855708,-0.00869805,-0.996294
1775117356505726,-0.0835998,-0.00816533,-0.996466
1775117356525728,-0.0844617,-0.0083327,-0.996392
1775117356545733,-0.0827038,-0.00719566,-0.996548
1775117356565727,-0.0810365,-0.0078814,-0.99668
1775117356585730,-0.0797443,-0.00793956,-0.996784
1775117356605755,-0.0765937,-0.00734667,-0.997035
1775117356625726,-0.0758819,-0.00738555,-0.997089
1775117356645729,-0.0760338,-0.00635318,-0.997085
1775117356665732,-0.0758923,-0.00657641,-0.997094
1775117356685726,-0.0742146,-0.00723719,-0.997216
1775117356705728,-0.0734892,-0.00750042,-0.997268
1775117356725735,-0.0725183,-0.00788107,-0.997336
1775117356745727,-0.0712041,-0.00896853,-0.997421
1775117356765730,-0.0693846,-0.0106965,-0.997533
1775117356785727,-0.0679356,-0.0118441,-0.997619
1775117356805729,-0.0682045,-0.0121326,-0.997598
1775117356825737,-0.066156,-0.0130637,-0.997724
1775117356845732,-0.0634908,-0.0129544,-0.997898
1775117356865734,-0.0625874,-0.0126956,-0.997959
1775117356885734,-0.0617288,-0.0135505,-0.998001
1775117356905728,-0.0583933,-0.0119557,-0.998222
1775117356925728,-0.0572417,-0.0124271,-0.998283
1775117356945735,-0.0556416,-0.01198,-0.998379
1775117356965750,-0.0560219,-0.0120675,-0.998357
1775117356985728,-0.0567732,-0.0115613,-0.99832
1775117357005730,-0.0566792,-0.0119041,-0.998321
1775117357025729,-0.0559982,-0.0119287,-0.99836
1775117357045732,-0.0545196,-0.0106973,-0.998455
1775117357065726,-0.0508586,-0.00930775,-0.998662
1775117357085728,-0.0453777,-0.00817089,-0.998936
1775117357105737,-0.0399777,-0.00419086,-0.999192
1775117357125736,-0.0369508,-0.0037254,-0.99931
1775117357145730,-0.0340722,-0.00187046,-0.999418
1775117357165730,-0.0331702,-0.00126205,-0.999449
1775117357185754,-0.0333463,-0.00154278,-0.999443
1775117357205753,-0.0335314,-0.000897405,-0.999437
1775117357225826,-0.03411,0.000231976,-0.999418
1775117357245735,-0.034068,0.000331334,-0.999419
1775117357265733,-0.03452,0.00269886,-0.9994
1775117357285730,-0.0375134,0.00226387,-0.999294
1775117357305734,-0.0417432,0.00326354,-0.999123
1775117357325742,-0.044124,0.00425813,-0.999017
1775117357345729,-0.0481001,0.00412166,-0.998834
1775117357365738,-0.0540269,0.00310199,-0.998535
1775117357385733,-0.0576152,0.00234377,-0.998336
1775117357405732,-0.0680211,0.00266739,-0.99768
1775117357425731,-0.0719184,0.00292722,-0.997406
1775117357445748,-0.0797581,0.00378245,-0.996807
1775117357465730,-0.0853772,0.00499345,-0.996336
1775117357485730,-0.0869033,0.00460492,-0.996206
1775117357505734,-0.0924231,0.00395916,-0.995712
1775117357525728,-0.0940521,0.00341708,-0.995561
1775117357545731,-0.0956699,0.00399603,-0.995405
1775117357565728,-0.0974008,0.00478296,-0.995234
1775117357585729,-0.0983155,0.00595577,-0.995137
1775117357605728,-0.0987081,0.00597203,-0.995099
1775117357625731,-0.099208,0.0069214,-0.995043
1775117357645731,-0.099176,0.0073544,-0.995043
1775117357665739,-0.0994772,0.00768997,-0.99501
1775117357685732,-0.100428,0.00830422,-0.99491
1775117357705731,-0.0990534,0.00779999,-0.995052
1775117357725736,-0.0994431,0.00824348,-0.995009
1775117357745733,-0.0991372,0.00798881,-0.995042
1775117357765734,-0.0980458,0.00873446,-0.995144
1775117357785728,-0.0970847,0.0108341,-0.995217
1775117357805729,-0.0965868,0.0104045,-0.99527
1775117357825734,-0.0973509,0.0105555,-0.995194
1775117357845731,-0.0977794,0.0103422,-0.995154
1775117357865734,-0.0982112,0.0100435,-0.995115
1775117357885731,-0.0989066,0.00991701,-0.995047
1775117357905728,-0.098697,0.00990921,-0.995068
1775117357925733,-0.0985721,0.0098354,-0.995081
1775117357945737,-0.0993645,0.0102166,-0.994999
1775117357965731,-0.0997502,0.0105812,-0.994956
1775117357985737,-0.0998553,0.0103221,-0.994948
1775117358005735,-0.101383,0.0113077,-0.994783
1775117358025737,-0.10211,0.0110625,-0.994712
1775117358045736,-0.102003,0.0105127,-0.994729
1775117358065736,-0.101884,0.0105346,-0.99474
1775117358085731,-0.102813,0.0109862,-0.99464
1775117358105740,-0.104577,0.00996949,-0.994467
1775117358125730,-0.105373,0.00845568,-0.994397
1775117358145732,-0.106399,0.00899507,-0.994283
1775117358165729,-0.106389,0.00896138,-0.994284
1775117358185730,-0.106808,0.00894743,-0.994239
1775117358205732,-0.106414,0.00956533,-0.994276
1775117358225728,-0.106381,0.00967124,-0.994278
1775117358245732,-0.10763,0.00985578,-0.994142
1775117358265732,-0.107663,0.0103698,-0.994133
1775117358285728,-0.1065,0.00939235,-0.994268
1775117358305728,-0.106751,0.00901517,-0.994245
1775117358325739,-0.109998,0.0113943,-0.993866
1775117358345731,-0.108957,0.0110696,-0.993985
1775117358365731,-0.112722,0.0140817,-0.993527
1775117358385741,-0.1127,0.0124035,-0.993552
1775117358405739,-0.11513,0.0138419,-0.993254
1775117358425758,-0.116863,0.0132009,-0.99306
1775117358445731,-0.120653,0.0137943,-0.992599
1775117358465730,-0.122238,0.0134403,-0.99241
1775117358485727,-0.123709,0.0132552,-0.99223
1775117358505728,-0.125076,0.0156242,-0.992024
1775117358525752,-0.12619,0.0148432,-0.991895
1775117358545729,-0.129403,0.0144875,-0.991486
1775117358565733,-0.129539,0.0143461,-0.991471
1775117358585731,-0.13219,0.0137098,-0.99113
1775117358605729,-0.133927,0.0125508,-0.990912
1775117358625731,-0.138727,0.00832981,-0.990296
1775117358645728,-0.139118,0.00838783,-0.99024
1775117358665732,-0.135904,0.011453,-0.990656
1775117358685730,-0.137945,0.00604321,-0.990422
1775117358705729,-0.13829,0.0095919,-0.990345
1775117358725730,-0.136456,0.00964318,-0.990599
1775117358745736,-0.132477,0.00829992,-0.991151
1775117358765727,-0.129822,0.00783438,-0.991506
1775117358785729,-0.128045,0.00716474,-0.991742
1775117358805730,-0.1226,0.00392456,-0.992448
1775117358825737,-0.123121,0.00288149,-0.992387
1775117358845737,-0.121237,0.00129633,-0.992623
1775117358865732,-0.12137,0.00186605,-0.992606
1775117358885731,-0.118842,-4.88722e-05,-0.992913
1775117358905742,-0.116161,-0.00047684,-0.99323
1775117358925732,-0.115713,-0.00138461,-0.993282
1775117358945729,-0.113889,-0.00170434,-0.993492
1775117358965735,-0.11358,-0.00183714,-0.993527
1775117358985727,-0.110879,-0.00282054,-0.99383
1775117359005729,-0.110106,-0.00309037,-0.993915
1775117359025745,-0.109385,-0.00386929,-0.993992
1775117359045729,-0.107934,-0.00452015,-0.994148
1775117359065739,-0.107975,-0.00510087,-0.994141
1775117359085727,-0.109652,-0.00324275,-0.993965
1775117359105729,-0.106467,-0.0051305,-0.994303
1775117359125735,-0.104466,-0.00480231,-0.994517
1775117359145735,-0.100643,-0.00654751,-0.994901
1775117359165732,-0.10013,-0.00784465,-0.994943
1775117359185735,-0.100216,-0.00666415,-0.994943
1775117359205732,-0.0983102,-0.00835499,-0.995121
1775117359225728,-0.0979208,-0.00676725,-0.995171
1775117359245739,-0.0969703,-0.00841278,-0.995252
1775117359265730,-0.0981232,-0.00688074,-0.99515
1775117359285731,-0.0981697,-0.00829561,-0.995135
1775117359305738,-0.0972842,-0.00980329,-0.995208
1775117359325734,-0.098892,-0.00911246,-0.995056
1775117359345735,-0.099205,-0.00884433,-0.995028
1775117359365728,-0.0986684,-0.00901803,-0.99508
1775117359385728,-0.0976995,-0.0104064,-0.995162
1775117359405735,-0.0974953,-0.0103007,-0.995183
1775117359425730,-0.0978654,-0.00981116,-0.995151
1775117359445729,-0.0960816,-0.0100675,-0.995323
1775117359465735,-0.0954096,-0.0101768,-0.995386
1775117359485730,-0.0961385,-0.00887054,-0.995328
1775117359505729,-0.0977128,-0.0090271,-0.995174
1775117359525759,-0.0964017,-0.0103481,-0.995289
1775117359545729,-0.0953107,-0.0108395,-0.995389
1775117359565764,-0.0953424,-0.01109,-0.995383
1775117359585731,-0.0948116,-0.011261,-0.995432
1775117359605730,-0.0951963,-0.0115401,-0.995392
1775117359625734,-0.0953418,-0.0117817,-0.995375
1775117359645727,-0.0956556,-0.0104551,-0.99536
1775117359665732,-0.095711,-0.0107798,-0.995351
1775117359685728,-0.0960895,-0.011207,-0.99531
1775117359705731,-0.0952723,-0.0125716,-0.995372
1775117359725730,-0.0957997,-0.0111806,-0.995338
1775117359745731,-0.0954788,-0.0110209,-0.99537
1775117359765729,-0.0966946,-0.0106693,-0.995257
1775117359785730,-0.0965704,-0.0107024,-0.995269
1775117359805734,-0.0977376,-0.010652,-0.995155
1775117359825733,-0.0984774,-0.0116107,-0.995072
1775117359845733,-0.0986203,-0.0123848,-0.995048
1775117359865728,-0.0990355,-0.0117286,-0.995015
1775117359885735,-0.0990048,-0.0130161,-0.995002
1775117359905749,-0.0996916,-0.0124674,-0.99494
1775117359925735,-0.10043,-0.0114315,-0.994878
1775117359945737,-0.100113,-0.0119918,-0.994904
1775117359965732,-0.0985859,-0.0123964,-0.995051
1775117359985737,-0.0999629,-0.0119726,-0.994919
1775117360005729,-0.100273,-0.0127533,-0.994878
1775117360025727,-0.100244,-0.0130004,-0.994878
1775117360045728,-0.101103,-0.0127798,-0.994794
1775117360065732,-0.101428,-0.0119509,-0.994771
1775117360085729,-0.101304,-0.0128347,-0.994773
1775117360105730,-0.101369,-0.0133748,-0.994759
1775117360125734,-0.101523,-0.0123729,-0.994756
1775117360145728,-0.101632,-0.0126734,-0.994741
1775117360165729,-0.101623,-0.0128769,-0.99474
1775117360185792,-0.101431,-0.0123758,-0.994766
1775117360205731,-0.10328,-0.0114418,-0.994587
1775117360225734,-0.101341,-0.0127137,-0.994771
1775117360245728,-0.101155,-0.0136487,-0.994777
1775117360265730,-0.101272,-0.0138464,-0.994762
1775117360285731,-0.101638,-0.0134958,-0.99473
1775117360305743,-0.101599,-0.012633,-0.994745
1775117360325729,-0.101591,-0.0130561,-0.994741
1775117360345734,-0.102245,-0.0133224,-0.99467
1775117360365728,-0.101897,-0.0138004,-0.994699
1775117360385732,-0.101725,-0.0127006,-0.994731
1775117360405733,-0.10174,-0.0129255,-0.994727
1775117360425732,-0.101752,-0.0135328,-0.994718
1775117360445729,-0.102517,-0.0129751,-0.994647
1775117360465735,-0.102627,-0.0124126,-0.994642
1775117360485733,-0.101891,-0.0124205,-0.994718
1775117360505727,-0.101802,-0.0124039,-0.994727
1775117360525730,-0.101833,-0.0130765,-0.994716
1775117360545733,-0.101168,-0.0127501,-0.994788
1775117360565728,-0.101156,-0.0125975,-0.994791
1775117360585730,-0.101327,-0.0127645,-0.994771
1775117360605731,-0.101857,-0.0124863,-0.994721
1775117360625729,-0.101598,-0.0131944,-0.994738
1775117360645728,-0.1017,-0.0138263,-0.994719
1775117360665733,-0.101838,-0.014202,-0.9947
1775117360685733,-0.101963,-0.0144378,-0.994683
1775117360705730,-0.10167,-0.0134083,-0.994728
1775117360725736,-0.102797,-0.0129207,-0.994618
1775117360745791,-0.101672,-0.0126421,-0.994738
1775117360765738,-0.102639,-0.0129016,-0.994635
1775117360785733,-0.10125,-0.0129609,-0.994777
1775117360805733,-0.100782,-0.0131252,-0.994822
1775117360825740,-0.100119,-0.0130544,-0.99489
1775117360845734,-0.10105,-0.0127001,-0.9948
1775117360865733,-0.101367,-0.0136645,-0.994755
1775117360885734,-0.10112,-0.0128876,-0.994791
1775117360905740,-0.101101,-0.01347,-0.994785
1775117360925731,-0.101821,-0.0144892,-0.994697
1775117360945797,-0.103024,-0.0144856,-0.994573
1775117360965728,-0.103031,-0.0140908,-0.994578
1775117360985732,-0.102198,-0.013225,-0.994676
1775117361005730,-0.101292,-0.0139855,-0.994758
1775117361025732,-0.102247,-0.0147891,-0.994649
1775117361045730,-0.10219,-0.0153441,-0.994647
1775117361065760,-0.100847,-0.01383,-0.994806
1775117361085731,-0.100567,-0.013973,-0.994832
1775117361105731,-0.101464,-0.0153546,-0.994721
1775117361125731,-0.101223,-0.0140317,-0.994765
1775117361145731,-0.10126,-0.0144342,-0.994755
1775117361165732,-0.100767,-0.0145676,-0.994803
1775117361185730,-0.101487,-0.0144841,-0.994731
1775117361205729,-0.101451,-0.01495,-0.994728
1775117361225737,-0.0999473,-0.0145755,-0.994886
1775117361245728,-0.100826,-0.0147239,-0.994795
1775117361265733,-0.0999596,-0.0146392,-0.994884
1775117361285774,-0.099656,-0.0149076,-0.99491
1775117361305729,-0.0987382,-0.0140564,-0.995014
1775117361325810,-0.0983832,-0.0145587,-0.995042
1775117361345814,-0.0984642,-0.016132,-0.99501
1775117361365780,-0.0981919,-0.0163237,-0.995034
1775117361385740,-0.0977843,-0.0160416,-0.995078
1775117361405737,-0.0977469,-0.0160981,-0.995081
1775117361425740,-0.0964744,-0.0155849,-0.995213
1775117361445738,-0.0950898,-0.0148445,-0.995358
1775117361465738,-0.0940194,-0.0149041,-0.995459
1775117361485736,-0.0939022,-0.0150354,-0.995468
1775117361505730,-0.093566,-0.0150347,-0.9955
1775117361525729,-0.0926723,-0.0142288,-0.995595
1775117361545806,-0.0932087,-0.0150496,-0.995533
1775117361565727,-0.0928021,-0.0152648,-0.995568
1775117361585757,-0.093048,-0.0151646,-0.995546
1775117361605732,-0.0926194,-0.0153524,-0.995583
1775117361625727,-0.0927563,-0.0160255,-0.99556
1775117361645728,-0.0921393,-0.0158658,-0.99562
1775117361665733,-0.0924415,-0.0157553,-0.995593
1775117361685727,-0.092413,-0.0158033,-0.995595
1775117361705727,-0.0928245,-0.0167027,-0.995542
1775117361725737,-0.0925413,-0.0160078,-0.99558
1775117361745729,-0.0931495,-0.0168402,-0.99551
1775117361765731,-0.0929506,-0.0169158,-0.995527
1775117361785729,-0.093102,-0.0166998,-0.995517
1775117361805728,-0.0931638,-0.0168665,-0.995508
1775117361825741,-0.0931747,-0.0163135,-0.995516
1775117361845729,-0.0924079,-0.0163768,-0.995587
1775117361865737,-0.0923842,-0.0164705,-0.995587
1775117361885738,-0.0931545,-0.0165783,-0.995514
1775117361905729,-0.0927963,-0.0164405,-0.995549
1775117361925730,-0.093138,-0.0161302,-0.995523
1775117361945731,-0.0931107,-0.0166825,-0.995516
1775117361965728,-0.0934548,-0.0162127,-0.995492
1775117361985732,-0.0932749,-0.0158238,-0.995515
1775117362005741,-0.0929788,-0.0160981,-0.995538
1775117362025732,-0.0934718,-0.0161833,-0.99549
1775117362045732,-0.0940563,-0.0162994,-0.995433
1775117362065726,-0.0931202,-0.0162499,-0.995522
1775117362085729,-0.0931202,-0.0162499,-0.995522
1775117362105735,-0.0931202,-0.0162499,-0.995522
1775117362125733,-0.0937753,-0.0161142,-0.995463
1775117362145729,-0.0944538,-0.0164239,-0.995394
1775117362165735,-0.0941914,-0.0157962,-0.995429
1775117362185727,-0.0949528,-0.0159115,-0.995355
1775117362205730,-0.0963501,-0.0179038,-0.995186
1775117362225761,-0.0960041,-0.0167444,-0.99524
1775117362245731,-0.0963036,-0.0164145,-0.995217
1775117362265733,-0.0970011,-0.0168688,-0.995141
1775117362285728,-0.096725,-0.0167593,-0.99517
1775117362305727,-0.0973841,-0.0170003,-0.995102
1775117362325740,-0.0971912,-0.0160202,-0.995137
1775117362345731,-0.0969478,-0.017426,-0.995137
1775117362365735,-0.0968358,-0.0164717,-0.995164
1775117362385775,-0.0970778,-0.0169781,-0.995132
1775117362405746,-0.0976402,-0.0174309,-0.995069
1775117362425741,-0.0965553,-0.0165774,-0.99519
1775117362445738,-0.0953934,-0.0167981,-0.995298
1775117362465736,-0.0981793,-0.0184023,-0.994999
1775117362485737,-0.0971784,-0.0178465,-0.995107
1775117362505734,-0.0972397,-0.0161439,-0.99513
1775117362525734,-0.0975254,-0.0163783,-0.995098
1775117362545738,-0.098818,-0.0187867,-0.994928
1775117362565733,-0.098143,-0.0179489,-0.99501
1775117362585733,-0.0978562,-0.0182251,-0.995034
1775117362605735,-0.097252,-0.0176558,-0.995103
1775117362625735,-0.0966963,-0.0162261,-0.995182
1775117362645742,-0.0971151,-0.0162794,-0.99514
1775117362665734,-0.0970289,-0.0168823,-0.995138
1775117362685738,-0.098218,-0.0172641,-0.995015
1775117362705733,-0.0976314,-0.017553,-0.995068
1775117362725733,-0.0974855,-0.0169188,-0.995093
1775117362745729,-0.0977015,-0.017957,-0.995054
1775117362765733,-0.0986542,-0.0182417,-0.994955
1775117362785728,-0.100237,-0.0185908,-0.99479
1775117362805815,-0.098255,-0.0179604,-0.994999
1775117362825742,-0.0991041,-0.0185722,-0.994904
1775117362845741,-0.0987298,-0.0188934,-0.994935
1775117362865754,-0.0984327,-0.0188995,-0.994964
1775117362885732,-0.0997945,-0.0189774,-0.994827
1775117362905771,-0.100088,-0.0186069,-0.994805
1775117362925873,-0.10104,-0.0183891,-0.994712
1775117362945805,-0.0999658,-0.0182144,-0.994824
1775117362965736,-0.100449,-0.0187484,-0.994766
1775117362985738,-0.0997377,-0.018889,-0.994834
1775117363005732,-0.101232,-0.0189619,-0.994682
1775117363025730,-0.100669,-0.0183065,-0.994751
1775117363045742,-0.10224,-0.0197472,-0.994564
1775117363065728,-0.103767,-0.0199449,-0.994402
1775117363085729,-0.103064,-0.0196399,-0.994481
1775117363105734,-0.104767,-0.0203008,-0.99429
1775117363125733,-0.103912,-0.0192821,-0.9944
1775117363145735,-0.104477,-0.020919,-0.994307
1775117363165727,-0.103417,-0.0214963,-0.994406
1775117363185729,-0.1024,-0.0231809,-0.994473
1775117363205729,-0.101614,-0.0241159,-0.994532
1775117363225729,-0.100898,-0.0227279,-0.994637
1775117363245756,-0.100358,-0.0213256,-0.994723
1775117363265735,-0.101085,-0.0240937,-0.994586
1775117363285731,-0.100656,-0.0242338,-0.994626
1775117363305728,-0.0990474,-0.0244435,-0.994782
1775117363325738,-0.098279,-0.0243937,-0.99486
1775117363345741,-0.0963149,-0.02345,-0.995075
1775117363365732,-0.0962813,-0.0249929,-0.99504
1775117363385743,-0.0939897,-0.0264366,-0.995222
1775117363405787,-0.099058,-0.0304967,-0.994614
1775117363425746,-0.101174,-0.0353763,-0.99424
1775117363445733,-0.0968387,-0.0438068,-0.994336
1775117363465731,-0.09039,-0.0495554,-0.994673
1775117363485727,-0.0822355,-0.05262,-0.995223
1775117363505734,-0.0643087,-0.0559442,-0.996361
1775117363525729,-0.0497707,-0.0599229,-0.996961
1775117363545728,-0.0213592,-0.0620491,-0.997845
1775117363565728,-0.0072436,-0.0609968,-0.998112
1775117363585733,0.00578937,-0.0603097,-0.998163
1775117363605729,0.0106943,-0.0569496,-0.99832
1775117363625730,0.00386586,-0.0538902,-0.998539
1775117363645734,-0.00101321,-0.0400656,-0.999197
1775117363665730,-0.0122376,-0.0386407,-0.999178
1775117363685731,-0.0229445,-0.0308032,-0.999262
1775117363705737,-0.0498697,-0.0216212,-0.998522
1775117363725729,-0.0697879,-0.0168665,-0.997419
1775117363745728,-0.0948897,-0.0136921,-0.995394
1775117363765742,-0.108893,-0.0126999,-0.993972
1775117363785731,-0.117499,-0.0143942,-0.992969
1775117363805731,-0.131623,-0.0166481,-0.99116
1775117363825733,-0.136227,-0.0190464,-0.990495
1775117363845735,-0.145662,-0.0224899,-0.989079
1775117363865736,-0.151884,-0.0234375,-0.98812
1775117363885729,-0.156321,-0.0219505,-0.987462
1775117363905733,-0.162311,-0.0173718,-0.986587
1775117363925735,-0.164154,-0.0148394,-0.986323
1775117363945727,-0.168644,-0.00670484,-0.985654
1775117363965845,-0.170178,-0.000430071,-0.985413
1775117363985728,-0.170401,0.00466693,-0.985364
1775117364005728,-0.159334,0.00844921,-0.987189
1775117364025730,-0.142717,0.00440922,-0.989754
1775117364045733,-0.114335,0.00850984,-0.993406
1775117364065727,-0.10041,0.0113187,-0.994882
1775117364085729,-0.0882776,0.0160259,-0.995967
1775117364105751,-0.0680149,0.0223405,-0.997434
1775117364125730,-0.0564171,0.0282352,-0.998008
1775117364145735,-0.0453689,0.0382331,-0.998238
1775117364165757,-0.0406366,0.0342986,-0.998585
1775117364185729,-0.0326874,0.0260273,-0.999127
1775117364205728,-0.0209628,0.0137715,-0.999685
1775117364225728,-0.0109517,0.00427517,-0.999931
1775117364245735,0.00655094,-0.0106883,-0.999921
1775117364265730,0.019135,-0.0215886,-0.999584
1775117364285734,0.0313602,-0.0326445,-0.998975
1775117364305730,0.049737,-0.0449967,-0.997748
1775117364325732,0.0592636,-0.0534011,-0.996813
1775117364345731,0.0734193,-0.0567402,-0.995686
1775117364365729,0.0748424,-0.0579783,-0.995508
1775117364385737,0.0743401,-0.056122,-0.995652
1775117364405737,0.070418,-0.0596822,-0.995731
1775117364425736,0.0659024,-0.0590036,-0.99608
1775117364445737,0.0570623,-0.0547128,-0.99687
1775117364465732,0.0485859,-0.0522123,-0.997453
1775117364485742,0.0349817,-0.050475,-0.998112
1775117364505759,0.0147804,-0.0509751,-0.998591
1775117364525745,0.00172227,-0.0510708,-0.998694
1775117364545738,-0.0223901,-0.0534502,-0.998319
1775117364565736,-0.0367058,-0.0550655,-0.997808
1775117364585741,-0.0539114,-0.0571103,-0.996911
1775117364605739,-0.0796243,-0.0613205,-0.994937
1775117364625747,-0.0930245,-0.0622819,-0.993714
1775117364645736,-0.0999629,-0.0648393,-0.992876
1775117364665740,-0.102563,-0.0713095,-0.992167
1775117364685733,-0.101643,-0.0794336,-0.991645
1775117364705733,-0.0853436,-0.0824667,-0.992933
1775117364725737,-0.074911,-0.0835239,-0.993686
1775117364745736,-0.0573939,-0.08252,-0.994935
1775117364765728,-0.0473055,-0.0811819,-0.995576
1775117364785728,-0.0372861,-0.0810241,-0.996014
1775117364805728,-0.0198705,-0.0781195,-0.996746
1775117364825738,-0.00512194,-0.0724229,-0.997361
1775117364845733,0.000713111,-0.0702639,-0.997528
1775117364865736,-0.000341469,-0.0702651,-0.997528
1775117364885734,-0.0042431,-0.0664825,-0.997779
1775117364905731,-0.0111326,-0.0571042,-0.998306
1775117364925728,-0.0181557,-0.0468981,-0.998735
1775117364945733,-0.0434435,-0.03172,-0.998552
1775117364965736,-0.0626073,-0.0274297,-0.997661
1775117364985729,-0.0734292,-0.0246439,-0.996996
1775117365005730,-0.0876933,-0.0278136,-0.995759
1775117365025741,-0.0916834,-0.0292862,-0.995357
1775117365045697,-0.0861195,-0.0417438,-0.99541
1775117365065729,-0.0811493,-0.041756,-0.995827
1775117365085728,-0.0758566,-0.043019,-0.99619
1775117365105728,-0.0689961,-0.0428588,-0.996696
1775117365125740,-0.0662637,-0.0412898,-0.996947
1775117365145727,-0.0652768,-0.0374129,-0.997166
1775117365165728,-0.0616995,-0.0334199,-0.997535
1775117365185728,-0.0606536,-0.030444,-0.997694
1775117365205730,-0.0562173,-0.0239486,-0.998131
1775117365225733,-0.0496816,-0.0189184,-0.998586
1775117365245760,-0.0447643,-0.0149798,-0.998885
1775117365265731,-0.0310112,-0.0108488,-0.99946
1775117365285728,-0.0194399,-0.00784229,-0.99978
1775117365305727,-0.00268314,-0.00198903,-0.999994
1775117365325733,0.00583788,0.000497867,-0.999983
1775117365345732,0.0260657,0.00645682,-0.999639
1775117365365729,0.0360849,0.00900917,-0.999308
1775117365385732,0.049363,0.0127767,-0.998699
1775117365405738,0.0663592,0.0183623,-0.997627
1775117365425741,0.0830382,0.0181049,-0.996382
1775117365445740,0.0877349,0.0176079,-0.995988
1775117365465733,0.0973341,0.0132041,-0.995164
1775117365485730,0.10115,0.00693338,-0.994847
1775117365505809,0.113323,-0.00115019,-0.993558
1775117365525729,0.11894,-0.00663597,-0.992879
1775117365545732,0.118965,-0.00951052,-0.992853
1775117365565735,0.117205,-0.0137956,-0.993012
1775117365585728,0.115623,-0.0153753,-0.993174
1775117365605728,0.10992,-0.0215291,-0.993707
1775117365625736,0.104841,-0.0288015,-0.994072
1775117365645729,0.0981722,-0.0328747,-0.994626
1775117365665732,0.0857073,-0.0443416,-0.995333
1775117365685727,0.0796792,-0.0521343,-0.995456
1775117365705731,0.0627889,-0.0596637,-0.996242
1775117365725732,0.0517514,-0.0564898,-0.997061
1775117365745730,0.0349429,-0.0505472,-0.99811
1775117365765731,0.0196192,-0.04594,-0.998752
1775117365785728,0.00340491,-0.0453162,-0.998967
1775117365805730,-0.0217121,-0.0451557,-0.998744
1775117365825743,-0.0359853,-0.04557,-0.998313
1775117365845731,-0.0491875,-0.0450722,-0.997772
1775117365865758,-0.0632049,-0.0461566,-0.996933
1775117365885731,-0.0732687,-0.0465467,-0.996225
1775117365905733,-0.08116,-0.0467819,-0.995603
1775117365925731,-0.0953795,-0.0505759,-0.994155
1775117365945736,-0.11258,-0.0546469,-0.992139
1775117365965730,-0.121395,-0.0586503,-0.99087
1775117365985732,-0.124782,-0.0623353,-0.990224
1775117366005732,-0.120236,-0.0651885,-0.990603
1775117366025731,-0.111981,-0.0650444,-0.991579
1775117366045736,-0.0920691,-0.0652288,-0.993614
1775117366065731,-0.0769775,-0.0639589,-0.994979
1775117366085734,-0.0609599,-0.0632511,-0.996134
1775117366105729,-0.0532767,-0.0621309,-0.996645
1775117366125729,-0.017023,-0.0580851,-0.998166
1775117366145729,0.00143273,-0.0559149,-0.998435
1775117366165735,0.0279314,-0.0508833,-0.998314
1775117366185728,0.0406283,-0.0505286,-0.997896
1775117366205729,0.0444088,-0.0519177,-0.997663
1775117366225731,0.0447322,-0.0551566,-0.997475
1775117366245730,0.0416382,-0.0558163,-0.997572
1775117366265733,0.0375325,-0.0547465,-0.997795
1775117366285731,0.0317275,-0.0509419,-0.998198
1775117366305733,0.0189078,-0.0395629,-0.999038
1775117366325739,0.00718784,-0.0279763,-0.999583
1775117366345729,-0.0112994,-0.0128377,-0.999854
1775117366365734,-0.0513693,-0.0020517,-0.998678
1775117366385736,-0.0725665,-0.00273659,-0.99736
1775117366405776,-0.0874135,-0.00695592,-0.996148
1775117366428933,-0.11336,-0.0149066,-0.993442
1775117366445735,-0.119289,-0.0147473,-0.99275
1775117366465729,-0.129193,-0.0165246,-0.991482
1775117366485730,-0.137174,-0.0165521,-0.990409
1775117366505709,-0.145201,-0.0182609,-0.989234
1775117366525734,-0.145512,-0.0184025,-0.989185
1775117366545732,-0.148204,-0.0149357,-0.988844
1775117366565736,-0.148146,-0.0109477,-0.988905
1775117366585739,-0.148242,-0.0049889,-0.988939
1775117366605729,-0.146306,0.00210715,-0.989237
1775117366625732,-0.145015,0.00829775,-0.989395
1775117366645729,-0.14014,0.0160451,-0.990002
1775117366665734,-0.132381,0.0200327,-0.990996
1775117366685727,-0.128718,0.0228949,-0.991417
1775117366705728,-0.111942,0.0309891,-0.993231
1775117366725735,-0.103965,0.0360996,-0.993926
1775117366745744,-0.0904684,0.0483139,-0.994727
1775117366765736,-0.0772055,0.0463055,-0.995939
1775117366785727,-0.0663535,0.0412104,-0.996945
1775117366805729,-0.0569641,0.026106,-0.998035
1775117366825739,-0.0456584,0.0138594,-0.998861
1775117366845735,-0.0338607,-0.00198368,-0.999425
1775117366865730,-0.0235197,-0.0131249,-0.999637
1775117366885736,-0.0114948,-0.0226213,-0.999678
1775117366905735,0.00802992,-0.0321363,-0.999451
1775117366925745,0.0237027,-0.0404114,-0.998902
1775117366945731,0.0363256,-0.0463004,-0.998267
1775117366965738,0.0515226,-0.0516944,-0.997333
1775117366985760,0.0608799,-0.0551009,-0.996623
1775117367005733,0.0712955,-0.0567617,-0.995839
1775117367025731,0.0662607,-0.052965,-0.996396
1775117367045733,0.0691614,-0.0487003,-0.996416
1775117367065749,0.0648299,-0.0431254,-0.996964
1775117367085728,0.0587804,-0.0382132,-0.997539
1775117367105733,0.0442373,-0.0340816,-0.99844
1775117367125732,0.0337261,-0.0338462,-0.998858
1775117367145732,0.0188508,-0.0355323,-0.999191
1775117367165730,0.0110701,-0.0349934,-0.999326
1775117367185730,-0.00181756,-0.0365569,-0.99933
1775117367205734,-0.0217308,-0.038269,-0.999031
1775117367225729,-0.0365482,-0.0412261,-0.998481
1775117367245728,-0.0527806,-0.0482003,-0.997442
1775117367265734,-0.072836,-0.0552079,-0.995815
1775117367285733,-0.0805119,-0.0592627,-0.99499
1775117367305730,-0.0832162,-0.0642337,-0.994459
1775117367325737,-0.0791376,-0.0674631,-0.994578
1775117367345761,-0.0677573,-0.0713635,-0.995146
1775117367365733,-0.0477455,-0.0713705,-0.996306
1775117367385757,-0.0173552,-0.0723301,-0.99723
1775117367405742,0.00044494,-0.0702456,-0.99753
1775117367425742,0.0181376,-0.068905,-0.997458
1775117367445745,0.0321997,-0.0635161,-0.997461
1775117367465731,0.04116,-0.0557569,-0.997596
1775117367485731,0.0420886,-0.0526493,-0.997726
1775117367505729,0.0373982,-0.051832,-0.997955
1775117367525731,0.0348726,-0.0518938,-0.998044
1775117367545731,0.030224,-0.0490815,-0.998337
1775117367565735,0.0245188,-0.0462002,-0.998631
1775117367585730,0.0115098,-0.0369202,-0.999252
1775117367605730,-0.0100166,-0.016642,-0.999811
1775117367625745,-0.0349084,-0.00758609,-0.999362
1775117367645736,-0.0646234,-0.00507394,-0.997897
1775117367665739,-0.0802643,-0.0048525,-0.996762
1775117367685735,-0.0919503,-0.00790974,-0.995732
1775117367705735,-0.103473,-0.0104996,-0.994577
1775117367725733,-0.110243,-0.00947099,-0.993859
1775117367745749,-0.122685,-0.00791891,-0.992414
1775117367765740,-0.129673,-0.00686019,-0.991533
1775117367785730,-0.133428,-0.00546704,-0.991043
1775117367805730,-0.139329,-0.0040612,-0.990238
1775117367825732,-0.138819,-0.00217823,-0.990315
1775117367845734,-0.140484,0.00626315,-0.990063
1775117367865729,-0.139274,0.0116684,-0.990185
1775117367885732,-0.137275,0.0176753,-0.990375
1775117367905731,-0.132063,0.0252104,-0.990921
1775117367925779,-0.119883,0.0283126,-0.992384
1775117367945781,-0.110468,0.0326086,-0.993345
1775117367965732,-0.104748,0.0377948,-0.99378
1775117367985729,-0.0951371,0.0446663,-0.994462
1775117368005727,-0.0811376,0.0529511,-0.995295
1775117368025729,-0.0696608,0.0489922,-0.996367
1775117368045737,-0.0523959,0.0405146,-0.997804
1775117368065730,-0.0450085,0.0325055,-0.998458
1775117368085730,-0.0397202,0.0223756,-0.99896
1775117368105743,-0.0305577,0.00755165,-0.999504
1775117368125731,-0.0252781,0.000118422,-0.99968
1775117368145733,-0.0129949,-0.00770062,-0.999886
1775117368165730,-0.00578617,-0.015406,-0.999865
1775117368185728,0.00211762,-0.0236956,-0.999717
1775117368205730,0.016392,-0.037643,-0.999157
1775117368225736,0.0242702,-0.0442837,-0.998724
1775117368245729,0.0318082,-0.0538671,-0.998041
1775117368265735,0.0346288,-0.0597775,-0.997611
1775117368285729,0.0348153,-0.0618806,-0.997476
1775117368305731,0.0349214,-0.0552589,-0.997861
1775117368325741,0.0316269,-0.0484214,-0.998326
1775117368345733,0.0273943,-0.0457451,-0.998577
1775117368365734,0.0214408,-0.0437478,-0.998813
1775117368385735,0.0183336,-0.045059,-0.998816
1775117368405739,0.0058695,-0.0460425,-0.998922
1775117368425745,-0.00285124,-0.0458183,-0.998946
1775117368445750,-0.0192599,-0.0457165,-0.998769
1775117368465736,-0.0318176,-0.0446826,-0.998494
1775117368485729,-0.045241,-0.0447515,-0.997973
1775117368505736,-0.0681824,-0.0495675,-0.996441
1775117368525729,-0.0818683,-0.0524943,-0.99526
1775117368545735,-0.0896335,-0.0554361,-0.994431
1775117368565727,-0.0920369,-0.0608101,-0.993897
1775117368585728,-0.0846021,-0.0636314,-0.994381
1775117368605727,-0.0687458,-0.0674806,-0.995349
1775117368625729,-0.0534972,-0.0687382,-0.996199
1775117368645727,-0.0309548,-0.0686623,-0.99716
1775117368665733,-0.0139087,-0.0672841,-0.997637
1775117368685728,0.000222771,-0.0670186,-0.997752
1775117368705727,0.0191935,-0.0650495,-0.997697
1775117368725733,0.0268663,-0.0601508,-0.997828
1775117368745729,0.0331357,-0.0552871,-0.997921
1775117368765758,0.0295545,-0.0534552,-0.998133
1775117368785728,0.0246434,-0.0541997,-0.998226
1775117368805728,0.0168679,-0.0518854,-0.998511
1775117368825735,0.00771707,-0.0504464,-0.998697
1775117368845735,-0.00252838,-0.0451923,-0.998975
1775117368865735,-0.0218158,-0.031412,-0.999268
1775117368885733,-0.0451264,-0.0213705,-0.998753
1775117368905730,-0.07392,-0.0135151,-0.997173
1775117368925735,-0.088863,-0.0132224,-0.995956
1775117368945731,-0.103895,-0.0155267,-0.994467
1775117368965727,-0.109802,-0.0164297,-0.993818
1775117368985732,-0.116222,-0.0182484,-0.993056
1775117369005728,-0.124757,-0.0187625,-0.99201
1775117369025729,-0.131272,-0.0183088,-0.991177
1775117369045732,-0.138825,-0.0165882,-0.990178
1775117369065731,-0.143137,-0.0151536,-0.989587
1775117369085728,-0.144443,-0.0147598,-0.989403
1775117369105727,-0.149022,-0.00973279,-0.988786
1775117369125733,-0.147813,-0.00604513,-0.988997
1775117369145735,-0.149489,0.000619602,-0.988763
1775117369165732,-0.147511,0.00753682,-0.989032
1775117369185730,-0.149505,0.0162765,-0.988627
1775117369205730,-0.145643,0.0202492,-0.98913
1775117369225728,-0.138399,0.0261857,-0.99003
1775117369245730,-0.127283,0.0336519,-0.991295
1775117369265737,-0.121459,0.0407327,-0.99176
1775117369285762,-0.114246,0.0484872,-0.992268
1775117369305729,-0.0978507,0.0552854,-0.993664
1775117369325838,-0.0885498,0.0504854,-0.994792
1775117369345823,-0.0712964,0.0375312,-0.996749
1775117369365733,-0.0685212,0.0270699,-0.997282
1775117369385733,-0.0650384,0.0145409,-0.997777
1775117369405983,-0.0516183,-0.00179037,-0.998665
1775117369425746,-0.0427124,-0.014713,-0.998979
1775117369445739,-0.026807,-0.0322847,-0.999119
1775117369465736,-0.0180286,-0.0435394,-0.998889
1775117369485729,-0.00917854,-0.0481464,-0.998798
1775117369505729,0.00576284,-0.0597804,-0.998195
1775117369525749,0.0113717,-0.0597606,-0.998148
1775117369545733,0.0175185,-0.0574354,-0.998196
1775117369565731,0.0217402,-0.0565255,-0.998164
1775117369585731,0.0235413,-0.0563096,-0.998136
1775117369605729,0.0258443,-0.0549942,-0.998152
1775117369625734,0.0225143,-0.0539365,-0.998291
1775117369645730,0.0173205,-0.0551874,-0.998326
1775117369665731,0.0122689,-0.0542283,-0.998453
1775117369685729,0.00660825,-0.0525148,-0.998598
1775117369705730,-0.00257604,-0.0500047,-0.998746
1775117369725728,-0.0092292,-0.0500713,-0.998703
1775117369745736,-0.0217906,-0.0468837,-0.998663
1775117369765728,-0.0354197,-0.0466921,-0.998281
1775117369785729,-0.0460047,-0.0492598,-0.997726
1775117369805727,-0.061972,-0.0532663,-0.996655
1775117369825736,-0.0682745,-0.0581282,-0.995972
1775117369845735,-0.0705062,-0.061445,-0.995617
1775117369865736,-0.0647052,-0.0645365,-0.995815
1775117369885730,-0.0543263,-0.0660385,-0.996337
1775117369905732,-0.0357129,-0.0682131,-0.997031
1775117369925747,-0.0242954,-0.0678382,-0.9974
1775117369945741,-0.00242316,-0.0672614,-0.997732
1775117369965730,0.0100068,-0.0659856,-0.99777
1775117369985728,0.0223284,-0.0656021,-0.997596
1775117370005733,0.0323747,-0.0609512,-0.997616
1775117370025742,0.032966,-0.0555746,-0.99791
1775117370045952,0.0284373,-0.0522665,-0.998228
1775117370089752,0.00783672,-0.0471093,-0.998859
1775117370116250,0.000677692,-0.0453005,-0.998973
1775117370123397,-0.00360375,-0.0427096,-0.999081
1775117370133902,-0.00813514,-0.040189,-0.999159
1775117370145730,-0.0128956,-0.0359132,-0.999272
1775117370165753,-0.0419103,-0.0194397,-0.998932
1775117370185727,-0.0495402,-0.0156323,-0.99865
1775117370205728,-0.0816582,-0.0127516,-0.996579
1775117370225748,-0.0941487,-0.0144272,-0.995454
1775117370245728,-0.102653,-0.0147978,-0.994607
1775117370265734,-0.115734,-0.0160073,-0.993151
1775117370285733,-0.12454,-0.0163153,-0.99208
1775117370305726,-0.130763,-0.0145406,-0.991307
1775117370325735,-0.133975,-0.0118061,-0.990914
1775117370345740,-0.136928,-0.0104382,-0.990526
1775117370365736,-0.135732,-0.0063298,-0.990725
1775117370385730,-0.13601,-0.00522064,-0.990694
1775117370405736,-0.132191,0.00268599,-0.991221
1775117370425731,-0.130046,0.00953393,-0.991462
1775117370445737,-0.127325,0.0153853,-0.991742
1775117370465732,-0.116835,0.0232014,-0.99288
1775117370485730,-0.114261,0.0283633,-0.993046
1775117370505730,-0.0983772,0.0330727,-0.994599
1775117370525729,-0.0815724,0.0366268,-0.995994
1775117370545733,-0.0679464,0.0475219,-0.996557
1775117370565735,-0.0543467,0.0489474,-0.997322
1775117370585730,-0.0424693,0.0440604,-0.998126
1775117370605729,-0.0283817,0.0355007,-0.998967
1775117370625729,-0.0184872,0.0294226,-0.999396
1775117370645732,-0.00967946,0.0220095,-0.999711
1775117370665730,-0.00165501,0.00655079,-0.999977
1775117370685728,0.00194317,-0.00141584,-0.999997
1775117370705728,0.0111846,-0.0100334,-0.999887
1775117370725728,0.0182715,-0.0157229,-0.999709
1775117370745732,0.0299787,-0.026413,-0.999201
1775117370765735,0.0345356,-0.0329191,-0.998861
1775117370785727,0.0408638,-0.0400435,-0.998362
1775117370805729,0.0488938,-0.0510575,-0.997498
1775117370827014,0.0516558,-0.0567105,-0.997053
1775117370845740,0.0517464,-0.0622519,-0.996718
1775117370865731,0.05268,-0.0621554,-0.996675
1775117370885731,0.0521437,-0.0586459,-0.996916
1775117370905732,0.0433641,-0.0498334,-0.997816
1775117370925737,0.0351571,-0.0466638,-0.998292
1775117370945732,0.0224058,-0.0465877,-0.998663
1775117370965733,0.0154392,-0.0476072,-0.998747
1775117370985728,0.00774882,-0.0475826,-0.998837
1775117371005728,-0.0061674,-0.0472305,-0.998865
1775117371025728,-0.0161119,-0.0472042,-0.998755
1775117371045727,-0.0321474,-0.0457258,-0.998437
1775117371065729,-0.0447521,-0.0450118,-0.997984
1775117371085730,-0.0579981,-0.0458776,-0.997262
1775117371105729,-0.0738069,-0.0487167,-0.996082
1775117371125729,-0.0799225,-0.0523351,-0.995426
1775117371145729,-0.0833414,-0.0577238,-0.994848
1775117371165745,-0.0753597,-0.0597623,-0.995364
1775117371185728,-0.0653508,-0.0628377,-0.995882
1775117371205728,-0.0525582,-0.0638114,-0.996577
1775117371225830,-0.0377448,-0.0639055,-0.997242
1775117371245727,-0.0223768,-0.0634947,-0.997731
1775117371265732,0.00245718,-0.0623399,-0.998052
1775117371285728,0.0196219,-0.0609777,-0.997946
1775117371305730,0.0399186,-0.0571501,-0.997567
1775117371325744,0.0540955,-0.0518339,-0.99719
1775117371345737,0.0567085,-0.0527946,-0.996994
1775117371365736,0.0493287,-0.0539963,-0.997322
1775117371385730,0.041107,-0.0530448,-0.997746
1775117371405732,0.0297803,-0.0483206,-0.998388
1775117371425742,0.0209399,-0.0432976,-0.998843
1775117371445740,0.0156936,-0.0398535,-0.999082
1775117371465745,-0.0136442,-0.019778,-0.999711
1775117371485737,-0.0362101,-0.00914274,-0.999302
1775117371505727,-0.072939,-0.000662451,-0.997336
1775117371525728,-0.0886617,-0.00272882,-0.996058
1775117371545734,-0.10007,-0.00493455,-0.994968
1775117371565728,-0.108629,-0.00675345,-0.994059
1775117371585728,-0.115574,-0.009585,-0.993253
1775117371605731,-0.123591,-0.00949568,-0.992288
1775117371625733,-0.128131,-0.00927949,-0.991714
1775117371645732,-0.13066,-0.0072806,-0.991401
1775117371665745,-0.133076,-0.00616534,-0.991087
1775117371685728,-0.134443,-0.00421772,-0.990912
1775117371705730,-0.134538,0.00301832,-0.990904
1775117371725728,-0.132517,0.00701039,-0.991156
1775117371745730,-0.130657,0.0134395,-0.991337
1775117371765733,-0.127729,0.0193508,-0.99162
1775117371785729,-0.118839,0.0241149,-0.992621
1775117371805728,-0.108977,0.0293277,-0.993612
1775117371825737,-0.0972413,0.0321076,-0.994743
1775117371845732,-0.0873403,0.0363998,-0.995513
1775117371865730,-0.0731876,0.0484962,-0.996138
1775117371885730,-0.0616863,0.0463387,-0.997019
1775117371905731,-0.0475095,0.0376846,-0.99816
1775117371925739,-0.0360053,0.0302089,-0.998895
1775117371945729,-0.0293775,0.0227147,-0.99931
1775117371965729,-0.0172113,0.00875967,-0.999814
1775117371985738,-0.0103953,-0.0014155,-0.999945
1775117372005728,3.2196e-06,-0.0150559,-0.999887
1775117372025729,0.0100487,-0.0243627,-0.999653
1775117372045739,0.0178825,-0.0333169,-0.999285
1775117372065728,0.0297125,-0.0459014,-0.998504
1775117372085730,0.0343257,-0.0522902,-0.998042
1775117372105726,0.0399405,-0.0570179,-0.997574
1775117372125729,0.043797,-0.0623996,-0.99709
1775117372145737,0.0477158,-0.0594738,-0.997089
1775117372165727,0.0491006,-0.0558685,-0.99723
1775117372185758,0.0458263,-0.0521327,-0.997588
1775117372205727,0.0417614,-0.0492511,-0.997913
1775117372225730,0.0371769,-0.0500454,-0.998055
1775117372245731,0.030784,-0.0484553,-0.998351
1775117372265734,0.0149745,-0.0446679,-0.99889
1775117372285729,0.00288619,-0.0415559,-0.999132
1775117372305729,-0.0160329,-0.0406163,-0.999046
1775117372325738,-0.0301997,-0.0411065,-0.998698
1775117372345736,-0.0413419,-0.0395942,-0.99836
1775117372365738,-0.0589329,-0.0380436,-0.997537
1775117372385734,-0.0653086,-0.0363085,-0.997204
1775117372405737,-0.0758586,-0.0352764,-0.996494
1775117372425740,-0.079705,-0.036107,-0.996164
1775117372445732,-0.0840959,-0.0358438,-0.995813
1775117372465733,-0.0897162,-0.0339364,-0.995389
1775117372485727,-0.0901039,-0.0335937,-0.995366
1775117372505728,-0.0910139,-0.0320202,-0.995335
1775117372525728,-0.0909191,-0.0317855,-0.995351
1775117372545737,-0.0897511,-0.0309355,-0.995484
1775117372565730,-0.085195,-0.0301934,-0.995907
1775117372585732,-0.082598,-0.0292197,-0.996154
1775117372605731,-0.0783632,-0.0278443,-0.996536
1775117372625729,-0.0758974,-0.0271356,-0.996746
1775117372645735,-0.0701721,-0.0280996,-0.997139
1775117372665727,-0.065984,-0.0259916,-0.997482
1775117372685731,-0.0632462,-0.0250584,-0.997683
1775117372705760,-0.0588373,-0.0241525,-0.997975
1775117372725729,-0.0567476,-0.0240134,-0.9981
1775117372745732,-0.054845,-0.0233113,-0.998223
1775117372765735,-0.05257,-0.0230707,-0.998351
1775117372785730,-0.0515705,-0.0227577,-0.99841
1775117372805733,-0.0513119,-0.022262,-0.998435
1775117372825735,-0.0519531,-0.0222248,-0.998402
1775117372845737,-0.0523864,-0.0226239,-0.998371
1775117372865730,-0.0529302,-0.022135,-0.998353
1775117372885729,-0.0536354,-0.0227026,-0.998302
1775117372905734,-0.0561245,-0.0223437,-0.998174
1775117372925736,-0.0554167,-0.02158,-0.99823
1775117372945732,-0.0577398,-0.0218303,-0.998093
1775117372965761,-0.0593042,-0.0226785,-0.997982
1775117372985727,-0.0601372,-0.0220891,-0.997946
1775117373005753,-0.0599064,-0.0219815,-0.997962
1775117373025735,-0.0612238,-0.022953,-0.99786
1775117373045731,-0.0604738,-0.0218282,-0.997931
1775117373065728,-0.0607036,-0.0225721,-0.997901
1775117373085734,-0.0597933,-0.0218347,-0.997972
1775117373105735,-0.0592025,-0.0212738,-0.998019
1775117373125728,-0.058565,-0.0208788,-0.998065
1775117373145732,-0.0577719,-0.0211623,-0.998105
1775117373165730,-0.05763,-0.021082,-0.998115
1775117373185729,-0.0567126,-0.0220834,-0.998146
1775117373205727,-0.0577077,-0.0218749,-0.998094
1775117373225728,-0.057869,-0.0223104,-0.998075
1775117373245736,-0.0577208,-0.0221472,-0.998087
1775117373265730,-0.0581131,-0.0211975,-0.998085
1775117373285733,-0.0581517,-0.0210398,-0.998086
1775117373305729,-0.0593661,-0.0213084,-0.998009
1775117373325735,-0.0592814,-0.0200674,-0.99804
1775117373345732,-0.0591897,-0.0214202,-0.998017
1775117373365735,-0.0595419,-0.0218765,-0.997986
1775117373385729,-0.0588878,-0.0205798,-0.998052
1775117373405741,-0.0595768,-0.0207659,-0.998008
1775117373425751,-0.0591119,-0.0211828,-0.998027
1775117373445739,-0.0590783,-0.0213157,-0.998026
1775117373465746,-0.058332,-0.0214066,-0.998068
1775117373485730,-0.0578736,-0.020567,-0.998112
1775117373505732,-0.0569146,-0.0205959,-0.998167
1775117373525730,-0.0576693,-0.0207807,-0.998119
1775117373545729,-0.0577163,-0.0207618,-0.998117
1775117373565731,-0.0572548,-0.0208001,-0.998143
1775117373585728,-0.0573459,-0.0207755,-0.998138
1775117373605729,-0.0585697,-0.0209096,-0.998064
1775117373625732,-0.0588264,-0.0211737,-0.998044
1775117373645735,-0.0588451,-0.0212481,-0.998041
1775117373665733,-0.0594794,-0.0212616,-0.998003
1775117373685730,-0.0595226,-0.0213619,-0.997998
1775117373705730,-0.0596155,-0.0214337,-0.997991
1775117373725732,-0.0601672,-0.0217286,-0.997952
1775117373745734,-0.0596725,-0.0215306,-0.997986
1775117373765731,-0.0591513,-0.0212081,-0.998024
1775117373785730,-0.0592061,-0.0204337,-0.998037
1775117373805731,-0.0599106,-0.0214838,-0.997973
1775117373825734,-0.0599624,-0.0212722,-0.997974
1775117373845732,-0.05993,-0.0210149,-0.997981
1775117373865739,-0.0587085,-0.0205349,-0.998064
1775117373885733,-0.0593284,-0.0207327,-0.998023
1775117373905729,-0.0599903,-0.0211122,-0.997976
1775117373925740,-0.0606224,-0.0217808,-0.997923
1775117373945731,-0.0611179,-0.0216686,-0.997895
1775117373965730,-0.0615817,-0.0219113,-0.997862
1775117373985731,-0.0608061,-0.0219786,-0.997908
1775117374005731,-0.0619797,-0.0219398,-0.997836
1775117374025729,-0.0619995,-0.021951,-0.997835
1775117374045728,-0.0601156,-0.0218364,-0.997953
1775117374065731,-0.0602593,-0.0222196,-0.997935
1775117374085726,-0.0605843,-0.0222198,-0.997916
1775117374105729,-0.0606393,-0.0220472,-0.997916
1775117374125736,-0.0609299,-0.0220509,-0.997898
1775117374145730,-0.0610863,-0.0221242,-0.997887
1775117374165731,-0.0612543,-0.0217469,-0.997885
1775117374185731,-0.061207,-0.0218436,-0.997886
1775117374205730,-0.0611292,-0.0218664,-0.99789
1775117374225736,-0.0608032,-0.0217278,-0.997913
1775117374245729,-0.0599909,-0.0216283,-0.997965
1775117374265733,-0.0590701,-0.0223872,-0.998003
1775117374285747,-0.0588949,-0.0224699,-0.998011
1775117374305793,-0.058978,-0.0221242,-0.998014
1775117374325736,-0.0592297,-0.0221016,-0.998
1775117374345742,-0.0589608,-0.0223752,-0.99801
1775117374365737,-0.0591047,-0.0225244,-0.997998
1775117374385731,-0.0592595,-0.0223779,-0.997992
1775117374405729,-0.0588768,-0.0224736,-0.998012
1775117374425729,-0.058584,-0.02293,-0.998019
1775117374445735,-0.0591847,-0.0224821,-0.997994
1775117374465729,-0.0589123,-0.0220583,-0.998019
1775117374485729,-0.058946,-0.0214719,-0.99803
1775117374505728,-0.0587225,-0.0216635,-0.998039
1775117374525730,-0.058777,-0.0215093,-0.998039
1775117374545727,-0.0590833,-0.0216804,-0.998018
1775117374565734,-0.0589498,-0.0217354,-0.998024
1775117374585730,-0.0590207,-0.0218986,-0.998017
1775117374605861,-0.0590735,-0.0217206,-0.998017
1775117374625737,-0.0587584,-0.0217797,-0.998035
1775117374645730,-0.0592351,-0.0222317,-0.997996
1775117374665759,-0.0587912,-0.0223937,-0.998019
1775117374685728,-0.0586751,-0.0222011,-0.99803
1775117374705729,-0.0584468,-0.0224201,-0.998039
1775117374725733,-0.0585642,-0.0225771,-0.998028
1775117374745727,-0.0587093,-0.0222836,-0.998026
1775117374765732,-0.0585042,-0.0225462,-0.998033
1775117374785734,-0.059908,-0.0218307,-0.997965
1775117374805734,-0.0598092,-0.0220408,-0.997966
1775117374825733,-0.0600296,-0.0222042,-0.99795
1775117374845742,-0.0604238,-0.0221347,-0.997927
1775117374865748,-0.0604243,-0.022162,-0.997927
1775117374885744,-0.0603752,-0.0223977,-0.997924
1775117374905732,-0.0606666,-0.0220216,-0.997915
1775117374925737,-0.0593006,-0.0225588,-0.997985
1775117374945736,-0.0607588,-0.0223873,-0.997901
1775117374965736,-0.0607661,-0.0216811,-0.997917
1775117374985730,-0.0609688,-0.0223982,-0.997888
1775117375005737,-0.0612454,-0.0225479,-0.997868
1775117375025744,-0.0612067,-0.0225621,-0.99787
1775117375045744,-0.0611915,-0.0224399,-0.997874
1775117375065736,-0.061518,-0.0226257,-0.997849
1775117375085744,-0.0617509,-0.022549,-0.997837
1775117375105744,-0.0617628,-0.0228962,-0.997828
1775117375125736,-0.06184,-0.0228331,-0.997825
1775117375145730,-0.0619977,-0.0229315,-0.997813
1775117375165732,-0.0618122,-0.0228543,-0.997826
1775117375185726,-0.0619048,-0.0224582,-0.997829
1775117375205728,-0.0621711,-0.0225879,-0.99781
1775117375225743,-0.0615359,-0.022807,-0.997844
1775117375245731,-0.0616797,-0.0225887,-0.99784
1775117375265735,-0.0609209,-0.0224326,-0.99789
1775117375285733,-0.0621479,-0.0233046,-0.997795
1775117375305732,-0.0620795,-0.0233545,-0.997798
1775117375325736,-0.0622276,-0.0228021,-0.997801
1775117375345733,-0.0620638,-0.0229508,-0.997808
1775117375365738,-0.0619433,-0.0227365,-0.997821
1775117375385737,-0.0619951,-0.0227258,-0.997818
1775117375405730,-0.0619932,-0.0226701,-0.997819
1775117375425778,-0.0619046,-0.0227942,-0.997822
1775117375445899,-0.0618113,-0.0227383,-0.997829
1775117375465738,-0.061624,-0.0234578,-0.997824
1775117375485738,-0.0619121,-0.0229371,-0.997818
1775117375505730,-0.0607307,-0.0229054,-0.997891
1775117375525731,-0.0620691,-0.0230169,-0.997806
1775117375545735,-0.0617709,-0.0230556,-0.997824
1775117375565734,-0.061867,-0.0229441,-0.997821
1775117375585732,-0.0610106,-0.0228674,-0.997875
1775117375605729,-0.0608759,-0.0226757,-0.997888
1775117375625730,-0.061233,-0.0220906,-0.997879
1775117375645732,-0.0609312,-0.0227548,-0.997883
1775117375665737,-0.060421,-0.0225962,-0.997917
1775117375685736,-0.0604854,-0.0227118,-0.997911
1775117375705755,-0.0608194,-0.0220633,-0.997905
1775117375725734,-0.061107,-0.0225398,-0.997877
1775117375745731,-0.0615477,-0.0224503,-0.997852
1775117375765733,-0.0602841,-0.0221948,-0.997934
1775117375785730,-0.0607721,-0.0222457,-0.997904
1775117375805730,-0.06113,-0.0226175,-0.997874
1775117375825735,-0.062467,-0.0221632,-0.997801
1775117375845734,-0.061346,-0.0226814,-0.997859
1775117375865735,-0.0608193,-0.022889,-0.997886
1775117375885728,-0.0614636,-0.0231185,-0.997842
1775117375905732,-0.0616616,-0.0230362,-0.997831
1775117375925737,-0.0610763,-0.0225515,-0.997878
1775117375945751,-0.0616963,-0.0227445,-0.997836
1775117375965729,-0.062914,-0.0225358,-0.997764
1775117375985729,-0.062331,-0.0218105,-0.997817
1775117376005732,-0.0614872,-0.0223381,-0.997858
1775117376025731,-0.0617309,-0.0225195,-0.997839
1775117376045735,-0.0624583,-0.0227687,-0.997788
1775117376065729,-0.0619826,-0.0227956,-0.997817
1775117376085730,-0.0625704,-0.0226752,-0.997783
1775117376105731,-0.0630027,-0.0219125,-0.997773
1775117376125730,-0.0626299,-0.0229342,-0.997773
1775117376145734,-0.0618822,-0.0233168,-0.997811
1775117376165733,-0.0624632,-0.0227192,-0.997789
1775117376185729,-0.0619173,-0.022528,-0.997827
1775117376205732,-0.0609562,-0.0226455,-0.997884
1775117376225730,-0.0610723,-0.022716,-0.997875
1775117376245732,-0.0621992,-0.0233408,-0.997791
1775117376265733,-0.060575,-0.0235698,-0.997885
1775117376285729,-0.0605089,-0.0235403,-0.99789
1775117376305730,-0.0607695,-0.0228669,-0.99789
1775117376325735,-0.0603265,-0.0228239,-0.997918
1775117376345736,-0.0614198,-0.022809,-0.997851
1775117376365731,-0.0606302,-0.0223497,-0.99791
1775117376385727,-0.0613961,-0.0226521,-0.997856
1775117376405733,-0.0612177,-0.0227117,-0.997866
1775117376425734,-0.06127,-0.0226282,-0.997865
1775117376445750,-0.0616168,-0.0222907,-0.997851
1775117376465728,-0.0616839,-0.0225332,-0.997841
1775117376485731,-0.0618667,-0.0226957,-0.997826
1775117376505727,-0.0614537,-0.0229643,-0.997846
1775117376525728,-0.0611366,-0.0231016,-0.997862
1775117376545733,-0.0605907,-0.0239895,-0.997874
1775117376565729,-0.0600035,-0.0240883,-0.997907
1775117376585731,-0.0593758,-0.0238745,-0.99795
1775117376605729,-0.0607459,-0.0245341,-0.997852
1775117376625728,-0.0610876,-0.0241928,-0.997839
1775117376645736,-0.060925,-0.0230001,-0.997877
1775117376665731,-0.0612958,-0.0229094,-0.997857
1775117376685728,-0.0607055,-0.0232718,-0.997884
1775117376705727,-0.0609593,-0.0233805,-0.997866
1775117376725732,-0.0607677,-0.0233684,-0.997878
1775117376745730,-0.0594724,-0.0242799,-0.997935
1775117376765730,-0.0543944,-0.0262897,-0.998173
1775117376785729,-0.0547884,-0.0264556,-0.998147
1775117376805767,-0.0529642,-0.0255438,-0.99827
1775117376825748,-0.0525061,-0.0231647,-0.998352
1775117376845740,-0.0539325,-0.0207582,-0.998329
1775117376865699,-0.053742,-0.0211844,-0.99833
1775117376885764,-0.0527175,-0.0210384,-0.998388
1775117376905738,-0.0514991,-0.0212783,-0.998446
1775117376925732,-0.0510613,-0.0196554,-0.998502
1775117376945731,-0.0514752,-0.0202583,-0.998469
1775117376965748,-0.050271,-0.0206085,-0.998523
1775117376985744,-0.0507028,-0.0209211,-0.998495
1775117377005741,-0.051316,-0.0203413,-0.998475
1775117377025736,-0.0517839,-0.0204456,-0.998449
1775117377045739,-0.0514233,-0.020851,-0.998459
1775117377065727,-0.0518141,-0.0209231,-0.998438
1775117377085731,-0.0525138,-0.020503,-0.99841
1775117377105729,-0.0518847,-0.0204149,-0.998444
1775117377125730,-0.0532507,-0.020526,-0.99837
1775117377145735,-0.0544733,-0.0209888,-0.998295
1775117377165731,-0.0536416,-0.0209769,-0.99834
1775117377185734,-0.0546109,-0.0205228,-0.998297
1775117377205729,-0.0556733,-0.0204547,-0.998239
1775117377225731,-0.0555309,-0.0205288,-0.998246
1775117377245762,-0.0559384,-0.0200936,-0.998232
1775117377265737,-0.0541006,-0.0217859,-0.998298
1775117377285729,-0.0550017,-0.0212601,-0.99826
1775117377305731,-0.0561803,-0.0214587,-0.99819
1775117377325731,-0.0563008,-0.0216425,-0.998179
1775117377345732,-0.0555702,-0.0216138,-0.998221
1775117377365736,-0.0568782,-0.0218874,-0.998141
1775117377385731,-0.0563844,-0.0221472,-0.998163
1775117377405729,-0.0567255,-0.0213313,-0.998162
1775117377425752,-0.0579142,-0.021258,-0.998095
1775117377445734,-0.0589529,-0.0214507,-0.99803
1775117377465729,-0.0588573,-0.0213329,-0.998038
1775117377485727,-0.0598452,-0.021631,-0.997973
1775117377505730,-0.0596712,-0.0212145,-0.997993
1775117377525735,-0.0593891,-0.0209403,-0.998015
1775117377545728,-0.0603255,-0.0209164,-0.99796
1775117377565732,-0.059133,-0.0210155,-0.998029
1775117377585731,-0.060215,-0.0209463,-0.997966
1775117377605727,-0.0597472,-0.0215046,-0.997982
1775117377625730,-0.0605622,-0.0216185,-0.99793
1775117377645733,-0.0602141,-0.0212519,-0.997959
1775117377665751,-0.0609467,-0.0219095,-0.997901
1775117377685762,-0.0597346,-0.0215995,-0.997981
1775117377705727,-0.0585594,-0.0215887,-0.99805
1775117377725728,-0.0598799,-0.0209978,-0.997985
1775117377745750,-0.0601407,-0.0212184,-0.997964
1775117377765732,-0.0620786,-0.0219785,-0.997829
1775117377785728,-0.0622854,-0.0222787,-0.99781
1775117377805729,-0.0641049,-0.0210498,-0.997721
1775117377825730,-0.0634142,-0.0218807,-0.997747
1775117377845732,-0.0633783,-0.0219239,-0.997749
1775117377865736,-0.0632723,-0.0220361,-0.997753
1775117377885728,-0.0633613,-0.0220139,-0.997748
1775117377905746,-0.063069,-0.0216133,-0.997775
1775117377925742,-0.0631924,-0.0214783,-0.99777
1775117377945737,-0.0629535,-0.0214746,-0.997785
1775117377965736,-0.06306,-0.0208688,-0.997792
1775117377985776,-0.0625382,-0.0216487,-0.997808
1775117378005737,-0.0626813,-0.0216386,-0.997799
1775117378025736,-0.0626982,-0.0216683,-0.997797
1775117378045739,-0.0625725,-0.0215721,-0.997807
1775117378065730,-0.0626068,-0.0215619,-0.997805
1775117378085732,-0.0628601,-0.0218172,-0.997784
1775117378105729,-0.062718,-0.0216156,-0.997797
1775117378125734,-0.0623013,-0.021615,-0.997823
1775117378145729,-0.0622214,-0.0216439,-0.997828
1775117378165759,-0.0627925,-0.0221384,-0.997781
1775117378185728,-0.06264,-0.0221122,-0.997791
1775117378205729,-0.0620073,-0.0212953,-0.997848
1775117378225730,-0.0621252,-0.0211866,-0.997843
1775117378245737,-0.0618701,-0.0211348,-0.99786
1775117378265730,-0.0621141,-0.0214636,-0.997838
1775117378285732,-0.0621254,-0.021372,-0.99784
1775117378305729,-0.0616435,-0.0210099,-0.997877
1775117378325727,-0.0616706,-0.0210011,-0.997876
1775117378345737,-0.0613678,-0.0217374,-0.997878
1775117378365730,-0.0617567,-0.0214042,-0.997862
1775117378385736,-0.0616946,-0.0213315,-0.997867
1775117378405731,-0.0618039,-0.0217091,-0.997852
1775117378425732,-0.0625363,-0.0219681,-0.997801
1775117378445751,-0.061824,-0.0212496,-0.997861
1775117378465729,-0.061207,-0.0211011,-0.997902
1775117378485740,-0.06189,-0.0214806,-0.997852
1775117378505740,-0.0620452,-0.021397,-0.997844
1775117378525736,-0.0621253,-0.0212036,-0.997843
1775117378545736,-0.0620488,-0.0213241,-0.997845
1775117378565728,-0.0619567,-0.0205403,-0.997867
1775117378585728,-0.061948,-0.0213204,-0.997852
1775117378605727,-0.0624015,-0.0220143,-0.997808
1775117378625729,-0.0621847,-0.0215324,-0.997832
1775117378645732,-0.0623914,-0.021514,-0.99782
1775117378665735,-0.0621694,-0.0215715,-0.997832
1775117378685730,-0.0625787,-0.0218378,-0.997801
1775117378705735,-0.0622442,-0.0216266,-0.997827
1775117378725728,-0.0626069,-0.0216659,-0.997803
1775117378745728,-0.0622654,-0.0217121,-0.997823
1775117378765757,-0.06258,-0.0208103,-0.997823
1775117378785728,-0.0623101,-0.0209193,-0.997838
1775117378805728,-0.0630172,-0.0211068,-0.997789
1775117378825737,-0.0624654,-0.0210252,-0.997826
1775117378845739,-0.0625118,-0.0212924,-0.997817
1775117378865742,-0.0625539,-0.0214035,-0.997812
1775117378885733,-0.0623596,-0.0208959,-0.997835
1775117378905733,-0.0626838,-0.0209602,-0.997813
1775117378925742,-0.0622771,-0.0208142,-0.997842
1775117378945736,-0.0630912,-0.0208381,-0.99779
1775117378965738,-0.0625795,-0.0211217,-0.997816
1775117378985737,-0.0627758,-0.0210191,-0.997806
1775117379005729,-0.0627025,-0.0211108,-0.997809
1775117379025730,-0.0625988,-0.0217535,-0.997802
1775117379045738,-0.0626698,-0.0216637,-0.997799
1775117379065728,-0.0629453,-0.0221033,-0.997772
1775117379085731,-0.0625534,-0.0217703,-0.997804
1775117379105731,-0.0628327,-0.0218711,-0.997784
1775117379125730,-0.06271,-0.0218344,-0.997793
1775117379145738,-0.0628651,-0.0217373,-0.997785
1775117379165731,-0.0625131,-0.0217472,-0.997807
1775117379185733,-0.0624811,-0.0217337,-0.997809
1775117379205733,-0.0626384,-0.0210018,-0.997815
1775117379225731,-0.0627572,-0.0211724,-0.997804
1775117379245734,-0.0626936,-0.0210829,-0.99781
1775117379265734,-0.0625708,-0.0212829,-0.997814
1775117379285729,-0.0624753,-0.0211747,-0.997822
1775117379305729,-0.0626923,-0.0211172,-0.997809
1775117379325709,-0.0627428,-0.0213327,-0.997802
1775117379345735,-0.0626126,-0.0210539,-0.997816
1775117379365736,-0.0626425,-0.0213218,-0.997808
1775117379385729,-0.0627582,-0.0213365,-0.997801
1775117379405747,-0.0627543,-0.0211594,-0.997805
1775117379425749,-0.0624824,-0.0212936,-0.997819
1775117379445736,-0.0624455,-0.0211715,-0.997824
1775117379465739,-0.0625522,-0.0219481,-0.9978
1775117379485738,-0.0626379,-0.0221882,-0.99779
1775117379505734,-0.062463,-0.021985,-0.997805
1775117379525735,-0.062271,-0.022006,-0.997817
1775117379545749,-0.0623845,-0.0219062,-0.997812
1775117379565733,-0.0626624,-0.0220853,-0.99779
1775117379585740,-0.0625973,-0.0220071,-0.997796
1775117379605738,-0.0629388,-0.021939,-0.997776
1775117379625738,-0.062988,-0.0210909,-0.997791
1775117379645744,-0.0628475,-0.0210123,-0.997802
1775117379665739,-0.0629012,-0.0212259,-0.997794
1775117379685734,-0.0631687,-0.0212152,-0.997777
1775117379705737,-0.0627295,-0.0212898,-0.997803
1775117379725740,-0.062705,-0.0220032,-0.99779
1775117379745745,-0.0629806,-0.0213855,-0.997786
1775117379765739,-0.062601,-0.0216657,-0.997803
1775117379785743,-0.0628432,-0.0214779,-0.997792
1775117379805734,-0.0631249,-0.0213926,-0.997776
1775117379825735,-0.0627452,-0.0219982,-0.997787
1775117379845739,-0.0631979,-0.0223451,-0.997751
1775117379865743,-0.0628093,-0.0219943,-0.997783
1775117379885732,-0.0629893,-0.0216735,-0.997779
1775117379905729,-0.0630903,-0.0217423,-0.997771
1775117379925734,-0.0630195,-0.0219157,-0.997772
1775117379945739,-0.0630006,-0.0217742,-0.997776
1775117379965735,-0.062898,-0.0218611,-0.997781
1775117379985734,-0.0626218,-0.0221215,-0.997792
1775117380005731,-0.0629259,-0.0216772,-0.997783
1775117380025735,-0.0628863,-0.0218547,-0.997781
1775117380045732,-0.0630615,-0.0217281,-0.997773
1775117380065733,-0.0628835,-0.0220365,-0.997778
1775117380085730,-0.0630007,-0.0218977,-0.997773
1775117380105729,-0.0630165,-0.0220088,-0.99777
1775117380125734,-0.0633629,-0.0216472,-0.997756
1775117380145729,-0.0630649,-0.0212587,-0.997783
1775117380165732,-0.063051,-0.0218725,-0.997771
1775117380185735,-0.0630942,-0.0218566,-0.997768
1775117380205729,-0.063085,-0.0218681,-0.997769
1775117380225729,-0.0632285,-0.0216941,-0.997763
1775117380245731,-0.0632294,-0.0216573,-0.997764
1775117380265731,-0.0631236,-0.0218578,-0.997766
1775117380285729,-0.0628418,-0.0215819,-0.99779
1775117380305727,-0.0630454,-0.0217871,-0.997773
1775117380325732,-0.0626812,-0.0220938,-0.997789
1775117380345733,-0.0629433,-0.021595,-0.997783
1775117380365732,-0.0631254,-0.0216178,-0.997771
1775117380385730,-0.0630923,-0.0216964,-0.997772
1775117380405733,-0.0627489,-0.0214863,-0.997798
1775117380425729,-0.0628906,-0.0216127,-0.997786
1775117380445732,-0.0628278,-0.0214645,-0.997794
1775117380465735,-0.0623866,-0.0218662,-0.997812
1775117380485727,-0.0629337,-0.0215628,-0.997785
1775117380505728,-0.0624383,-0.0218655,-0.997809
1775117380525733,-0.0621742,-0.0216839,-0.99783
1775117380545733,-0.0623179,-0.020897,-0.997838
1775117380565730,-0.061948,-0.0210228,-0.997858
1775117380585730,-0.0611277,-0.0208203,-0.997913
1775117380605732,-0.0612586,-0.0213074,-0.997894
1775117380625734,-0.06024,-0.0215926,-0.99795
1775117380645727,-0.0596609,-0.0212582,-0.997992
1775117380665734,-0.0598368,-0.0215066,-0.997976
1775117380685734,-0.0598086,-0.021364,-0.997981
1775117380705728,-0.0604838,-0.0212795,-0.997942
1775117380725727,-0.0606005,-0.0207036,-0.997947
1775117380745733,-0.0602589,-0.0211787,-0.997958
1775117380765731,-0.0598434,-0.0210197,-0.997986
1775117380785733,-0.0604879,-0.0220182,-0.997926
1775117380805730,-0.0582054,-0.0213647,-0.998076
1775117380825731,-0.0604078,-0.0197861,-0.997978
1775117380845738,-0.0577943,-0.0203066,-0.998122
1775117380865735,-0.0582939,-0.0202674,-0.998094
1775117380885731,-0.0578942,-0.020449,-0.998113
1775117380905743,-0.057267,-0.0205479,-0.998147
1775117380925740,-0.056939,-0.0206092,-0.998165
1775117380945735,-0.0562649,-0.0210085,-0.998195
1775117380965757,-0.0568978,-0.0208172,-0.998163
1775117380985743,-0.0567943,-0.0205564,-0.998174
1775117381005749,-0.0560604,-0.0203051,-0.998221
1775117381025738,-0.0553895,-0.0201848,-0.998261
1775117381045748,-0.0551323,-0.0201977,-0.998275
1775117381065734,-0.0556056,-0.0206347,-0.99824
1775117381085757,-0.0555126,-0.0204803,-0.998248
1775117381105731,-0.0542917,-0.0204251,-0.998316
1775117381125734,-0.05478,-0.0208266,-0.998281
1775117381145729,-0.0551066,-0.0206356,-0.998267
1775117381165733,-0.0543108,-0.0204325,-0.998315
1775117381185729,-0.0529755,-0.0202538,-0.99839
1775117381205730,-0.0521238,-0.0191386,-0.998457
1775117381225729,-0.0534821,-0.0197327,-0.998374
1775117381245726,-0.0525353,-0.0200796,-0.998417
1775117381265729,-0.0515635,-0.0200567,-0.998468
1775117381285730,-0.0503621,-0.0206656,-0.998517
1775117381305727,-0.0494211,-0.0201258,-0.998575
1775117381325730,-0.0515567,-0.0194015,-0.998482
1775117381345733,-0.051409,-0.0190908,-0.998495
1775117381365737,-0.0502716,-0.0197147,-0.998541
1775117381385732,-0.0533814,-0.0186164,-0.998401
1775117381405727,-0.0523685,-0.0186165,-0.998454
1775117381425730,-0.0529444,-0.0185214,-0.998426
1775117381445732,-0.0498705,-0.0191286,-0.998572
1775117381465731,-0.051656,-0.0179486,-0.998504
1775117381485729,-0.0515402,-0.0185393,-0.998499
1775117381505732,-0.0497208,-0.0192635,-0.998577
1775117381525730,-0.0489761,-0.0197174,-0.998605
1775117381545729,-0.0486738,-0.0185361,-0.998643
1775117381565749,-0.0476388,-0.0182838,-0.998697
1775117381585728,-0.0463994,-0.0180601,-0.99876
1775117381605728,-0.0460584,-0.0180661,-0.998775
1775117381625731,-0.0468674,-0.0181821,-0.998736
1775117381645727,-0.0467043,-0.0186012,-0.998736
1775117381665734,-0.0468563,-0.0185062,-0.99873
1775117381685729,-0.0467658,-0.0188685,-0.998728
1775117381705735,-0.0453941,-0.0184435,-0.998799
1775117381725730,-0.0451552,-0.0179397,-0.998819
1775117381745729,-0.0455453,-0.0175237,-0.998809
1775117381765735,-0.0436083,-0.0182213,-0.998883
1775117381785730,-0.0436562,-0.0178065,-0.998888
1775117381805729,-0.043091,-0.0177678,-0.998913
1775117381825729,-0.0389609,-0.0185443,-0.999069
1775117381845736,-0.0424195,-0.0188711,-0.998922
1775117381865729,-0.0430122,-0.0186057,-0.998901
1775117381885731,-0.0426232,-0.0182695,-0.998924
1775117381905727,-0.0405288,-0.0190923,-0.998996
1775117381925730,-0.0443319,-0.0177982,-0.998858
1775117381945744,-0.0422528,-0.0183862,-0.998938
1775117381965786,-0.0439803,-0.017524,-0.998879
1775117381985768,-0.041919,-0.0164225,-0.998986
1775117382005733,-0.0386862,-0.0182215,-0.999085
1775117382025732,-0.0399334,-0.018787,-0.999026
1775117382045740,-0.0394554,-0.0185642,-0.999049
1775117382065735,-0.037913,-0.018486,-0.99911
1775117382085733,-0.0409138,-0.0169009,-0.99902
1775117382105730,-0.0393047,-0.0177506,-0.99907
1775117382125733,-0.0384627,-0.0178455,-0.999101
1775117382145732,-0.0367556,-0.0190184,-0.999143
1775117382165728,-0.0369326,-0.0179863,-0.999156
1775117382185728,-0.0361017,-0.0192167,-0.999163
1775117382205729,-0.0386193,-0.0188631,-0.999076
1775117382225728,-0.036094,-0.0187183,-0.999173
1775117382245728,-0.0397434,-0.0178802,-0.99905
1775117382265727,-0.0425504,-0.0173393,-0.998944
1775117382285728,-0.03733,-0.0173178,-0.999153
1775117382305735,-0.0420382,-0.0173432,-0.998965
1775117382325730,-0.039862,-0.0176869,-0.999049
1775117382345739,-0.0415499,-0.016734,-0.998996
1775117382365739,-0.0411856,-0.0157658,-0.999027
1775117382385734,-0.0410024,-0.0156465,-0.999037
1775117382405737,-0.0402805,-0.0158483,-0.999063
1775117382425742,-0.0406496,-0.0158431,-0.999048
1775117382445734,-0.0418704,-0.0158204,-0.998998
1775117382465731,-0.0372806,-0.0184094,-0.999135
1775117382485731,-0.0380237,-0.0179452,-0.999116
1775117382505788,-0.0408334,-0.0164933,-0.99903
1775117382525734,-0.0367146,-0.0171934,-0.999178
1775117382545729,-0.0359366,-0.0172353,-0.999205
1775117382565738,-0.0358854,-0.0158395,-0.99923
1775117382585734,-0.0367364,-0.0164385,-0.99919
1775117382605733,-0.0364457,-0.0168373,-0.999194
1775117382625732,-0.034103,-0.0174394,-0.999266
1775117382645745,-0.0347796,-0.0167984,-0.999254
1775117382665734,-0.0340744,-0.0169753,-0.999275
1775117382685733,-0.0381443,-0.0167602,-0.999132
1775117382705732,-0.0332036,-0.0173008,-0.999299
1775117382725731,-0.034669,-0.016646,-0.99926
1775117382745735,-0.0315503,-0.0169047,-0.999359
1775117382765728,-0.033099,-0.0179887,-0.99929
1775117382785729,-0.0306449,-0.017385,-0.999379
1775117382805728,-0.0311538,-0.0168661,-0.999372
1775117382825729,-0.0308389,-0.0175822,-0.99937
1775117382845747,-0.028139,-0.0188073,-0.999427
1775117382873857,-0.0289205,-0.0182413,-0.999415
1775117382885732,-0.0287038,-0.0181404,-0.999423
1775117382905732,-0.0286336,-0.0181123,-0.999426
1775117382925737,-0.0285617,-0.0185227,-0.99942
1775117382945740,-0.0297446,-0.0176131,-0.999402
1775117382965741,-0.0283065,-0.0184993,-0.999428
1775117382985737,-0.031181,-0.0169416,-0.99937
1775117383005737,-0.0309391,-0.0185205,-0.99935
1775117383025738,-0.0325262,-0.0172428,-0.999322
1775117383045728,-0.0331012,-0.0159654,-0.999324
1775117383065732,-0.0327673,-0.0166632,-0.999324
1775117383085728,-0.033964,-0.0177595,-0.999265
1775117383105728,-0.0309796,-0.0170751,-0.999374
1775117383125732,-0.0336815,-0.0175906,-0.999278
1775117383145728,-0.0347102,-0.0166457,-0.999259
1775117383165732,-0.0343126,-0.0173603,-0.99926
1775117383185732,-0.0350247,-0.0166919,-0.999247
1775117383205756,-0.0368045,-0.0170482,-0.999177
1775117383225729,-0.038327,-0.0154525,-0.999146
1775117383245793,-0.0402056,-0.0187536,-0.999015
1775117383265732,-0.0388955,-0.0165533,-0.999106
1775117383285755,-0.0393362,-0.0161144,-0.999096
1775117383305728,-0.0391831,-0.0144317,-0.999128
1775117383325728,-0.0372851,-0.0157148,-0.999181
1775117383345738,-0.0342693,-0.0183281,-0.999245
1775117383365730,-0.0300629,-0.0176297,-0.999393
1775117383385739,-0.0286139,-0.0170558,-0.999445
1775117383405729,-0.0281405,-0.0163805,-0.99947
1775117383425730,-0.027155,-0.0162074,-0.9995
1775117383445736,-0.026327,-0.0164123,-0.999519
1775117383465982,-0.0252718,-0.0161476,-0.99955
1775117383485729,-0.0249643,-0.0161273,-0.999558
1775117383505730,-0.0294494,-0.0149079,-0.999455
1775117383525918,-0.0240818,-0.0159253,-0.999583
1775117383545729,-0.0251852,-0.017247,-0.999534
1775117383565734,-0.0257786,-0.0153109,-0.99955
1775117383585728,-0.0251771,-0.0148747,-0.999572
1775117383605728,-0.0250277,-0.0143354,-0.999584
1775117383625729,-0.0250012,-0.0157674,-0.999563
1775117383645729,-0.0252995,-0.0161874,-0.999549
1775117383665733,-0.0253249,-0.0157128,-0.999556
1775117383685729,-0.0237655,-0.0163199,-0.999584
1775117383705730,-0.0228819,-0.0160654,-0.999609
1775117383725729,-0.0230668,-0.0152633,-0.999617
1775117383745732,-0.0240382,-0.0145826,-0.999605
1775117383765730,-0.0221454,-0.0150559,-0.999641
1775117383785730,-0.0223386,-0.0151312,-0.999636
1775117383805728,-0.0225447,-0.0152405,-0.99963
1775117383825730,-0.0218124,-0.0150568,-0.999649
1775117383845740,-0.0218251,-0.013796,-0.999667
1775117383865733,-0.020222,-0.0153458,-0.999678
1775117383885731,-0.0213844,-0.0147888,-0.999662
1775117383905728,-0.0215832,-0.0139671,-0.999669
1775117383925731,-0.021155,-0.0133381,-0.999687
1775117383945737,-0.0211424,-0.0140385,-0.999678
1775117383965808,-0.019946,-0.014217,-0.9997
1775117383985732,-0.021986,-0.0132717,-0.99967
1775117384005756,-0.021867,-0.0123239,-0.999685
1775117384025741,-0.0218368,-0.0124961,-0.999683
1775117384045742,-0.0225381,-0.0130494,-0.999661
1775117384065743,-0.0221816,-0.0124626,-0.999676
1775117384085739,-0.021799,-0.0138965,-0.999666
1775117384105741,-0.0206942,-0.0135286,-0.999694
1775117384125733,-0.0215493,-0.0133943,-0.999678
1775117384145729,-0.0216062,-0.0134586,-0.999676
1775117384165730,-0.0205136,-0.0128639,-0.999707
1775117384185729,-0.0208685,-0.012476,-0.999704
1775117384205729,-0.0207083,-0.0129551,-0.999702
1775117384225733,-0.0198286,-0.0137889,-0.999708
1775117384245729,-0.0199394,-0.0122925,-0.999726
1775117384265736,-0.0209579,-0.0126296,-0.999701
1775117384285728,-0.0202087,-0.0138342,-0.9997
1775117384305730,-0.0196955,-0.0126497,-0.999726
1775117384325728,-0.0206817,-0.0117496,-0.999717
1775117384345735,-0.0207059,-0.0122739,-0.99971
1775117384365734,-0.0206887,-0.0129408,-0.999702
1775117384385733,-0.0199501,-0.0119306,-0.99973
1775117384405741,-0.0224289,-0.0113869,-0.999684
1775117384425734,-0.0225569,-0.0120087,-0.999673
1775117384445735,-0.0216195,-0.0124105,-0.999689
1775117384465789,-0.0212911,-0.0127724,-0.999692
1775117384485733,-0.0205659,-0.0118015,-0.999719
1775117384505735,-0.0206183,-0.0117604,-0.999718
1775117384525734,-0.0198728,-0.0107907,-0.999744
1775117384545735,-0.0203488,-0.0119371,-0.999722
1775117384565731,-0.0195228,-0.011599,-0.999742
1775117384585729,-0.0201406,-0.0117403,-0.999728
1775117384605732,-0.0188287,-0.0114817,-0.999757
1775117384625726,-0.0192359,-0.0115299,-0.999748
1775117384645728,-0.0187547,-0.0120745,-0.999751
1775117384665733,-0.0192607,-0.0111663,-0.999752
1775117384685730,-0.0199481,-0.011372,-0.999736
1775117384705730,-0.0216111,-0.0119476,-0.999695
1775117384725729,-0.0227104,-0.0123984,-0.999665
1775117384745728,-0.0234013,-0.0132412,-0.999638
1775117384765734,-0.0223844,-0.0131539,-0.999663
1775117384785730,-0.0219081,-0.0135655,-0.999668
1775117384805732,-0.0214328,-0.0128351,-0.999688
1775117384825732,-0.0210529,-0.013559,-0.999686
1775117384845780,-0.0211963,-0.0141802,-0.999675
1775117384865760,-0.0203729,-0.0144147,-0.999689
1775117384885732,-0.0197176,-0.0142684,-0.999704
1775117384905732,-0.0198067,-0.0125498,-0.999725
1775117384925732,-0.0199324,-0.0130325,-0.999716
1775117384945735,-0.0207849,-0.0132191,-0.999697
1775117384965740,-0.0227498,-0.0137534,-0.999647
1775117384985732,-0.0231067,-0.0140051,-0.999635
1775117385005730,-0.0250936,-0.0140941,-0.999586
1775117385025729,-0.0237282,-0.0141003,-0.999619
1775117385045736,-0.0247586,-0.0149286,-0.999582
1775117385065730,-0.0246315,-0.0169341,-0.999553
1775117385085731,-0.0245542,-0.0152316,-0.999582
1775117385105734,-0.0258469,-0.0168033,-0.999525
1775117385125728,-0.0260057,-0.0157498,-0.999538
1775117385145729,-0.0262605,-0.0167934,-0.999514
1775117385165738,-0.0258344,-0.0169955,-0.999522
1775117385185729,-0.0254286,-0.0167845,-0.999536
1775117385205728,-0.0242944,-0.0176229,-0.99955
1775117385225732,-0.02532,-0.0177602,-0.999522
1775117385245730,-0.0261903,-0.018078,-0.999494
1775117385265730,-0.0255524,-0.0173443,-0.999523
1775117385285730,-0.0248067,-0.0184333,-0.999522
1775117385305731,-0.025198,-0.0196078,-0.99949
1775117385325732,-0.0250639,-0.0193285,-0.999499
1775117385345737,-0.0270361,-0.0188893,-0.999456
1775117385365747,-0.0244146,-0.0195571,-0.999511
1775117385385872,-0.0254529,-0.0204147,-0.999468
1775117385405733,-0.0257923,-0.0204362,-0.999458
1775117385425744,-0.0276272,-0.0213928,-0.999389
1775117385445740,-0.0267374,-0.0212747,-0.999416
1775117385465780,-0.0271626,-0.0204678,-0.999421
1775117385485738,-0.0277425,-0.0208364,-0.999398
1775117385505745,-0.0254107,-0.0198957,-0.999479
1775117385525739,-0.0254784,-0.0187847,-0.999499
1775117385545741,-0.0266063,-0.0197427,-0.999451
1775117385565746,-0.0256903,-0.019714,-0.999476
1775117385585734,-0.0275619,-0.019041,-0.999439
1775117385605731,-0.0272538,-0.0177514,-0.999471
1775117385625734,-0.0264327,-0.0170493,-0.999505
1775117385645734,-0.0269803,-0.0170232,-0.999491
1775117385665739,-0.027551,-0.0173435,-0.99947
1775117385685728,-0.0272107,-0.016819,-0.999488
1775117385705728,-0.0253885,-0.0150479,-0.999564
1775117385725742,-0.0250961,-0.0149782,-0.999573
1775117385745737,-0.0246471,-0.0156332,-0.999574
1775117385765738,-0.0258689,-0.0145235,-0.99956
1775117385785735,-0.0236897,-0.0143653,-0.999616
1775117385805737,-0.0221001,-0.0137743,-0.999661
1775117385825739,-0.0216149,-0.0130317,-0.999681
1775117385845737,-0.0208837,-0.0125328,-0.999703
1775117385865737,-0.0229875,-0.0109644,-0.999676
1775117385885732,-0.0225126,-0.010512,-0.999691
1775117385905730,-0.0218635,-0.00867658,-0.999723
1775117385925731,-0.0227865,-0.00900651,-0.9997
1775117385945734,-0.0204161,-0.00914362,-0.99975
1775117385965729,-0.0204949,-0.00830831,-0.999755
1775117385985728,-0.0204803,-0.00778109,-0.99976
1775117386005749,-0.0175021,-0.00732414,-0.99982
1775117386025730,-0.0175779,-0.00550841,-0.99983
1775117386045734,-0.0173817,-0.00483639,-0.999837
1775117386065728,-0.0160927,-0.00365065,-0.999864
1775117386085727,-0.0157638,-0.00395986,-0.999868
1775117386105729,-0.0157823,-0.00413151,-0.999867
1775117386125730,-0.0176929,-0.00478633,-0.999832
1775117386145732,-0.0171084,-0.00338622,-0.999848
1775117386165738,-0.019772,-0.00542969,-0.99979
1775117386185728,-0.0185767,-0.0047515,-0.999816
1775117386205729,-0.0193763,-0.00458156,-0.999802
1775117386225728,-0.0200828,-0.00532888,-0.999784
1775117386245729,-0.0185016,-0.00580907,-0.999812
1775117386265732,-0.02009,-0.00499946,-0.999786
1775117386285728,-0.0203987,-0.00554769,-0.999777
1775117386305727,-0.0213436,-0.00338854,-0.999766
1775117386325729,-0.0228386,-0.00309544,-0.999734
1775117386345735,-0.0224295,-0.00360618,-0.999742
1775117386365735,-0.0245112,-0.00308696,-0.999695
1775117386385733,-0.0246491,-0.00150768,-0.999695
1775117386405732,-0.0241936,-0.000333269,-0.999707
1775117386425732,-0.0245376,3.41851e-05,-0.999699
1775117386445729,-0.0238323,0.00271548,-0.999712
1775117386465739,-0.0236269,0.00385056,-0.999713
1775117386485741,-0.0238799,0.00410583,-0.999706
1775117386505735,-0.0226126,0.00336366,-0.999739
1775117386525729,-0.0209658,0.00409374,-0.999772
1775117386545734,-0.020444,0.0051062,-0.999778
1775117386565727,-0.0175741,0.00384931,-0.999838
1775117386585730,-0.0166166,0.00321831,-0.999857
1775117386605728,-0.0152051,0.00306959,-0.99988
1775117386625731,-0.0146247,0.00325403,-0.999888
1775117386645740,-0.013741,0.00317975,-0.999901
1775117386665732,-0.013244,0.00240049,-0.999909
1775117386685731,-0.011489,0.00290302,-0.99993
1775117386705728,-0.0120824,0.00349482,-0.999921
1775117386725729,-0.00852165,0.00219419,-0.999961
1775117386745728,-0.00760751,0.00347774,-0.999965
1775117386765729,-0.00487888,0.00358878,-0.999982
1775117386785728,-0.00634586,0.00530424,-0.999966
1775117386805730,-0.00539235,0.00312404,-0.999981
1775117386825733,-0.00411361,0.00457744,-0.999981
1775117386845738,-0.00606202,0.00490889,-0.99997
1775117386865737,-0.00354465,0.00402506,-0.999986
1775117386885730,-0.00320784,0.00529098,-0.999981
1775117386905752,-0.00483562,0.00563066,-0.999972
1775117386925740,-0.0043673,0.00513512,-0.999977
1775117386945766,-0.00688962,0.00418286,-0.999968
1775117386965738,-0.00513396,0.0033803,-0.999981
1775117386985735,-0.00644412,0.00377949,-0.999972
1775117387005734,-0.00669198,0.00294804,-0.999973
1775117387025734,-0.00906697,0.00283932,-0.999955
1775117387045732,-0.00731468,0.00242926,-0.99997
1775117387065764,-0.00777096,0.0021258,-0.999968
1775117387085737,-0.00734,0.00157923,-0.999972
1775117387105728,-0.0114568,-0.000133806,-0.999934
1775117387125733,-0.00903252,0.00134915,-0.999958
1775117387145739,-0.00963631,0.000557843,-0.999953
1775117387165792,-0.0103963,0.000551237,-0.999946
1775117387185731,-0.010377,0.000187679,-0.999946
1775117387205730,-0.0112654,-8.79352e-05,-0.999937
1775117387225729,-0.0105916,-0.000369822,-0.999944
1775117387245735,-0.0113921,-0.000464555,-0.999935
1775117387265731,-0.0129443,-0.000553404,-0.999916
1775117387285737,-0.0146495,-0.00173247,-0.999891
1775117387305736,-0.0154467,-0.000852504,-0.99988
1775117387325728,-0.0168534,-0.000948312,-0.999858
1775117387345730,-0.0180494,-0.00139291,-0.999836
1775117387365862,-0.0169771,-0.00224107,-0.999853
1775117387385743,-0.0184717,-0.00270841,-0.999826
1775117387405743,-0.0181326,-0.00386423,-0.999828
1775117387425737,-0.0212509,-0.00324895,-0.999769
1775117387445740,-0.0208986,-0.0039965,-0.999774
1775117387465731,-0.0225067,-0.00590155,-0.999729
1775117387485728,-0.0230827,-0.00655928,-0.999712
1775117387505733,-0.02302,-0.00736595,-0.999708
1775117387525729,-0.0232091,-0.00827085,-0.999696
1775117387545728,-0.0242129,-0.00799585,-0.999675
1775117387565732,-0.0277963,-0.00742751,-0.999586
1775117387585735,-0.0249929,-0.00876177,-0.999649
1775117387605727,-0.0238175,-0.00961644,-0.99967
1775117387625729,-0.0241024,-0.0103054,-0.999656
1775117387645736,-0.027313,-0.00947538,-0.999582
1775117387665728,-0.0251449,-0.0109955,-0.999623
1775117387685731,-0.0256068,-0.0116187,-0.999605
1775117387705729,-0.0263675,-0.0125358,-0.999574
1775117387725729,-0.0261884,-0.0133768,-0.999568
1775117387745733,-0.0282593,-0.0133518,-0.999511
1775117387765729,-0.0265347,-0.0142938,-0.999546
1775117387785731,-0.0264547,-0.0150475,-0.999537
1775117387805727,-0.0244348,-0.0154848,-0.999581
1775117387825730,-0.0252501,-0.0158852,-0.999555
1775117387845738,-0.02472,-0.0165326,-0.999558
1775117387865870,-0.0261806,-0.017423,-0.999505
1775117387897274,-0.0263081,-0.0178141,-0.999495
1775117387905730,-0.0258002,-0.0182464,-0.999501
1775117387925734,-0.0259453,-0.0190759,-0.999481
1775117387945734,-0.0265571,-0.01899,-0.999467
1775117387965753,-0.0262979,-0.0195984,-0.999462
1775117387985744,-0.0270218,-0.0195898,-0.999443
1775117388005751,-0.0277964,-0.0197067,-0.999419
1775117388025735,-0.0273657,-0.019689,-0.999432
1775117388045736,-0.0281881,-0.0197043,-0.999408
1775117388065735,-0.0294724,-0.0193501,-0.999378
1775117388085741,-0.0302173,-0.0196665,-0.99935
1775117388105744,-0.0311825,-0.0177374,-0.999356
1775117388125743,-0.0327038,-0.0174102,-0.999313
1775117388145742,-0.0334942,-0.0175315,-0.999285
1775117388165775,-0.034661,-0.0165726,-0.999262
1775117388185737,-0.0355198,-0.0164274,-0.999234
1775117388205730,-0.0367315,-0.0150033,-0.999213
1775117388225729,-0.0368257,-0.0153168,-0.999204
1775117388245734,-0.0375836,-0.0135841,-0.999201
1775117388265765,-0.0394793,-0.0125241,-0.999142
1775117388285734,-0.0427535,-0.0134405,-0.998995
1775117388305729,-0.0433196,-0.0118819,-0.998991
1775117388325728,-0.0425736,-0.0115316,-0.999027
1775117388345739,-0.0433559,-0.0116977,-0.998991
1775117388365735,-0.0428125,-0.010378,-0.999029
1775117388385734,-0.0444419,-0.00922185,-0.998969
1775117388405730,-0.0415531,-0.00919574,-0.999094
1775117388425729,-0.0415329,-0.00850742,-0.999101
1775117388445729,-0.0422163,-0.00894253,-0.999068
1775117388465735,-0.0424592,-0.00773486,-0.999068
1775117388485729,-0.0410575,-0.00799428,-0.999125
1775117388505728,-0.0440514,-0.00591568,-0.999012
1775117388525736,-0.0432225,-0.00707637,-0.99904
1775117388545772,-0.0407514,-0.0073886,-0.999142
1775117388565729,-0.0409824,-0.00722188,-0.999134
1775117388585735,-0.0412977,-0.00709086,-0.999122
1775117388605729,-0.0403043,-0.00686285,-0.999164
1775117388625729,-0.039923,-0.00780412,-0.999172
1775117388645732,-0.0397291,-0.00744178,-0.999183
1775117388665731,-0.0365967,-0.0072883,-0.999304
1775117388685734,-0.0341003,-0.00772536,-0.999389
1775117388705734,-0.0302945,-0.00624112,-0.999522
1775117388725728,-0.0283507,-0.00601232,-0.99958
1775117388745734,-0.0262948,-0.00660416,-0.999632
1775117388765735,-0.0234337,-0.00731744,-0.999699
1775117388785732,-0.0199267,-0.006131,-0.999783
1775117388805733,-0.0140097,-0.00785167,-0.999871
1775117388825733,-0.0125513,-0.00699919,-0.999897
1775117388845740,-0.00561859,-0.00794774,-0.999953
1775117388865735,-7.1631e-06,-0.00848947,-0.999964
1775117388885746,0.00421312,-0.00863601,-0.999954
1775117388905743,0.00986878,-0.00864749,-0.999914
1775117388925741,0.013187,-0.00849002,-0.999877
1775117388945896,0.0163628,-0.00996994,-0.999816
1775117388965734,0.0207266,-0.0104173,-0.999731
1775117388985735,0.0270124,-0.00997093,-0.999585
1775117389005731,0.0297264,-0.0105957,-0.999502
1775117389025736,0.034565,-0.0112294,-0.999339
1775117389045728,0.0371365,-0.0120107,-0.999238
1775117389065732,0.0407117,-0.0131944,-0.999084
1775117389085728,0.0427616,-0.0138598,-0.998989
1775117389105732,0.0441941,-0.0148596,-0.998912
1775117389125729,0.0442515,-0.0154794,-0.9989
1775117389145727,0.0446282,-0.0163547,-0.99887
1775117389165732,0.0459089,-0.0170301,-0.9988
1775117389185736,0.0464658,-0.0174548,-0.998767
1775117389205728,0.0466791,-0.0177255,-0.998753
1775117389225727,0.0458178,-0.0189217,-0.998771
1775117389245734,0.0462122,-0.0187391,-0.998756
1775117389265729,0.045534,-0.0202939,-0.998757
1775117389285762,0.0443037,-0.0204255,-0.998809
1775117389305767,0.0422915,-0.020528,-0.998894
1775117389325728,0.0406717,-0.0213842,-0.998944
1775117389345742,0.0393688,-0.0213349,-0.998997
1775117389365737,0.0352456,-0.0211265,-0.999155
1775117389385738,0.0325166,-0.0215555,-0.999239
1775117389405731,0.0299317,-0.0216493,-0.999317
1775117389425732,0.0268304,-0.021281,-0.999413
1775117389445732,0.0236558,-0.0216414,-0.999486
1775117389465736,0.019881,-0.0217671,-0.999565
1775117389485733,0.0156007,-0.0211576,-0.999654
1775117389505728,0.0072008,-0.0214253,-0.999745
1775117389525728,0.00433296,-0.0216957,-0.999755
1775117389545729,0.000224443,-0.0210457,-0.999778
1775117389565732,-0.00680681,-0.0204967,-0.999767
1775117389585730,-0.0104891,-0.0197148,-0.999751
1775117389605728,-0.0155969,-0.0188359,-0.999701
1775117389625732,-0.0208863,-0.0182969,-0.999614
1775117389645728,-0.0231398,-0.0175265,-0.999579
1775117389665732,-0.0278103,-0.0159293,-0.999486
1775117389685728,-0.0310752,-0.015377,-0.999399
1775117389705729,-0.034084,-0.014931,-0.999307
1775117389725729,-0.0416229,-0.0122925,-0.999058
1775117389745728,-0.045431,-0.0118736,-0.998897
1775117389765729,-0.0504537,-0.0097924,-0.998678
1775117389785733,-0.0546507,-0.00895588,-0.998465
1775117389805729,-0.0622468,-0.00769828,-0.998031
1775117389825730,-0.0661366,-0.00719005,-0.997785
1775117389845740,-0.0699427,-0.00591742,-0.997533
1775117389865739,-0.076457,-0.00532491,-0.997059
1775117389885736,-0.0799158,-0.00368476,-0.996795
1775117389905734,-0.0899277,-0.0037859,-0.995941
1775117389925738,-0.0928673,-0.00396488,-0.995671
1775117389945737,-0.0961624,-0.0048557,-0.995354
1775117389965740,-0.103004,-0.00589054,-0.994664
1775117389985735,-0.109565,-0.00826678,-0.993945
1775117390005785,-0.117026,-0.0110245,-0.993068
1775117390025736,-0.120642,-0.0132961,-0.992607
1775117390045731,-0.12456,-0.0150146,-0.992098
1775117390065736,-0.129299,-0.0187829,-0.991428
1775117390085733,-0.132241,-0.0196363,-0.991023
1775117390105729,-0.137452,-0.0234519,-0.990231
1775117390125730,-0.138413,-0.0253123,-0.990051
1775117390145728,-0.142218,-0.0276143,-0.98945
1775117390165880,-0.145142,-0.0288773,-0.988989
1775117390185730,-0.147633,-0.031536,-0.988539
1775117390205730,-0.149431,-0.0326951,-0.988231
1775117390225738,-0.153747,-0.0331203,-0.987555
1775117390245731,-0.155368,-0.0334177,-0.987291
1775117390265735,-0.158418,-0.0352875,-0.986741
1775117390285729,-0.160156,-0.0351915,-0.986464
1775117390305732,-0.162795,-0.0348372,-0.986045
1775117390325727,-0.162924,-0.0347732,-0.986026
1775117390345737,-0.164154,-0.0356053,-0.985792
1775117390365735,-0.165671,-0.0339468,-0.985597
1775117390385735,-0.170004,-0.0333958,-0.984877
1775117390405731,-0.170105,-0.0332144,-0.984866
1775117390425734,-0.169545,-0.0330007,-0.98497
1775117390445738,-0.171298,-0.0342577,-0.984623
1775117390465743,-0.171829,-0.032829,-0.98458
1775117390485865,-0.172935,-0.0330965,-0.984377
1775117390505738,-0.171779,-0.0328866,-0.984586
1775117390525732,-0.170617,-0.0319454,-0.984819
1775117390545737,-0.16944,-0.0325776,-0.985002
1775117390565728,-0.165014,-0.0315571,-0.985786
1775117390585730,-0.161869,-0.0320312,-0.986292
1775117390605727,-0.157679,-0.0316562,-0.986983
1775117390625728,-0.15312,-0.0314513,-0.987707
1775117390645728,-0.148795,-0.0307011,-0.988391
1775117390665734,-0.143705,-0.0304914,-0.989151
1775117390685727,-0.13779,-0.0291918,-0.990031
1775117390705730,-0.1303,-0.027708,-0.991087
1775117390725733,-0.124944,-0.0257226,-0.99183
1775117390745729,-0.118512,-0.0242064,-0.992658
1775117390765736,-0.109325,-0.0213888,-0.993776
1775117390785729,-0.102585,-0.0200758,-0.994522
1775117390805728,-0.0945219,-0.015261,-0.995406
1775117390825745,-0.087384,-0.014139,-0.996074
1775117390845739,-0.0814072,-0.0110534,-0.99662
1775117390865734,-0.069766,-0.00785658,-0.997532
1775117390885742,-0.0616941,-0.0062818,-0.998075
1775117390905731,-0.0534295,-0.00429503,-0.998562
1775117390925730,-0.0414639,-0.00189821,-0.999138
1775117390945735,-0.0348976,-0.000627333,-0.999391
1775117390965738,-0.0229988,0.00211798,-0.999733
1775117390985732,-0.0173398,0.00356199,-0.999843
1775117391005728,-0.0119066,0.00513589,-0.999916
1775117391025730,-0.00284303,0.00775782,-0.999966
1775117391045734,0.00350052,0.00788707,-0.999963
1775117391065730,0.00971705,0.00955328,-0.999907
1775117391085735,0.0129375,0.0101108,-0.999865
1775117391105730,0.0189299,0.00874263,-0.999783
1775117391125730,0.0236727,0.00934469,-0.999676
1775117391145743,0.0266505,0.00971659,-0.999598
1775117391165732,0.0292654,0.00830715,-0.999537
1775117391185729,0.0284968,0.00665355,-0.999572
1775117391205732,0.0314233,0.00801988,-0.999474
1775117391225731,0.0326183,0.00562109,-0.999452
1775117391245730,0.0330867,0.0056953,-0.999436
1775117391265733,0.0350876,0.00433736,-0.999375
1775117391285738,0.0390814,0.00303309,-0.999231
1775117391305746,0.0404264,0.00305402,-0.999178
1775117391325733,0.0395749,0.00398992,-0.999209
1775117391345789,0.0399537,0.00466124,-0.999191
1775117391365760,0.0384921,0.00539353,-0.999244
1775117391386070,0.0351526,0.00664661,-0.99936
1775117391425695,0.0270307,0.00981698,-0.999586
1775117391427094,0.0270307,0.00981698,-0.999586
1775117391445757,0.0262195,0.0111083,-0.999594
1775117391465737,0.0244353,0.0128607,-0.999619
1775117391485745,0.022201,0.013689,-0.99966
1775117391505730,0.0158796,0.0162823,-0.999741
1775117391525731,0.0112674,0.0164072,-0.999802
1775117391545755,0.00632671,0.0180886,-0.999816
1775117391565753,-0.00380677,0.0192417,-0.999808
1775117391585728,-0.00846341,0.0203242,-0.999758
1775117391605729,-0.014741,0.01974,-0.999696
1775117391625734,-0.0227187,0.0206253,-0.999529
1775117391645734,-0.0267437,0.0211904,-0.999418
1775117391665728,-0.0352832,0.0207959,-0.999161
1775117391685731,-0.0434143,0.0196041,-0.998865
1775117391705730,-0.0488645,0.0187781,-0.998629
1775117391725731,-0.0571035,0.0183031,-0.9982
1775117391745730,-0.0625603,0.0180364,-0.997878
1775117391765734,-0.0664097,0.0191946,-0.997608
1775117391785731,-0.0692751,0.0195563,-0.997406
1775117391805729,-0.0738503,0.0190589,-0.997087
1775117391825728,-0.0796901,0.017904,-0.996659
1775117391845735,-0.0825454,0.0171939,-0.996439
1775117391865733,-0.0876168,0.0148325,-0.996044
1775117391885730,-0.0887959,0.0136645,-0.995956
1775117391905729,-0.0917715,0.0124177,-0.995703
1775117391925741,-0.0942822,0.0116361,-0.995478
1775117391945730,-0.0953792,0.0111862,-0.995378
1775117391965738,-0.0991981,0.00938113,-0.995023
1775117391985727,-0.0994134,0.0102136,-0.994994
1775117392005737,-0.099201,0.00841083,-0.995032
1775117392025734,-0.100265,0.00851877,-0.994924
1775117392045734,-0.10035,0.00786288,-0.994921
1775117392065744,-0.101309,0.00744949,-0.994827
1775117392085740,-0.101242,0.00816212,-0.994828
1775117392105738,-0.102506,0.00727508,-0.994706
1775117392125735,-0.100953,0.00860458,-0.994854
1775117392145744,-0.101657,0.00887921,-0.99478
1775117392165733,-0.101841,0.00823888,-0.994767
1775117392185731,-0.101077,0.00878363,-0.99484
1775117392205731,-0.10205,0.00886359,-0.99474
1775117392225729,-0.100041,0.00890712,-0.994943
1775117392245734,-0.0975785,0.00947227,-0.995183
1775117392265729,-0.0991201,0.00910719,-0.995034
1775117392285730,-0.0971797,0.00917103,-0.995225
1775117392305734,-0.0976661,0.00849502,-0.995183
1775117392325734,-0.0929077,0.00964772,-0.995628
1775117392345745,-0.0901377,0.00968364,-0.995882
1775117392365734,-0.0854483,0.00956026,-0.996297
1775117392385730,-0.0795888,0.0100355,-0.996777
1775117392405734,-0.0762616,0.00946352,-0.997043
1775117392425740,-0.0733937,0.0100338,-0.997253
1775117392445742,-0.0697497,0.0101825,-0.997513
1775117392465740,-0.0646705,0.0107935,-0.997848
1775117392485740,-0.0606357,0.0107751,-0.998102
1775117392505744,-0.0579965,0.0103636,-0.998263
1775117392525748,-0.0532155,0.011084,-0.998522
1775117392545733,-0.049825,0.0112618,-0.998694
1775117392565737,-0.0427976,0.0118108,-0.999014
1775117392585733,-0.040413,0.0120282,-0.999111
1775117392605734,-0.0384123,0.0121646,-0.999188
1775117392625731,-0.032761,0.0125699,-0.999384
1775117392645729,-0.0301525,0.0127714,-0.999464
1775117392665731,-0.0257704,0.01302,-0.999583
1775117392685730,-0.021251,0.0129564,-0.99969
1775117392705729,-0.0166997,0.0127488,-0.999779
1775117392725728,-0.015647,0.0120932,-0.999804
1775117392745734,-0.0156672,0.0125031,-0.999799
1775117392765730,-0.0142269,0.0118788,-0.999828
1775117392785731,-0.0119208,0.012209,-0.999854
1775117392805729,-0.0118512,0.0123884,-0.999853
1775117392825729,-0.0109652,0.0118105,-0.99987
1775117392845715,-0.00728363,0.0127987,-0.999892
1775117392865760,-0.00745572,0.0117364,-0.999903
1775117392885734,-0.00412295,0.0115859,-0.999924
1775117392905737,-0.00313438,0.0112829,-0.999931
1775117392925730,-0.00164784,0.0116556,-0.999931
1775117392945728,0.00121039,0.0114278,-0.999934
1775117392965735,0.00281185,0.0110224,-0.999935
1775117392985730,0.00127754,0.0103936,-0.999945
1775117393005732,0.00325236,0.00893976,-0.999955
1775117393025749,0.00479573,0.00994354,-0.999939
1775117393045729,0.0056201,0.0104698,-0.999929
1775117393065732,0.00681716,0.0101178,-0.999926
1775117393085727,0.00510533,0.00998478,-0.999937
1775117393105728,0.00137913,0.00870319,-0.999961
1775117393125732,0.000523361,0.00862669,-0.999963
1775117393145728,-0.00353856,0.0062887,-0.999974
1775117393165735,-0.00659907,0.00405705,-0.99997
1775117393185732,-0.0102119,0.00279595,-0.999944
1775117393205731,-0.0131828,0.00182089,-0.999911
1775117393225729,-0.0177998,6.2341e-05,-0.999842
1775117393245732,-0.020245,-0.00154265,-0.999794
1775117393265728,-0.0232874,-0.00342985,-0.999723
1775117393285728,-0.0246986,-0.00433831,-0.999686
1775117393305726,-0.0276617,-0.00513548,-0.999604
1775117393325730,-0.0281496,-0.00600351,-0.999586
1775117393345756,-0.0288561,-0.00535322,-0.999569
1775117393365733,-0.0294328,-0.00473704,-0.999556
1775117393385734,-0.0315868,-0.00436998,-0.999491
1775117393405729,-0.0312264,-0.00564528,-0.999496
1775117393425728,-0.0319164,-0.00519693,-0.999477
1775117393445745,-0.0338158,-0.00617679,-0.999409
1775117393465748,-0.0354433,-0.00695865,-0.999347
1775117393485734,-0.0381508,-0.00610549,-0.999253
1775117393505742,-0.0378106,-0.00458603,-0.999274
1775117393525740,-0.0401959,-0.00457566,-0.999181
1775117393545734,-0.042074,-0.0044511,-0.999105
1775117393565732,-0.0432103,-0.00301838,-0.999061
1775117393585753,-0.0448581,-0.00216659,-0.998991
1775117393605728,-0.0461997,0.000307583,-0.998932
1775117393625730,-0.048013,0.00257063,-0.998843
1775117393645758,-0.0504145,0.00381369,-0.998721
1775117393665732,-0.0520611,0.00539949,-0.998629
1775117393685729,-0.0537942,0.00715072,-0.998526
1775117393705731,-0.0536785,0.00943538,-0.998514
1775117393725736,-0.054219,0.0118984,-0.998458
1775117393745732,-0.0535962,0.0129107,-0.998479
1775117393765728,-0.0535183,0.0147533,-0.998458
1775117393785732,-0.0522376,0.0157109,-0.998511
1775117393805728,-0.0486466,0.0165625,-0.998679
1775117393825728,-0.0452537,0.0177142,-0.998818
1775117393845745,-0.0440708,0.0186506,-0.998854
1775117393865731,-0.0413084,0.0189629,-0.998966
1775117393885731,-0.0392758,0.0202241,-0.999024
1775117393905737,-0.0391056,0.020642,-0.999022
1775117393925730,-0.0342589,0.0224472,-0.999161
1775117393945752,-0.0313457,0.0219682,-0.999267
1775117393965730,-0.0278483,0.0225526,-0.999358
1775117393985731,-0.0276075,0.0203022,-0.999413
1775117394005735,-0.0245499,0.0216099,-0.999465
1775117394025727,-0.0255211,0.0198151,-0.999478
1775117394045729,-0.0254945,0.0206584,-0.999461
1775117394065736,-0.027599,0.021683,-0.999384
1775117394085729,-0.0277809,0.0205666,-0.999402
1775117394105729,-0.0259032,0.021359,-0.999436
1775117394125733,-0.0291939,0.0205021,-0.999363
1775117394145728,-0.0326433,0.0205167,-0.999256
1775117394165736,-0.0370425,0.018871,-0.999135
1775117394185728,-0.0384381,0.017029,-0.999116
1775117394205730,-0.0398436,0.0158421,-0.99908
1775117394225731,-0.042861,0.0160647,-0.998952
1775117394245735,-0.0438332,0.0144575,-0.998934
1775117394265733,-0.0464719,0.0127659,-0.998838
1775117394285731,-0.0453378,0.0128531,-0.998889
1775117394305727,-0.0473636,0.0110347,-0.998817
1775117394325729,-0.042578,0.0111976,-0.99903
1775117394345744,-0.0418782,0.00925793,-0.99908
1775117394365763,-0.0415522,0.00706591,-0.999111
1775117394385734,-0.0402396,0.00583039,-0.999173
1775117394405733,-0.0380797,0.00447452,-0.999265
1775117394425782,-0.0355184,0.00213759,-0.999367
1775117394445752,-0.0340956,0.000355242,-0.999419
1775117394465739,-0.0321771,-0.00110147,-0.999482
1775117394485741,-0.0318738,-0.00210558,-0.99949
1775117394505746,-0.0304597,-0.0041324,-0.999527
1775117394525828,-0.0263542,-0.00696903,-0.999628
1775117394545739,-0.0223768,-0.00828772,-0.999715
1775117394565733,-0.0225666,-0.00911585,-0.999704
1775117394585729,-0.0230733,-0.010325,-0.99968
1775117394605730,-0.0234951,-0.0100671,-0.999673
1775117394625728,-0.0265963,-0.0125015,-0.999568
1775117394645732,-0.0285274,-0.0132962,-0.999505
1775117394665734,-0.0303811,-0.0151029,-0.999424
1775117394685726,-0.0324309,-0.0149289,-0.999362
1775117394705731,-0.03452,-0.0152597,-0.999288
1775117394725808,-0.0367848,-0.0165467,-0.999186
1775117394745727,-0.036977,-0.0166954,-0.999177
1775117394765730,-0.0369405,-0.0153955,-0.999199
1775117394785729,-0.0356985,-0.0172088,-0.999214
1775117394805729,-0.0359406,-0.0158003,-0.999229
1775117394825732,-0.0354132,-0.015726,-0.999249
1775117394845752,-0.0348796,-0.0147485,-0.999283
1775117394865790,-0.0334388,-0.0135527,-0.999349
1775117394885734,-0.0352484,-0.0130457,-0.999293
1775117394905736,-0.0341586,-0.0118132,-0.999347
1775117394925738,-0.0303481,-0.010968,-0.999479
1775117394945734,-0.0281181,-0.0103036,-0.999552
1775117394965740,-0.0265043,-0.0108761,-0.99959
1775117394985736,-0.0241194,-0.0111766,-0.999647
1775117395005733,-0.0240333,-0.0124302,-0.999634
1775117395025709,-0.0227633,-0.0139938,-0.999643
1775117395045732,-0.0218212,-0.0149864,-0.99965
1775117395065730,-0.0197645,-0.0136483,-0.999712
1775117395085731,-0.021531,-0.0134623,-0.999678
1775117395105728,-0.0229474,-0.0127164,-0.999656
1775117395125731,-0.0150778,-0.0138097,-0.999791
1775117395145732,-0.0144915,-0.0116741,-0.999827
1775117395165729,-0.0167405,-0.0110071,-0.999799
1775117395185728,-0.0143167,-0.00967984,-0.999851
1775117395205742,-0.0142782,-0.00708338,-0.999873
1775117395225743,-0.0156214,-0.00689151,-0.999854
1775117395245736,-0.0151977,-0.00646098,-0.999864
1775117395265729,-0.0139679,-0.00561487,-0.999887
1775117395285730,-0.0129309,-0.00407044,-0.999908
1775117395305734,-0.011576,-0.00443947,-0.999923
1775117395325730,-0.00999422,-0.00331615,-0.999945
1775117395345731,-0.00788666,-0.00351627,-0.999963
1775117395365738,-0.00438323,-0.00280993,-0.999986
1775117395385732,-0.0121206,-0.000981653,-0.999926
1775117395405740,-0.0111151,0.000502849,-0.999938
1775117395425741,-0.00710359,-0.000640396,-0.999975
1775117395445744,-0.00662238,0.000932391,-0.999978
1775117395465735,-0.0049297,0.000391752,-0.999988
1775117395485730,-0.00519853,0.00186207,-0.999985
1775117395505736,-0.00456825,-0.000294318,-0.99999
1775117395525734,-0.00609666,-0.00182317,-0.99998
1775117395545733,-0.0057582,-0.00267869,-0.99998
1775117395565729,-0.00698196,-0.0036342,-0.999969
1775117395585729,-0.00810175,-0.00433818,-0.999958
1775117395605729,-0.00909763,-0.00578008,-0.999942
1775117395625733,-0.0107497,-0.00577499,-0.999926
1775117395645746,-0.0110736,-0.00692922,-0.999915
1775117395665748,-0.011129,-0.00664121,-0.999916
1775117395685734,-0.0122423,-0.0052385,-0.999911
1775117395705743,-0.0129808,-0.00691452,-0.999892
1775117395725737,-0.0133953,-0.00470253,-0.999899
1775117395745742,-0.0133109,-0.00672637,-0.999889
1775117395765736,-0.00824938,-0.00766468,-0.999937
1775117395785735,-0.0119162,-0.00614547,-0.99991
1775117395805730,-0.0136757,-0.00739233,-0.999879
1775117395825778,-0.0109793,-0.00734747,-0.999913
1775117395845730,-0.0114625,-0.010056,-0.999884
1775117395865735,-0.00814301,-0.00840592,-0.999932
1775117395885733,-0.00553148,-0.00760622,-0.999956
1775117395905738,-0.0035529,-0.00845293,-0.999958
1775117395925732,-0.00249702,-0.00791844,-0.999966
1775117395945730,-0.00409585,-0.00917163,-0.99995
1775117395965800,-0.00427308,-0.00945584,-0.999946
1775117395985733,-0.00292389,-0.00895163,-0.999956
1775117396005729,-0.0060215,-0.00848032,-0.999946
1775117396025730,-0.00649504,-0.00918978,-0.999937
1775117396045731,-0.008077,-0.00919593,-0.999925
1775117396065751,-0.0106794,-0.00872053,-0.999905
1775117396085729,-0.011914,-0.0087707,-0.999891
1775117396105731,-0.0130324,-0.00952032,-0.99987
1775117396125729,-0.0136766,-0.0119949,-0.999835
1775117396145737,-0.0146579,-0.0122869,-0.999817
1775117396165729,-0.0150005,-0.0117638,-0.999818
1775117396185729,-0.0155506,-0.0116754,-0.999811
1775117396205731,-0.0152598,-0.0135324,-0.999792
1775117396225731,-0.0164655,-0.0136991,-0.999771
1775117396245740,-0.0160267,-0.013756,-0.999777
1775117396265734,-0.0166299,-0.0131597,-0.999775
1775117396285731,-0.0157819,-0.0129897,-0.999791
1775117396305735,-0.0166425,-0.014126,-0.999762
1775117396325731,-0.0145877,-0.0120095,-0.999821
1775117396345732,-0.0167992,-0.0134784,-0.999768
1775117396365735,-0.0154447,-0.011807,-0.999811
1775117396385735,-0.0167263,-0.0137127,-0.999766
1775117396405738,-0.0150671,-0.0112581,-0.999823
1775117396425735,-0.0144652,-0.0122992,-0.99982
1775117396445733,-0.0142428,-0.0134384,-0.999808
1775117396465775,-0.0129629,-0.0111437,-0.999854
1775117396485739,-0.0143811,-0.0114472,-0.999831
1775117396505739,-0.0145776,-0.0110668,-0.999832
1775117396525730,-0.010945,-0.0120301,-0.999868
1775117396545732,-0.0113314,-0.0109047,-0.999876
1775117396565777,-0.0114752,-0.00886046,-0.999895
1775117396585735,-0.0135878,-0.0106393,-0.999851
1775117396605728,-0.0122651,-0.00975751,-0.999877
1775117396625728,-0.0143608,-0.0109759,-0.999837
1775117396645733,-0.0201939,-0.00999169,-0.999746
1775117396665727,-0.0209455,-0.0100643,-0.99973
1775117396685728,-0.020327,-0.00789398,-0.999762
1775117396705729,-0.0222567,-0.00859409,-0.999715
1775117396725732,-0.0225247,-0.00812787,-0.999713
1775117396745735,-0.0193306,-0.00988359,-0.999764
1775117396765736,-0.0222385,-0.010425,-0.999698
1775117396785734,-0.0221297,-0.0106465,-0.999698
1775117396805726,-0.021959,-0.0105779,-0.999703
1775117396825729,-0.0196257,-0.00998985,-0.999757
1775117396845735,-0.0200914,-0.00854984,-0.999762
1775117396865737,-0.0194901,-0.0092999,-0.999767
1775117396885733,-0.0189062,-0.0107666,-0.999763
1775117396905743,-0.0144448,-0.00952988,-0.99985
1775117396925738,-0.0169073,-0.0103609,-0.999803
1775117396945740,-0.0189994,-0.0119871,-0.999748
1775117396965743,-0.0189828,-0.0123975,-0.999743
1775117396985736,-0.0184952,-0.0116303,-0.999761
1775117397005735,-0.0179165,-0.0116205,-0.999772
1775117397025748,-0.0177358,-0.0119241,-0.999772
1775117397045727,-0.018407,-0.0117746,-0.999761
1775117397065735,-0.0195073,-0.0115737,-0.999743
1775117397085730,-0.0203001,-0.011113,-0.999732
1775117397105732,-0.021602,-0.0118346,-0.999697
1775117397125729,-0.023723,-0.0102186,-0.999666
1775117397145729,-0.0238401,-0.0090476,-0.999675
1775117397165730,-0.0236717,-0.0084614,-0.999684
1775117397185732,-0.0255971,-0.00932707,-0.999629
1775117397205731,-0.0252263,-0.00973675,-0.999634
1775117397225729,-0.0273882,-0.0099205,-0.999576
1775117397245742,-0.0273823,-0.00881237,-0.999586
1775117397265728,-0.0278544,-0.00888171,-0.999573
1775117397285693,-0.0303955,-0.0100265,-0.999488
1775117397305729,-0.0294052,-0.0100246,-0.999517
1775117397325730,-0.0328216,-0.0103825,-0.999407
1775117397345733,-0.0296511,-0.00874753,-0.999522
1775117397365854,-0.0310429,-0.00939056,-0.999474
1775117397385732,-0.0324943,-0.01058,-0.999416
1775117397405736,-0.0323389,-0.0101993,-0.999425
1775117397425735,-0.0335273,-0.0106999,-0.999381
1775117397445737,-0.030339,-0.00807712,-0.999507
1775117397465738,-0.0349595,-0.0102372,-0.999336
1775117397485734,-0.036386,-0.0112919,-0.999274
1775117397505745,-0.0365034,-0.0108888,-0.999274
1775117397525743,-0.0357036,-0.00976888,-0.999315
1775117397545738,-0.0359501,-0.0103491,-0.9993
1775117397565741,-0.0378756,-0.0108912,-0.999223
1775117397585736,-0.0358184,-0.00933262,-0.999315
1775117397605734,-0.0361101,-0.00963072,-0.999301
1775117397625734,-0.0387276,-0.0096172,-0.999204
1775117397645728,-0.0352255,-0.00803097,-0.999347
1775117397665731,-0.0385011,-0.0100463,-0.999208
1775117397685741,-0.0377962,-0.00855529,-0.999249
1775117397705728,-0.0376351,-0.00818062,-0.999258
1775117397725731,-0.0361498,-0.00652859,-0.999325
1775117397745742,-0.0364034,-0.00647161,-0.999316
1775117397765734,-0.0381823,-0.00711509,-0.999245
1775117397785737,-0.037165,-0.00621258,-0.99929
1775117397805729,-0.0374664,-0.00671681,-0.999275
1775117397825729,-0.0394028,-0.00683305,-0.9992
1775117397845740,-0.0375869,-0.00638773,-0.999273
1775117397865735,-0.0392254,-0.00623863,-0.999211
1775117397885740,-0.0380689,-0.00541486,-0.99926
1775117397905737,-0.0377106,-0.0055718,-0.999273
1775117397925737,-0.0369606,-0.00520267,-0.999303
1775117397945731,-0.0386438,-0.00504578,-0.99924
1775117397965730,-0.0380478,-0.00512348,-0.999263
1775117397985732,-0.0393007,-0.0060637,-0.999209
1775117398005735,-0.0389069,-0.00653263,-0.999221
1775117398025729,-0.037131,-0.00450331,-0.9993
1775117398045729,-0.0379775,-0.00578581,-0.999262
1775117398065732,-0.0361687,-0.00487659,-0.999334
1775117398085727,-0.0369334,-0.00616957,-0.999299
1775117398105727,-0.0349155,-0.00386864,-0.999383
1775117398125732,-0.0350721,-0.00550539,-0.99937
1775117398145730,-0.034089,-0.00512129,-0.999406
1775117398165730,-0.0327006,-0.00489446,-0.999453
1775117398185729,-0.031829,-0.00449173,-0.999483
1775117398205728,-0.0325559,-0.00511469,-0.999457
1775117398225729,-0.0301953,-0.00391397,-0.999536
1775117398245728,-0.0291889,-0.00553949,-0.999559
1775117398265734,-0.02828,-0.00400873,-0.999592
1775117398285734,-0.0283239,-0.00273965,-0.999595
1775117398305729,-0.0283306,-0.00389164,-0.999591
1775117398325727,-0.0277191,-0.00491975,-0.999604
1775117398345734,-0.0268328,-0.00476246,-0.999629
1775117398365735,-0.0251583,-0.00346348,-0.999677
1775117398385731,-0.0272335,-0.00478157,-0.999618
1775117398405732,-0.0291734,-0.00548123,-0.999559
1775117398425736,-0.0280581,-0.00448562,-0.999596
1775117398445740,-0.0274856,-0.0041513,-0.999614
1775117398465740,-0.0274224,-0.00267716,-0.99962
1775117398485728,-0.0272862,-0.00331172,-0.999622
1775117398505737,-0.0281138,-0.00323088,-0.9996
1775117398525735,-0.0271916,-0.00278672,-0.999626
1775117398545734,-0.0257097,-0.00176885,-0.999668
1775117398565731,-0.0245583,-7.90491e-05,-0.999698
1775117398585729,-0.0260059,-0.000965882,-0.999661
1775117398605732,-0.0267859,-0.00310106,-0.999636
1775117398625730,-0.0245948,-0.000452251,-0.999697
1775117398645728,-0.0241446,-0.000571195,-0.999708
1775117398665763,-0.0232851,-0.00150271,-0.999728
1775117398685728,-0.0234594,-0.00098353,-0.999724
1775117398705728,-0.0248826,-0.00108712,-0.99969
1775117398725730,-0.0251371,-0.00199193,-0.999682
1775117398745733,-0.0261848,-0.0026872,-0.999654
1775117398765737,-0.0268785,-0.00369175,-0.999632
1775117398785733,-0.0268846,-0.00301731,-0.999634
1775117398805728,-0.0291962,-0.00333337,-0.999568
1775117398825731,-0.0301251,-0.00416563,-0.999537
1775117398845729,-0.0298642,-0.00323606,-0.999549
1775117398865738,-0.0288518,-0.00185603,-0.999582
1775117398885733,-0.0292958,-0.00231434,-0.999568
1775117398905734,-0.0302839,-0.00261038,-0.999538
1775117398925732,-0.0314891,-0.0031097,-0.999499
1775117398945731,-0.0322278,-0.00304873,-0.999476
1775117398965738,-0.0320564,-0.00267625,-0.999482
1775117398985729,-0.0330862,-0.00304441,-0.999448
1775117399005731,-0.0338399,-0.00334071,-0.999422
1775117399025778,-0.0352345,-0.00255526,-0.999376
1775117399045733,-0.0361574,-0.00293294,-0.999342
1775117399065740,-0.0373628,-0.00230028,-0.999299
1775117399085736,-0.0383872,-0.00298962,-0.999258
1775117399105800,-0.0386711,-0.00333677,-0.999246
1775117399125759,-0.0401502,-0.00453793,-0.999183
1775117399145751,-0.0398587,-0.00444707,-0.999195
1775117399165738,-0.0418817,-0.00584126,-0.999106
1775117399185742,-0.0417141,-0.00618129,-0.99911
1775117399205743,-0.0447805,-0.00694487,-0.998973
1775117399225742,-0.0476858,-0.00895011,-0.998822
1775117399245751,-0.0484694,-0.00926917,-0.998782
1775117399265735,-0.0509118,-0.0106368,-0.998647
1775117399285729,-0.0515286,-0.00959187,-0.998625
1775117399305729,-0.0537411,-0.0113757,-0.99849
1775117399325730,-0.0523732,-0.0101375,-0.998576
1775117399345733,-0.0536637,-0.0100549,-0.998508
1775117399365733,-0.0567391,-0.011256,-0.998326
1775117399385736,-0.0583961,-0.0129607,-0.998209
1775117399405733,-0.0601922,-0.0147685,-0.998078
1775117399425739,-0.061479,-0.0158115,-0.997983
1775117399445739,-0.0607321,-0.0155788,-0.998033
1775117399465734,-0.0617016,-0.0165172,-0.997958
1775117399485736,-0.0623529,-0.0165173,-0.997917
1775117399505730,-0.0624372,-0.0168916,-0.997906
1775117399525735,-0.062698,-0.0166759,-0.997893
1775117399545736,-0.0623425,-0.016693,-0.997915
1775117399565730,-0.0610659,-0.0167743,-0.997993
1775117399585731,-0.0588259,-0.0159828,-0.99814
1775117399605732,-0.0586899,-0.0170934,-0.99813
1775117399625728,-0.0570957,-0.0177702,-0.998211
1775117399645735,-0.0582422,-0.0188475,-0.998125
1775117399665733,-0.0585414,-0.0181357,-0.99812
1775117399685728,-0.0598765,-0.01987,-0.998008
1775117399705731,-0.0602001,-0.0191482,-0.998003
1775117399725740,-0.0605682,-0.0197802,-0.997968
1775117399745730,-0.0606594,-0.0192714,-0.997972
1775117399765732,-0.0624215,-0.0204219,-0.997841
1775117399785728,-0.0633307,-0.0215627,-0.99776
1775117399805727,-0.0636536,-0.0224691,-0.997719
1775117399825730,-0.0634203,-0.0224373,-0.997735
1775117399845729,-0.0659985,-0.0227753,-0.99756
1775117399865741,-0.0653846,-0.0224812,-0.997607
1775117399885762,-0.0668251,-0.0218434,-0.997526
1775117399905739,-0.0677104,-0.0225062,-0.997451
1775117399925737,-0.0688159,-0.0237055,-0.997348
1775117399945740,-0.0698652,-0.0243921,-0.997258
1775117399965735,-0.0705042,-0.0240217,-0.997222
1775117399985740,-0.0709897,-0.0246591,-0.997172
1775117400005732,-0.0718997,-0.024597,-0.997109
1775117400025734,-0.0744123,-0.026328,-0.99688
1775117400045731,-0.0736561,-0.0264353,-0.996933
1775117400065731,-0.0743825,-0.0278463,-0.996841
1775117400085734,-0.0763844,-0.0293694,-0.996646
1775117400105730,-0.0765211,-0.0294573,-0.996633
1775117400125733,-0.078196,-0.0287775,-0.996523
1775117400145731,-0.0788487,-0.029005,-0.996465
1775117400165737,-0.0795981,-0.0298145,-0.996381
1775117400185733,-0.0756254,-0.0303009,-0.996676
1775117400205732,-0.0820158,-0.031289,-0.99614
1775117400225734,-0.0800172,-0.0315003,-0.996296
1775117400245731,-0.0826989,-0.0334812,-0.996012
1775117400265739,-0.0823132,-0.0335226,-0.996043
1775117400285692,-0.0838754,-0.0337022,-0.995906
1775117400305732,-0.0894427,-0.0349764,-0.995378
1775117400325736,-0.0858433,-0.0332178,-0.995755
1775117400345730,-0.0864874,-0.0338106,-0.995679
1775117400365744,-0.0829045,-0.0339272,-0.99598
1775117400385737,-0.0898711,-0.0353401,-0.995326
1775117400405738,-0.0906664,-0.0356794,-0.995242
1775117400425744,-0.0912311,-0.0361588,-0.995173
1775117400445745,-0.092762,-0.0355847,-0.995052
1775117400465741,-0.092493,-0.0360035,-0.995062
1775117400485737,-0.0939624,-0.0359615,-0.994926
1775117400505735,-0.0933544,-0.0355963,-0.994996
1775117400525729,-0.095154,-0.0367211,-0.994785
1775117400545777,-0.0955712,-0.0370723,-0.994732
1775117400565729,-0.0950218,-0.0373698,-0.994774
1775117400585729,-0.0941263,-0.0378513,-0.99484
1775117400605726,-0.0946221,-0.0379935,-0.994788
1775117400625728,-0.0951166,-0.0385247,-0.99472
1775117400645733,-0.0939491,-0.038498,-0.994832
1775117400665728,-0.0944339,-0.0388374,-0.994773
1775117400685729,-0.0936031,-0.0384875,-0.994865
1775117400705732,-0.0938392,-0.0387283,-0.994834
1775117400725727,-0.0941861,-0.0393778,-0.994776
1775117400745729,-0.0943191,-0.0393849,-0.994763
1775117400765735,-0.0945768,-0.0386751,-0.994766
1775117400785727,-0.0937439,-0.0389671,-0.994833
1775117400805729,-0.0934877,-0.0392335,-0.994847
1775117400825732,-0.0922686,-0.0396175,-0.994946
1775117400845732,-0.0917935,-0.0395798,-0.994991
1775117400865740,-0.0918621,-0.0394584,-0.99499
1775117400885732,-0.0922004,-0.039941,-0.994939
1775117400905741,-0.0914096,-0.0401417,-0.995004
1775117400925736,-0.0907565,-0.0406171,-0.995044
1775117400945732,-0.0893365,-0.040345,-0.995184
1775117400965734,-0.089319,-0.0407972,-0.995167
1775117400985859,-0.089099,-0.0403079,-0.995207
1775117401005732,-0.0880512,-0.0402229,-0.995304
1775117401025730,-0.0895454,-0.0413295,-0.995125
1775117401045740,-0.0892898,-0.0415937,-0.995137
1775117401065729,-0.0889346,-0.0414257,-0.995176
1775117401085730,-0.0894904,-0.0417989,-0.99511
1775117401105732,-0.0887198,-0.0403433,-0.995239
1775117401125733,-0.0895798,-0.0414064,-0.995119
1775117401145735,-0.089804,-0.0412408,-0.995105
1775117401165734,-0.089759,-0.0424328,-0.995059
1775117401185728,-0.0896961,-0.0423195,-0.99507
1775117401205733,-0.0898545,-0.0423037,-0.995056
1775117401225734,-0.0902132,-0.0426402,-0.995009
1775117401245730,-0.0907737,-0.0426707,-0.994957
1775117401265738,-0.0917268,-0.0430878,-0.994852
1775117401285731,-0.0913985,-0.0432689,-0.994874
1775117401305729,-0.0911395,-0.043491,-0.994888
1775117401325737,-0.0917653,-0.0430855,-0.994848
1775117401345729,-0.0918982,-0.0433145,-0.994826
1775117401365738,-0.091708,-0.0429658,-0.994859
1775117401385737,-0.0910986,-0.043017,-0.994912
1775117401405733,-0.0908799,-0.0428154,-0.994941
1775117401425742,-0.0917161,-0.0435448,-0.994833
1775117401445742,-0.0918428,-0.0429813,-0.994845
1775117401465748,-0.0920714,-0.0432399,-0.994813
1775117401485732,-0.0919867,-0.0433951,-0.994814
1775117401505737,-0.092174,-0.0435364,-0.994791
1775117401525735,-0.0919577,-0.0435274,-0.994811
1775117401545730,-0.0927208,-0.0437589,-0.99473
1775117401565734,-0.0930814,-0.0440461,-0.994684
1775117401585734,-0.0927671,-0.0436719,-0.99473
1775117401605728,-0.0929909,-0.0439111,-0.994698
1775117401625728,-0.0930546,-0.0433304,-0.994718
1775117401645755,-0.093165,-0.0433339,-0.994707
1775117401665755,-0.0930857,-0.0434176,-0.994711
1775117401685761,-0.0935046,-0.0435262,-0.994667
1775117401705728,-0.0940435,-0.0437416,-0.994607
1775117401725731,-0.0940012,-0.0441637,-0.994592
1775117401745734,-0.0938841,-0.0441051,-0.994606
1775117401765727,-0.0946073,-0.0442977,-0.994529
1775117401785730,-0.094755,-0.0443978,-0.99451
1775117401805732,-0.0948189,-0.0441284,-0.994516
1775117401825728,-0.094444,-0.0441195,-0.994552
1775117401845727,-0.0944523,-0.0441922,-0.994548
1775117401865764,-0.0948183,-0.0441865,-0.994513
1775117401885738,-0.0947932,-0.0446281,-0.994496
1775117401905737,-0.0953723,-0.0442781,-0.994456
1775117401925744,-0.0954389,-0.0441644,-0.994455
1775117401945735,-0.0954478,-0.0443596,-0.994446
1775117401965739,-0.0953772,-0.0443263,-0.994454
1775117401985733,-0.0949667,-0.0444195,-0.994489
1775117402005732,-0.0953053,-0.0446031,-0.994448
1775117402025730,-0.0952165,-0.0443241,-0.994469
1775117402045729,-0.0950127,-0.0440045,-0.994503
1775117402065730,-0.0948475,-0.0445898,-0.994493
1775117402085735,-0.0952039,-0.0442979,-0.994472
1775117402105728,-0.0952136,-0.0443785,-0.994467
1775117402125729,-0.0950239,-0.0442759,-0.99449
1775117402145736,-0.0947876,-0.0446203,-0.994497
1775117402165730,-0.0941686,-0.0441074,-0.994579
1775117402185731,-0.094401,-0.0442932,-0.994548
1775117402205728,-0.0944304,-0.0442445,-0.994548
1775117402225731,-0.0941293,-0.0438442,-0.994594
1775117402245759,-0.0945921,-0.0442019,-0.994534
1775117402265833,-0.0944851,-0.0443496,-0.994538
1775117402285730,-0.0944355,-0.0446683,-0.994528
1775117402305734,-0.0945837,-0.0434589,-0.994568
1775117402325728,-0.094768,-0.0438756,-0.994532
1775117402345729,-0.0938874,-0.0439274,-0.994613
1775117402365741,-0.0943708,-0.0439464,-0.994567
1775117402385741,-0.0940775,-0.0437947,-0.994601
1775117402405741,-0.093895,-0.0438252,-0.994617
1775117402425738,-0.0933987,-0.0436597,-0.994671
1775117402445749,-0.0938417,-0.0442309,-0.994604
1775117402465733,-0.0936943,-0.0441067,-0.994624
1775117402485735,-0.0940113,-0.0440566,-0.994596
1775117402505750,-0.0939659,-0.0441495,-0.994596
1775117402525733,-0.093815,-0.0439926,-0.994617
1775117402545746,-0.0938925,-0.0437228,-0.994622
1775117402565747,-0.0937341,-0.0443134,-0.994611
1775117402585741,-0.0943967,-0.0442565,-0.99455
1775117402605743,-0.0938503,-0.0443281,-0.994599
1775117402625742,-0.0937424,-0.0439337,-0.994627
1775117402645740,-0.0934849,-0.0440176,-0.994647
1775117402665742,-0.0929224,-0.0434923,-0.994723
1775117402685741,-0.0930862,-0.0438032,-0.994694
1775117402705742,-0.092884,-0.0440547,-0.994702
1775117402725744,-0.0934883,-0.0439439,-0.99465
1775117402745743,-0.0944774,-0.0443072,-0.994541
1775117402765728,-0.0932378,-0.0436932,-0.994685
1775117402785733,-0.0934662,-0.0447902,-0.994614
1775117402805729,-0.0934949,-0.0437639,-0.994657
1775117402825733,-0.0929104,-0.0433793,-0.994729
1775117402845742,-0.0923147,-0.0436405,-0.994773
1775117402865734,-0.0924194,-0.0437857,-0.994757
1775117402885737,-0.0927058,-0.043195,-0.994756
1775117402905729,-0.0916167,-0.042578,-0.994884
1775117402925731,-0.0925161,-0.0430348,-0.994781
1775117402945732,-0.0925795,-0.0429969,-0.994777
1775117402965735,-0.0924374,-0.0435523,-0.994766
1775117402985756,-0.0924692,-0.0432614,-0.994775
1775117403005734,-0.0926448,-0.043049,-0.994768
1775117403025788,-0.0921316,-0.0431447,-0.994812
1775117403045733,-0.0931417,-0.0439797,-0.994681
1775117403065739,-0.0936771,-0.0434015,-0.994656
1775117403085732,-0.0918913,-0.0435763,-0.994815
1775117403105733,-0.091863,-0.0432018,-0.994834
1775117403125735,-0.0915641,-0.0429682,-0.994872
1775117403145730,-0.0916265,-0.0428486,-0.994871
1775117403165734,-0.0930154,-0.0428699,-0.994741
1775117403185737,-0.0938872,-0.0441294,-0.994604
1775117403205795,-0.0937872,-0.0440733,-0.994616
1775117403225735,-0.0931808,-0.0428339,-0.994727
1775117403245742,-0.0934054,-0.0431388,-0.994693
1775117403265733,-0.0942289,-0.0437788,-0.994588
1775117403285736,-0.0942818,-0.0433591,-0.994601
1775117403305735,-0.0942783,-0.0441049,-0.994568
1775117403325734,-0.0942183,-0.0440024,-0.994579
1775117403345742,-0.0940359,-0.0438827,-0.994601
1775117403365732,-0.0940547,-0.0441919,-0.994586
1775117403385745,-0.0942892,-0.0441349,-0.994566
1775117403405742,-0.0941782,-0.0438552,-0.994589
1775117403425747,-0.0945294,-0.0445701,-0.994524
1775117403445736,-0.0939743,-0.0439342,-0.994605
1775117403465732,-0.0942308,-0.0445593,-0.994553
1775117403485735,-0.0942308,-0.0445593,-0.994553
1775117403505729,-0.0945277,-0.0435942,-0.994567
1775117403525731,-0.0943689,-0.0444397,-0.994545
1775117403545730,-0.0948427,-0.0443837,-0.994502
1775117403565741,-0.0947626,-0.0442203,-0.994517
1775117403585739,-0.0941839,-0.044345,-0.994567
1775117403605737,-0.093641,-0.0437866,-0.994643
1775117403625730,-0.0948021,-0.0442141,-0.994514
1775117403645730,-0.0938042,-0.0441513,-0.994611
1775117403665733,-0.0941362,-0.0438369,-0.994594
1775117403685732,-0.0941991,-0.0438071,-0.994589
1775117403705734,-0.0944823,-0.0439372,-0.994556
1775117403725735,-0.0941263,-0.04425,-0.994576
1775117403745730,-0.0944733,-0.0443806,-0.994538
1775117403765736,-0.0947322,-0.0436528,-0.994545
1775117403785731,-0.0946917,-0.0437098,-0.994547
1775117403805732,-0.0944142,-0.0444539,-0.99454
1775117403825735,-0.0945139,-0.0443081,-0.994537
1775117403845731,-0.0949303,-0.0435536,-0.994531
1775117403865734,-0.0945777,-0.0442998,-0.994531
1775117403885745,-0.0943821,-0.0435411,-0.994583
1775117403905734,-0.0938046,-0.0438037,-0.994627
1775117403925731,-0.0933574,-0.0428501,-0.99471
1775117403945738,-0.093885,-0.0433865,-0.994637
1775117403965732,-0.0937603,-0.0426916,-0.994679
1775117403985736,-0.0945088,-0.0442065,-0.994542
1775117404005735,-0.0946381,-0.0444948,-0.994517
1775117404025732,-0.0945019,-0.0442535,-0.994541
1775117404045752,-0.0945761,-0.0444548,-0.994525
1775117404065728,-0.0948245,-0.0436136,-0.994538
1775117404085726,-0.0946285,-0.0441936,-0.994531
1775117404105731,-0.0944784,-0.0440567,-0.994552
1775117404125727,-0.0945869,-0.0444171,-0.994525
1775117404145727,-0.0945857,-0.0444178,-0.994525
1775117404165733,-0.0944953,-0.0443395,-0.994537
1775117404185729,-0.0944975,-0.0440038,-0.994552
1775117404205730,-0.0941516,-0.0441451,-0.994579
1775117404225729,-0.0942891,-0.0441659,-0.994565
1775117404245729,-0.0941675,-0.0436455,-0.994599
1775117404265731,-0.0947499,-0.0440761,-0.994525
1775117404285732,-0.0945593,-0.0441714,-0.994539
1775117404305730,-0.0941422,-0.0442269,-0.994576
1775117404325731,-0.0943881,-0.0444154,-0.994544
1775117404345735,-0.0938933,-0.0442242,-0.9946
1775117404365802,-0.0941282,-0.04361,-0.994604
1775117404385739,-0.0941671,-0.0440631,-0.994581
1775117404405743,-0.0943005,-0.0435379,-0.994591
1775117404425741,-0.0946702,-0.0444254,-0.994517
1775117404445743,-0.0943847,-0.0441501,-0.994556
1775117404465731,-0.0943207,-0.0443674,-0.994553
1775117404485737,-0.0942953,-0.0438494,-0.994578
1775117404505721,-0.0946856,-0.0438406,-0.994541
1775117404525730,-0.0944025,-0.043996,-0.994561
1775117404545729,-0.0930542,-0.0436173,-0.994705
1775117404565827,-0.0934156,-0.043478,-0.994677
1775117404594034,-0.0933115,-0.0434349,-0.994689
1775117404605894,-0.0932556,-0.044114,-0.994664
1775117404625754,-0.0938598,-0.0438898,-0.994618
1775117404645729,-0.0943917,-0.0438145,-0.994571
1775117404665732,-0.0932803,-0.0437812,-0.994677
1775117404685733,-0.0936181,-0.0441499,-0.994629
1775117404705737,-0.093277,-0.0439488,-0.99467
1775117404725727,-0.0939955,-0.0436231,-0.994616
1775117404745728,-0.093312,-0.0438439,-0.994671
1775117404765759,-0.0935988,-0.0437867,-0.994647
1775117404785727,-0.0941159,-0.044405,-0.99457
1775117404805728,-0.0932488,-0.0438768,-0.994676
1775117404825731,-0.0943015,-0.0441732,-0.994563
1775117404845738,-0.0941988,-0.044315,-0.994567
1775117404865733,-0.0940687,-0.0437357,-0.994605
1775117404885734,-0.09466,-0.0444794,-0.994515
1775117404905734,-0.0943658,-0.0440014,-0.994565
1775117404925731,-0.0941839,-0.0443985,-0.994564
1775117404945729,-0.0940613,-0.0438924,-0.994598
1775117404965736,-0.0934476,-0.0441441,-0.994645
1775117404985730,-0.093169,-0.0440337,-0.994676
1775117405005732,-0.0928155,-0.0439905,-0.994711
1775117405025738,-0.0928929,-0.0437225,-0.994716
1775117405045731,-0.0933227,-0.043722,-0.994675
1775117405065732,-0.0949678,-0.044205,-0.994498
1775117405085742,-0.0954179,-0.0440903,-0.99446
1775117405105733,-0.0956357,-0.0441968,-0.994435
1775117405125731,-0.0957861,-0.044155,-0.994422
1775117405145744,-0.0946325,-0.0440059,-0.994539
1775117405165728,-0.0946806,-0.0441439,-0.994528
1775117405185730,-0.0942825,-0.0439999,-0.994573
1775117405205730,-0.095455,-0.0441,-0.994456
1775117405225683,-0.0948028,-0.0440551,-0.994521
1775117405245733,-0.0950845,-0.044024,-0.994495
1775117405265728,-0.0950829,-0.0434297,-0.994522
1775117405285731,-0.0949516,-0.0441663,-0.994502
1775117405305731,-0.0957475,-0.0444656,-0.994412
1775117405325731,-0.0950701,-0.0439491,-0.9945
1775117405345728,-0.0953091,-0.0441109,-0.99447
1775117405365739,-0.0948817,-0.0440962,-0.994511
1775117405385743,-0.0945571,-0.0443255,-0.994532
1775117405405747,-0.095097,-0.0440318,-0.994494
1775117405425748,-0.0944242,-0.0428989,-0.994607
1775117405445739,-0.0950144,-0.0439377,-0.994506
1775117405465745,-0.0943772,-0.0434625,-0.994587
1775117405485733,-0.0947278,-0.0441931,-0.994522
1775117405505733,-0.0949369,-0.0437651,-0.994521
1775117405525731,-0.0947058,-0.0434056,-0.994559
1775117405545740,-0.0949717,-0.0438917,-0.994512
1775117405565740,-0.0948553,-0.0440873,-0.994514
1775117405585776,-0.0951273,-0.0440037,-0.994492
1775117405605739,-0.0952716,-0.0438495,-0.994485
1775117405625759,-0.0951467,-0.0441654,-0.994483
1775117405645741,-0.0945864,-0.0440533,-0.994541
1775117405665741,-0.095156,-0.0442083,-0.99448
1775117405685740,-0.095129,-0.0439913,-0.994492
1775117405705743,-0.0951127,-0.0440557,-0.994491
1775117405725752,-0.0945787,-0.0439948,-0.994545
1775117405745733,-0.094496,-0.0441244,-0.994547
1775117405765730,-0.0943426,-0.0441815,-0.994559
1775117405785730,-0.0946771,-0.0442323,-0.994525
1775117405805732,-0.0942596,-0.0438531,-0.994581
1775117405825728,-0.0949972,-0.0438948,-0.994509
1775117405845737,-0.0949917,-0.0443901,-0.994488
1775117405865731,-0.0947897,-0.0440811,-0.994521
1775117405885734,-0.0951338,-0.0435245,-0.994513
1775117405905732,-0.0953422,-0.0442435,-0.994461
1775117405925757,-0.0954501,-0.0441419,-0.994455
1775117405945742,-0.0953278,-0.0443645,-0.994457
1775117405965730,-0.0954137,-0.0438757,-0.99447
1775117405985732,-0.0948945,-0.043928,-0.994518
1775117406005743,-0.0945515,-0.0438623,-0.994553
1775117406025730,-0.0949525,-0.044066,-0.994506
1775117406045730,-0.0953551,-0.0435588,-0.99449
1775117406065734,-0.0954891,-0.0438405,-0.994465
1775117406085728,-0.0947407,-0.0438231,-0.994537
1775117406105761,-0.0950977,-0.0439065,-0.994499
1775117406125732,-0.0944743,-0.0431839,-0.99459
1775117406145758,-0.0944412,-0.0440144,-0.994557
1775117406165734,-0.0951969,-0.0439976,-0.994486
1775117406185729,-0.0947413,-0.043829,-0.994537
1775117406205729,-0.0937648,-0.0427572,-0.994676
1775117406225740,-0.0942022,-0.0425213,-0.994645
1775117406245728,-0.0946534,-0.0439617,-0.994539
1775117406265733,-0.0939031,-0.0432606,-0.994641
1775117406285732,-0.094809,-0.0438293,-0.99453
1775117406305762,-0.0939316,-0.0428037,-0.994658
1775117406325728,-0.0944701,-0.0440535,-0.994553
1775117406345730,-0.0944447,-0.0439575,-0.994559
1775117406365862,-0.0944325,-0.0440472,-0.994556
1775117406385767,-0.0946247,-0.0434183,-0.994566
1775117406405738,-0.094834,-0.0439493,-0.994522
1775117406425749,-0.0950654,-0.0441374,-0.994492
1775117406445770,-0.0945945,-0.0441129,-0.994538
1775117406465730,-0.0955667,-0.0437449,-0.994461
1775117406485732,-0.0938671,-0.0431746,-0.994648
1775117406505727,-0.0937907,-0.0429397,-0.994666
1775117406525733,-0.0940194,-0.0428702,-0.994647
1775117406545742,-0.0938238,-0.0432702,-0.994648
1775117406565741,-0.0938609,-0.0434215,-0.994638
1775117406585732,-0.0943441,-0.0431343,-0.994605
1775117406605733,-0.0945638,-0.0434878,-0.994569
1775117406625729,-0.0940843,-0.0426401,-0.994651
1775117406645729,-0.0937437,-0.0430888,-0.994663
1775117406665734,-0.0952504,-0.0434576,-0.994504
1775117406685735,-0.0951383,-0.044259,-0.99448
1775117406705732,-0.0951366,-0.0433769,-0.994519
1775117406725727,-0.0945797,-0.0445683,-0.994519
1775117406745729,-0.0949716,-0.0441326,-0.994501
1775117406765752,-0.0940353,-0.0431741,-0.994632
1775117406785727,-0.0949419,-0.0442848,-0.994497
1775117406805727,-0.0952637,-0.0439482,-0.994481
1775117406825737,-0.0949128,-0.0443696,-0.994496
1775117406845738,-0.0942429,-0.0441675,-0.994569
1775117406865742,-0.0943258,-0.0432536,-0.994601
1775117406885741,-0.0946778,-0.0439486,-0.994537
1775117406905735,-0.0946774,-0.0444369,-0.994516
1775117406925734,-0.0944259,-0.0440767,-0.994556
1775117406945732,-0.0944909,-0.044148,-0.994546
1775117406965730,-0.0943697,-0.0442869,-0.994552
1775117406985737,-0.0941498,-0.0432598,-0.994618
1775117407005731,-0.0946156,-0.0430013,-0.994585
1775117407025730,-0.0937414,-0.0432656,-0.994656
1775117407045735,-0.0935965,-0.0431036,-0.994677
1775117407065733,-0.0951593,-0.0443144,-0.994475
1775117407085731,-0.0934834,-0.0432284,-0.994682
1775117407105730,-0.0942012,-0.0438565,-0.994587
1775117407125728,-0.0953911,-0.0443513,-0.994451
1775117407145738,-0.0940642,-0.0436416,-0.994609
1775117407165739,-0.0950671,-0.0436137,-0.994515
1775117407185729,-0.0937696,-0.0434364,-0.994646
1775117407205727,-0.0951776,-0.0436933,-0.994501
1775117407225728,-0.094854,-0.0443795,-0.994501
1775117407245816,-0.0939127,-0.0431624,-0.994644
1775117407265732,-0.0949654,-0.044297,-0.994495
1775117407285728,-0.0945336,-0.042778,-0.994602
1775117407305733,-0.0944432,-0.0429169,-0.994605
1775117407325732,-0.0937931,-0.0434607,-0.994643
1775117407345729,-0.094258,-0.0434889,-0.994597
1775117407365743,-0.0945485,-0.0438265,-0.994555
1775117407385744,-0.094343,-0.0436841,-0.994581
1775117407405739,-0.0941722,-0.0431327,-0.994621
1775117407425736,-0.0940623,-0.0426753,-0.994651
1775117407445735,-0.0945493,-0.0441599,-0.99454
1775117407465739,-0.093836,-0.04294,-0.994661
1775117407485732,-0.0937564,-0.042897,-0.994671
1775117407505730,-0.0944241,-0.0440659,-0.994556
1775117407525729,-0.0943953,-0.0437205,-0.994574
1775117407545733,-0.0945964,-0.0435933,-0.994561
1775117407565742,-0.0943191,-0.0443292,-0.994555
1775117407585736,-0.0947489,-0.0444719,-0.994507
1775117407605731,-0.0943601,-0.0433664,-0.994593
1775117407625730,-0.0952362,-0.0440867,-0.994478
1775117407645729,-0.0944577,-0.0424791,-0.994622
1775117407665737,-0.0937596,-0.0427146,-0.994678
1775117407685731,-0.0941048,-0.0432528,-0.994622
1775117407705727,-0.0940399,-0.0433954,-0.994622
1775117407725727,-0.0940947,-0.0427139,-0.994647
1775117407745733,-0.0942366,-0.0437033,-0.99459
1775117407765736,-0.0947878,-0.0443272,-0.99451
1775117407785739,-0.0943199,-0.0441426,-0.994563
1775117407805728,-0.0946934,-0.0435007,-0.994556
1775117407825729,-0.0937976,-0.0430667,-0.994659
1775117407845731,-0.0944015,-0.0444037,-0.994543
1775117407865733,-0.0948251,-0.0442304,-0.994511
1775117407885742,-0.0939401,-0.0435929,-0.994623
1775117407905747,-0.0944975,-0.0430021,-0.994596
1775117407925735,-0.0944221,-0.0438068,-0.994568
1775117407945745,-0.093698,-0.0434537,-0.994652
1775117407965735,-0.0945635,-0.0439187,-0.99455
1775117407985731,-0.0942224,-0.0426945,-0.994635
1775117408005730,-0.0938787,-0.0434516,-0.994635
1775117408025731,-0.0940639,-0.042921,-0.994641
1775117408045730,-0.0942727,-0.0438087,-0.994582
1775117408065735,-0.0945264,-0.0438112,-0.994558
1775117408085732,-0.0941125,-0.0439809,-0.99459
1775117408105731,-0.093946,-0.0438907,-0.994609
1775117408125733,-0.0944248,-0.0430927,-0.994599
1775117408145729,-0.0933758,-0.0431429,-0.994696
1775117408165728,-0.0948891,-0.0438159,-0.994523
1775117408185821,-0.094519,-0.0438403,-0.994557
1775117408205727,-0.0945218,-0.043783,-0.99456
1775117408225728,-0.0937473,-0.0428845,-0.994672
1775117408245731,-0.0949603,-0.043722,-0.99452
1775117408265728,-0.0944175,-0.0432002,-0.994595
1775117408285707,-0.0944016,-0.0431837,-0.994597
1775117408305759,-0.0938548,-0.0427378,-0.994668
1775117408325734,-0.0941046,-0.0432167,-0.994624
1775117408345737,-0.0944324,-0.0431994,-0.994594
1775117408365751,-0.0940806,-0.0429373,-0.994638
1775117408385741,-0.0944353,-0.043317,-0.994588
1775117408405737,-0.0943617,-0.0427385,-0.99462
1775117408425739,-0.0941584,-0.0433292,-0.994614
1775117408445734,-0.0936886,-0.0428784,-0.994678
1775117408465741,-0.0937857,-0.0431274,-0.994658
1775117408485743,-0.0940341,-0.0431825,-0.994632
1775117408505733,-0.0935569,-0.043543,-0.994661
1775117408525731,-0.0942731,-0.0435886,-0.994592
1775117408545743,-0.0940994,-0.0433778,-0.994617
1775117408565746,-0.0950217,-0.0440907,-0.994498
1775117408585741,-0.0936496,-0.0436421,-0.994648
1775117408605734,-0.0946659,-0.0443007,-0.994523
1775117408625730,-0.0946011,-0.0442669,-0.994531
1775117408645731,-0.0948359,-0.0445004,-0.994498
1775117408665734,-0.0944448,-0.0442994,-0.994544
1775117408685737,-0.0943243,-0.0442322,-0.994558
1775117408705737,-0.0934865,-0.0435561,-0.994667
1775117408725741,-0.0939738,-0.0438232,-0.99461
1775117408745741,-0.0950914,-0.043843,-0.994503
1775117408765743,-0.0936265,-0.0430359,-0.994677
1775117408785745,-0.0947051,-0.0437599,-0.994543
1775117408805739,-0.0943756,-0.0438473,-0.994571
1775117408825732,-0.0939364,-0.0431043,-0.994645
1775117408845730,-0.093659,-0.0427753,-0.994685
1775117408865738,-0.0954167,-0.0439132,-0.994468
1775117408885742,-0.0946286,-0.0438045,-0.994548
1775117408905737,-0.0949378,-0.0446492,-0.994481
1775117408925734,-0.0946191,-0.0439676,-0.994542
1775117408945733,-0.094666,-0.0443196,-0.994522
1775117408965734,-0.0947676,-0.0434553,-0.994551
1775117408985766,-0.0950856,-0.0443709,-0.99448
1775117409005731,-0.0949262,-0.0442005,-0.994503
1775117409025740,-0.0951795,-0.0439497,-0.994489
1775117409045733,-0.0943343,-0.0440806,-0.994564
1775117409065735,-0.0943275,-0.0440845,-0.994565
1775117409085731,-0.0945843,-0.0442299,-0.994534
1775117409105735,-0.093968,-0.0438902,-0.994607
1775117409125733,-0.0936874,-0.0444641,-0.994608
1775117409145735,-0.0932638,-0.0493754,-0.994416
1775117409165735,-0.0900942,-0.0537083,-0.994484
1775117409185730,-0.086454,-0.0591572,-0.994498
1775117409205730,-0.0856561,-0.0588695,-0.994584
1775117409225729,-0.0850141,-0.0548438,-0.994869
1775117409245728,-0.0872777,-0.0512431,-0.994865
1775117409265731,-0.0887695,-0.0489098,-0.994851
1775117409285728,-0.0893046,-0.0478059,-0.994856
1775117409305730,-0.0882957,-0.0478218,-0.994946
1775117409325729,-0.0932489,-0.052977,-0.994232
1775117409345729,-0.0883328,-0.0592286,-0.994329
1775117409365737,-0.0840599,-0.0673305,-0.994183
1775117409385745,-0.0757607,-0.0764828,-0.994188
1775117409405736,-0.0719255,-0.0781114,-0.994347
1775117409425736,-0.0642177,-0.0783492,-0.994856
1775117409445736,-0.052569,-0.0741217,-0.995863
1775117409465734,-0.0507494,-0.078262,-0.99564
1775117409485728,-0.0433973,-0.0819239,-0.995693
1775117409505729,-0.0321202,-0.0790949,-0.996349
1775117409525729,-0.0250116,-0.0720662,-0.997086
1775117409545730,-0.0262253,-0.0686134,-0.997299
1775117409565747,-0.0376134,-0.0665372,-0.997075
1775117409585763,-0.0456971,-0.0622072,-0.997017
1775117409605738,-0.0521533,-0.0609887,-0.996775
1775117409625734,-0.0663952,-0.0577295,-0.996122
1775117409645728,-0.0809756,-0.0584129,-0.995003
1775117409665731,-0.103253,-0.0534084,-0.99322
1775117409685734,-0.120046,-0.0534382,-0.991329
1775117409705730,-0.130754,-0.0542558,-0.989929
1775117409725729,-0.142827,-0.0538118,-0.988284
1775117409745733,-0.151855,-0.0545671,-0.986895
1775117409765730,-0.163659,-0.0566264,-0.98489
1775117409785731,-0.177795,-0.0564408,-0.982448
1775117409805729,-0.187411,-0.0557164,-0.9807
1775117409825731,-0.201733,-0.0528853,-0.978012
1775117409845744,-0.207493,-0.0510366,-0.976904
1775117409865741,-0.219231,-0.0555565,-0.97409
1775117409885735,-0.225874,-0.0543174,-0.972641
1775117409905733,-0.234956,-0.0496924,-0.970735
1775117409925734,-0.247654,-0.0427356,-0.967906
1775117409945732,-0.250876,-0.0335705,-0.967437
1775117409965740,-0.261751,-0.0261183,-0.964782
1775117409985736,-0.261446,-0.0191891,-0.965027
1775117410005735,-0.262013,-0.00964044,-0.965016
1775117410025734,-0.259989,-0.00548255,-0.965596
1775117410045731,-0.244512,-0.00838548,-0.96961
1775117410065735,-0.222852,-0.00569503,-0.974836
1775117410085729,-0.213314,-0.00376036,-0.976977
1775117410105730,-0.212923,-0.00228244,-0.977066
1775117410125734,-0.210364,-0.0047103,-0.977612
1775117410145730,-0.234857,-0.00902962,-0.971988
1775117410165755,-0.236443,-0.0126546,-0.971563
1775117410185726,-0.24231,-0.0197828,-0.969997
1775117410205729,-0.23505,-0.0343856,-0.971375
1775117410225731,-0.220438,-0.0503066,-0.974103
1775117410245729,-0.211043,-0.0591578,-0.975685
1775117410265732,-0.193267,-0.072198,-0.978486
1775117410285729,-0.184523,-0.0805431,-0.979522
1775117410305726,-0.174976,-0.0867229,-0.980746
1775117410325730,-0.163715,-0.095059,-0.981917
1775117410345736,-0.150623,-0.0976612,-0.983755
1775117410365739,-0.138499,-0.103213,-0.98497
1775117410385748,-0.130728,-0.104039,-0.985944
1775117410405739,-0.123322,-0.106346,-0.986652
1775117410425741,-0.121217,-0.110958,-0.986405
1775117410445739,-0.115117,-0.109458,-0.987303
1775117410465731,-0.113488,-0.108405,-0.987608
1775117410485734,-0.116183,-0.109078,-0.98722
1775117410505705,-0.122634,-0.110378,-0.986295
1775117410525735,-0.124589,-0.104755,-0.986663
1775117410545738,-0.124738,-0.105185,-0.986598
1775117410565750,-0.122787,-0.112697,-0.986014
1775117410585735,-0.116763,-0.115727,-0.986394
1775117410605736,-0.112646,-0.122211,-0.986091
1775117410625728,-0.106996,-0.126933,-0.986124
1775117410645728,-0.106972,-0.131402,-0.985541
1775117410665733,-0.104681,-0.13456,-0.98536
1775117410685729,-0.1028,-0.134351,-0.985587
1775117410705728,-0.099941,-0.135406,-0.985737
1775117410725733,-0.094668,-0.136586,-0.986094
1775117410745729,-0.0872861,-0.133747,-0.987164
1775117410765733,-0.0807122,-0.134849,-0.987573
1775117410785735,-0.0757862,-0.133999,-0.988079
1775117410805730,-0.0758385,-0.126883,-0.989014
1775117410825736,-0.088004,-0.122847,-0.988516
1775117410845730,-0.0954814,-0.123697,-0.987716
1775117410865735,-0.106415,-0.126386,-0.986257
1775117410885734,-0.104656,-0.129088,-0.986095
1775117410905732,-0.103472,-0.129442,-0.986174
1775117410925732,-0.100951,-0.131751,-0.986129
1775117410945738,-0.100273,-0.133709,-0.985935
1775117410965730,-0.103378,-0.135853,-0.985321
1775117410985732,-0.108275,-0.134784,-0.984941
1775117411005728,-0.109688,-0.130988,-0.985297
1775117411025848,-0.122842,-0.125629,-0.984443
1775117411045738,-0.130021,-0.122233,-0.983948
1775117411065743,-0.13928,-0.119422,-0.983026
1775117411085752,-0.143673,-0.118151,-0.982547
1775117411105759,-0.147353,-0.116927,-0.982148
1775117411125728,-0.15145,-0.11572,-0.981668
1775117411145730,-0.156753,-0.115472,-0.980864
1775117411165754,-0.168639,-0.113676,-0.979101
1775117411185729,-0.172357,-0.112057,-0.97864
1775117411205729,-0.179146,-0.108109,-0.977865
1775117411225727,-0.184679,-0.106823,-0.976976
1775117411245729,-0.181994,-0.10372,-0.977814
1775117411265731,-0.182312,-0.100291,-0.978113
1775117411285727,-0.18608,-0.0969348,-0.977741
1775117411305728,-0.181475,-0.0900073,-0.979268
1775117411325736,-0.1847,-0.0858105,-0.979042
1775117411345728,-0.185004,-0.0824282,-0.979275
1775117411365738,-0.185776,-0.0795509,-0.979367
1775117411385734,-0.187145,-0.0793013,-0.979126
1775117411405731,-0.192625,-0.0856066,-0.977531
1775117411425733,-0.198542,-0.0912568,-0.975835
1775117411445730,-0.198523,-0.0943318,-0.975546
1775117411465735,-0.198491,-0.099574,-0.975032
1775117411485737,-0.194742,-0.107887,-0.974903
1775117411505729,-0.183621,-0.11327,-0.976449
1775117411525799,-0.171518,-0.122368,-0.977552
1775117411545730,-0.161421,-0.128242,-0.978518
1775117411565729,-0.157263,-0.131184,-0.978805
1775117411585732,-0.150613,-0.137501,-0.978984
1775117411605726,-0.147609,-0.14291,-0.978667
1775117411625727,-0.135946,-0.143558,-0.98026
1775117411645732,-0.130774,-0.144829,-0.980777
1775117411665729,-0.127271,-0.146551,-0.980982
1775117411685730,-0.126664,-0.148205,-0.980812
1775117411705729,-0.125889,-0.147252,-0.981055
1775117411725736,-0.131155,-0.1479,-0.980267
1775117411745746,-0.135783,-0.145289,-0.980028
1775117411765737,-0.142829,-0.141658,-0.979557
1775117411785738,-0.147129,-0.139633,-0.979212
1775117411805734,-0.151085,-0.136449,-0.979058
1775117411825744,-0.152584,-0.135559,-0.978949
1775117411845734,-0.15269,-0.135758,-0.978905
1775117411865746,-0.151959,-0.138097,-0.978692
1775117411885737,-0.145388,-0.142303,-0.979087
1775117411905735,-0.141504,-0.146249,-0.979075
1775117411925778,-0.13181,-0.148757,-0.98005
1775117411945741,-0.123385,-0.151881,-0.980667
1775117411965778,-0.113706,-0.151774,-0.981853
1775117411985733,-0.105489,-0.153401,-0.982517
1775117412005729,-0.0975272,-0.15174,-0.983597
1775117412025737,-0.0823795,-0.150271,-0.985207
1775117412045729,-0.0742942,-0.14774,-0.986232
1775117412065742,-0.0661219,-0.146327,-0.987024
1775117412085741,-0.0588461,-0.139643,-0.988452
1775117412105730,-0.0631732,-0.134402,-0.988911
1775117412125730,-0.0780029,-0.127684,-0.988743
1775117412145736,-0.0922569,-0.125985,-0.987733
1775117412165727,-0.106714,-0.125331,-0.986359
1775117412185731,-0.118457,-0.12504,-0.985055
1775117412205728,-0.12251,-0.126633,-0.984355
1775117412225755,-0.126121,-0.127299,-0.983813
1775117412245734,-0.128658,-0.127372,-0.983475
1775117412265728,-0.133516,-0.128209,-0.982719
1775117412285740,-0.143448,-0.124388,-0.98181
1775117412305729,-0.149471,-0.12308,-0.981076
1775117412325727,-0.164049,-0.115777,-0.979634
1775117412345742,-0.170712,-0.111701,-0.978969
1775117412365734,-0.178285,-0.106216,-0.978229
1775117412385733,-0.195711,-0.100009,-0.975549
1775117412405735,-0.202059,-0.0974217,-0.974516
1775117412425731,-0.206888,-0.0965355,-0.97359
1775117412445732,-0.21799,-0.0919161,-0.971613
1775117412465734,-0.225924,-0.0908097,-0.969903
1775117412485741,-0.230018,-0.0848303,-0.969482
1775117412505736,-0.231751,-0.0795597,-0.969516
1775117412525737,-0.240233,-0.0723501,-0.968015
1775117412545734,-0.246292,-0.0670924,-0.966871
1775117412565744,-0.255643,-0.0573684,-0.965068
1775117412585735,-0.250898,-0.0521774,-0.966606
1775117412605736,-0.249648,-0.0480936,-0.967142
1775117412625731,-0.248313,-0.0407235,-0.967823
1775117412645731,-0.240774,-0.0375243,-0.969855
1775117412665732,-0.240943,-0.0362159,-0.969863
1775117412685736,-0.237392,-0.0357857,-0.970755
1775117412705730,-0.244346,-0.0378568,-0.968949
1775117412725730,-0.248092,-0.0420963,-0.967821
1775117412745734,-0.242734,-0.0445268,-0.96907
1775117412765762,-0.242779,-0.0502802,-0.968778
1775117412785767,-0.231619,-0.0584514,-0.971049
1775117412805727,-0.22622,-0.0609672,-0.972166
1775117412825729,-0.205217,-0.0729608,-0.975993
1775117412845735,-0.19338,-0.0793928,-0.977907
1775117412865730,-0.182648,-0.0825697,-0.979705
1775117412885731,-0.169946,-0.0898128,-0.981352
1775117412905734,-0.158551,-0.0948956,-0.98278
1775117412925737,-0.142149,-0.0967078,-0.98511
1775117412945743,-0.128901,-0.098639,-0.98674
1775117412965740,-0.114686,-0.0979593,-0.98856
1775117412985735,-0.104242,-0.0997302,-0.989539
1775117413005734,-0.0909029,-0.094198,-0.991395
1775117413025775,-0.085384,-0.091925,-0.992098
1775117413045739,-0.0820986,-0.0898435,-0.992566
1775117413065778,-0.0805389,-0.0881392,-0.992847
1775117413085801,-0.0834341,-0.0852033,-0.992864
1775117413105734,-0.084741,-0.0814575,-0.993068
1775117413125731,-0.08699,-0.0759232,-0.993312
1775117413145729,-0.0945677,-0.0749842,-0.99269
1775117413165758,-0.0971381,-0.0760655,-0.99236
1775117413185730,-0.0951978,-0.0778293,-0.992411
1775117413205732,-0.0970188,-0.0812239,-0.991963
1775117413225737,-0.0882288,-0.0837446,-0.992574
1775117413245733,-0.0887056,-0.0880874,-0.992155
1775117413265735,-0.0834075,-0.089127,-0.992522
1775117413285740,-0.0804681,-0.0893266,-0.992747
1775117413305730,-0.0786041,-0.0905601,-0.992784
1775117413325734,-0.0721414,-0.0919579,-0.993146
1775117413345739,-0.0648998,-0.0916125,-0.993678
1775117413365737,-0.0586782,-0.0910334,-0.994118
1775117413385737,-0.0472533,-0.0871241,-0.995076
1775117413405733,-0.0462135,-0.0818986,-0.995569
1775117413425732,-0.0508482,-0.0749278,-0.995892
1775117413445727,-0.064322,-0.0743906,-0.995153
1775117413465734,-0.0730768,-0.0677888,-0.99502
1775117413485731,-0.0940455,-0.0666346,-0.993335
1775117413505731,-0.0986821,-0.0638312,-0.99307
1775117413525728,-0.107902,-0.0641626,-0.992089
1775117413545736,-0.115191,-0.0638948,-0.991286
1775117413565736,-0.124594,-0.0626361,-0.990229
1775117413585776,-0.130387,-0.059905,-0.989652
1775117413605768,-0.137389,-0.0573341,-0.988856
1775117413625733,-0.151317,-0.0530897,-0.987059
1775117413645744,-0.159342,-0.0510644,-0.985902
1775117413665788,-0.167422,-0.0501795,-0.984607
1775117413685733,-0.177789,-0.0500728,-0.982794
1775117413705730,-0.184306,-0.0491742,-0.981638
1775117413725730,-0.192179,-0.0484576,-0.980163
1775117413745728,-0.192864,-0.0457583,-0.980158
1775117413765729,-0.196998,-0.0409393,-0.979549
1775117413785731,-0.196341,-0.0322948,-0.980004
1775117413805727,-0.196556,-0.0260285,-0.980147
1775117413825729,-0.199007,-0.0157421,-0.979872
1775117413845735,-0.198083,-0.00963597,-0.980138
1775117413865732,-0.192938,-0.00194604,-0.981209
1775117413885734,-0.184135,0.00765192,-0.982871
1775117413905775,-0.181026,0.0139999,-0.983379
1775117413925780,-0.178349,0.024341,-0.983666
1775117413945737,-0.173749,0.0315786,-0.984284
1775117413965730,-0.171036,0.0353891,-0.984629
1775117413985739,-0.167788,0.0346164,-0.985215
1775117414005731,-0.152732,0.0302112,-0.987806
1775117414025781,-0.143048,0.011361,-0.989651
1775117414045789,-0.135571,-0.000949821,-0.990767
1775117414065728,-0.127298,-0.0153689,-0.991745
1775117414085736,-0.114692,-0.0341805,-0.992813
1775117414105730,-0.106083,-0.0442401,-0.993373
1775117414125780,-0.0924132,-0.0565126,-0.994116
1775117414145732,-0.0795369,-0.058936,-0.995088
1775117414165739,-0.0747355,-0.0616134,-0.995298
1775117414185731,-0.0623578,-0.0649395,-0.995939
1775117414205732,-0.0516009,-0.0684627,-0.996318
1775117414225790,-0.0354445,-0.0716154,-0.996802
1775117414245728,-0.0250243,-0.0717181,-0.997111
1775117414265737,-0.0154544,-0.0713021,-0.997335
1775117414285736,-0.00989228,-0.0699881,-0.997499
1775117414305728,-0.00645419,-0.0661964,-0.997786
1775117414325729,-0.00965865,-0.0641274,-0.997895
1775117414345735,-0.0119314,-0.0613805,-0.998043
1775117414365739,-0.0147304,-0.0608388,-0.998039
1775117414385738,-0.0246486,-0.059336,-0.997934
1775117414405732,-0.0345869,-0.0591737,-0.997648
1775117414425737,-0.0466794,-0.0648381,-0.996803
1775117414445735,-0.0529197,-0.0690178,-0.996211
1775117414465735,-0.0592729,-0.0734734,-0.995534
1775117414485730,-0.0593583,-0.0797862,-0.995043
1775117414505728,-0.0563791,-0.0821974,-0.99502
1775117414525728,-0.0432564,-0.0814342,-0.99574
1775117414545733,-0.0388976,-0.0823777,-0.995842
1775117414565731,-0.0354419,-0.0801934,-0.996149
1775117414585736,-0.0313415,-0.0789745,-0.996384
1775117414605731,-0.0284558,-0.0789806,-0.99647
1775117414625732,-0.0194895,-0.0770094,-0.99684
1775117414645732,-0.0171088,-0.0751749,-0.997024
1775117414665805,-0.0171223,-0.0704911,-0.997365
1775117414685777,-0.0292193,-0.0653231,-0.997436
1775117414705737,-0.0389597,-0.0630762,-0.997248
1775117414725737,-0.0566583,-0.0571485,-0.996757
1775117414745742,-0.0742997,-0.0531485,-0.995819
1775117414765737,-0.0896951,-0.0484953,-0.994788
1775117414785732,-0.108309,-0.0470981,-0.993001
1775117414805736,-0.11687,-0.0475842,-0.992007
1775117414825740,-0.126488,-0.0486247,-0.990776
1775117414845732,-0.132086,-0.0485444,-0.990049
1775117414865734,-0.139202,-0.0509602,-0.988952
1775117414885742,-0.14395,-0.0473173,-0.988453
1775117414905757,-0.15248,-0.0461158,-0.98723
1775117414947037,-0.167743,-0.039292,-0.985047
1775117414948063,-0.167743,-0.039292,-0.985047
1775117414965745,-0.174053,-0.0388833,-0.983968
1775117414985734,-0.184615,-0.0390451,-0.982035
1775117415005734,-0.188164,-0.0376173,-0.981417
1775117415025732,-0.197045,-0.0334561,-0.979823
1775117415045735,-0.203043,-0.0329953,-0.978614
1775117415065731,-0.202542,-0.0234805,-0.978992
1775117415085736,-0.200265,-0.0120414,-0.979668
1775117415105731,-0.201288,-0.00330401,-0.979527
1775117415125731,-0.196446,0.00371014,-0.980508
1775117415145729,-0.197955,0.00959817,-0.980164
1775117415165732,-0.197336,0.0178114,-0.980174
1775117415185730,-0.186802,0.0284476,-0.981986
1775117415205730,-0.189327,0.0373403,-0.981204
1775117415225734,-0.186194,0.0458461,-0.981443
1775117415245763,-0.185615,0.0467869,-0.981508
1775117415265741,-0.180538,0.0433705,-0.982611
1775117415285734,-0.176358,0.0350718,-0.983701
1775117415305728,-0.171444,0.018921,-0.985012
1775117415325729,-0.161493,-0.00244703,-0.986871
1775117415345742,-0.152557,-0.0134897,-0.988203
1775117415365747,-0.139952,-0.0324714,-0.989626
1775117415385735,-0.130185,-0.0402697,-0.990672
1775117415405732,-0.118875,-0.0502062,-0.991639
1775117415425734,-0.0976024,-0.0592017,-0.993463
1775117415445736,-0.0823943,-0.0615333,-0.994698
1775117415465744,-0.0697,-0.0639521,-0.995516
1775117415485742,-0.0516035,-0.0662797,-0.996466
1775117415505737,-0.0386021,-0.0666966,-0.997026
1775117415525740,-0.0245566,-0.0697687,-0.997261
1775117415545740,0.000645519,-0.0682617,-0.997667
1775117415565742,0.00942965,-0.0662917,-0.997756
1775117415585734,0.0109317,-0.0643239,-0.997869
1775117415605730,0.0144208,-0.0590848,-0.998149
1775117415625730,0.00513691,-0.0546326,-0.998493
1775117415645733,-0.0015778,-0.049972,-0.998749
1775117415665742,-0.00894645,-0.0500321,-0.998708
1775117415685728,-0.0270203,-0.0553107,-0.998104
1775117415705731,-0.0312836,-0.0586644,-0.997787
1775117415725737,-0.040275,-0.0672346,-0.996924
1775117415745732,-0.046895,-0.0710901,-0.996367
1775117415765732,-0.0457617,-0.0737499,-0.996226
1775117415785729,-0.0425691,-0.0766603,-0.996148
1775117415805731,-0.0389185,-0.0755064,-0.996386
1775117415825731,-0.0373077,-0.0748758,-0.996495
1775117415845727,-0.0346761,-0.075983,-0.996506
1775117415865737,-0.0322836,-0.0763158,-0.996561
1775117415885742,-0.0273664,-0.075391,-0.996778
1775117415905736,-0.0230061,-0.0747621,-0.996936
1775117415925742,-0.0196835,-0.0694454,-0.997392
1775117415945742,-0.0250035,-0.0650148,-0.997571
1775117415965731,-0.03453,-0.0630223,-0.997415
1775117415985733,-0.0475453,-0.0581098,-0.997177
1775117416005730,-0.0609433,-0.0524293,-0.996763
1775117416025733,-0.0898954,-0.0488778,-0.994751
1775117416045739,-0.0987437,-0.0461197,-0.994044
1775117416065806,-0.105519,-0.0448606,-0.993405
1775117416085742,-0.117012,-0.0484251,-0.991949
1775117416105738,-0.122861,-0.0486031,-0.991233
1775117416125730,-0.128653,-0.0458209,-0.990631
1775117416145735,-0.135105,-0.0455641,-0.989783
1775117416165747,-0.140764,-0.0475452,-0.988901
1775117416185729,-0.151121,-0.0451245,-0.987485
1775117416205732,-0.157801,-0.0417284,-0.986589
1775117416225728,-0.165549,-0.0402475,-0.98538
1775117416245732,-0.170222,-0.0389524,-0.984636
1775117416265772,-0.176284,-0.0396862,-0.983539
1775117416285729,-0.181216,-0.0370627,-0.982745
1775117416305729,-0.185237,-0.0318086,-0.982179
1775117416325750,-0.191457,-0.025883,-0.98116
1775117416345730,-0.195915,-0.0191496,-0.980434
1775117416365738,-0.19892,-0.0118909,-0.979944
1775117416385748,-0.193338,-0.000629598,-0.981132
1775117416405745,-0.194178,0.00527608,-0.980952
1775117416425777,-0.187537,0.015411,-0.982137
1775117416445736,-0.183581,0.0221011,-0.982756
1775117416465735,-0.186101,0.0327101,-0.981986
1775117416485754,-0.185233,0.0390793,-0.981917
1775117416505737,-0.177255,0.0410784,-0.983307
1775117416525735,-0.163864,0.0357627,-0.985834
1775117416545735,-0.169019,0.0300553,-0.985154
1775117416565740,-0.15897,0.0231346,-0.987012
1775117416585737,-0.150944,0.00153796,-0.988541
1775117416605741,-0.145203,-0.00837999,-0.989366
1775117416625733,-0.128548,-0.0282092,-0.991302
1775117416645739,-0.117563,-0.0410119,-0.992218
1775117416665731,-0.102468,-0.0487284,-0.993542
1775117416685730,-0.0825113,-0.0536608,-0.995144
1775117416705729,-0.0620216,-0.0605566,-0.996236
1775117416725730,-0.0472581,-0.0641239,-0.996822
1775117416745737,-0.0357942,-0.0659163,-0.997183
1775117416765738,-0.024628,-0.0670089,-0.997448
1775117416785735,-0.00712913,-0.0654747,-0.997829
1775117416805740,0.00116038,-0.0654248,-0.997857
1775117416825732,0.00664379,-0.0627755,-0.998006
1775117416845733,0.0130744,-0.062769,-0.997942
1775117416865738,0.0150078,-0.059381,-0.998123
1775117416885734,0.00779255,-0.0547274,-0.998471
1775117416905733,0.00271254,-0.0545318,-0.998508
1775117416925733,-0.00249318,-0.0545562,-0.998508
1775117416945728,-0.0137915,-0.0562903,-0.998319
1775117416965733,-0.0257478,-0.0598551,-0.997875
1775117416985731,-0.0417139,-0.0664507,-0.996917
1775117417005732,-0.0507626,-0.0706999,-0.996205
1775117417025732,-0.0575106,-0.0770719,-0.995365
1775117417045731,-0.0557781,-0.0791363,-0.995302
1775117417065736,-0.0491515,-0.0742218,-0.99603
1775117417085734,-0.0484862,-0.07707,-0.995846
1775117417105729,-0.045312,-0.0782462,-0.995904
1775117417125729,-0.0406279,-0.077213,-0.996186
1775117417145731,-0.0400074,-0.0794851,-0.996033
1775117417165729,-0.0352195,-0.0783886,-0.996301
1775117417185735,-0.0307493,-0.0777533,-0.996498
1775117417205731,-0.0269753,-0.0747306,-0.996839
1775117417225729,-0.0343213,-0.0702913,-0.996936
1775117417245733,-0.0412742,-0.0673488,-0.996875
1775117417265729,-0.0481625,-0.0640178,-0.996786
1775117417285730,-0.067196,-0.055066,-0.996219
1775117417305728,-0.078117,-0.0476596,-0.995804
1775117417325730,-0.0945725,-0.046129,-0.994449
1775117417345728,-0.0936561,-0.0406269,-0.994775
1775117417365736,-0.0997866,-0.0396391,-0.994219
1775117417385733,-0.108525,-0.0400858,-0.993285
1775117417405734,-0.112956,-0.0404335,-0.992777
1775117417425738,-0.12004,-0.0397622,-0.991972
1775117417445743,-0.13359,-0.0405823,-0.990205
1775117417465738,-0.139352,-0.0395397,-0.989453
1775117417485735,-0.150038,-0.0362091,-0.988017
1775117417505731,-0.144734,-0.0338847,-0.98889
1775117417525728,-0.161936,-0.0336724,-0.986227
1775117417545740,-0.166194,-0.0319877,-0.985574
1775117417565757,-0.169263,-0.0294562,-0.985131
1775117417585737,-0.164193,-0.0241166,-0.986133
1775117417605729,-0.167761,-0.0183654,-0.985657
1775117417625733,-0.169015,-0.00908601,-0.985572
1775117417645736,-0.165556,-0.00266002,-0.986197
1775117417665734,-0.163663,0.00307452,-0.986512
1775117417685734,-0.163314,0.0122877,-0.986498
1775117417705734,-0.15585,0.0205394,-0.987567
1775117417725737,-0.149033,0.0313534,-0.988335
1775117417745737,-0.149189,0.044423,-0.98781
1775117417765749,-0.141899,0.04832,-0.988701
1775117417785739,-0.128756,0.0553013,-0.990133
1775117417805732,-0.120545,0.0493132,-0.991482
1775117417825730,-0.111889,0.0322868,-0.993196
1775117417845731,-0.103051,0.0191114,-0.994492
1775117417865737,-0.0948663,0.00155812,-0.995489
1775117417885732,-0.0865002,-0.0241053,-0.99596
1775117417905732,-0.0743538,-0.0413922,-0.996373
1775117417925741,-0.0564972,-0.0538399,-0.99695
1775117417945732,-0.0519608,-0.0544258,-0.997165
1775117417965746,-0.0446216,-0.0578603,-0.997327
1775117417985739,-0.029491,-0.060014,-0.997762
1775117418005738,-0.0232569,-0.0609554,-0.99787
1775117418025754,-0.0131094,-0.0654485,-0.99777
1775117418045769,-0.00288506,-0.0671396,-0.997739
1775117418065732,0.00278793,-0.0668744,-0.997758
1775117418085731,0.00738116,-0.0669919,-0.997726
1775117418105729,0.00925824,-0.0659662,-0.997779
1775117418125729,0.00809664,-0.061714,-0.998061
1775117418145726,0.00685648,-0.0610239,-0.998113
1775117418165730,-0.0026556,-0.0593192,-0.998236
1775117418185731,-0.0126602,-0.0574458,-0.998268
1775117418205728,-0.0196693,-0.0570636,-0.998177
1775117418225731,-0.0335398,-0.0577202,-0.997769
1775117418245732,-0.0445001,-0.0613558,-0.997123
1775117418265728,-0.0562069,-0.0653633,-0.996277
1775117418285729,-0.0657964,-0.0693235,-0.995422
1775117418305730,-0.0667741,-0.0719792,-0.995168
1775117418325729,-0.0629523,-0.0764166,-0.995087
1775117418345732,-0.0576606,-0.0759109,-0.995446
1775117418365754,-0.0495773,-0.0780849,-0.995713
1775117418385741,-0.0390108,-0.0787194,-0.996133
1775117418405740,-0.0322242,-0.0780359,-0.99643
1775117418425736,-0.0205759,-0.0762041,-0.99688
1775117418445734,-0.0134514,-0.0737716,-0.997184
1775117418465740,-0.0069162,-0.0714088,-0.997423
1775117418485740,-0.00237567,-0.0658687,-0.997825
1775117418505737,-0.00441577,-0.0623169,-0.998047
1775117418525737,-0.0132992,-0.0601569,-0.9981
1775117418545816,-0.016707,-0.0580127,-0.998176
1775117418566628,-0.0265716,-0.0530479,-0.998238
1775117418585734,-0.0496571,-0.041482,-0.997905
1775117418605730,-0.0683363,-0.033726,-0.997092
1775117418625729,-0.0877086,-0.0277633,-0.995759
1775117418645737,-0.097808,-0.0274843,-0.994826
1775117418665735,-0.105395,-0.0264315,-0.994079
1775117418685743,-0.116583,-0.0313256,-0.992687
1775117418705741,-0.122448,-0.0307385,-0.991999
1775117418725736,-0.127467,-0.0325015,-0.99131
1775117418745733,-0.134504,-0.0326597,-0.990375
1775117418765734,-0.140888,-0.0276951,-0.989638
1775117418785733,-0.148348,-0.0258767,-0.988597
1775117418805728,-0.152491,-0.0245935,-0.987999
1775117418825727,-0.158111,-0.0224073,-0.987167
1775117418845735,-0.159516,-0.0195157,-0.987002
1775117418865735,-0.160558,-0.0148601,-0.986915
1775117418885736,-0.159822,-0.00838377,-0.98711
1775117418905730,-0.159367,-0.00333364,-0.987214
1775117418925734,-0.156461,0.00703556,-0.987659
1775117418945738,-0.152953,0.012392,-0.988156
1775117418965755,-0.149116,0.0162153,-0.988687
1775117418985736,-0.142514,0.0225795,-0.989535
1775117419005743,-0.136095,0.0300575,-0.99024
1775117419025737,-0.129861,0.0440049,-0.990555
1775117419045741,-0.1222,0.0495082,-0.99127
1775117419065736,-0.117636,0.0529218,-0.991646
1775117419085739,-0.0979284,0.042681,-0.994278
1775117419105744,-0.0946091,0.0310243,-0.995031
1775117419125736,-0.0855136,0.00997594,-0.996287
1775117419145738,-0.0788451,-0.00335761,-0.996881
1775117419165733,-0.0657973,-0.0184084,-0.997663
1775117419185728,-0.0468081,-0.0437087,-0.997947
1775117419205729,-0.0386511,-0.0553652,-0.997718
1775117419225729,-0.0339687,-0.0512324,-0.998109
1775117419245731,-0.0221243,-0.0602533,-0.997938
1775117419265732,-0.0160455,-0.0603296,-0.99805
1775117419285728,-0.0119544,-0.0611633,-0.998056
1775117419305730,-0.00870119,-0.0623124,-0.998019
1775117419325730,-0.00608068,-0.0650804,-0.997861
1775117419345728,-0.00114069,-0.063405,-0.997987
1775117419365732,0.00305572,-0.0657912,-0.997829
1775117419385738,0.00168388,-0.063131,-0.998004
1775117419405746,-1.44748e-05,-0.0630099,-0.998013
1775117419425730,-0.0067232,-0.0601009,-0.99817
1775117419445744,-0.0140754,-0.0591849,-0.998148
1775117419465736,-0.0197876,-0.0567333,-0.998193
1775117419485738,-0.0300819,-0.0557866,-0.997989
1775117419505734,-0.0404705,-0.0549754,-0.997667
1775117419525735,-0.0538851,-0.056415,-0.996952
1775117419545743,-0.0652002,-0.0595846,-0.996092
1775117419565756,-0.0738818,-0.0634342,-0.995247
1775117419585735,-0.0771872,-0.0676066,-0.994722
1775117419605733,-0.0722292,-0.0709239,-0.994863
1775117419625726,-0.0624233,-0.0759986,-0.995152
1775117419645728,-0.0531949,-0.0756205,-0.995717
1775117419665734,-0.0438348,-0.076778,-0.996084
1775117419685726,-0.0310178,-0.0752365,-0.996683
1775117419705728,-0.0217679,-0.0739377,-0.997025
1775117419725746,-0.0140195,-0.0719797,-0.997308
1775117419745776,-0.00210971,-0.0684382,-0.997653
1775117419765733,0.00434246,-0.0635745,-0.997968
1775117419785730,0.00474846,-0.0613319,-0.998106
1775117419805727,0.000855694,-0.0611074,-0.998131
1775117419825731,-0.00674646,-0.0568843,-0.998358
1775117419845733,-0.0145648,-0.0519261,-0.998545
1775117419865732,-0.0215929,-0.045288,-0.998741
1775117419885733,-0.0530583,-0.0290222,-0.99817
1775117419909552,-0.0731976,-0.0249142,-0.997006
1775117419925739,-0.0836091,-0.023798,-0.996214
1775117419945743,-0.091322,-0.0237615,-0.995538
1775117419965813,-0.0984754,-0.0247491,-0.994832
1775117419985743,-0.106605,-0.0274165,-0.993923
1775117420005736,-0.114705,-0.0276987,-0.993013
1775117420025730,-0.122817,-0.0257502,-0.992095
1775117420045730,-0.129355,-0.0238633,-0.991311
1775117420065730,-0.133858,-0.0215761,-0.990766
1775117420085858,-0.140394,-0.0190293,-0.989913
1775117420105733,-0.143358,-0.0205535,-0.989457
1775117420125729,-0.143822,-0.0182549,-0.989435
1775117420145735,-0.145472,-0.0146468,-0.989254
1775117420165728,-0.152369,-0.00746498,-0.988295
1775117420185730,-0.151009,-0.00281113,-0.988528
1775117420205735,-0.146738,0.00382916,-0.989168
1775117420225729,-0.141368,0.0116954,-0.989888
1775117420245728,-0.13496,0.0167733,-0.990709
1775117420265735,-0.126917,0.0212515,-0.991686
1775117420285728,-0.119198,0.0297594,-0.992424
1775117420305728,-0.10908,0.0351298,-0.993412
1775117420325729,-0.0964196,0.0445555,-0.994343
1775117420345729,-0.0870509,0.0445898,-0.995205
1775117420365732,-0.0795287,0.0399505,-0.996032
1775117420385742,-0.0679336,0.0256961,-0.997359
1775117420405741,-0.0664451,0.0188221,-0.997613
1775117420425771,-0.0525103,-0.00484034,-0.998609
1775117420445755,-0.0431479,-0.0152219,-0.998953
1775117420465744,-0.0340027,-0.0266073,-0.999068
1775117420485745,-0.0210885,-0.0430063,-0.998852
1775117420505744,-0.0121387,-0.0483817,-0.998755
1775117420525736,-0.00137918,-0.0623261,-0.998055
1775117420545732,0.00457865,-0.0642404,-0.997924
1775117420565729,0.0154179,-0.0653411,-0.997744
1775117420585733,0.0167145,-0.0605033,-0.998028
1775117420605732,0.0141677,-0.0587392,-0.998173
1775117420625728,0.0144942,-0.0595694,-0.998119
1775117420645728,0.0153848,-0.0589953,-0.99814
1775117420665733,0.014014,-0.0613295,-0.998019
1775117420685729,0.00533639,-0.0594816,-0.998215
1775117420705729,-0.000909353,-0.0571708,-0.998364
1775117420725728,-0.00842162,-0.0570387,-0.998336
1775117420745730,-0.0209734,-0.0550422,-0.998264
1775117420765735,-0.0299741,-0.0529803,-0.998146
1775117420785728,-0.0450171,-0.0540867,-0.997521
1775117420805728,-0.0591642,-0.0562588,-0.996662
1775117420825734,-0.0731956,-0.0613732,-0.995427
1775117420845727,-0.0812601,-0.0644907,-0.994604
1775117420865736,-0.0840402,-0.0654817,-0.994309
1775117420885734,-0.0798364,-0.0735401,-0.994092
1775117420905736,-0.0733119,-0.0752892,-0.994463
1775117420925733,-0.0607276,-0.0772641,-0.995159
1775117420945750,-0.0516896,-0.0783238,-0.995587
1775117420965688,-0.0434734,-0.0787714,-0.995944
1775117420985735,-0.0318787,-0.0764199,-0.996566
1775117421005729,-0.0245246,-0.0751214,-0.996873
1775117421025730,-0.0105144,-0.0677272,-0.997648
1775117421046675,-0.00144827,-0.0633625,-0.99799
1775117421065739,6.09384e-05,-0.0614382,-0.998111
1775117421085741,-0.000180979,-0.0615863,-0.998102
1775117421105788,-0.00586907,-0.0590789,-0.998236
1775117421125742,-0.0158511,-0.050807,-0.998583
1775117421145743,-0.0269656,-0.0384326,-0.998897
1775117421165737,-0.0420591,-0.028251,-0.998716
1775117421185745,-0.0653067,-0.020935,-0.997646
1775117421205744,-0.0747508,-0.02022,-0.996997
1775117421225742,-0.0879532,-0.0201078,-0.995922
1775117421245738,-0.0946535,-0.0211793,-0.995285
1775117421265749,-0.0988452,-0.0216514,-0.994867
1775117421285743,-0.105632,-0.0256829,-0.994074
1775117421305741,-0.113059,-0.0252364,-0.993268
1775117421325737,-0.122583,-0.0226082,-0.992201
1775117421345733,-0.127243,-0.0213292,-0.991642
1775117421365740,-0.130131,-0.0196491,-0.991302
1775117421385768,-0.136376,-0.0195499,-0.990464
1775117421405787,-0.137856,-0.0174262,-0.990299
1775117421425754,-0.14112,-0.0116884,-0.989924
1775117421445736,-0.138862,-0.00707229,-0.990286
1775117421465743,-0.13794,-0.00173363,-0.990439
1775117421485734,-0.132487,0.00732357,-0.991158
1775117421509595,-0.124555,0.0144519,-0.992107
1775117421525736,-0.119053,0.0189166,-0.992708
1775117421545734,-0.110767,0.023641,-0.993565
1775117421565742,-0.106113,0.0295724,-0.993914
1775117421585734,-0.0980313,0.0405921,-0.994355
1775117421605755,-0.0886026,0.0422956,-0.995169
1775117421625884,-0.068833,0.0359635,-0.99698
1775117421645736,-0.061406,0.0277472,-0.997727
1775117421665730,-0.0575737,0.0182902,-0.998174
1775117421685730,-0.0470939,0.00216485,-0.998888
1775117421705732,-0.0421694,-0.005734,-0.999094
1775117421725730,-0.0277744,-0.0188569,-0.999436
1775117421745735,-0.0187089,-0.0272896,-0.999452
1775117421765727,-0.0109983,-0.0390427,-0.999177
1775117421785735,0.00437704,-0.0478197,-0.998846
1775117421805727,0.0128421,-0.0602749,-0.998099
1775117421825730,0.0255083,-0.0638664,-0.997632
1775117421845730,0.0294959,-0.0660486,-0.99738
1775117421865749,0.0315085,-0.0670142,-0.997254
1775117421885736,0.0300537,-0.0641551,-0.997487
1775117421905739,0.0291481,-0.0601595,-0.997763
1775117421925736,0.0245133,-0.0541801,-0.99823
1775117421945740,0.0192924,-0.0512073,-0.998502
1775117421965735,0.0140103,-0.0528269,-0.998505
1775117421985738,0.00574623,-0.0516898,-0.998647
1775117422005735,-0.000444105,-0.0523633,-0.998628
1775117422025731,-0.0145283,-0.05313,-0.998482
1775117422045732,-0.0240874,-0.0515146,-0.998382
1775117422065736,-0.0278177,-0.0510406,-0.998309
1775117422085731,-0.0556226,-0.0553533,-0.996916
1775117422105732,-0.0675881,-0.0591338,-0.995959
1775117422125773,-0.081754,-0.0632235,-0.994645
1775117422145732,-0.0847238,-0.0671768,-0.994137
1775117422165730,-0.0812782,-0.0709636,-0.994162
1775117422185737,-0.0652805,-0.0750652,-0.99504
1775117422205728,-0.0515007,-0.0743518,-0.995901
1775117422225729,-0.0314871,-0.0746245,-0.996714
1775117422245758,-0.0213523,-0.075325,-0.99693
1775117422265729,-0.0103808,-0.0730645,-0.997273
1775117422285732,0.00721624,-0.0694984,-0.997556
1775117422305730,0.0138675,-0.0683169,-0.997567
1775117422325733,0.0184187,-0.0618995,-0.997912
1775117422345928,0.0159473,-0.0616892,-0.997968
1775117422365728,0.00941969,-0.0597849,-0.998167
1775117422385740,0.000387914,-0.0555537,-0.998456
1775117422405744,-0.00859415,-0.0513134,-0.998646
1775117422425742,-0.0255097,-0.0399776,-0.998875
1775117422445775,-0.0443443,-0.0287852,-0.998602
1775117422465736,-0.0603585,-0.0228842,-0.997914
1775117422485735,-0.0823612,-0.0210138,-0.996381
1775117422505737,-0.0910171,-0.0206838,-0.995635
1775117422525731,-0.103248,-0.0229644,-0.99439
1775117422545731,-0.108813,-0.0244184,-0.993762
1775117422565735,-0.113635,-0.0239213,-0.993235
1775117422585733,-0.122628,-0.026049,-0.992111
1775117422605735,-0.129296,-0.0229861,-0.99134
1775117422625732,-0.135961,-0.0189885,-0.990532
1775117422645729,-0.13709,-0.0191585,-0.990373
1775117422665734,-0.138169,-0.0179223,-0.990246
1775117422685726,-0.144821,-0.0125314,-0.989379
1775117422705731,-0.144516,-0.00932807,-0.989458
1775117422725729,-0.144594,-0.00255833,-0.989488
1775117422745728,-0.142132,0.00338963,-0.989842
1775117422765729,-0.140808,0.0105033,-0.989981
1775117422785731,-0.132607,0.0183614,-0.990999
1775117422805728,-0.128662,0.0221753,-0.991441
1775117422825728,-0.118333,0.0284712,-0.992566
1775117422845735,-0.108495,0.0366567,-0.993421
1775117422865727,-0.104218,0.0465403,-0.993465
1775117422885734,-0.090202,0.0525111,-0.994538
1775117422905742,-0.0779858,0.0482121,-0.995788
1775117422925738,-0.0641341,0.0362872,-0.997281
1775117422945734,-0.0608836,0.0235006,-0.997868
1775117422965759,-0.0571533,0.0121282,-0.998292
1775117422985735,-0.0461261,-0.00889746,-0.998896
1775117423005730,-0.0379709,-0.0223934,-0.999028
1775117423025732,-0.0243892,-0.0377686,-0.998989
1775117423045735,-0.0140916,-0.0487396,-0.998712
1775117423065740,-0.00604517,-0.0577453,-0.998313
1775117423085733,-0.00312726,-0.0608664,-0.998141
1775117423105729,-0.00312726,-0.0608664,-0.998141
1775117423125732,-0.00312726,-0.0608664,-0.998141
1775117423145728,0.0135809,-0.0559362,-0.998342
1775117423165734,0.00948647,-0.0547188,-0.998457
1775117423185729,0.00808818,-0.056302,-0.998381
1775117423205729,0.00605605,-0.0590033,-0.998239
1775117423225728,0.00605605,-0.0590033,-0.998239
1775117423245730,0.000348625,-0.061723,-0.998093
1775117423265733,-0.00492355,-0.0610005,-0.998126
1775117423285772,-0.0148201,-0.0593987,-0.998124
1775117423305729,-0.0148201,-0.0593987,-0.998124
1775117423325954,-0.041164,-0.0562788,-0.997566
1775117423345731,-0.0534495,-0.0559772,-0.997
1775117423365732,-0.0673394,-0.0597455,-0.99594
1775117423385736,-0.0794931,-0.063898,-0.994785
1775117423405763,-0.0840436,-0.0655946,-0.994301
1775117423425742,-0.0827501,-0.0705195,-0.994072
1775117423445737,-0.0783197,-0.0762549,-0.994008
1775117423465738,-0.0710886,-0.0767649,-0.994512
1775117423485729,-0.0665542,-0.0781635,-0.994717
1775117423505734,-0.0489729,-0.076133,-0.995894
1775117423525727,-0.0341172,-0.0757421,-0.996544
1775117423545733,-0.02373,-0.0734557,-0.997016
1775117423565731,-0.0174702,-0.0733483,-0.997153
1775117423585738,-0.0040471,-0.0665447,-0.997775
1775117423605728,-0.000816059,-0.0645684,-0.997913
1775117423625729,-0.00128271,-0.060399,-0.998173
1775117423645738,-0.00605941,-0.0575449,-0.998325
1775117423665751,-0.00991471,-0.0534172,-0.998523
1775117423685745,-0.0230395,-0.0461625,-0.998668
1775117423705740,-0.039674,-0.0389296,-0.998454
1775117423725739,-0.0657292,-0.0312832,-0.997347
1775117423745754,-0.079425,-0.0304651,-0.996375
1775117423765734,-0.088592,-0.0292325,-0.995639
1775117423785732,-0.104397,-0.0278621,-0.994145
1775117423805727,-0.111422,-0.0291434,-0.993346
1775117423825775,-0.118718,-0.0307109,-0.992453
1775117423845955,-0.124189,-0.029959,-0.991806
1775117423865728,-0.133368,-0.0289567,-0.990643
1775117423885741,-0.139324,-0.0276291,-0.989861
1775117423905737,-0.145554,-0.0265526,-0.988994
1775117423925800,-0.153235,-0.0250168,-0.987873
1775117423945760,-0.156207,-0.0228584,-0.98746
1775117423965730,-0.158054,-0.0188523,-0.987251
1775117423985735,-0.158605,-0.0124025,-0.987264
1775117424005737,-0.155902,-0.00680529,-0.987749
1775117424025729,-0.156115,0.0012265,-0.987738
1775117424045731,-0.158714,0.00725836,-0.987298
1775117424065733,-0.152551,0.0102665,-0.988242
1775117424085735,-0.146192,0.0191421,-0.989071
1775117424105738,-0.140539,0.0260953,-0.989731
1775117424125977,-0.131951,0.0353212,-0.990627
1775117424145736,-0.128284,0.041693,-0.990861
1775117424165735,-0.122594,0.0467637,-0.991355
1775117424185728,-0.11342,0.049098,-0.992333
1775117424205732,-0.0994088,0.042707,-0.99413
1775117424225730,-0.0966784,0.0373399,-0.994615
1775117424245727,-0.087693,0.00951312,-0.996102
1775117424265728,-0.0768414,-0.0055295,-0.997028
1775117424285730,-0.0628543,-0.0264709,-0.997672
1775117424305755,-0.0540837,-0.0419991,-0.997653
1775117424325730,-0.0438142,-0.0554192,-0.997501
1775117424345731,-0.0365612,-0.0577284,-0.997663
1775117424365727,-0.0331655,-0.0585783,-0.997732
1775117424385736,-0.0255419,-0.058586,-0.997956
1775117424405737,-0.0220775,-0.0609811,-0.997895
1775117424425740,-0.0162544,-0.0641644,-0.997807
1775117424445739,-0.0136921,-0.0648943,-0.997798
1775117424465740,-0.0118495,-0.0645551,-0.997844
1775117424486906,-0.00979204,-0.066025,-0.99777
1775117424505744,-0.0084363,-0.0654472,-0.99782
1775117424525894,-0.0130096,-0.0659172,-0.99774
1775117424569697,-0.03427,-0.0613289,-0.997529
1775117424601521,-0.048801,-0.0588988,-0.99707
1775117424602550,-0.048801,-0.0588988,-0.99707
1775117424605728,-0.048801,-0.0588988,-0.99707
1775117424625733,-0.0595147,-0.0567224,-0.996615
1775117424645731,-0.0710717,-0.0577824,-0.995796
1775117424665732,-0.0771578,-0.0602342,-0.995198
1775117424685736,-0.094761,-0.0656876,-0.993331
1775117424705733,-0.0977976,-0.0667751,-0.992964
1775117424725730,-0.097753,-0.0686059,-0.992843
1775117424745733,-0.091444,-0.0770135,-0.992828
1775117424765728,-0.0835828,-0.0805175,-0.993243
1775117424785735,-0.0747521,-0.083821,-0.993673
1775117424805735,-0.0640428,-0.0850802,-0.994314
1775117424825730,-0.0543614,-0.0858249,-0.994826
1775117424845731,-0.0436562,-0.0840685,-0.995503
1775117424865799,-0.0345341,-0.0808933,-0.996124
1775117424885736,-0.0309386,-0.0749551,-0.996707
1775117424905735,-0.0334779,-0.0709515,-0.996918
1775117424925734,-0.0360549,-0.0657644,-0.997184
1775117424945730,-0.0429901,-0.0572844,-0.997432
1775117424965738,-0.0570501,-0.050609,-0.997088
1775117424985730,-0.0757598,-0.0430042,-0.996198
1775117425005730,-0.0861672,-0.037949,-0.995558
1775117425025731,-0.0996725,-0.0364232,-0.994353
1775117425045731,-0.105927,-0.034481,-0.993776
1775117425065747,-0.113551,-0.0340206,-0.99295
1775117425085742,-0.122853,-0.0349096,-0.991811
1775117425105742,-0.127093,-0.0355204,-0.991255
1775117425125738,-0.139093,-0.0330471,-0.989728
1775117425145731,-0.145398,-0.0315419,-0.98887
1775117425165730,-0.150568,-0.0313156,-0.988104
1775117425185730,-0.159412,-0.031235,-0.986718
1775117425205726,-0.164044,-0.0314183,-0.985953
1775117425225727,-0.170725,-0.0280568,-0.984919
1775117425245734,-0.171565,-0.0235744,-0.984891
1775117425265728,-0.174257,-0.0179655,-0.984536
1775117425285731,-0.175214,-0.0073108,-0.984503
1775117425305731,-0.174558,-0.000693581,-0.984647
1775117425325732,-0.169782,0.00898867,-0.985441
1775117425345734,-0.170814,0.0136093,-0.985209
1775117425365732,-0.16968,0.0184976,-0.985326
1775117425385736,-0.162714,0.0300328,-0.986216
1775117425405734,-0.157141,0.0347767,-0.986964
1775117425425736,-0.148352,0.0451015,-0.987906
1775117425445737,-0.144289,0.0439209,-0.98856
1775117425465737,-0.135845,0.0430003,-0.989796
1775117425485728,-0.120879,0.0349298,-0.992052
1775117425505728,-0.117151,0.02199,-0.992871
1775117425525753,-0.101023,-0.00195313,-0.994882
1775117425545730,-0.0888537,-0.0184961,-0.995873
1775117425565865,-0.0780676,-0.0356534,-0.99631
1775117425585736,-0.0664065,-0.0493575,-0.996571
1775117425605741,-0.0557292,-0.0549438,-0.996933
1775117425625733,-0.038663,-0.0576411,-0.997588
1775117425645730,-0.0259625,-0.0616452,-0.99776
1775117425665735,-0.0177212,-0.0645061,-0.99776
1775117425685738,-0.00848607,-0.0653842,-0.997824
1775117425705735,0.00118901,-0.0638601,-0.997958
1775117425725732,0.00914501,-0.0638593,-0.997917
1775117425745760,0.0107295,-0.0638301,-0.997903
1775117425765730,0.0122433,-0.06286,-0.997947
1775117425785731,0.0115047,-0.0613036,-0.998053
1775117425805730,0.00885096,-0.0607267,-0.998115
1775117425825730,0.00336397,-0.0602783,-0.998176
1775117425845737,-0.00745247,-0.0588089,-0.998241
1775117425865728,-0.0157561,-0.0572817,-0.998234
1775117425885736,-0.0325496,-0.0577416,-0.997801
1775117425905737,-0.045419,-0.0616124,-0.997066
1775117425925739,-0.0633585,-0.0672282,-0.995724
1775117425945737,-0.0709201,-0.0719781,-0.994882
1775117425965737,-0.0737612,-0.0753622,-0.994424
1775117425985738,-0.0651143,-0.0796735,-0.994692
1775117426005734,-0.0586102,-0.0819536,-0.994911
1775117426025731,-0.0499584,-0.0826405,-0.995326
1775117426045754,-0.0415606,-0.0812824,-0.995824
1775117426065760,-0.0376052,-0.0805676,-0.99604
1775117426085734,-0.0310235,-0.0807841,-0.996249
1775117426105742,-0.0237071,-0.0786997,-0.996616
1775117426125785,-0.0195696,-0.0779071,-0.996769
1775117426145741,-0.0162314,-0.0733213,-0.997176
1775117426165782,-0.0167951,-0.06874,-0.997493
1775117426185739,-0.0234125,-0.0643452,-0.997653
1775117426205742,-0.026669,-0.0628888,-0.997664
1775117426225732,-0.0393262,-0.0564863,-0.997629
1775117426245737,-0.0643605,-0.0466066,-0.996838
1775117426266002,-0.0813069,-0.0411714,-0.995838
1775117426285741,-0.0972964,-0.0359903,-0.994604
1775117426305738,-0.104856,-0.0342182,-0.993899
1775117426325741,-0.115623,-0.0350318,-0.992675
1775117426345740,-0.121422,-0.0346927,-0.991994
1775117426365742,-0.126891,-0.0348297,-0.991305
1775117426385782,-0.133828,-0.0363003,-0.99034
1775117426405742,-0.142028,-0.035269,-0.989234
1775117426425752,-0.149803,-0.0326265,-0.988177
1775117426445734,-0.155442,-0.0302921,-0.98738
1775117426465737,-0.161307,-0.0297226,-0.986457
1775117426485735,-0.167752,-0.0271352,-0.985456
1775117426505736,-0.171029,-0.0224642,-0.98501
1775117426525771,-0.171602,-0.0157336,-0.985041
1775117426545733,-0.168612,-0.00831489,-0.985647
1775117426565745,-0.17066,-0.000985366,-0.98533
1775117426585740,-0.169653,0.00757196,-0.985475
1775117426605737,-0.1648,0.0135797,-0.986234
1775117426625771,-0.159422,0.0192214,-0.987023
1775117426645733,-0.153041,0.0241707,-0.987924
1775117426665728,-0.147183,0.0307981,-0.98863
1775117426685759,-0.138986,0.038827,-0.989533
1775117426705729,-0.129693,0.0383082,-0.990814
1775117426725729,-0.112522,0.0374453,-0.992943
1775117426745738,-0.10325,0.0350339,-0.994038
1775117426765733,-0.0953376,0.0258204,-0.99511
1775117426785729,-0.0811952,0.00339252,-0.996692
1775117426805727,-0.0719656,-0.0103579,-0.997353
1775117426825728,-0.0581783,-0.0349381,-0.997695
1775117426845730,-0.0458343,-0.0472221,-0.997832
1775117426865733,-0.0337084,-0.052771,-0.998038
1775117426885734,-0.0183689,-0.0591624,-0.998079
1775117426905734,-0.00706225,-0.0629146,-0.997994
1775117426925732,0.00370604,-0.0638322,-0.997954
1775117426945730,0.00715695,-0.0638666,-0.997933
1775117426965734,0.00795197,-0.0636714,-0.997939
1775117426985740,0.0122712,-0.0599027,-0.998129
1775117427005737,0.0140796,-0.059495,-0.998129
1775117427025734,0.0148343,-0.0615369,-0.997995
1775117427045733,0.0115371,-0.0623516,-0.997988
1775117427065749,0.00770005,-0.060536,-0.998136
1775117427085736,-0.0013041,-0.0595152,-0.998227
1775117427105758,-0.00957838,-0.0579348,-0.998274
1775117427125731,-0.0225852,-0.0569756,-0.99812
1775117427145731,-0.0321552,-0.0586172,-0.997763
1775117427165728,-0.0464611,-0.0591348,-0.997168
1775117427185752,-0.0634236,-0.064705,-0.995887
1775117427205731,-0.0742542,-0.0673347,-0.994963
1775117427225727,-0.0777607,-0.0702788,-0.994492
1775117427245834,-0.0747807,-0.0752774,-0.994355
1775117427265729,-0.0698653,-0.0775652,-0.994536
1775117427285735,-0.0596562,-0.0811929,-0.994911
1775117427305729,-0.0520495,-0.0819245,-0.995278
1775117427325731,-0.0432239,-0.0823972,-0.995662
1775117427346238,-0.0346926,-0.081173,-0.996096
1775117427365728,-0.0292564,-0.0793189,-0.99642
1775117427385732,-0.0183727,-0.0770983,-0.996854
1775117427405734,-0.0134643,-0.0736748,-0.997191
1775117427425760,-0.0154469,-0.0698374,-0.997439
1775117427445744,-0.0223093,-0.0678765,-0.997444
1775117427465736,-0.0255115,-0.0655971,-0.99752
1775117427485793,-0.0361651,-0.0567445,-0.997734
1775117427505749,-0.0510189,-0.0491019,-0.99749
1775117427525734,-0.0763397,-0.0404731,-0.99626
1775117427545731,-0.0880428,-0.0352638,-0.995492
1775117427565734,-0.0973913,-0.0326251,-0.994711
1775117427586084,-0.110424,-0.0322341,-0.993362
1775117427614298,-0.118802,-0.0329276,-0.992372
1775117427625791,-0.126068,-0.0334471,-0.991458
1775117427645730,-0.130771,-0.0332072,-0.990856
1775117427665732,-0.137651,-0.0305941,-0.990008
1775117427685729,-0.143222,-0.0296174,-0.989247
1775117427705732,-0.149046,-0.0283111,-0.988425
1775117427725738,-0.159397,-0.0254444,-0.986887
1775117427745728,-0.162939,-0.0263624,-0.986284
1775117427765731,-0.162088,-0.0214012,-0.986544
1775117427785753,-0.167944,-0.0158101,-0.98567
1775117427805728,-0.169944,-0.0100219,-0.985403
1775117427825729,-0.170254,-0.0010699,-0.9854
1775117427845734,-0.170809,0.00856033,-0.985267
1775117427865727,-0.168876,0.0117583,-0.985567
1775117427885732,-0.159378,0.0200013,-0.987015
1775117427905733,-0.154988,0.0250956,-0.987597
1775117427925729,-0.148051,0.0342412,-0.988387
1775117427945749,-0.146563,0.0415152,-0.98833
1775117427965734,-0.140685,0.0456708,-0.989
1775117427985740,-0.126317,0.0487432,-0.990792
1775117428005743,-0.117538,0.0464226,-0.991983
1775117428025744,-0.107653,0.0297401,-0.993744
1775117428045740,-0.100018,0.0137195,-0.994891
1775117428065743,-0.0901134,0.00118237,-0.995931
1775117428085737,-0.0751901,-0.0222987,-0.99692
1775117428105733,-0.0665258,-0.0368737,-0.997103
1775117428125734,-0.0583338,-0.0466367,-0.997207
1775117428145774,-0.0428748,-0.0509882,-0.997779
1775117428165730,-0.037021,-0.0530264,-0.997907
1775117428185735,-0.0240681,-0.0604232,-0.997883
1775117428205733,-0.0179337,-0.0625591,-0.99788
1775117428225732,-0.0119416,-0.0643987,-0.997853
1775117428245732,-0.00918443,-0.0632258,-0.997957
1775117428265736,-0.00628915,-0.0651464,-0.997856
1775117428285728,-0.00516956,-0.0666836,-0.997761
1775117428305727,-0.00123027,-0.0663065,-0.997799
1775117428325734,-0.00240849,-0.0646031,-0.997908
1775117428345758,-0.00355829,-0.0645867,-0.997906
1775117428365732,-0.00891306,-0.0629038,-0.99798
1775117428385735,-0.0193709,-0.0613159,-0.99793
1775117428405731,-0.0287826,-0.0597216,-0.9978
1775117428425735,-0.0401764,-0.0597654,-0.997404
1775117428445733,-0.0584375,-0.0622957,-0.996345
1775117428465731,-0.070854,-0.0661997,-0.995288
1775117428485742,-0.0807976,-0.0727097,-0.994075
1775117428505737,-0.0823554,-0.077287,-0.993602
1775117428525734,-0.0739627,-0.0822005,-0.993867
1775117428545743,-0.0653519,-0.081937,-0.994493
1775117428565741,-0.0613528,-0.0830562,-0.994654
1775117428585781,-0.0513616,-0.0830272,-0.995223
1775117428605742,-0.0430154,-0.083026,-0.995619
1775117428625733,-0.0365734,-0.0820094,-0.99596
1775117428645779,-0.0293154,-0.0790117,-0.996443
1775117428665728,-0.0278581,-0.0800439,-0.996402
1775117428685732,-0.0170789,-0.0717976,-0.997273
1775117428705728,-0.0197794,-0.0686767,-0.997443
1775117428725733,-0.0248078,-0.0664366,-0.997482
1775117428745736,-0.0305165,-0.0627524,-0.997562
1775117428765738,-0.0427635,-0.0586206,-0.997364
1775117428785737,-0.067521,-0.0503538,-0.996446
1775117428805736,-0.080518,-0.045334,-0.995722
1775117428825730,-0.0872032,-0.0439747,-0.995219
1775117428845782,-0.106537,-0.0406513,-0.993477
1775117428865740,-0.114592,-0.0409822,-0.992567
1775117428885738,-0.123579,-0.0418974,-0.99145
1775117428905747,-0.128299,-0.043239,-0.990792
1775117428925737,-0.134817,-0.043516,-0.989914
1775117428945738,-0.146902,-0.0424337,-0.98824
1775117428965739,-0.156246,-0.0396261,-0.986923
1775117428985734,-0.167358,-0.0350637,-0.985272
1775117429005730,-0.172992,-0.0357231,-0.984275
1775117429025728,-0.17977,-0.0334846,-0.983139
1775117429045728,-0.183389,-0.0303621,-0.982571
1775117429065749,-0.183718,-0.0266407,-0.982618
1775117429085730,-0.185705,-0.019824,-0.982406
1775117429105734,-0.184233,-0.00825494,-0.982848
1775117429125733,-0.1856,0.000395996,-0.982625
1775117429145733,-0.182673,0.00614367,-0.983154
1775117429165729,-0.181262,0.0115313,-0.983367
1775117429185728,-0.175065,0.0200447,-0.984353
1775117429205731,-0.170882,0.0269932,-0.984922
1775117429225731,-0.159077,0.0306064,-0.986792
1775117429245756,-0.150275,0.0322466,-0.988118
1775117429265729,-0.139654,0.0310518,-0.989713
1775117429285735,-0.129633,0.0312499,-0.99107
1775117429305727,-0.123225,0.0308625,-0.991899
1775117429325730,-0.117918,0.0184022,-0.992853
1775117429345730,-0.10114,0.000276654,-0.994872
1775117429365729,-0.0895309,-0.0154954,-0.995864
1775117429385732,-0.0749523,-0.0410955,-0.99634
1775117429405746,-0.061641,-0.0517526,-0.996756
1775117429425744,-0.0435351,-0.0588764,-0.997316
1775117429445743,-0.0328472,-0.0586991,-0.997735
1775117429465739,-0.0192332,-0.0605544,-0.99798
1775117429485728,-0.00569536,-0.0625202,-0.998027
1775117429505742,0.00146046,-0.0610479,-0.998134
1775117429525747,0.0119293,-0.0601575,-0.998118
1775117429545736,0.0150973,-0.0606172,-0.998047
1775117429565732,0.0177377,-0.0596984,-0.998059
1775117429585728,0.0187033,-0.0587996,-0.998095
1775117429605739,0.0155268,-0.0578183,-0.998206
1775117429625742,0.00741407,-0.0582851,-0.998272
1775117429645745,0.00308327,-0.0564504,-0.998401
1775117429665737,-0.00525425,-0.0543682,-0.998507
1775117429685735,-0.0210894,-0.0547355,-0.998278
1775117429705736,-0.0334454,-0.055457,-0.997901
1775117429725731,-0.0461314,-0.0605272,-0.9971
1775117429745741,-0.0613076,-0.068968,-0.995733
1775117429765729,-0.0699709,-0.0726334,-0.994901
1775117429785730,-0.0701212,-0.0773863,-0.994532
1775117429805726,-0.0649333,-0.0817086,-0.994539
1775117429825727,-0.0507303,-0.0820196,-0.995339
1775117429845762,-0.0428048,-0.0821876,-0.995697
1775117429865728,-0.033638,-0.0812596,-0.996125
1775117429885736,-0.026452,-0.0809704,-0.996365
1775117429905740,-0.0190321,-0.0795997,-0.996645
1775117429925733,-0.0131128,-0.077285,-0.996923
1775117429945732,-0.0117649,-0.0737306,-0.997209
1775117429965739,-0.0132627,-0.0677524,-0.997614
1775117429985730,-0.0207457,-0.062569,-0.997825
1775117430005892,-0.0285672,-0.0597737,-0.997803
1775117430030883,-0.0435142,-0.0473445,-0.99793
1775117430045736,-0.0532256,-0.0432445,-0.997646
1775117430065734,-0.0709542,-0.0367111,-0.996804
1775117430085733,-0.0884638,-0.032884,-0.995536
1775117430105730,-0.0969315,-0.0336095,-0.994723
1775117430125747,-0.107219,-0.0286638,-0.993822
1775117430145728,-0.110772,-0.0291151,-0.993419
1775117430165734,-0.116363,-0.0292442,-0.992776
1775117430185728,-0.122005,-0.0273679,-0.992152
1775117430205729,-0.126196,-0.0254789,-0.991678
1775117430225729,-0.135109,-0.0207799,-0.990613
1775117430245727,-0.139042,-0.0219903,-0.990042
1775117430265729,-0.142931,-0.020251,-0.989526
1775117430285734,-0.144244,-0.0186347,-0.989367
1775117430305729,-0.146109,-0.0156063,-0.989145
1775117430325729,-0.144755,-0.0104764,-0.989412
1775117430345737,-0.143059,-0.00686871,-0.98969
1775117430365729,-0.143652,-0.0011954,-0.989628
1775117430385736,-0.138293,0.00641623,-0.990371
1775117430405734,-0.130553,0.0115975,-0.991374
1775117430425734,-0.125766,0.017176,-0.991911
1775117430445736,-0.117447,0.0253997,-0.992754
1775117430465758,-0.108054,0.0312591,-0.993653
1775117430485736,-0.0924213,0.0436144,-0.994764
1775117430505736,-0.0879933,0.050779,-0.994826
1775117430525730,-0.0778945,0.0457948,-0.995909
1775117430545733,-0.062896,0.0399413,-0.997221
1775117430565737,-0.057555,0.0294917,-0.997907
1775117430585731,-0.0529777,0.0184795,-0.998425
1775117430605743,-0.0437316,0.0013263,-0.999042
1775117430625737,-0.0325624,-0.0165265,-0.999333
1775117430645738,-0.023179,-0.0250044,-0.999419
1775117430665771,-0.0163875,-0.0329217,-0.999324
1775117430685730,-0.0013087,-0.044925,-0.99899
1775117430705731,0.00487956,-0.0513788,-0.998667
1775117430725733,0.0106263,-0.0637404,-0.99791
1775117430745733,0.0145625,-0.0670584,-0.997643
1775117430765754,0.0188538,-0.0644666,-0.997742
1775117430785807,0.0202202,-0.0642073,-0.997732
1775117430805730,0.0186657,-0.0635999,-0.997801
1775117430825728,0.0160493,-0.0598416,-0.998079
1775117430845741,0.00917452,-0.0582776,-0.998258
1775117430865730,0.00384639,-0.0598552,-0.9982
1775117430885758,-0.00231711,-0.0596957,-0.998214
1775117430905734,-0.0099571,-0.058975,-0.99821
1775117430925735,-0.0217822,-0.0568136,-0.998147
1775117430945744,-0.0313347,-0.0571642,-0.997873
1775117430965736,-0.0422665,-0.0557835,-0.997548
1775117430985736,-0.0618946,-0.0573634,-0.996433
1775117431005732,-0.0722367,-0.0586578,-0.995661
1775117431025731,-0.0840508,-0.0618653,-0.994539
1775117431045736,-0.0860359,-0.0653093,-0.994149
1775117431065733,-0.0844051,-0.0702797,-0.99395
1775117431085733,-0.0767867,-0.0740339,-0.994295
1775117431105734,-0.0679879,-0.0760853,-0.994781
1775117431125733,-0.0550614,-0.0772429,-0.995491
1775117431145734,-0.0479123,-0.0785021,-0.995762
1775117431165731,-0.0399692,-0.076633,-0.996258
1775117431185732,-0.0267617,-0.0730272,-0.996971
1775117431205734,-0.0181603,-0.0716676,-0.997263
1775117431225732,-0.00586713,-0.0663766,-0.997777
1775117431245735,-0.00231425,-0.0649426,-0.997886
1775117431265748,-0.00318638,-0.0641936,-0.997932
1775117431285733,-0.00945214,-0.059027,-0.998212
1775117431305770,-0.0133022,-0.0545236,-0.998424
1775117431325738,-0.0299579,-0.0445048,-0.99856
1775117431345732,-0.051312,-0.0336985,-0.998114
1775117431365729,-0.0651711,-0.0311055,-0.997389
1775117431385738,-0.0799871,-0.0269303,-0.996432
1775117431405743,-0.0866375,-0.0264498,-0.995889
1775117431425738,-0.095835,-0.0281552,-0.994999
1775117431445757,-0.101335,-0.0288009,-0.994435
1775117431465733,-0.107681,-0.0302683,-0.993725
1775117431485737,-0.114199,-0.0298451,-0.993009
1775117431505733,-0.124287,-0.0258839,-0.991909
1775117431525731,-0.130494,-0.0238159,-0.991163
1775117431545847,-0.132323,-0.0221129,-0.99096
1775117431565764,-0.137724,-0.021525,-0.990237
1775117431585739,-0.14286,-0.0184296,-0.989571
1775117431605732,-0.14261,-0.0161143,-0.989648
1775117431625737,-0.143237,-0.0125412,-0.989609
1775117431645734,-0.140825,-0.00600869,-0.990016
1775117431665739,-0.143242,-0.00274455,-0.989684
1775117431685742,-0.139192,0.00688202,-0.990241
1775117431705776,-0.134738,0.0133318,-0.990792
1775117431725741,-0.12745,0.017915,-0.991683
1775117431745739,-0.118118,0.0270078,-0.992632
1775117431765734,-0.115599,0.0325443,-0.992763
1775117431785728,-0.101744,0.0443701,-0.993821
1775117431805727,-0.0938359,0.0449301,-0.994573
1775117431825740,-0.078735,0.0367729,-0.996217
1775117431845727,-0.0721399,0.0264324,-0.997044
1775117431865733,-0.0682263,0.0152569,-0.997553
1775117431885737,-0.0590761,-0.00523045,-0.99824
1775117431905749,-0.0504163,-0.0180638,-0.998565
1775117431925733,-0.0392792,-0.0292663,-0.9988
1775117431945729,-0.0257727,-0.0437547,-0.99871
1775117431965738,-0.0176025,-0.0557449,-0.99829
1775117431985734,-0.00757386,-0.0655431,-0.997821
1775117432005736,-0.00148754,-0.0672811,-0.997733
1775117432025767,0.00296241,-0.0653098,-0.997861
1775117432045737,0.0080176,-0.0618987,-0.99805
1775117432065736,0.00233042,-0.0627388,-0.998027
1775117432085750,-0.00117436,-0.0635255,-0.99798
1775117432105732,-0.00143905,-0.0638378,-0.997959
1775117432125730,-0.00207119,-0.0654936,-0.997851
1775117432145820,-0.00266434,-0.0665128,-0.997782
1775117432165729,-0.00697391,-0.0649961,-0.997861
1775117432185730,-0.0175677,-0.0629399,-0.997863
1775117432205735,-0.021823,-0.0588993,-0.998025
1775117432225730,-0.0311118,-0.0585741,-0.997798
1775117432245733,-0.0445127,-0.058983,-0.997266
1775117432265729,-0.0595604,-0.0605776,-0.996385
1775117432285731,-0.0748254,-0.0621266,-0.995259
1775117432305734,-0.0800766,-0.0653547,-0.994644
1775117432325728,-0.0823087,-0.0674107,-0.994324
1775117432345728,-0.0778777,-0.0741196,-0.994204
1775117432365741,-0.073716,-0.0787872,-0.994162
1775117432385735,-0.0651622,-0.0776507,-0.994849
1775117432405733,-0.0544555,-0.0785684,-0.99542
1775117432425734,-0.0424869,-0.0795716,-0.995923
1775117432445739,-0.0322393,-0.0783979,-0.996401
1775117432465740,-0.0248073,-0.0783622,-0.996616
1775117432485734,-0.0127928,-0.0764675,-0.99699
1775117432505731,0.00170645,-0.0709103,-0.997481
1775117432525732,0.00300424,-0.0669918,-0.997749
1775117432545728,-0.000300267,-0.0654345,-0.997857
1775117432565733,-0.00530788,-0.0634231,-0.997973
1775117432585730,-0.016045,-0.0540711,-0.998408
1775117432605739,-0.0283676,-0.0461121,-0.998533
1775117432625730,-0.0569338,-0.0305478,-0.997911
1775117432645729,-0.0680737,-0.0282779,-0.997279
1775117432665728,-0.0785113,-0.02707,-0.996546
1775117432685733,-0.0898519,-0.0271252,-0.995586
1775117432705728,-0.0964904,-0.0288251,-0.994916
1775117432725730,-0.101308,-0.0296738,-0.994412
1775117432745731,-0.108116,-0.0295658,-0.993699
1775117432765726,-0.114813,-0.0311292,-0.992899
1775117432785731,-0.125334,-0.0261267,-0.991771
1775117432805729,-0.131732,-0.0259221,-0.990946
1775117432825729,-0.138067,-0.0247562,-0.990113
1775117432845746,-0.140535,-0.0232844,-0.989802
1775117432865730,-0.139905,-0.0228704,-0.989901
1775117432885739,-0.138844,-0.0194168,-0.990124
1775117432905870,-0.135519,-0.0168863,-0.990631
1775117432946452,-0.1254,-0.0133354,-0.992017
1775117432961758,-0.122609,-0.00975331,-0.992407
1775117432965731,-0.122609,-0.00975331,-0.992407
1775117432985781,-0.114268,-0.00692343,-0.993426
1775117433005854,-0.1063,-0.00251357,-0.994331
1775117433025729,-0.096215,0.00363865,-0.995354
1775117433045734,-0.0904717,0.0070489,-0.995874
1775117433065744,-0.0800858,0.0112254,-0.996725
1775117433085735,-0.0679143,0.0148177,-0.997581
1775117433105731,-0.0546786,0.0176845,-0.998347
1775117433125744,-0.0411627,0.0262522,-0.998808
1775117433145737,-0.0320367,0.0312651,-0.998998
1775117433165736,-0.0252438,0.0243176,-0.999386
1775117433185733,-0.0145655,0.0126801,-0.999814
1775117433205735,-0.00392343,0.00578721,-0.999976
1775117433225730,0.00955068,-0.00859548,-0.999917
1775117433245728,0.0176971,-0.0193445,-0.999656
1775117433265732,0.0337041,-0.0243149,-0.999136
1775117433285730,0.038716,-0.0448079,-0.998245
1775117433305730,0.0494053,-0.0574557,-0.997125
1775117433325730,0.0571948,-0.0663154,-0.996158
1775117433345728,0.0586691,-0.074574,-0.995488
1775117433365732,0.0568132,-0.072396,-0.995757
1775117433385743,0.0559412,-0.0628038,-0.996457
1775117433405738,0.0515955,-0.0612772,-0.996786
1775117433425735,0.0365973,-0.0623278,-0.997385
1775117433445745,0.0304525,-0.0635727,-0.997512
1775117433465734,0.0256659,-0.0651239,-0.997547
1775117433485730,0.0145643,-0.0639181,-0.997849
1775117433505754,0.00541489,-0.0636246,-0.997959
1775117433525739,-0.00486493,-0.0635465,-0.997967
1775117433545741,-0.0244835,-0.0630239,-0.997712
1775117433565744,-0.0358625,-0.0614602,-0.997465
1775117433585734,-0.0570455,-0.0627544,-0.996397
1775117433605736,-0.0703638,-0.065332,-0.99538
1775117433625737,-0.0819147,-0.0694729,-0.994215
1775117433645732,-0.0795087,-0.0730967,-0.994151
1775117433665740,-0.0778439,-0.0788823,-0.99384
1775117433685729,-0.0738546,-0.0812825,-0.993951
1775117433705728,-0.0603007,-0.0806392,-0.994918
1775117433725734,-0.0480433,-0.0806686,-0.995582
1775117433745737,-0.0391253,-0.0799511,-0.996031
1775117433765851,-0.0276465,-0.0787511,-0.996511
1775117433810947,0.00611461,-0.0705687,-0.997488
1775117433829486,0.00816051,-0.066679,-0.997741
1775117433836684,0.00816051,-0.066679,-0.997741
1775117433845775,0.00587573,-0.0664468,-0.997773
1775117433865741,0.00275879,-0.0661012,-0.997809
1775117433885738,-0.00671077,-0.0705744,-0.997484
1775117433905736,-0.0140661,-0.0706289,-0.997403
1775117433925733,-0.0194664,-0.0668292,-0.997575
1775117433945734,-0.0270722,-0.0629671,-0.997648
1775117433965742,-0.0335429,-0.0562725,-0.997852
1775117433985728,-0.0623431,-0.0452149,-0.99703
1775117434005732,-0.0818184,-0.036633,-0.995974
1775117434025731,-0.108473,-0.0301588,-0.993642
1775117434045730,-0.124352,-0.0306005,-0.991766
1775117434065764,-0.135102,-0.0323306,-0.990304
1775117434085736,-0.141451,-0.0324225,-0.989414
1775117434105739,-0.145888,-0.0336843,-0.988728
1775117434125762,-0.155624,-0.0355299,-0.987177
1775117434145754,-0.164681,-0.0374218,-0.985637
1775117434165736,-0.163996,-0.0315111,-0.985958
1775117434185734,-0.169337,-0.0274926,-0.985175
1775117434205731,-0.174096,-0.0209223,-0.984506
1775117434225751,-0.178168,-0.0104909,-0.983944
1775117434245741,-0.17933,-0.00375527,-0.983782
1775117434265769,-0.176544,0.00130436,-0.984292
1775117434285735,-0.168472,0.00403086,-0.985698
1775117434305727,-0.157174,0.00538123,-0.987556
1775117434325728,-0.142547,0.00753719,-0.989759
1775117434345730,-0.121789,0.0132291,-0.992468
1775117434365731,-0.110603,0.0171756,-0.993716
1775117434385733,-0.0980386,0.0232967,-0.99491
1775117434405729,-0.09034,0.0260899,-0.995569
1775117434425741,-0.0854195,0.0320573,-0.995829
1775117434445741,-0.0810719,0.025249,-0.996388
1775117434465736,-0.0742595,0.0130172,-0.997154
1775117434485737,-0.0558654,-0.00520834,-0.998425
1775117434505734,-0.0455546,-0.021019,-0.998741
1775117434525741,-0.0224586,-0.0439676,-0.99878
1775117434545733,-0.00629326,-0.0580169,-0.998296
1775117434565737,0.00408368,-0.0607443,-0.998145
1775117434585732,0.0200412,-0.0596305,-0.998019
1775117434605742,0.0305723,-0.0580592,-0.997845
1775117434625742,0.0331402,-0.0591514,-0.997699
1775117434645745,0.0432853,-0.0545057,-0.997575
1775117434665731,0.0457192,-0.0552441,-0.997426
1775117434685735,0.0438668,-0.0556722,-0.997485
1775117434705728,0.039522,-0.056851,-0.9976
1775117434725729,0.0316612,-0.0598379,-0.997706
1775117434745735,0.0238637,-0.0602119,-0.9979
1775117434765728,0.0149384,-0.0589381,-0.99815
1775117434785728,0.00296702,-0.0573145,-0.998352
1775117434805731,-0.00449049,-0.0565469,-0.99839
1775117434825730,-0.0212518,-0.0580224,-0.998089
1775117434845734,-0.0321292,-0.0588205,-0.997751
1775117434865729,-0.0446473,-0.0624226,-0.997051
1775117434885732,-0.064238,-0.0673478,-0.995659
1775117434905735,-0.0693011,-0.0694628,-0.995174
1775117434925734,-0.0747169,-0.0733383,-0.994504
1775117434945779,-0.066689,-0.0744654,-0.994991
1775117434965737,-0.0557639,-0.0776391,-0.995421
1775117434985734,-0.0382224,-0.0774966,-0.99626
1775117435005748,-0.0241936,-0.0784338,-0.996626
1775117435025811,-0.00964961,-0.0828896,-0.996512
1775117435045780,0.00545835,-0.0780085,-0.996938
1775117435065742,0.0145907,-0.0766501,-0.996951
1775117435085744,0.0213911,-0.0726733,-0.997126
1775117435105750,0.0224392,-0.0668113,-0.997513
1775117435125735,0.0156682,-0.0618512,-0.997962
1775117435145735,0.00932765,-0.0653475,-0.997819
1775117435165736,0.00469911,-0.0644406,-0.99791
1775117435185729,-0.00654214,-0.0607242,-0.998133
1775117435205733,-0.0157403,-0.0574999,-0.998221
1775117435225728,-0.0416453,-0.0427664,-0.998217
1775117435245729,-0.0634251,-0.0367958,-0.997308
1775117435265733,-0.0800844,-0.0301205,-0.996333
1775117435285727,-0.103788,-0.0260623,-0.994258
1775117435305729,-0.115822,-0.0280421,-0.992874
1775117435325734,-0.129644,-0.0307809,-0.991083
1775117435345728,-0.136605,-0.0326667,-0.990087
1775117435365732,-0.142757,-0.0322677,-0.989232
1775117435385796,-0.154466,-0.0322445,-0.987472
1775117435405745,-0.156738,-0.0323116,-0.987112
1775117435425740,-0.162623,-0.0299051,-0.986235
1775117435445743,-0.166819,-0.0283679,-0.985579
1775117435465740,-0.177284,-0.0300252,-0.983702
1775117435485736,-0.170498,-0.0163181,-0.985223
1775117435505730,-0.174375,-0.00860603,-0.984642
1775117435525729,-0.174606,0.00133774,-0.984637
1775117435545735,-0.168544,0.00576979,-0.985677
1775117435565732,-0.167121,0.0118548,-0.985865
1775117435585736,-0.159087,0.0212576,-0.987036
1775117435605740,-0.151277,0.0309524,-0.988007
1775117435625739,-0.135725,0.0411182,-0.989893
1775117435645744,-0.135059,0.0475616,-0.989695
1775117435665730,-0.125818,0.0531396,-0.990629
1775117435685729,-0.111813,0.056072,-0.992146
1775117435705736,-0.10583,0.0492628,-0.993163
1775117435725729,-0.0965027,0.0395855,-0.994545
1775117435745728,-0.0856746,0.0168875,-0.99618
1775117435765802,-0.0760211,0.00317385,-0.997101
1775117435785731,-0.0607311,-0.0206106,-0.997941
1775117435805732,-0.0492092,-0.0368824,-0.998107
1775117435825747,-0.0330995,-0.0537091,-0.998008
1775117435845732,-0.0262221,-0.0583213,-0.997953
1775117435865734,-0.0119425,-0.0602988,-0.998109
1775117435885735,-0.00163595,-0.0593186,-0.998238
1775117435905736,0.000139002,-0.0609346,-0.998142
1775117435925733,0.00826714,-0.0646934,-0.997871
1775117435945734,0.0124284,-0.0615808,-0.998025
1775117435965739,0.0132556,-0.0615261,-0.998017
1775117435985734,0.0137585,-0.0634675,-0.997889
1775117436005733,0.012015,-0.0630461,-0.997938
1775117436025731,0.00940265,-0.0611178,-0.998086
1775117436045739,0.00106201,-0.0613126,-0.998118
1775117436065733,-0.00547181,-0.0583191,-0.998283
1775117436085789,-0.0160898,-0.0577942,-0.998199
1775117436105732,-0.0252966,-0.058648,-0.997958
1775117436125732,-0.0399004,-0.0610641,-0.997336
1775117436145737,-0.0564446,-0.0644884,-0.996321
1775117436165730,-0.0664314,-0.0670711,-0.995534
1775117436185731,-0.0772223,-0.0685479,-0.994655
1775117436205729,-0.0772755,-0.0700703,-0.994544
1775117436225730,-0.0781937,-0.0739238,-0.994194
1775117436245729,-0.0680103,-0.0740921,-0.99493
1775117436265732,-0.0652534,-0.0772944,-0.994871
1775117436285733,-0.0521673,-0.0861241,-0.994918
1775117436305737,-0.036983,-0.0810908,-0.99602
1775117436325737,-0.0265261,-0.0823394,-0.996251
1775117436345747,-0.0111506,-0.0763175,-0.997021
1775117436365743,-0.00806637,-0.0769408,-0.997003
1775117436385737,0.004679,-0.0710149,-0.997464
1775117436405743,0.00323389,-0.0670499,-0.997744
1775117436425741,-0.000181116,-0.0645697,-0.997913
1775117436445760,-0.0126238,-0.0620849,-0.997991
1775117436465748,-0.0186563,-0.0546987,-0.998329
1775117436485736,-0.0374744,-0.040599,-0.998473
1775117436505740,-0.0570286,-0.0351229,-0.997755
1775117436525733,-0.0735223,-0.0320453,-0.996779
1775117436545731,-0.0836681,-0.0319722,-0.995981
1775117436565735,-0.0910797,-0.030172,-0.995386
1775117436586072,-0.106574,-0.0365448,-0.993633
1775117436621763,-0.119682,-0.0375444,-0.992102
1775117436625727,-0.119682,-0.0375444,-0.992102
1775117436645912,-0.12496,-0.0364694,-0.991491
1775117436665744,-0.125752,-0.0309952,-0.991577
1775117436685744,-0.137407,-0.0275129,-0.990132
1775117436705735,-0.144522,-0.0272536,-0.989126
1775117436725732,-0.14223,-0.0243051,-0.989535
1775117436745736,-0.146886,-0.0228788,-0.988889
1775117436765728,-0.146661,-0.0177792,-0.989027
1775117436785729,-0.147507,-0.0117305,-0.988991
1775117436805748,-0.14603,-0.00281477,-0.989276
1775117436825729,-0.142745,-0.000751746,-0.989759
1775117436845734,-0.143907,0.00666109,-0.989569
1775117436865730,-0.135716,0.0104734,-0.990692
1775117436885730,-0.126022,0.0202319,-0.991821
1775117436905741,-0.122534,0.0276547,-0.992079
1775117436925736,-0.106368,0.0361206,-0.993671
1775117436945742,-0.099476,0.0453873,-0.994004
1775117436965740,-0.0886363,0.0426293,-0.995151
1775117436985734,-0.0765339,0.0301036,-0.996612
1775117437005746,-0.0702418,0.0170724,-0.997384
1775117437025741,-0.0641154,0.00341421,-0.997937
1775117437045738,-0.0533168,-0.016894,-0.998435
1775117437065781,-0.0423332,-0.0312466,-0.998615
1775117437085743,-0.0275158,-0.0492461,-0.998408
1775117437105730,-0.0207933,-0.0595525,-0.998009
1775117437125731,-0.0126269,-0.06385,-0.99788
1775117437145741,0.00125802,-0.0669148,-0.997758
1775117437165730,0.0064873,-0.0675896,-0.997692
1775117437185731,0.00665389,-0.0656225,-0.997822
1775117437205728,0.00913363,-0.0634251,-0.997945
1775117437225729,0.0128395,-0.0648504,-0.997812
1775117437245736,0.0138089,-0.0669822,-0.997659
1775117437265731,0.0118997,-0.0687795,-0.997561
1775117437285736,0.00914433,-0.0682122,-0.997629
1775117437305737,0.00369505,-0.0674011,-0.997719
1775117437325732,-0.000834854,-0.0649499,-0.997888
1775117437345728,-0.0110298,-0.0627536,-0.997968
1775117437365733,-0.0207997,-0.0617061,-0.997878
1775117437385728,-0.0292189,-0.0597128,-0.997788
1775117437405742,-0.0498221,-0.0625047,-0.9968
1775117437425736,-0.068686,-0.0660896,-0.995447
1775117437445735,-0.0757134,-0.0726866,-0.994477
1775117437465740,-0.0778495,-0.0779597,-0.993912
1775117437485731,-0.0733573,-0.0835365,-0.993801
1775117437505736,-0.0685656,-0.0827094,-0.994212
1775117437525733,-0.0533413,-0.0862253,-0.994847
1775117437545729,-0.0437754,-0.0827883,-0.995605
1775117437565729,-0.0370992,-0.0858822,-0.995614
1775117437585743,-0.0253808,-0.0861601,-0.995958
1775117437605754,-0.0185166,-0.0837785,-0.996312
1775117437625754,-0.00593106,-0.0787256,-0.996879
1775117437645743,-0.00221143,-0.0751559,-0.997169
1775117437665732,-0.00230823,-0.0708632,-0.997483
1775117437685738,-0.00522544,-0.0689062,-0.997609
1775117437705732,-0.00929547,-0.0670775,-0.997704
1775117437725731,-0.0224218,-0.0588858,-0.998013
1775117437745734,-0.0341699,-0.0527962,-0.998021
1775117437765731,-0.0518479,-0.0453255,-0.997626
1775117437785732,-0.0734119,-0.0367845,-0.996623
1775117437805733,-0.086417,-0.0354255,-0.995629
1775117437825731,-0.092838,-0.0349734,-0.995067
1775117437845811,-0.101817,-0.0362044,-0.994144
1775117437865731,-0.105997,-0.0373364,-0.993665
1775117437885729,-0.111447,-0.0390862,-0.993001
1775117437905737,-0.115093,-0.0388175,-0.992596
1775117437925737,-0.120076,-0.0360953,-0.992108
1775117437945736,-0.127694,-0.0339442,-0.991233
1775117437965744,-0.133813,-0.0282631,-0.990604
1775117437985730,-0.140231,-0.0319148,-0.989604
1775117438005733,-0.141297,-0.031281,-0.989473
1775117438025827,-0.139557,-0.0266175,-0.989856
1775117438045729,-0.140151,-0.0254041,-0.989804
1775117438065734,-0.141526,-0.0186861,-0.989758
1775117438085733,-0.142556,-0.0146129,-0.989679
1775117438105738,-0.138231,-0.0073068,-0.990373
1775117438125749,-0.13583,-0.00834665,-0.990697
1775117438145728,-0.122702,-0.00141621,-0.992443
1775117438165736,-0.109978,0.00364491,-0.993927
1775117438185734,-0.0985724,0.00810359,-0.995097
1775117438205729,-0.088091,0.0148825,-0.996001
1775117438225729,-0.0771532,0.0208964,-0.9968
1775117438245731,-0.0726655,0.0240076,-0.997067
1775117438265729,-0.0652653,0.025104,-0.997552
1775117438285730,-0.0586072,0.00983854,-0.998233
1775117438305729,-0.0482862,-0.00185013,-0.998832
1775117438325729,-0.0323366,-0.0183555,-0.999308
1775117438345732,-0.0227305,-0.0313275,-0.999251
1775117438365729,-0.00923569,-0.0448785,-0.99895
1775117438385730,0.0116071,-0.061644,-0.998031
1775117438405739,0.0214531,-0.0683999,-0.997427
1775117438425743,0.0272919,-0.0684477,-0.997281
1775117438445739,0.0364124,-0.068383,-0.996994
1775117438465742,0.0378232,-0.0655698,-0.997131
1775117438485744,0.0393844,-0.0620013,-0.997299
1775117438505738,0.0372607,-0.0578752,-0.997628
1775117438525732,0.0383549,-0.0608441,-0.99741
1775117438545734,0.0312411,-0.0618465,-0.997597
1775117438565749,0.0282085,-0.0621374,-0.997669
1775117438585730,0.0144178,-0.0630483,-0.997906
1775117438605732,0.00946558,-0.0651183,-0.997833
1775117438625771,-0.00176042,-0.0639132,-0.997954
1775117438645733,-0.0198317,-0.0622408,-0.997864
1775117438666056,-0.0280021,-0.0622057,-0.99767
1775117438685744,-0.0503308,-0.065775,-0.996564
1775117438705746,-0.0628121,-0.0695532,-0.995599
1775117438725731,-0.0733467,-0.07554,-0.994442
1775117438745729,-0.0773394,-0.0794798,-0.993832
1775117438765733,-0.0768874,-0.0811263,-0.993734
1775117438785745,-0.0674124,-0.0858292,-0.994027
1775117438805739,-0.0542261,-0.0822983,-0.995131
1775117438825739,-0.0314637,-0.0794271,-0.996344
1775117438845754,-0.0245003,-0.0800224,-0.996492
1775117438865731,-0.00835541,-0.0814929,-0.996639
1775117438885739,0.00881228,-0.0793087,-0.996811
1775117438905739,0.0145497,-0.0764195,-0.99697
1775117438925934,0.0194344,-0.0687294,-0.997446
1775117438945853,0.0150706,-0.0675123,-0.997605
1775117438965737,0.00926514,-0.0642254,-0.997892
1775117438985735,0.000479613,-0.0608123,-0.998149
1775117439005732,-0.00495401,-0.0574767,-0.998335
1775117439025732,-0.0248557,-0.0508427,-0.998397
1775117439045737,-0.0390473,-0.03499,-0.998625
1775117439065741,-0.0561731,-0.0281629,-0.998024
1775117439085733,-0.0719629,-0.0239777,-0.997119
1775117439105737,-0.082398,-0.0260822,-0.996258
1775117439125732,-0.0894508,-0.0250512,-0.995676
1775117439145732,-0.0938231,-0.0265395,-0.995235
1775117439165735,-0.0993224,-0.0266292,-0.994699
1775117439185755,-0.106157,-0.0254294,-0.994024
1775117439205755,-0.118233,-0.0268424,-0.992623
1775117439225731,-0.116832,-0.0181302,-0.992986
1775117439245727,-0.119524,-0.0199954,-0.99263
1775117439265733,-0.122241,-0.01912,-0.992316
1775117439285729,-0.124964,-0.0138187,-0.992065
1775117439305732,-0.128388,-0.0109899,-0.991663
1775117439325731,-0.124485,-0.0030377,-0.992217
1775117439345734,-0.123223,-0.00105782,-0.992378
1775117439365728,-0.124752,0.00209939,-0.992186
1775117439385731,-0.117116,0.00796823,-0.993086
1775117439405741,-0.113951,0.0116456,-0.993418
1775117439425746,-0.104486,0.0181948,-0.99436
1775117439445761,-0.0973436,0.0231674,-0.994981
1775117439465744,-0.0900395,0.0302056,-0.99548
1775117439485740,-0.0778869,0.0416537,-0.996092
1775117439505738,-0.0709248,0.0405026,-0.996659
1775117439525736,-0.0517509,0.0318909,-0.998151
1775117439545740,-0.04433,0.0224462,-0.998765
1775117439565734,-0.035847,0.0113792,-0.999293
1775117439585741,-0.0292941,-0.00374221,-0.999564
1775117439605735,-0.0191944,-0.012858,-0.999733
1775117439625736,-0.00816718,-0.0270311,-0.999601
1775117439645746,0.0019222,-0.0343102,-0.999409
1775117439665743,0.0106987,-0.0406101,-0.999118
1775117439685743,0.0277579,-0.0529241,-0.998213
1775117439705738,0.0356169,-0.0576558,-0.997701
1775117439725733,0.0502367,-0.0638004,-0.996697
1775117439745728,0.0534019,-0.067693,-0.996276
1775117439765731,0.0524916,-0.071671,-0.996046
1775117439785731,0.0501396,-0.0694024,-0.996328
1775117439805729,0.045255,-0.0622347,-0.997035
1775117439825738,0.0352251,-0.0556098,-0.997831
1775117439845728,0.0286722,-0.0537245,-0.998144
1775117439865791,0.0225887,-0.0547671,-0.998244
1775117439885735,0.00942012,-0.0561431,-0.998378
1775117439905738,-0.00474317,-0.0551528,-0.998467
1775117439925747,-0.0134278,-0.05573,-0.998356
1775117439945733,-0.0292703,-0.0540583,-0.998109
1775117439965735,-0.0478934,-0.0548044,-0.997348
1775117439985884,-0.0611221,-0.0617966,-0.996215
1775117440005727,-0.0773806,-0.064761,-0.994896
1775117440025732,-0.0862724,-0.0720781,-0.993661
1775117440045729,-0.0874531,-0.0761003,-0.993258
1775117440065731,-0.0775677,-0.0764928,-0.994048
1775117440085735,-0.0652489,-0.0828152,-0.994427
1775117440105729,-0.045051,-0.0819715,-0.995616
1775117440125729,-0.0214909,-0.0816864,-0.996426
1775117440145756,-0.0152958,-0.0855666,-0.996215
1775117440165752,0.010348,-0.0801952,-0.996725
1775117440185748,0.0271381,-0.0734704,-0.996928
1775117440205737,0.0344876,-0.0683445,-0.997066
1775117440225731,0.034446,-0.0652611,-0.997274
1775117440245735,0.0270851,-0.0643461,-0.99756
1775117440265731,0.0202011,-0.0636878,-0.997765
1775117440285731,0.0120391,-0.0619037,-0.99801
1775117440305766,0.0037111,-0.0639881,-0.997944
1775117440325728,-0.00635049,-0.0594044,-0.998214
1775117440345731,-0.0218674,-0.0366715,-0.999088
1775117440365764,-0.0527332,-0.0292319,-0.998181
1775117440385731,-0.0735058,-0.0252317,-0.996976
1775117440405734,-0.0936323,-0.0259848,-0.995268
1775117440425735,-0.107126,-0.0296057,-0.993805
1775117440445736,-0.111283,-0.0303077,-0.993327
1775117440465736,-0.119519,-0.0328606,-0.992288
1775117440486254,-0.132058,-0.0340504,-0.990657
1775117440505743,-0.136222,-0.029492,-0.990239
1775117440525738,-0.147778,-0.0263853,-0.988669
1775117440545744,-0.149638,-0.0307203,-0.988263
1775117440565740,-0.156344,-0.0246557,-0.987395
1775117440585736,-0.156588,-0.0192396,-0.987477
1775117440605736,-0.158239,-0.0125836,-0.987321
1775117440625744,-0.161598,-0.00243977,-0.986854
1775117440645744,-0.157857,0.00310093,-0.987457
1775117440665740,-0.156107,0.00881321,-0.987701
1775117440685739,-0.152474,0.0174003,-0.988154
1775117440705729,-0.145719,0.0185758,-0.989152
1775117440725741,-0.135744,0.0293094,-0.99031
1775117440745735,-0.126344,0.0341371,-0.991399
1775117440765736,-0.118946,0.044081,-0.991922
1775117440785738,-0.102895,0.0464272,-0.993608
1775117440805740,-0.0940905,0.0404691,-0.994741
1775117440825734,-0.0827734,0.0236967,-0.996287
1775117440845775,-0.076395,0.0101751,-0.997026
1775117440865746,-0.0698497,-0.00335179,-0.997552
1775117440885756,-0.052163,-0.020521,-0.998428
1775117440905742,-0.0450888,-0.0380775,-0.998257
1775117440925737,-0.033313,-0.0535819,-0.998008
1775117440945741,-0.0280033,-0.062312,-0.997664
1775117440965737,-0.0214113,-0.0627165,-0.997802
1775117440985740,-0.0105947,-0.0654892,-0.997797
1775117441005744,-0.00805091,-0.0667744,-0.997736
1775117441025737,-0.00597308,-0.0660442,-0.997799
1775117441045734,-0.00766761,-0.065333,-0.997834
1775117441065745,-0.0101489,-0.0651293,-0.997825
1775117441085741,-0.00474619,-0.0659479,-0.997812
1775117441105754,-0.00874511,-0.0689757,-0.99758
1775117441125736,-0.0111924,-0.0669306,-0.997695
1775117441145736,-0.0123403,-0.0662571,-0.997726
1775117441165732,-0.0200869,-0.0643724,-0.997724
1775117441185735,-0.029267,-0.0612303,-0.997694
1775117441205730,-0.0400749,-0.0626714,-0.997229
1775117441225731,-0.0555521,-0.0632576,-0.99645
1775117441245728,-0.0689041,-0.0666097,-0.995397
1775117441265735,-0.0740285,-0.0697751,-0.994812
1775117441285728,-0.0745397,-0.0719225,-0.994621
1775117441305727,-0.0701715,-0.0730779,-0.994855
1775117441325844,-0.0632826,-0.0738585,-0.995259
1775117441345729,-0.0518445,-0.0790925,-0.995518
1775117441365734,-0.0406256,-0.0818786,-0.995814
1775117441385730,-0.0284573,-0.0831591,-0.99613
1775117441405759,-0.0237172,-0.081869,-0.996361
1775117441425746,-0.00834602,-0.077427,-0.996963
1775117441445739,-0.00280062,-0.0738621,-0.997265
1775117441465741,0.00546648,-0.0698022,-0.997546
1775117441485736,0.0205413,-0.0707256,-0.997284
1775117441505741,0.0181086,-0.0651348,-0.997712
1775117441525735,0.0131963,-0.0658967,-0.997739
1775117441545730,0.000598486,-0.0653783,-0.99786
1775117441565730,-0.00572634,-0.0594025,-0.998218
1775117441585734,-0.0212622,-0.0491964,-0.998563
1775117441605727,-0.039895,-0.0417785,-0.99833
1775117441625736,-0.0637449,-0.034982,-0.997353
1775117441645742,-0.0635905,-0.037467,-0.997273
1775117441665791,-0.0591507,-0.0407982,-0.997415
1775117441685740,-0.0589925,-0.0442714,-0.997276
1775117441705731,-0.0592098,-0.0448567,-0.997237
1775117441725730,-0.0611609,-0.0450175,-0.997112
1775117441745729,-0.0613754,-0.042434,-0.997212
1775117441765729,-0.0630664,-0.0409505,-0.997169
1775117441785733,-0.0641145,-0.0384435,-0.997202
1775117441805732,-0.062975,-0.035372,-0.997388
1775117441825728,-0.0688727,-0.0366109,-0.996953
1775117441845729,-0.0680059,-0.0283765,-0.997281
1775117441865737,-0.0706779,-0.0250467,-0.997185
1775117441885730,-0.0641093,-0.0222488,-0.997695
1775117441905740,-0.0611118,-0.019139,-0.997947
1775117441925734,-0.0548833,-0.0148197,-0.998383
1775117441945731,-0.0373736,-0.0122774,-0.999226
1775117441965738,-0.0265746,-0.010835,-0.999588
1775117441985731,-0.014967,-0.00573437,-0.999872
1775117442005729,-0.00369024,-0.00117598,-0.999992
1775117442025729,0.00286286,0.00491647,-0.999984
1775117442045729,0.021022,0.0112507,-0.999716
1775117442065734,0.0312661,0.01675,-0.999371
1775117442085731,0.0435368,0.012707,-0.998971
1775117442105732,0.0498793,0.0103513,-0.998702
1775117442125731,0.0535189,0.00842371,-0.998531
1775117442145730,0.0655663,-0.0073017,-0.997821
1775117442165730,0.0758813,-0.0156359,-0.996994
1775117442185733,0.0906092,-0.0245247,-0.995585
1775117442205726,0.0989351,-0.0283747,-0.994689
1775117442225728,0.10187,-0.0303861,-0.994334
1775117442245735,0.105119,-0.0371636,-0.993765
1775117442265729,0.106458,-0.0426502,-0.993402
1775117442285730,0.103883,-0.0475375,-0.993453
1775117442305729,0.104578,-0.0493869,-0.99329
1775117442325728,0.102436,-0.0542152,-0.993261
1775117442345728,0.0987424,-0.0591263,-0.993355
1775117442365729,0.0917624,-0.0637295,-0.99374
1775117442385729,0.0770772,-0.0627415,-0.995049
1775117442405740,0.0723311,-0.0567354,-0.995766
1775117442425787,0.0563934,-0.0481251,-0.997248
1775117442445736,0.0409997,-0.04685,-0.99806
1775117442465742,0.0262154,-0.0464576,-0.998576
1775117442485738,0.00270991,-0.0454708,-0.998962
1775117442505735,-0.0114026,-0.0445586,-0.998942
1775117442525729,-0.0226077,-0.045316,-0.998717
1775117442545729,-0.043811,-0.0451451,-0.998019
1775117442565735,-0.0552726,-0.0473934,-0.997346
1775117442585737,-0.0713143,-0.0495371,-0.996223
1775117442605749,-0.0817624,-0.0525809,-0.995264
1775117442625737,-0.0901877,-0.0573058,-0.994275
1775117442645812,-0.0920605,-0.0618505,-0.993831
1775117442691764,-0.073144,-0.0669764,-0.99507
1775117442712947,-0.0473861,-0.0697296,-0.99644
1775117442713801,-0.0473861,-0.0697296,-0.99644
1775117442725743,-0.0413043,-0.0686832,-0.996783
1775117442745744,-0.0026545,-0.0557993,-0.998438
1775117442765730,0.00836285,-0.0520363,-0.99861
1775117442785736,0.0346624,-0.0450765,-0.998382
1775117442805739,0.0522722,-0.0402472,-0.997822
1775117442825867,0.0662319,-0.0393148,-0.997029
1775117442845744,0.0797252,-0.0432478,-0.995878
1775117442865740,0.075341,-0.046222,-0.996086
1775117442885758,0.0698397,-0.0454941,-0.99652
1775117442905740,0.0676411,-0.0440596,-0.996736
1775117442925737,0.0595047,-0.0409903,-0.997386
1775117442945743,0.043273,-0.0324605,-0.998536
1775117442965736,0.0275525,-0.0211465,-0.999397
1775117442985742,-0.00249893,0.000633439,-0.999997
1775117443005734,-0.0287369,0.00293151,-0.999583
1775117443025734,-0.0611074,0.0027293,-0.998127
1775117443045736,-0.0804298,-0.00229123,-0.996758
1775117443065779,-0.0946258,-0.00498215,-0.9955
1775117443085738,-0.104987,-0.00820784,-0.99444
1775117443105742,-0.119848,-0.0102455,-0.992739
1775117443125738,-0.123499,-0.012791,-0.992262
1775117443145744,-0.138453,-0.0120062,-0.990296
1775117443165740,-0.142595,-0.0110219,-0.98972
1775117443185732,-0.145542,-0.0123995,-0.989274
1775117443205731,-0.150036,-0.0089601,-0.98864
1775117443225734,-0.152509,-0.00328676,-0.988297
1775117443245728,-0.154549,0.00319749,-0.98798
1775117443265746,-0.153404,0.00762308,-0.988134
1775117443285727,-0.153892,0.014692,-0.987978
1775117443305739,-0.148303,0.0207938,-0.988723
1775117443325730,-0.148869,0.0249202,-0.988543
1775117443345728,-0.138053,0.0322384,-0.9899
1775117443365734,-0.130002,0.0390031,-0.990746
1775117443385744,-0.116385,0.0510239,-0.991893
1775117443405734,-0.107824,0.0560525,-0.992589
1775117443425815,-0.0963685,0.0580528,-0.993651
1775117443472288,-0.072788,0.028557,-0.996939
1775117443507648,-0.0576545,0.000171364,-0.998337
1775117443508824,-0.0549135,-0.00662872,-0.998469
1775117443510026,-0.0549135,-0.00662872,-0.998469
1775117443525735,-0.0511985,-0.0131387,-0.998602
1775117443545736,-0.0384587,-0.0333817,-0.998702
1775117443565730,-0.0266849,-0.0462076,-0.998575
1775117443585734,-0.0040976,-0.0573895,-0.998343
1775117443605731,0.0172172,-0.0588356,-0.998119
1775117443625733,0.0316628,-0.0563235,-0.99791
1775117443645738,0.0451391,-0.0509092,-0.997683
1775117443665733,0.0578176,-0.0479197,-0.997176
1775117443685739,0.0496826,-0.0461951,-0.997696
1775117443705737,0.0587327,-0.0443517,-0.997288
1775117443725731,0.0581756,-0.0442377,-0.997326
1775117443745732,0.0502907,-0.0435844,-0.997783
1775117443765738,0.0431714,-0.0416361,-0.9982
1775117443785732,0.0282853,-0.0389414,-0.998841
1775117443805733,0.0182479,-0.0366702,-0.999161
1775117443825733,0.00805627,-0.0354174,-0.99934
1775117443845730,-0.00687967,-0.0338425,-0.999403
1775117443865740,-0.0213516,-0.0390138,-0.999011
1775117443885732,-0.0317778,-0.0467055,-0.998403
1775117443905736,-0.0419834,-0.0506758,-0.997832
1775117443925750,-0.0481231,-0.0548475,-0.997334
1775117443945742,-0.0513967,-0.0599079,-0.99688
1775117443965736,-0.0489354,-0.0614311,-0.996911
1775117443985735,-0.0446374,-0.064938,-0.99689
1775117444005881,-0.019923,-0.064897,-0.997693
1775117444025730,-0.00246582,-0.0605448,-0.998162
1775117444045740,0.014363,-0.0559635,-0.99833
1775117444065733,0.0266824,-0.0570717,-0.998013
1775117444085735,0.0394173,-0.0547568,-0.997721
1775117444105731,0.0376545,-0.0469726,-0.998186
1775117444125731,0.0409074,-0.0449336,-0.998152
1775117444145734,0.0314422,-0.0446894,-0.998506
1775117444165779,0.0248166,-0.0429484,-0.998769
1775117444186039,0.0107458,-0.037765,-0.999229
1775117444206509,8.00532e-05,-0.0345777,-0.999402
1775117444225732,-0.00746304,-0.0277999,-0.999586
1775117444245733,-0.0313149,-0.0117634,-0.99944
1775117444265879,-0.0551738,-0.00626965,-0.998457
1775117444285730,-0.0970809,-0.00206843,-0.995274
1775117444305735,-0.107214,-0.00140423,-0.994235
1775117444325728,-0.11912,-0.00493323,-0.992868
1775117444345731,-0.125965,-0.00607133,-0.992016
1775117444365737,-0.131017,-0.00716422,-0.991354
1775117444385729,-0.139158,-0.00343315,-0.990264
1775117444405733,-0.143125,-0.000839041,-0.989704
1775117444425743,-0.147658,0.00142177,-0.989037
1775117444445734,-0.1538,0.00451877,-0.988092
1775117444465740,-0.155654,0.00820335,-0.987778
1775117444485737,-0.150289,0.00459741,-0.988631
1775117444505742,-0.153403,0.00963271,-0.988117
1775117444525749,-0.154446,0.016672,-0.98786
1775117444545762,-0.149633,0.0260291,-0.988399
1775117444565739,-0.146867,0.0313377,-0.98866
1775117444585731,-0.138855,0.0387103,-0.989556
1775117444605731,-0.137621,0.0441759,-0.989499
1775117444625731,-0.127676,0.0512249,-0.990492
1775117444645733,-0.114795,0.0611525,-0.991505
1775117444665735,-0.104808,0.0671669,-0.992222
1775117444685731,-0.0883099,0.0624546,-0.994133
1775117444705779,-0.0772394,0.0552331,-0.995481
1775117444725731,-0.0722232,0.0441707,-0.99641
1775117444745731,-0.063261,0.0245972,-0.997694
1775117444765728,-0.0543737,0.011203,-0.998458
1775117444785735,-0.0477736,-0.00243424,-0.998855
1775117444805737,-0.0359066,-0.0181162,-0.999191
1775117444825798,-0.0291002,-0.0319476,-0.999066
1775117444845733,-0.0252929,-0.0444099,-0.998693
1775117444865740,-0.013616,-0.0525767,-0.998524
1775117444885744,-0.00190147,-0.0520078,-0.998645
1775117444905743,0.000762308,-0.0513565,-0.99868
1775117444925745,0.00789845,-0.0523732,-0.998596
1775117444945739,0.00594909,-0.0523968,-0.998609
1775117444965775,0.00552815,-0.0532133,-0.998568
1775117444985737,0.00644858,-0.0546863,-0.998483
1775117445005732,0.00444462,-0.0549339,-0.99848
1775117445025730,0.00514494,-0.0544599,-0.998503
1775117445045732,-0.000736992,-0.0536084,-0.998562
1775117445065740,-0.00739872,-0.0514812,-0.998647
1775117445085748,-0.0184139,-0.0489764,-0.99863
1775117445105739,-0.0261146,-0.0494368,-0.998436
1775117445125736,-0.0381776,-0.0496136,-0.998039
1775117445145740,-0.0589215,-0.0512392,-0.996947
1775117445165743,-0.0693022,-0.0539792,-0.996134
1775117445185735,-0.0751544,-0.0587595,-0.995439
1775117445205737,-0.0765627,-0.0627392,-0.995089
1775117445225786,-0.0741696,-0.0675276,-0.994957
1775117445245758,-0.0635547,-0.0699057,-0.995527
1775117445265733,-0.0541269,-0.0713858,-0.995979
1775117445285732,-0.0380416,-0.0712435,-0.996733
1775117445305728,-0.0303215,-0.0700857,-0.99708
1775117445325742,-0.0235504,-0.0686906,-0.99736
1775117445345730,-0.00974138,-0.0663473,-0.997749
1775117445365729,0.00129803,-0.0630668,-0.998008
1775117445385746,0.00876374,-0.0575973,-0.998301
1775117445405749,0.00741762,-0.0551438,-0.998451
1775117445425735,0.00803536,-0.0523319,-0.998597
1775117445445732,0.00467982,-0.0470826,-0.99888
1775117445465733,-0.00333402,-0.0406871,-0.999166
1775117445485737,-0.0275005,-0.0251509,-0.999305
1775117445505729,-0.0457173,-0.016955,-0.998811
1775117445525730,-0.0686661,-0.0141219,-0.99754
1775117445545734,-0.0779788,-0.0126889,-0.996874
1775117445565730,-0.0841786,-0.0134326,-0.99636
1775117445585733,-0.0899212,-0.0194773,-0.995758
1775117445605728,-0.096302,-0.0199225,-0.995153
1775117445625733,-0.101696,-0.0205232,-0.994604
1775117445645751,-0.112105,-0.0180969,-0.993532
1775117445665739,-0.122898,-0.0133482,-0.99233
1775117445685738,-0.128136,-0.011594,-0.991689
1775117445705732,-0.132491,-0.0102657,-0.991131
1775117445725728,-0.134391,-0.00838812,-0.990893
1775117445745728,-0.135385,-0.00189353,-0.990791
1775117445765728,-0.134929,6.36702e-05,-0.990855
1775117445785728,-0.133104,0.00413388,-0.991093
1775117445805730,-0.132883,0.00921272,-0.991089
1775117445825727,-0.132673,0.0149231,-0.991047
1775117445845731,-0.12059,0.0240162,-0.992412
1775117445865733,-0.112939,0.0291549,-0.993174
1775117445885730,-0.101445,0.0371731,-0.994146
1775117445905735,-0.0941434,0.0438423,-0.994593
1775117445925758,-0.0841498,0.0523489,-0.995077
1775117445945734,-0.0711758,0.0521207,-0.996101
1775117445965735,-0.0620922,0.0461013,-0.997005
1775117445985735,-0.0506877,0.0307211,-0.998242
1775117446005733,-0.047446,0.0201216,-0.998671
1775117446025735,-0.0394735,0.00927167,-0.999178
1775117446045740,-0.0298087,-0.00946036,-0.999511
1775117446065743,-0.0182518,-0.0182697,-0.999666
1775117446085740,-0.00682953,-0.0329168,-0.999435
1775117446105739,0.00190688,-0.0396644,-0.999211
1775117446125729,0.0103326,-0.0499134,-0.9987
1775117446145735,0.0183222,-0.0592517,-0.998075
1775117446165731,0.0252738,-0.0643281,-0.997609
1775117446185734,0.0267635,-0.0619943,-0.997718
1775117446205727,0.0274739,-0.0607359,-0.997776
1775117446225748,0.0308159,-0.0585165,-0.997811
1775117446245733,0.0305908,-0.0567811,-0.997918
1775117446265726,0.0272663,-0.0562969,-0.998042
1775117446285729,0.0205502,-0.0563628,-0.998199
1775117446305795,0.0171554,-0.0558121,-0.998294
1775117446325759,0.0105256,-0.0543885,-0.998464
1775117446345728,-0.00190775,-0.0529472,-0.998595
1775117446365830,-0.0114137,-0.051729,-0.998596
1775117446385734,-0.0283709,-0.0514003,-0.998275
1775117446405740,-0.042889,-0.0534536,-0.997649
1775117446425740,-0.0560628,-0.0557527,-0.996869
1775117446445744,-0.0716581,-0.0616855,-0.99552
1775117446465741,-0.0739629,-0.0649721,-0.995142
1775117446485801,-0.0643633,-0.068822,-0.995551
1775117446505736,-0.0568132,-0.0712692,-0.995838
1775117446525736,-0.046986,-0.0719556,-0.996301
1775117446545731,-0.0308906,-0.0717946,-0.996941
1775117446565734,-0.020822,-0.0721143,-0.997179
1775117446585734,-0.00917269,-0.0688648,-0.997584
1775117446605889,-0.000306907,-0.065501,-0.997852
1775117446625751,0.00392753,-0.063323,-0.997985
1775117446645730,0.0104039,-0.0572641,-0.998305
1775117446665746,0.0106515,-0.0547432,-0.998444
1775117446685739,0.00435093,-0.0534725,-0.99856
1775117446705735,0.00226428,-0.0519493,-0.998647
1775117446725736,-0.00333854,-0.0478042,-0.998851
1775117446745908,-0.017692,-0.036417,-0.99918
1775117446789738,-0.0662149,-0.020773,-0.997589
1775117446829801,-0.0922498,-0.0205148,-0.995525
1775117446830898,-0.0922498,-0.0205148,-0.995525
1775117446832008,-0.0922498,-0.0205148,-0.995525
1775117446845737,-0.0959307,-0.0211934,-0.995162
1775117446865733,-0.102278,-0.0222916,-0.994506
1775117446885731,-0.108218,-0.0235486,-0.993848
1775117446905738,-0.112909,-0.0261929,-0.99326
1775117446925734,-0.11999,-0.02727,-0.9924
1775117446945736,-0.12756,-0.0260936,-0.991488
1775117446965732,-0.134391,-0.0238073,-0.990642
1775117446985737,-0.140405,-0.0210132,-0.989871
1775117447005729,-0.146986,-0.0196424,-0.988944
1775117447025730,-0.158807,-0.0132524,-0.987221
1775117447045736,-0.157795,-0.00826061,-0.987437
1775117447065736,-0.154559,-0.00379232,-0.987976
1775117447085733,-0.15339,0.00681572,-0.988142
1775117447105734,-0.14821,0.0141588,-0.988855
1775117447125731,-0.145647,0.0187716,-0.989159
1775117447145735,-0.141958,0.0265792,-0.989516
1775117447165727,-0.128017,0.0292747,-0.99134
1775117447185732,-0.107792,0.0337831,-0.993599
1775117447205728,-0.0951558,0.0321512,-0.994943
1775117447225729,-0.084689,0.035209,-0.995785
1775117447245729,-0.0802816,0.0402729,-0.995958
1775117447265733,-0.0740261,0.037384,-0.996555
1775117447285727,-0.0635695,0.0245897,-0.997674
1775117447305728,-0.0507983,0.00613678,-0.99869
1775117447325730,-0.042223,-0.00756316,-0.99908
1775117447345726,-0.0235898,-0.0293535,-0.999291
1775117447365729,-0.00914897,-0.0428919,-0.999038
1775117447385733,0.0130743,-0.0560731,-0.998341
1775117447405731,0.0215049,-0.0583567,-0.998064
1775117447425744,0.031076,-0.0587196,-0.997791
1775117447445747,0.0403757,-0.0585541,-0.997467
1775117447465741,0.0445182,-0.0555017,-0.997466
1775117447485742,0.0452588,-0.0518378,-0.997629
1775117447505739,0.0446146,-0.0523471,-0.997632
1775117447525741,0.0394763,-0.0540023,-0.99776
1775117447545762,0.0388765,-0.0564558,-0.997648
1775117447565785,0.0362383,-0.0566634,-0.997735
1775117447585731,0.0226668,-0.0556863,-0.998191
1775117447605731,0.0130624,-0.0563708,-0.998324
1775117447625731,0.00530868,-0.0548237,-0.998482
1775117447645733,-0.010176,-0.0517193,-0.99861
1775117447665730,-0.021873,-0.0535644,-0.998325
1775117447685733,-0.0436942,-0.0559003,-0.99748
1775117447705735,-0.0565403,-0.0590496,-0.996653
1775117447725728,-0.0684352,-0.0615275,-0.995756
1775117447745728,-0.0699441,-0.0684078,-0.995203
1775117447765734,-0.0662541,-0.0693495,-0.99539
1775117447785730,-0.0605655,-0.0716173,-0.995592
1775117447805822,-0.0504826,-0.0725667,-0.996085
1775117447825733,-0.0392125,-0.0742761,-0.996466
1775117447845734,-0.0259887,-0.0724608,-0.997033
1775117447865728,-0.0181161,-0.0715043,-0.997276
1775117447885731,-0.00437516,-0.0683037,-0.997655
1775117447905736,0.00408971,-0.0651986,-0.997864
1775117447925734,0.00742853,-0.0599532,-0.998174
1775117447945745,0.00584162,-0.0584167,-0.998275
1775117447965742,0.00219496,-0.0561805,-0.998418
1775117447985745,-0.00296081,-0.0528014,-0.998601
1775117448005737,-0.0101845,-0.0463487,-0.998873
1775117448025753,-0.0253086,-0.0355859,-0.999046
1775117448045732,-0.0586267,-0.0230506,-0.998014
1775117448065735,-0.0716877,-0.021584,-0.997194
1775117448085730,-0.0840035,-0.0188904,-0.996286
1775117448105734,-0.0928236,-0.0185969,-0.995509
1775117448125737,-0.0992305,-0.0192422,-0.994878
1775117448145742,-0.103062,-0.0198292,-0.994477
1775117448165739,-0.107171,-0.0209711,-0.994019
1775117448185740,-0.115533,-0.019251,-0.993117
1775117448205742,-0.117747,-0.0175633,-0.992888
1775117448225742,-0.120392,-0.0136808,-0.992632
1775117448245743,-0.126141,-0.013757,-0.991917
1775117448265738,-0.125766,-0.0107279,-0.992002
1775117448285737,-0.123801,-0.00812641,-0.992274
1775117448305731,-0.1196,-0.000262949,-0.992822
1775117448325733,-0.118878,0.000494358,-0.992909
1775117448345735,-0.114407,0.0104397,-0.993379
1775117448365735,-0.110892,0.0156127,-0.99371
1775117448385731,-0.10001,0.0234754,-0.994709
1775117448405730,-0.0998765,0.0337015,-0.994429
1775117448425736,-0.0958424,0.0394669,-0.994614
1775117448445735,-0.0737658,0.0336223,-0.996709
1775117448465731,-0.0702828,0.0488476,-0.99633
1775117448485739,-0.0466161,0.0454409,-0.997879
1775117448505736,-0.0362175,0.037974,-0.998622
1775117448525743,-0.0270156,0.0323007,-0.999113
1775117448545749,-0.0229211,0.0159805,-0.99961
1775117448565739,-0.0152608,0.00591608,-0.999866
1775117448585743,-0.00206338,-0.00819254,-0.999964
1775117448605736,0.00644016,-0.0122378,-0.999904
1775117448625731,0.0228145,-0.0179413,-0.999579
1775117448645732,0.0360948,-0.0272725,-0.998976
1775117448665733,0.04824,-0.0316537,-0.998334
1775117448685733,0.0681833,-0.0525081,-0.99629
1775117448705732,0.0764337,-0.0576969,-0.995404
1775117448725734,0.0800116,-0.0596248,-0.995009
1775117448745732,0.0787621,-0.057723,-0.995221
1775117448765733,0.0875002,-0.058808,-0.994427
1775117448785728,0.0871804,-0.0552322,-0.99466
1775117448805731,0.0766771,-0.0512313,-0.995739
1775117448825777,0.073529,-0.0487216,-0.996102
1775117448845736,0.0529813,-0.0385337,-0.997852
1775117448865735,0.0396007,-0.0346572,-0.998614
1775117448885736,0.0286938,-0.0332291,-0.999036
1775117448905737,0.0105564,-0.0317011,-0.999442
1775117448925782,-0.00188779,-0.0348118,-0.999392
1775117448945743,-0.0296841,-0.0360398,-0.998909
1775117448965741,-0.0435985,-0.0466793,-0.997958
1775117448985739,-0.0674865,-0.0526727,-0.996329
1775117449005734,-0.0755664,-0.0546885,-0.99564
1775117449025730,-0.0756471,-0.0565396,-0.99553
1775117449045900,-0.0779043,-0.056333,-0.995368
1775117449065730,-0.056826,-0.0625787,-0.996421
1775117449085732,-0.0344395,-0.0626891,-0.997439
1775117449105742,-0.0209253,-0.0613044,-0.9979
1775117449125761,-0.00496472,-0.0639006,-0.997944
1775117449145876,0.0161006,-0.0603387,-0.998048
1775117449168108,0.0255777,-0.0594747,-0.997902
1775117449185740,0.0335719,-0.0516307,-0.998102
1775117449205754,0.0338807,-0.0468192,-0.998329
1775117449225730,0.0309541,-0.0468145,-0.998424
1775117449245731,0.0254753,-0.0498383,-0.998432
1775117449265890,0.0206961,-0.0489436,-0.998587
1775117449285729,0.0038416,-0.0438821,-0.999029
1775117449305727,-0.00585722,-0.0401792,-0.999175
1775117449325727,-0.0200171,-0.0305693,-0.999332
1775117449345728,-0.0578241,-0.0120685,-0.998254
1775117449365732,-0.0771613,-0.00669194,-0.996996
1775117449385729,-0.0976692,-0.00807694,-0.995186
1775117449405958,-0.109137,-0.00887465,-0.993987
1775117449425735,-0.116339,-0.0106712,-0.993152
1775117449445729,-0.121166,-0.013577,-0.992539
1775117449465736,-0.134188,-0.0074352,-0.990928
1775117449485739,-0.135087,-0.00963898,-0.990787
1775117449505734,-0.141155,-0.00721017,-0.989961
1775117449525734,-0.14222,-0.0063078,-0.989815
1775117449545744,-0.145929,-0.0045007,-0.989285
1775117449565731,-0.143123,-0.00339618,-0.989699
1775117449585740,-0.141611,0.00170714,-0.989921
1775117449605731,-0.140152,0.0062583,-0.99011
1775117449625730,-0.136798,0.0169434,-0.990454
1775117449645738,-0.136986,0.031415,-0.990075
1775117449665745,-0.136802,0.0337538,-0.990023
1775117449685742,-0.122904,0.039313,-0.99164
1775117449705750,-0.118817,0.0521019,-0.991548
1775117449725740,-0.109707,0.0539466,-0.992499
1775117449745759,-0.0993357,0.0747804,-0.99224
1775117449765730,-0.0816366,0.0565195,-0.995058
1775117449785756,-0.0652936,0.0494401,-0.996641
1775117449805736,-0.0602039,0.0418723,-0.997307
1775117449825730,-0.0546785,0.0315423,-0.998006
1775117449845731,-0.0476544,0.0139693,-0.998766
1775117449865735,-0.0368038,-0.00641218,-0.999302
1775117449885727,-0.0195876,-0.0193396,-0.999621
1775117449905733,-0.0118403,-0.026254,-0.999585
1775117449925732,0.00401129,-0.0414798,-0.999131
1775117449945737,0.0176551,-0.0525827,-0.99846
1775117449965743,0.0261814,-0.0621269,-0.997725
1775117449985739,0.0366756,-0.0596684,-0.997544
1775117450005736,0.0407843,-0.0548824,-0.99766
1775117450025736,0.0403847,-0.0500422,-0.99793
1775117450045730,0.0390883,-0.0455493,-0.998197
1775117450065733,0.0386518,-0.0491531,-0.998043
1775117450085728,0.0384476,-0.0523784,-0.997887
1775117450105731,0.0321701,-0.0569938,-0.997856
1775117450125734,0.0198007,-0.053337,-0.99838
1775117450145734,0.0169765,-0.0616403,-0.997954
1775117450165731,0.00231205,-0.0535035,-0.998565
1775117450185735,-0.00806972,-0.0539534,-0.998511
1775117450205729,-0.0274183,-0.0542034,-0.998153
1775117450225729,-0.0418867,-0.0538126,-0.997672
1775117450245738,-0.0605716,-0.0602368,-0.996345
1775117450265728,-0.0679161,-0.0645751,-0.995599
1775117450285730,-0.0734247,-0.0636689,-0.995266
1775117450305730,-0.0662199,-0.0651913,-0.995673
1775117450325730,-0.0554528,-0.0687731,-0.99609
1775117450345732,-0.0431792,-0.0685871,-0.99671
1775117450365728,-0.030749,-0.0682945,-0.997191
1775117450385730,-0.0140757,-0.0672316,-0.997638
1775117450405728,-0.00670028,-0.0635473,-0.997956
1775117450425740,0.00307203,-0.063079,-0.998004
1775117450445800,0.00715227,-0.0570536,-0.998345
1775117450466248,0.00889114,-0.0518435,-0.998616
1775117450485743,0.00301012,-0.0482053,-0.998833
1775117450505734,-0.00606916,-0.0456032,-0.998941
1775117450525741,-0.0139708,-0.0459722,-0.998845
1775117450545737,-0.019819,-0.0436681,-0.998849
1775117450565763,-0.026317,-0.0375555,-0.998948
1775117450585732,-0.0393688,-0.0334994,-0.998663
1775117450605735,-0.0498597,-0.0328002,-0.998217
1775117450625787,-0.0645115,-0.0291566,-0.997491
1775117450645744,-0.0789675,-0.0239395,-0.99659
1775117450665737,-0.0847214,-0.0257502,-0.996072
1775117450685740,-0.0933813,-0.0246042,-0.995326
1775117450705737,-0.0976791,-0.0263435,-0.994869
1775117450725837,-0.102532,-0.0255087,-0.994403
1775117450745748,-0.106174,-0.0268052,-0.993986
1775117450765732,-0.107562,-0.0259086,-0.993861
1775117450785734,-0.105334,-0.0280394,-0.994041
1775117450805742,-0.105328,-0.0263542,-0.994088
1775117450825740,-0.10509,-0.0270808,-0.994094
1775117450845742,-0.10251,-0.0235626,-0.994453
1775117450865742,-0.0984771,-0.0252203,-0.99482
1775117450885742,-0.0956841,-0.0266662,-0.995055
1775117450905736,-0.0981552,-0.0213126,-0.994943
1775117450925773,-0.0948368,-0.0245109,-0.995191
1775117450945743,-0.095375,-0.0251332,-0.995124
1775117450965736,-0.0932255,-0.0246913,-0.995339
1775117450985740,-0.0912494,-0.0238682,-0.995542
1775117451005734,-0.0915968,-0.0218353,-0.995557
1775117451025734,-0.091226,-0.020008,-0.995629
1775117451045735,-0.0883888,-0.0222062,-0.995838
1775117451065735,-0.0882516,-0.0241673,-0.995805
1775117451085740,-0.0877621,-0.024815,-0.995832
1775117451105733,-0.0878256,-0.0230347,-0.99587
1775117451125739,-0.0875671,-0.0230704,-0.995891
1775117451145751,-0.0890853,-0.0216583,-0.995788
1775117451165753,-0.0884034,-0.020525,-0.995873
1775117451185747,-0.0886717,-0.0204127,-0.995852
1775117451205743,-0.0891531,-0.0218346,-0.995779
1775117451225731,-0.0882805,-0.0209466,-0.995875
1775117451245756,-0.0872723,-0.0226885,-0.995926
1775117451265734,-0.0876429,-0.0224594,-0.995899
1775117451285729,-0.0872582,-0.0220138,-0.995942
1775117451305731,-0.0878721,-0.023004,-0.995866
1775117451325727,-0.089135,-0.0228396,-0.995758
1775117451345729,-0.0881061,-0.0238011,-0.995827
1775117451365733,-0.0900131,-0.0224002,-0.995689
1775117451385737,-0.0896651,-0.0228561,-0.99571
1775117451405729,-0.0905474,-0.0218374,-0.995653
1775117451425734,-0.0906128,-0.0215108,-0.995654
1775117451445735,-0.0931802,-0.0228283,-0.995388
1775117451465737,-0.0944788,-0.0204569,-0.995317
1775117451485792,-0.0942015,-0.0235102,-0.995276
1775117451505753,-0.0959027,-0.0231128,-0.995122
1775117451525734,-0.0944875,-0.0241081,-0.995234
1775117451545729,-0.0945946,-0.0242392,-0.995221
1775117451565732,-0.0945457,-0.0236822,-0.995239
1775117451585744,-0.0949793,-0.0246358,-0.995174
1775117451605735,-0.0945763,-0.0255925,-0.995189
1775117451625734,-0.0950377,-0.025595,-0.995145
1775117451645741,-0.0954912,-0.025825,-0.995095
1775117451665734,-0.0961339,-0.0257011,-0.995037
1775117451685770,-0.0946342,-0.0260796,-0.99517
1775117451705738,-0.0951652,-0.0258331,-0.995126
1775117451725736,-0.0946219,-0.0257938,-0.995179
1775117451745752,-0.0947987,-0.0260928,-0.995154
1775117451765729,-0.095098,-0.0258079,-0.995133
1775117451785743,-0.0956386,-0.0255843,-0.995087
1775117451805741,-0.0950165,-0.0270096,-0.995109
1775117451825739,-0.0951869,-0.0257606,-0.995126
1775117451845735,-0.0965959,-0.0212976,-0.995096
1775117451865874,-0.0956129,-0.021843,-0.995179
1775117451885729,-0.0976409,-0.0216459,-0.994986
1775117451905732,-0.0968218,-0.0223272,-0.995051
1775117451925741,-0.0975197,-0.0221083,-0.994988
1775117451945737,-0.0972844,-0.0235451,-0.994978
1775117451965738,-0.0974064,-0.0238093,-0.99496
1775117451985735,-0.0968864,-0.0243878,-0.994997
1775117452005736,-0.0969552,-0.023296,-0.995016
1775117452025752,-0.0972431,-0.0236502,-0.99498
1775117452045769,-0.0976661,-0.0239767,-0.99493
1775117452065737,-0.0975843,-0.0248233,-0.994918
1775117452085737,-0.097039,-0.0265371,-0.994927
1775117452105735,-0.0964271,-0.0236373,-0.995059
1775117452125742,-0.097414,-0.0242826,-0.994948
1775117452145738,-0.0982669,-0.0249161,-0.994848
1775117452165737,-0.0983685,-0.0256821,-0.994819
1775117452192214,-0.0979423,-0.0250264,-0.994877
1775117452205733,-0.096652,-0.0248814,-0.995007
1775117452225734,-0.0968878,-0.0241283,-0.995003
1775117452245737,-0.0978283,-0.0240706,-0.994912
1775117452265727,-0.0964668,-0.0259003,-0.994999
1775117452285728,-0.0969925,-0.0251515,-0.994967
1775117452305726,-0.0959105,-0.0258634,-0.995054
1775117452325728,-0.0959038,-0.0258465,-0.995055
1775117452345757,-0.0952687,-0.0265392,-0.995098
1775117452365731,-0.0946873,-0.0261859,-0.995163
1775117452385732,-0.0948864,-0.0264386,-0.995137
1775117452405727,-0.0943758,-0.0265389,-0.995183
1775117452425735,-0.095053,-0.0259321,-0.995134
1775117452445735,-0.0948019,-0.0252863,-0.995175
1775117452465735,-0.0950931,-0.024855,-0.995158
1775117452485766,-0.0956204,-0.0239486,-0.99513
1775117452505738,-0.0963867,-0.0232587,-0.995072
1775117452525896,-0.0966798,-0.0220274,-0.995072
1775117452545729,-0.0960833,-0.0217465,-0.995136
1775117452565776,-0.0958205,-0.0210554,-0.995176
1775117452585728,-0.0960232,-0.0205607,-0.995167
1775117452605734,-0.0963188,-0.0216821,-0.995114
1775117452625735,-0.0960453,-0.0198243,-0.99518
1775117452645733,-0.0969108,-0.0222976,-0.995043
1775117452665737,-0.0966514,-0.021869,-0.995078
1775117452685741,-0.0972666,-0.0211605,-0.995033
1775117452705745,-0.0966274,-0.0215417,-0.995087
1775117452725751,-0.0965597,-0.021076,-0.995104
1775117452745731,-0.0968737,-0.0206913,-0.995082
1775117452765729,-0.0969337,-0.0199422,-0.995091
1775117452785744,-0.0963468,-0.0200871,-0.995145
1775117452805732,-0.0971598,-0.0195893,-0.995076
1775117452825736,-0.0966185,-0.0196855,-0.995127
1775117452845759,-0.0961179,-0.019996,-0.995169
1775117452865741,-0.0960117,-0.0202464,-0.995174
1775117452885740,-0.0956032,-0.0205489,-0.995207
1775117452905734,-0.096228,-0.0203941,-0.99515
1775117452925741,-0.0962817,-0.0199927,-0.995153
1775117452945741,-0.0967359,-0.0205738,-0.995097
1775117452965744,-0.0970924,-0.0199449,-0.995076
1775117452985739,-0.0963831,-0.0209496,-0.995124
1775117453005741,-0.0958665,-0.0214925,-0.995162
1775117453025737,-0.0958141,-0.021623,-0.995164
1775117453045742,-0.0977844,-0.0215208,-0.994975
1775117453065734,-0.0974211,-0.0214921,-0.995011
1775117453085757,-0.0962073,-0.0221502,-0.995115
1775117453105735,-0.0965788,-0.0231176,-0.995057
1775117453125738,-0.0968778,-0.0224869,-0.995042
1775117453145733,-0.0969686,-0.0228108,-0.995026
1775117453165735,-0.0971909,-0.0226273,-0.995009
1775117453185731,-0.0974968,-0.0224971,-0.994982
1775117453205733,-0.0969923,-0.0226467,-0.995027
1775117453225746,-0.0969517,-0.0234956,-0.995012
1775117453245745,-0.0971402,-0.0236339,-0.99499
1775117453265744,-0.0970877,-0.0230191,-0.99501
1775117453285731,-0.0973194,-0.0231894,-0.994983
1775117453305729,-0.097608,-0.0216834,-0.994989
1775117453325730,-0.0959581,-0.0228085,-0.995124
1775117453345737,-0.0966516,-0.0225767,-0.995062
1775117453365730,-0.0967418,-0.0227372,-0.99505
1775117453385733,-0.0963094,-0.0227315,-0.995092
1775117453405857,-0.0962754,-0.0228131,-0.995093
1775117453425731,-0.0960329,-0.021974,-0.995136
1775117453445732,-0.0965024,-0.0215699,-0.995099
1775117453465734,-0.0966994,-0.0222831,-0.995064
1775117453485732,-0.0970623,-0.0212316,-0.995052
1775117453505732,-0.0970097,-0.0211427,-0.995059
1775117453525732,-0.0963577,-0.0211828,-0.995121
1775117453545731,-0.0969549,-0.0206627,-0.995074
1775117453565733,-0.0964188,-0.0210078,-0.995119
1775117453585743,-0.0964392,-0.0217824,-0.995101
1775117453605739,-0.0962867,-0.021226,-0.995127
1775117453625941,-0.0961668,-0.0214481,-0.995134
1775117453661730,-0.0969843,-0.0208456,-0.995068
1775117453665735,-0.0969843,-0.0208456,-0.995068
1775117453685801,-0.0954657,-0.0216531,-0.995197
1775117453705885,-0.0959137,-0.0223708,-0.995138
1775117453725775,-0.0962538,-0.0219077,-0.995116
1775117453745735,-0.0966437,-0.0220833,-0.995074
1775117453765730,-0.0968896,-0.0205668,-0.995083
1775117453785735,-0.0965075,-0.0215805,-0.995098
1775117453805727,-0.0967178,-0.0218709,-0.995072
1775117453825730,-0.0966056,-0.0220728,-0.995078
1775117453845733,-0.0971502,-0.0214291,-0.995039
1775117453865736,-0.0966011,-0.0218347,-0.995084
1775117453885726,-0.0965116,-0.0223744,-0.99508
1775117453905754,-0.0970238,-0.0213528,-0.995053
1775117453925736,-0.096247,-0.0222596,-0.995109
1775117453945736,-0.0964852,-0.0219401,-0.995093
1775117453965735,-0.0955556,-0.020462,-0.995214
1775117453985754,-0.0949564,-0.0208288,-0.995264
1775117454005737,-0.0944321,-0.0211208,-0.995307
1775117454025737,-0.0945126,-0.0209936,-0.995302
1775117454045728,-0.0947254,-0.0213377,-0.995275
1775117454065733,-0.0953473,-0.0201504,-0.99524
1775117454086421,-0.0948238,-0.0208719,-0.995275
1775117454105738,-0.095462,-0.0203919,-0.995224
1775117454125735,-0.0953455,-0.0203533,-0.995236
1775117454145704,-0.0954419,-0.0206411,-0.995221
1775117454165739,-0.0951617,-0.0211404,-0.995237
1775117454185741,-0.0953512,-0.020084,-0.995241
1775117454205735,-0.0952344,-0.0206182,-0.995241
1775117454225738,-0.093937,-0.0213807,-0.995349
1775117454245736,-0.0959423,-0.0207369,-0.995171
1775117454265738,-0.0950765,-0.0208714,-0.995251
1775117454285732,-0.0956709,-0.0208233,-0.995195
1775117454305728,-0.0944686,-0.0214797,-0.995296
1775117454325727,-0.0951121,-0.0220375,-0.995223
1775117454345726,-0.0955664,-0.0204169,-0.995214
1775117454365730,-0.0956588,-0.0209815,-0.995193
1775117454385732,-0.0953146,-0.0210268,-0.995225
1775117454405735,-0.0954019,-0.0213252,-0.99521
1775117454425736,-0.0953328,-0.0215715,-0.995212
1775117454445733,-0.0950609,-0.021504,-0.995239
1775117454465738,-0.0956409,-0.0214294,-0.995185
1775117454485734,-0.0954955,-0.0209164,-0.99521
1775117454505740,-0.0952864,-0.0230401,-0.995183
1775117454525867,-0.0964746,-0.0212792,-0.995108
1775117454545734,-0.0960732,-0.0220501,-0.99513
1775117454565737,-0.0963301,-0.0216668,-0.995114
1775117454585730,-0.0967403,-0.0219648,-0.995067
1775117454605743,-0.0959716,-0.0217165,-0.995147
1775117454625739,-0.0966674,-0.0217709,-0.995079
1775117454645737,-0.0963233,-0.0215929,-0.995116
1775117454665738,-0.0965006,-0.0221024,-0.995087
1775117454685740,-0.096899,-0.020948,-0.995074
1775117454705740,-0.0963651,-0.0220754,-0.995101
1775117454725779,-0.0969656,-0.0217107,-0.995051
1775117454745787,-0.0962538,-0.0213601,-0.995128
1775117454765737,-0.0968344,-0.021077,-0.995077
1775117454785738,-0.0962732,-0.0213967,-0.995125
1775117454805771,-0.0964039,-0.020894,-0.995123
1775117454825733,-0.0968597,-0.0212557,-0.995071
1775117454845744,-0.0959865,-0.0222967,-0.995133
1775117454865739,-0.0963305,-0.0208693,-0.995131
1775117454885742,-0.096547,-0.0211949,-0.995103
1775117454905740,-0.0966097,-0.0215019,-0.99509
1775117454925742,-0.0961799,-0.021728,-0.995127
1775117454945741,-0.0964228,-0.0213321,-0.995112
1775117454965735,-0.0961096,-0.0221861,-0.995123
1775117454985744,-0.0964098,-0.0215417,-0.995109
1775117455005736,-0.0965651,-0.0213632,-0.995097
1775117455025731,-0.0965424,-0.0214939,-0.995097
1775117455045737,-0.0970881,-0.0209571,-0.995055
1775117455065739,-0.0954935,-0.0223288,-0.99518
1775117455085733,-0.0966183,-0.0216678,-0.995086
1775117455105735,-0.0968936,-0.0214805,-0.995063
1775117455125733,-0.0962617,-0.0218607,-0.995116
1775117455145742,-0.0967997,-0.0218292,-0.995064
1775117455165740,-0.0964002,-0.0224135,-0.99509
1775117455185738,-0.0963347,-0.0222487,-0.9951
1775117455205736,-0.0963548,-0.0216566,-0.995111
1775117455225736,-0.095889,-0.0225232,-0.995137
1775117455245740,-0.0973709,-0.0211773,-0.995023
1775117455265735,-0.0963303,-0.0216777,-0.995113
1775117455285737,-0.0968344,-0.0219092,-0.995059
1775117455305737,-0.0957636,-0.0219415,-0.995162
1775117455325740,-0.0963526,-0.0220694,-0.995103
1775117455345729,-0.0967332,-0.0210006,-0.995089
1775117455365732,-0.0963435,-0.0211906,-0.995123
1775117455385728,-0.0967577,-0.0207238,-0.995092
1775117455405730,-0.0961763,-0.0212409,-0.995138
1775117455425732,-0.0962386,-0.0214389,-0.995127
1775117455445750,-0.0965501,-0.0211575,-0.995103
1775117455465740,-0.0965269,-0.0210052,-0.995109
1775117455485737,-0.0962052,-0.0215574,-0.995128
1775117455505739,-0.095672,-0.0212175,-0.995187
1775117455525737,-0.096249,-0.020829,-0.995139
1775117455545742,-0.0957839,-0.0214294,-0.995171
1775117455565734,-0.0958001,-0.0214836,-0.995169
1775117455585732,-0.0967242,-0.0202266,-0.995106
1775117455605754,-0.0963589,-0.0213826,-0.995117
1775117455625758,-0.0962141,-0.0208452,-0.995142
1775117455645738,-0.0970034,-0.0211452,-0.995059
1775117455665740,-0.0961965,-0.0209253,-0.995142
1775117455685739,-0.097031,-0.0205044,-0.99507
1775117455705737,-0.0959478,-0.0215389,-0.995153
1775117455725739,-0.0964095,-0.0208073,-0.995124
1775117455745738,-0.0959913,-0.0210273,-0.99516
1775117455765740,-0.0958439,-0.0215551,-0.995163
1775117455785740,-0.095362,-0.0215353,-0.99521
1775117455805741,-0.0957962,-0.0223295,-0.99515
1775117455825831,-0.0964976,-0.0214754,-0.995102
1775117455845736,-0.0956392,-0.0216203,-0.995181
1775117455865737,-0.0962017,-0.0211087,-0.995138
1775117455885726,-0.096995,-0.021008,-0.995063
1775117455905729,-0.0968511,-0.0206468,-0.995085
1775117455925732,-0.0966215,-0.0209031,-0.995102
1775117455945735,-0.0964909,-0.0215954,-0.9951
1775117455965738,-0.096079,-0.0217102,-0.995137
1775117455985732,-0.0963969,-0.0213953,-0.995113
1775117456005742,-0.0961624,-0.0218953,-0.995125
1775117456025748,-0.0967468,-0.0214599,-0.995078
1775117456045734,-0.0964881,-0.0222577,-0.995085
1775117456065731,-0.0958145,-0.0212857,-0.995172
1775117456085730,-0.0961492,-0.0221087,-0.995121
1775117456105729,-0.0968824,-0.0211646,-0.995071
1775117456125738,-0.0963893,-0.0211849,-0.995118
1775117456145741,-0.0967228,-0.0212603,-0.995084
1775117456165787,-0.0971028,-0.0206169,-0.995061
1775117456207945,-0.0961761,-0.0210451,-0.995142
1775117456224529,-0.0963458,-0.0205369,-0.995136
1775117456225726,-0.0963458,-0.0205369,-0.995136
1775117456245736,-0.0964188,-0.0204248,-0.995131
1775117456265729,-0.0959858,-0.0207908,-0.995166
1775117456285733,-0.095646,-0.0199258,-0.995216
1775117456305732,-0.0946683,-0.0212979,-0.995281
1775117456325731,-0.0946798,-0.0209066,-0.995288
1775117456345882,-0.0949169,-0.0203246,-0.995278
1775117456365732,-0.0950419,-0.0205368,-0.995261
1775117456385733,-0.0952825,-0.0204764,-0.99524
1775117456405734,-0.0951157,-0.0206159,-0.995253
1775117456425736,-0.0947957,-0.0210275,-0.995275
1775117456445690,-0.0947781,-0.0202516,-0.995292
1775117456465737,-0.095532,-0.0200789,-0.995224
1775117456485895,-0.0944787,-0.0212253,-0.995301
1775117456505683,-0.0951093,-0.0218919,-0.995226
1775117456525729,-0.0949599,-0.0209352,-0.995261
1775117456545729,-0.0946413,-0.0204795,-0.995301
1775117456565735,-0.0948798,-0.0209482,-0.995268
1775117456585731,-0.0944511,-0.0205798,-0.995317
1775117456605777,-0.0943126,-0.0206951,-0.995328
1775117456625734,-0.094531,-0.0205407,-0.99531
1775117456645732,-0.0945606,-0.0211537,-0.995294
1775117456665740,-0.0946742,-0.0208151,-0.995291
1775117456685760,-0.0956361,-0.0206211,-0.995203
1775117456720454,-0.0948654,-0.021317,-0.995262
1775117456725729,-0.0948654,-0.021317,-0.995262
1775117456745734,-0.0953399,-0.0208513,-0.995226
1775117456765731,-0.096622,-0.0202269,-0.995116
1775117456785740,-0.0956774,-0.022371,-0.995161
1775117456805733,-0.0961247,-0.0209879,-0.995148
1775117456825741,-0.0958271,-0.0212408,-0.995171
1775117456845740,-0.0969346,-0.020216,-0.995085
1775117456865740,-0.096227,-0.0209871,-0.995138
1775117456885878,-0.0960774,-0.0210326,-0.995152
1775117456913908,-0.096606,-0.021356,-0.995094
1775117456925749,-0.0972751,-0.0203642,-0.995049
1775117456945737,-0.0962385,-0.021104,-0.995135
1775117456965737,-0.0964821,-0.0204989,-0.995124
1775117456985735,-0.0962645,-0.0205589,-0.995143
1775117457005744,-0.0964441,-0.0206717,-0.995124
1775117457025735,-0.0968892,-0.0202527,-0.995089
1775117457045760,-0.103702,-0.0128568,-0.994525
1775117457065736,-0.102876,-0.0133322,-0.994605
1775117457085730,-0.103639,-0.0125925,-0.994535
1775117457105734,-0.10384,-0.0132361,-0.994506
1775117457125731,-0.103997,-0.0130992,-0.994491
1775117457145736,-0.103484,-0.0129252,-0.994547
1775117457165730,-0.103731,-0.0130068,-0.99452
1775117457185737,-0.103761,-0.0132336,-0.994514
1775117457205734,-0.103856,-0.013124,-0.994506
1775117457225752,-0.104051,-0.0133969,-0.994482
1775117457245737,-0.103627,-0.013312,-0.994527
1775117457265734,-0.10284,-0.0141948,-0.994597
1775117457285730,-0.102512,-0.0143931,-0.994628
1775117457305747,-0.102708,-0.014149,-0.994611
1775117457325732,-0.102791,-0.0133955,-0.994613
1775117457345727,-0.102965,-0.0133603,-0.994595
1775117457365729,-0.102854,-0.013343,-0.994607
1775117457385728,-0.102771,-0.0133842,-0.994615
1775117457405729,-0.103065,-0.0134188,-0.994584
1775117457425720,-0.102804,-0.0133067,-0.994613
1775117457445744,-0.102833,-0.0133498,-0.994609
1775117457465742,-0.102803,-0.0133789,-0.994612
1775117457485741,-0.102218,-0.0136873,-0.994668
1775117457505741,-0.101813,-0.0134001,-0.994713
1775117457525711,-0.102454,-0.0134157,-0.994647
1775117457545740,-0.102119,-0.0134135,-0.994682
1775117457565736,-0.101853,-0.0134432,-0.994709
1775117457585734,-0.102316,-0.0136499,-0.994658
1775117457605729,-0.102023,-0.0134394,-0.994691
1775117457625740,-0.101997,-0.0135371,-0.994693
1775117457645739,-0.102082,-0.0138253,-0.99468
1775117457665743,-0.102163,-0.013382,-0.994678
1775117457685739,-0.101962,-0.0135074,-0.994697
1775117457705742,-0.102132,-0.01346,-0.99468
1775117457725738,-0.102057,-0.0137473,-0.994684
1775117457745740,-0.102429,-0.0132305,-0.994652
1775117457765739,-0.102139,-0.0136817,-0.994676
1775117457785736,-0.101953,-0.0133185,-0.9947
1775117457805740,-0.102158,-0.0131582,-0.994681
1775117457825732,-0.102525,-0.0131362,-0.994644
1775117457845728,-0.101649,-0.01507,-0.994706
1775117457865732,-0.102324,-0.0133878,-0.994661
1775117457885728,-0.102081,-0.0134313,-0.994685
1775117457905729,-0.102072,-0.0133801,-0.994687
1775117457925733,-0.102328,-0.0130875,-0.994665
1775117457945838,-0.102402,-0.0132064,-0.994655
1775117457965734,-0.102189,-0.0136758,-0.994671
1775117457985734,-0.102442,-0.0133007,-0.99465
1775117458005739,-0.102247,-0.0134953,-0.994667
1775117458025735,-0.101933,-0.0134908,-0.9947
1775117458045742,-0.101876,-0.0135198,-0.994705
1775117458065780,-0.102237,-0.0136693,-0.994666
1775117458085743,-0.102269,-0.0136355,-0.994663
1775117458105739,-0.102079,-0.0134527,-0.994685
1775117458125731,-0.102183,-0.0136312,-0.994672
1775117458145735,-0.102,-0.0135964,-0.994692
1775117458165754,-0.102104,-0.0133905,-0.994684
1775117458185907,-0.101198,-0.0139267,-0.994769
1775117458205751,-0.10207,-0.013393,-0.994687
1775117458225734,-0.102358,-0.0136185,-0.994654
1775117458245731,-0.101461,-0.0139581,-0.994742
1775117458265735,-0.102248,-0.0133924,-0.994669
1775117458285730,-0.10182,-0.0135857,-0.99471
1775117458305745,-0.102101,-0.0135661,-0.994681
1775117458325736,-0.101975,-0.0135545,-0.994695
1775117458345731,-0.102182,-0.0134991,-0.994674
1775117458365735,-0.102099,-0.0136477,-0.994681
1775117458385729,-0.102106,-0.0137322,-0.994679
1775117458405732,-0.102522,-0.0133691,-0.994641
1775117458425735,-0.102231,-0.013736,-0.994666
1775117458445735,-0.102386,-0.0134398,-0.994654
1775117458465736,-0.102368,-0.0136811,-0.994653
1775117458485737,-0.102329,-0.0134206,-0.99466
1775117458505734,-0.102002,-0.013472,-0.994693
1775117458525738,-0.10258,-0.0133838,-0.994635
1775117458545737,-0.102404,-0.0136748,-0.994649
1775117458565729,-0.102218,-0.0135218,-0.99467
1775117458585737,-0.102349,-0.0135291,-0.994657
1775117458605758,-0.102331,-0.0134795,-0.994659
1775117458641579,-0.101977,-0.0134963,-0.994695
1775117458679328,-0.102242,-0.0133295,-0.99467
1775117458706070,-0.102169,-0.0133905,-0.994677
1775117458707159,-0.102169,-0.0133905,-0.994677
1775117458708852,-0.102166,-0.013508,-0.994676
1775117458725735,-0.10193,-0.0134487,-0.994701
1775117458745739,-0.102174,-0.0134822,-0.994675
1775117458765744,-0.1025,-0.0137584,-0.994638
1775117458785729,-0.102429,-0.0134691,-0.994649
1775117458805734,-0.102513,-0.0133017,-0.994643
1775117458825736,-0.102341,-0.0131604,-0.994662
1775117458845738,-0.102339,-0.0127464,-0.994668
1775117458865734,-0.102494,-0.0129847,-0.994649
1775117458885745,-0.103425,-0.0122289,-0.994562
1775117458905754,-0.10339,-0.0119774,-0.994569
1775117458925745,-0.103543,-0.0127719,-0.994543
1775117458945738,-0.103189,-0.0124032,-0.994584
1775117458965737,-0.103443,-0.0119913,-0.994563
1775117458985734,-0.103034,-0.0125328,-0.994599
1775117459005741,-0.101421,-0.0147041,-0.994735
1775117459025734,-0.101643,-0.0154809,-0.994701
1775117459045734,-0.100591,-0.0150758,-0.994814
1775117459065733,-0.101482,-0.0147575,-0.994728
1775117459085740,-0.0921535,-0.0259811,-0.995406
1775117459105738,-0.0918126,-0.0276238,-0.995393
1775117459125742,-0.0919174,-0.0272392,-0.995394
1775117459145743,-0.0919588,-0.028077,-0.995367
1775117459165738,-0.0915224,-0.0279644,-0.99541
1775117459185736,-0.0917647,-0.0289235,-0.995361
1775117459205737,-0.091838,-0.0281844,-0.995375
1775117459225741,-0.0945395,-0.0280373,-0.995126
1775117459245743,-0.0954742,-0.0261528,-0.995088
1775117459265773,-0.0943379,-0.0278224,-0.995151
1775117459285731,-0.0946097,-0.0278131,-0.995126
1775117459305764,-0.0945931,-0.028216,-0.995116
1775117459325741,-0.0950134,-0.0265991,-0.995121
1775117459345729,-0.0946281,-0.0282288,-0.995112
1775117459365730,-0.095323,-0.0274151,-0.995069
1775117459385731,-0.095977,-0.0276601,-0.994999
1775117459405729,-0.0962071,-0.0263551,-0.995012
1775117459425734,-0.095716,-0.0239857,-0.99512
1775117459445733,-0.0970061,-0.0183419,-0.995115
1775117459465791,-0.0968283,-0.0234457,-0.995025
1775117459485738,-0.0982608,-0.0201279,-0.994957
1775117459505733,-0.0977977,-0.0211008,-0.994983
1775117459525736,-0.0975757,-0.0209697,-0.995007
1775117459545734,-0.0972401,-0.0218762,-0.99502
1775117459565737,-0.097362,-0.0226158,-0.994992
1775117459585729,-0.0973408,-0.0227472,-0.994991
1775117459605765,-0.0980848,-0.0241194,-0.994886
1775117459625734,-0.0972933,-0.0231824,-0.994986
1775117459645733,-0.0986586,-0.0254737,-0.994795
1775117459665736,-0.0972854,-0.0229786,-0.994991
1775117459685733,-0.0977629,-0.0257181,-0.994877
1775117459705736,-0.0976635,-0.0252067,-0.9949
1775117459725735,-0.0969297,-0.02324,-0.99502
1775117459745734,-0.0975162,-0.0241587,-0.994941
1775117459765746,-0.0979303,-0.0246009,-0.994889
1775117459785729,-0.0979976,-0.0254891,-0.99486
1775117459805729,-0.0977672,-0.0244089,-0.99491
1775117459825726,-0.0970795,-0.0256165,-0.994947
1775117459845729,-0.0974492,-0.0256516,-0.99491
1775117459865731,-0.097878,-0.0257012,-0.994866
1775117459885767,-0.0980344,-0.0266057,-0.994827
1775117459905732,-0.0982136,-0.0255998,-0.994836
1775117459925736,-0.0978449,-0.0259122,-0.994864
1775117459945743,-0.09722,-0.0265425,-0.994909
1775117459965749,-0.0976435,-0.0258894,-0.994885
1775117459985742,-0.0970331,-0.0256727,-0.99495
1775117460005739,-0.0977525,-0.0248989,-0.994899
1775117460026005,-0.0977731,-0.0243434,-0.994911
1775117460045731,-0.0971294,-0.0238446,-0.994986
1775117460065732,-0.0973631,-0.0245627,-0.994946
1775117460085735,-0.0968578,-0.0233714,-0.995024
1775117460105737,-0.0978959,-0.0242324,-0.994902
1775117460125731,-0.0975338,-0.0246719,-0.994926
1775117460145735,-0.0979986,-0.025815,-0.994852
1775117460165736,-0.0977504,-0.0257635,-0.994877
1775117460185736,-0.0983508,-0.024065,-0.994861
1775117460205732,-0.0985667,-0.0248448,-0.99482
1775117460225733,-0.0961281,-0.0248589,-0.995059
1775117460245737,-0.0966813,-0.0224316,-0.995063
1775117460265741,-0.096658,-0.0218479,-0.995078
1775117460285734,-0.0984245,-0.0218356,-0.994905
1775117460305735,-0.0977459,-0.0215091,-0.994979
1775117460325739,-0.0972347,-0.0212671,-0.995034
1775117460345731,-0.0968766,-0.0229371,-0.995032
1775117460365735,-0.0962806,-0.0234901,-0.995077
1775117460385733,-0.0967083,-0.0238498,-0.995027
1775117460405755,-0.0965904,-0.0262455,-0.994978
1775117460425736,-0.0951486,-0.0273005,-0.995089
1775117460445733,-0.0951939,-0.0268903,-0.995095
1775117460465730,-0.0948328,-0.0272119,-0.995121
1775117460485733,-0.0950249,-0.0296476,-0.995033
1775117460505741,-0.0949326,-0.0293602,-0.995051
1775117460525735,-0.0947787,-0.0278387,-0.995109
1775117460545742,-0.0950162,-0.0280937,-0.995079
1775117460565735,-0.095736,-0.0293353,-0.994974
1775117460585737,-0.096036,-0.0280611,-0.994982
1775117460605707,-0.0958849,-0.028479,-0.994985
1775117460625731,-0.0956521,-0.0285747,-0.995005
1775117460645747,-0.0958753,-0.0289579,-0.994972
1775117460665738,-0.0957336,-0.0293411,-0.994974
1775117460685737,-0.0962195,-0.0291813,-0.994932
1775117460705732,-0.0958722,-0.0274104,-0.995016
1775117460725740,-0.0969529,-0.0265933,-0.994934
1775117460745744,-0.096593,-0.0239481,-0.995036
1775117460765742,-0.0958766,-0.0244338,-0.995093
1775117460785739,-0.0978,-0.0212558,-0.994979
1775117460805739,-0.0979812,-0.0212227,-0.994962
1775117460825741,-0.0971064,-0.022006,-0.995031
1775117460845734,-0.09613,-0.0234753,-0.995092
1775117460865736,-0.0973995,-0.0215375,-0.995012
1775117460885785,-0.0974379,-0.0234358,-0.994966
1775117460905737,-0.0978571,-0.0237481,-0.994917
1775117460925743,-0.0986288,-0.0232369,-0.994853
1775117460945958,-0.0980363,-0.024081,-0.994891
1775117460982002,-0.0991862,-0.0222905,-0.994819
1775117460985735,-0.0991862,-0.0222905,-0.994819
1775117461005740,-0.0976452,-0.0236513,-0.99494
1775117461025741,-0.098269,-0.0243902,-0.994861
1775117461045743,-0.0985181,-0.0257974,-0.994801
1775117461065736,-0.0981218,-0.0231878,-0.994904
1775117461085736,-0.0983779,-0.0235789,-0.99487
1775117461105754,-0.0974692,-0.0233684,-0.994964
1775117461125733,-0.0979067,-0.0244581,-0.994895
1775117461145728,-0.0976844,-0.0241757,-0.994924
1775117461165754,-0.0979285,-0.0238484,-0.994908
1775117461185737,-0.0981881,-0.0247169,-0.994861
1775117461205739,-0.0982967,-0.0242351,-0.994862
1775117461225737,-0.098539,-0.0243582,-0.994835
1775117461245738,-0.0981437,-0.0248421,-0.994862
1775117461265767,-0.0980756,-0.0246789,-0.994873
1775117461285774,-0.0988787,-0.0264098,-0.994749
1775117461305738,-0.0971459,-0.0227723,-0.99501
1775117461325737,-0.0975555,-0.0229576,-0.994965
1775117461345817,-0.0977374,-0.0231653,-0.994943
1775117461365727,-0.0969612,-0.0231594,-0.995019
1775117461385733,-0.0977026,-0.0241202,-0.994923
1775117461405735,-0.0982358,-0.0236,-0.994883
1775117461425737,-0.0984085,-0.0244839,-0.994845
1775117461445860,-0.0980864,-0.0238175,-0.994893
1775117461465732,-0.0976807,-0.0244135,-0.994918
1775117461485735,-0.0981929,-0.0243211,-0.99487
1775117461505735,-0.0980308,-0.0243491,-0.994885
1775117461525736,-0.0985716,-0.0233391,-0.994856
1775117461545732,-0.0985481,-0.0230965,-0.994864
1775117461565730,-0.0985305,-0.0222159,-0.994886
1775117461585735,-0.0981716,-0.0228365,-0.994907
1775117461605736,-0.0981794,-0.0227185,-0.994909
1775117461625733,-0.0980397,-0.022885,-0.994919
1775117461645737,-0.09878,-0.0245763,-0.994806
1775117461665736,-0.0982617,-0.0255935,-0.994831
1775117461685740,-0.098622,-0.0255783,-0.994796
1775117461705732,-0.0985846,-0.0247058,-0.994822
1775117461725862,-0.0986912,-0.0249384,-0.994806
1775117461745730,-0.0989002,-0.0250501,-0.994782
1775117461765735,-0.0989908,-0.0241247,-0.994796
1775117461785730,-0.0980409,-0.0232722,-0.99491
1775117461805729,-0.0985032,-0.0242653,-0.994841
1775117461825731,-0.0983492,-0.024062,-0.994861
1775117461845729,-0.0983011,-0.0239067,-0.99487
1775117461865743,-0.0978911,-0.0233042,-0.994924
1775117461885743,-0.0981272,-0.0231437,-0.994905
1775117461905735,-0.0979909,-0.0233377,-0.994914
1775117461925736,-0.0985381,-0.0239473,-0.994845
1775117461945750,-0.0988668,-0.0246305,-0.994796
1775117461965739,-0.0983498,-0.0230761,-0.994884
1775117461985736,-0.0994542,-0.0236699,-0.994761
1775117462005733,-0.0982661,-0.0240817,-0.994869
1775117462025764,-0.0986294,-0.0230943,-0.994856
1775117462045738,-0.0983732,-0.0232604,-0.994878
1775117462065731,-0.0983295,-0.0237402,-0.994871
1775117462085735,-0.0985702,-0.0249463,-0.994817
1775117462105746,-0.0986986,-0.0254899,-0.994791
1775117462125740,-0.0987818,-0.0249696,-0.994796
1775117462145734,-0.0991988,-0.0249035,-0.994756
1775117462165736,-0.0988327,-0.0256984,-0.994772
1775117462185738,-0.0981539,-0.0267147,-0.994813
1775117462205741,-0.0984371,-0.0243489,-0.994845
1775117462225734,-0.0986629,-0.0261226,-0.994778
1775117462245736,-0.0981946,-0.0255835,-0.994838
1775117462265738,-0.0978503,-0.0235815,-0.994922
1775117462285734,-0.0975332,-0.0224117,-0.99498
1775117462305732,-0.0985407,-0.0258891,-0.994796
1775117462325738,-0.0982063,-0.0262222,-0.994821
1775117462345732,-0.0979199,-0.0226779,-0.994936
1775117462365756,-0.0983152,-0.0259665,-0.994816
1775117462385733,-0.0982452,-0.0253206,-0.99484
1775117462405730,-0.0990863,-0.0259461,-0.994741
1775117462425732,-0.0986051,-0.0257285,-0.994794
1775117462445738,-0.0984409,-0.0258462,-0.994807
1775117462465736,-0.098104,-0.0255432,-0.994848
1775117462485744,-0.09858,-0.0260063,-0.994789
1775117462505738,-0.0988528,-0.0256903,-0.99477
1775117462525731,-0.0990516,-0.0257272,-0.99475
1775117462545743,-0.0986892,-0.0248614,-0.994808
1775117462565732,-0.0985945,-0.0255104,-0.994801
1775117462585735,-0.0990454,-0.0255027,-0.994756
1775117462605732,-0.0989154,-0.0242742,-0.9948
1775117462625733,-0.0988654,-0.0257386,-0.994768
1775117462645740,-0.0984169,-0.0251729,-0.994827
1775117462665731,-0.0981556,-0.0259118,-0.994834
1775117462685746,-0.0992332,-0.0258156,-0.994729
1775117462705743,-0.0989947,-0.0253717,-0.994764
1775117462725738,-0.0985461,-0.02544,-0.994807
1775117462745730,-0.0980005,-0.0248058,-0.994877
1775117462765737,-0.09873,-0.0250082,-0.9948
1775117462785729,-0.0986358,-0.0254091,-0.994799
1775117462805732,-0.0987927,-0.0262342,-0.994762
1775117462825728,-0.0992313,-0.0260347,-0.994724
1775117462845730,-0.0982203,-0.0256648,-0.994834
1775117462865737,-0.0986582,-0.0253553,-0.994798
1775117462885733,-0.0990238,-0.0253994,-0.994761
1775117462905738,-0.0980844,-0.0251601,-0.99486
1775117462925737,-0.0989031,-0.0257907,-0.994763
1775117462945753,-0.0981719,-0.0259775,-0.99483
1775117462965745,-0.0973352,-0.0256028,-0.994922
1775117462985743,-0.0988441,-0.0251478,-0.994785
1775117463005743,-0.0988025,-0.025304,-0.994785
1775117463025742,-0.0979645,-0.0252878,-0.994869
1775117463045739,-0.0979502,-0.0258098,-0.994857
1775117463065740,-0.0983306,-0.0252484,-0.994833
1775117463085742,-0.0980727,-0.0254553,-0.994854
1775117463105743,-0.0981903,-0.0248657,-0.994857
1775117463125742,-0.0984033,-0.0250612,-0.994831
1775117463145742,-0.0978267,-0.0251363,-0.994886
1775117463165741,-0.0985075,-0.0260599,-0.994795
1775117463185743,-0.0983326,-0.0258551,-0.994818
1775117463205736,-0.0980225,-0.0249219,-0.994872
1775117463225743,-0.0990149,-0.0257219,-0.994753
1775117463245927,-0.0992696,-0.0257056,-0.994728
1775117463265729,-0.0986547,-0.0249878,-0.994808
1775117463285729,-0.0983934,-0.0248547,-0.994837
1775117463305727,-0.0983338,-0.0257392,-0.994821
1775117463325729,-0.0981497,-0.0257361,-0.994839
1775117463345728,-0.099104,-0.0251555,-0.994759
1775117463365757,-0.0986739,-0.0258385,-0.994784
1775117463385727,-0.0989237,-0.0236371,-0.994814
1775117463405729,-0.0980977,-0.0247444,-0.994869
1775117463425736,-0.0971719,-0.0221848,-0.99502
1775117463445732,-0.0976618,-0.023123,-0.994951
1775117463465735,-0.097491,-0.0225286,-0.994981
1775117463485735,-0.0982677,-0.0233364,-0.994886
1775117463505730,-0.0974965,-0.0234377,-0.99496
1775117463525967,-0.0979373,-0.0244935,-0.994891
1775117463545731,-0.0975811,-0.0228736,-0.994965
1775117463565736,-0.0967165,-0.0232095,-0.995041
1775117463585731,-0.0980252,-0.025742,-0.994851
1775117463605733,-0.0977377,-0.0253013,-0.994891
1775117463625738,-0.0973664,-0.0256485,-0.994918
1775117463645739,-0.0982073,-0.0234065,-0.994891
1775117463665734,-0.0974964,-0.0250515,-0.994921
1775117463685737,-0.0982126,-0.0240613,-0.994875
1775117463705738,-0.0980286,-0.0237541,-0.9949
1775117463725741,-0.0975031,-0.024029,-0.994945
1775117463745735,-0.0976911,-0.0238928,-0.99493
1775117463765731,-0.098679,-0.0240106,-0.99483
1775117463785718,-0.0981373,-0.0242329,-0.994878
1775117463805728,-0.0993195,-0.0252029,-0.994736
1775117463825727,-0.0985319,-0.0234667,-0.994857
1775117463845731,-0.0973972,-0.0230209,-0.994979
1775117463865731,-0.0977929,-0.023452,-0.99493
1775117463885730,-0.0987682,-0.0237365,-0.994827
1775117463905733,-0.0980509,-0.0230025,-0.994916
1775117463925732,-0.0976054,-0.0240525,-0.994935
1775117463945733,-0.0975644,-0.0235912,-0.99495
1775117463965732,-0.0976842,-0.0248072,-0.994908
1775117463985734,-0.0979215,-0.0233682,-0.99492
1775117464005732,-0.0977188,-0.0237359,-0.994931
1775117464025731,-0.0973608,-0.0237108,-0.994967
1775117464045737,-0.0979851,-0.0244338,-0.994888
1775117464065738,-0.0981686,-0.0243885,-0.994871
1775117464085728,-0.0988876,-0.0265872,-0.994743
1775117464105742,-0.0982244,-0.0252764,-0.994843
1775117464125744,-0.0977336,-0.0249704,-0.994899
1775117464145742,-0.0984856,-0.0246941,-0.994832
1775117464165742,-0.0987643,-0.0241399,-0.994818
1775117464185736,-0.0978116,-0.0245689,-0.994902
1775117464205733,-0.0980548,-0.0253174,-0.994859
1775117464225733,-0.0982334,-0.0254792,-0.994837
1775117464245729,-0.097218,-0.0248861,-0.994952
1775117464265733,-0.0972305,-0.025565,-0.994933
1775117464285739,-0.0983093,-0.0246329,-0.994851
1775117464305729,-0.0980652,-0.0247196,-0.994873
1775117464325728,-0.0981028,-0.0247346,-0.994869
1775117464345740,-0.0979117,-0.0246915,-0.994889
1775117464365727,-0.0976357,-0.0247405,-0.994915
1775117464385728,-0.0979405,-0.0248725,-0.994881
1775117464405731,-0.0976729,-0.0251169,-0.994902
1775117464425729,-0.0970496,-0.0255089,-0.994953
1775117464445730,-0.0979035,-0.0241106,-0.994904
1775117464465737,-0.0983703,-0.0243791,-0.994851
1775117464485732,-0.0983879,-0.0261081,-0.994806
1775117464505733,-0.0979899,-0.026069,-0.994846
1775117464525735,-0.0972161,-0.0259753,-0.994924
1775117464545731,-0.0976172,-0.0259205,-0.994886
1775117464565750,-0.098388,-0.02499,-0.994834
1775117464585734,-0.0984237,-0.0244636,-0.994844
1775117464605734,-0.098179,-0.024077,-0.994877
1775117464625932,-0.0987412,-0.0242974,-0.994816
1775117464659770,-0.0992901,-0.023584,-0.994779
1775117464694821,-0.0985469,-0.0234671,-0.994856
1775117464697209,-0.0985469,-0.0234671,-0.994856
1775117464705742,-0.0985469,-0.0234671,-0.994856
1775117464725733,-0.09868,-0.0224843,-0.994865
1775117464745730,-0.0972035,-0.023154,-0.994995
1775117464765764,-0.0971507,-0.0235744,-0.99499
1775117464785729,-0.0971007,-0.0231582,-0.995005
1775117464805729,-0.0975128,-0.0229062,-0.994971
1775117464825732,-0.0969848,-0.0226639,-0.995028
1775117464845734,-0.0969266,-0.0235702,-0.995012
1775117464865735,-0.0969626,-0.0235353,-0.99501
1775117464885740,-0.0974555,-0.0232256,-0.994969
1775117464905744,-0.0984686,-0.0233681,-0.994866
1775117464925743,-0.0976774,-0.0233934,-0.994943
1775117464945744,-0.0977209,-0.0242653,-0.994918
1775117464965744,-0.0976534,-0.0251101,-0.994904
1775117464985745,-0.0976281,-0.0248326,-0.994913
1775117465005738,-0.0958382,-0.024706,-0.99509
1775117465025743,-0.0960182,-0.0259137,-0.995042
1775117465045738,-0.0967573,-0.0253269,-0.994986
1775117465065734,-0.0974022,-0.0232697,-0.994973
1775117465085733,-0.0965518,-0.0241402,-0.995035
1775117465105753,-0.0972882,-0.0231399,-0.994987
1775117465125742,-0.0972825,-0.0225286,-0.995002
1775117465145737,-0.0959636,-0.0229025,-0.995121
1775117465165734,-0.0968261,-0.0212644,-0.995074
1775117465185740,-0.0954785,-0.0239623,-0.995143
1775117465205733,-0.0961171,-0.0234196,-0.995094
1775117465225733,-0.0948281,-0.0286137,-0.995082
1775117465245782,-0.0943502,-0.0283255,-0.995136
1775117465265732,-0.0950004,-0.0282454,-0.995076
1775117465285734,-0.0945932,-0.0276509,-0.995132
1775117465305736,-0.0933279,-0.0266417,-0.995279
1775117465325727,-0.0939168,-0.02438,-0.995281
1775117465345780,-0.0916288,-0.0244693,-0.995493
1775117465365736,-0.0913995,-0.0239756,-0.995526
1775117465385728,-0.0923919,-0.0243603,-0.995425
1775117465405728,-0.0896464,-0.0243932,-0.995675
1775117465425733,-0.0903747,-0.0243924,-0.995609
1775117465445735,-0.0886016,-0.0240383,-0.995777
1775117465465736,-0.0870079,-0.02463,-0.995903
1775117465485732,-0.0867588,-0.0222408,-0.995981
1775117465505743,-0.0863503,-0.0236274,-0.995985
1775117465525739,-0.0854569,-0.0244253,-0.996042
1775117465545740,-0.0834744,-0.024181,-0.996216
1775117465565731,-0.0845096,-0.0235533,-0.996144
1775117465585731,-0.0850439,-0.0214761,-0.996146
1775117465605742,-0.0843004,-0.021022,-0.996219
1775117465625736,-0.084588,-0.0200041,-0.996215
1775117465645743,-0.0826168,-0.0239528,-0.996293
1775117465665778,-0.0818578,-0.0235829,-0.996365
1775117465685735,-0.0820274,-0.0245618,-0.996327
1775117465705730,-0.0831708,-0.0259995,-0.996196
1775117465725730,-0.0841698,-0.0251459,-0.996134
1775117465745820,-0.0831671,-0.0262397,-0.99619
1775117465765733,-0.0837657,-0.0251894,-0.996167
1775117465785732,-0.0842159,-0.0259889,-0.996109
1775117465805731,-0.0848315,-0.0241098,-0.996104
1775117465825731,-0.0853924,-0.024534,-0.996045
1775117465845734,-0.0867142,-0.0221526,-0.995987
1775117465865739,-0.0864975,-0.0229748,-0.995987
1775117465885728,-0.0868314,-0.022981,-0.995958
1775117465905731,-0.0871491,-0.0237222,-0.995913
1775117465925735,-0.0868793,-0.0235355,-0.995941
1775117465945774,-0.0877572,-0.022499,-0.995888
1775117465965743,-0.0876455,-0.0225898,-0.995896
1775117465985739,-0.0875441,-0.0233584,-0.995887
1775117466005740,-0.0873072,-0.0221461,-0.995935
1775117466025748,-0.0866968,-0.0219256,-0.995993
1775117466045738,-0.0859142,-0.0233599,-0.996029
1775117466065735,-0.0857311,-0.0220609,-0.996074
1775117466085737,-0.0861553,-0.0214344,-0.996051
1775117466105735,-0.0871849,-0.021919,-0.995951
1775117466125741,-0.0874588,-0.0213862,-0.995939
1775117466145733,-0.0879354,-0.0218751,-0.995886
1775117466165735,-0.0880675,-0.0225725,-0.995859
1775117466185737,-0.0889719,-0.0234539,-0.995758
1775117466205731,-0.0884529,-0.0235037,-0.995803
1775117466225731,-0.0884795,-0.0237653,-0.995794
1775117466245728,-0.0870505,-0.0260954,-0.995862
1775117466265755,-0.088902,-0.0248723,-0.99573
1775117466285731,-0.0869625,-0.0272959,-0.995838
1775117466305772,-0.0879945,-0.0265329,-0.995768
1775117466325729,-0.0880423,-0.0259292,-0.995779
1775117466345734,-0.0883286,-0.0249185,-0.99578
1775117466365728,-0.0886577,-0.02469,-0.995756
1775117466385729,-0.0890534,-0.0249341,-0.995715
1775117466405730,-0.089556,-0.0238445,-0.995696
1775117466425728,-0.0896178,-0.0239055,-0.995689
1775117466445738,-0.0908095,-0.0226292,-0.995611
1775117466465755,-0.0908453,-0.0231136,-0.995597
1775117466485734,-0.0911409,-0.0243294,-0.995541
1775117466505738,-0.0897792,-0.0256077,-0.995632
1775117466525730,-0.0888633,-0.0251387,-0.995727
1775117466545740,-0.0890491,-0.0240843,-0.995736
1775117466565736,-0.0889676,-0.0238583,-0.995749
1775117466585770,-0.0883866,-0.0246891,-0.99578
1775117466605741,-0.089666,-0.0242514,-0.995677
1775117466625754,-0.0888057,-0.0245336,-0.995747
1775117466645744,-0.0892756,-0.0245165,-0.995705
1775117466665737,-0.0897145,-0.0250298,-0.995653
1775117466685732,-0.0897865,-0.0259507,-0.995623
1775117466705731,-0.0903815,-0.0239928,-0.995618
1775117466725757,-0.0910512,-0.0242764,-0.99555
1775117466745735,-0.0899749,-0.0258011,-0.99561
1775117466765731,-0.0906073,-0.0238713,-0.995601
1775117466785734,-0.090956,-0.0239762,-0.995566
1775117466805734,-0.0906716,-0.0241967,-0.995587
1775117466825730,-0.0903025,-0.0248695,-0.995604
1775117466845731,-0.0909501,-0.0248132,-0.995546
1775117466865733,-0.0904983,-0.0245878,-0.995593
1775117466885735,-0.0899926,-0.0250803,-0.995627
1775117466905736,-0.0902781,-0.0242348,-0.995622
1775117466925738,-0.0891879,-0.025698,-0.995683
1775117466945743,-0.0898391,-0.0251516,-0.995639
1775117466965740,-0.0896217,-0.0254139,-0.995652
1775117466985744,-0.0898797,-0.025097,-0.995636
1775117467005737,-0.0907097,-0.0236636,-0.995596
1775117467025736,-0.0904541,-0.0246846,-0.995595
1775117467045739,-0.0904518,-0.024622,-0.995596
1775117467065731,-0.0901301,-0.0246365,-0.995625
1775117467085734,-0.0900452,-0.0247804,-0.995629
1775117467105731,-0.0897875,-0.0249421,-0.995649
1775117467125745,-0.0901279,-0.0247545,-0.995623
1775117467145742,-0.0905804,-0.0239286,-0.995602
1775117467165736,-0.0904923,-0.0242822,-0.995601
1775117467185742,-0.0896758,-0.0250089,-0.995657
1775117467205731,-0.09001,-0.0246976,-0.995635
1775117467225729,-0.0903863,-0.0246198,-0.995602
1775117467245729,-0.0910412,-0.0242429,-0.995552
1775117467265858,-0.090898,-0.024329,-0.995563
1775117467285732,-0.0904707,-0.0243082,-0.995602
1775117467305731,-0.0919995,-0.0246284,-0.995454
1775117467325754,-0.0905413,-0.0243961,-0.995594
1775117467345728,-0.090199,-0.0255534,-0.995596
1775117467365732,-0.0906567,-0.0245632,-0.995579
1775117467385739,-0.0898032,-0.0254225,-0.995635
1775117467405733,-0.0903402,-0.0251465,-0.995593
1775117467425734,-0.0899302,-0.024899,-0.995637
1775117467445730,-0.0903441,-0.0251324,-0.995593
1775117467465762,-0.0908141,-0.0236686,-0.995587
1775117467485823,-0.0901671,-0.0239474,-0.995639
1775117467505736,-0.0897519,-0.025386,-0.995641
1775117467525753,-0.0901563,-0.0243941,-0.995629
1775117467545731,-0.0906735,-0.0232702,-0.995609
1775117467565735,-0.0902922,-0.0248266,-0.995606
1775117467585740,-0.0899468,-0.024637,-0.995642
1775117467605883,-0.0901075,-0.0250804,-0.995616
1775117467625740,-0.0905981,-0.0238476,-0.995602
1775117467645738,-0.0901265,-0.0240713,-0.995639
1775117467665741,-0.0906134,-0.0240492,-0.995596
1775117467685781,-0.090714,-0.0232302,-0.995606
1775117467705736,-0.0910629,-0.0232865,-0.995573
1775117467725736,-0.0905082,-0.0240265,-0.995606
1775117467745780,-0.0905149,-0.0235942,-0.995616
1775117467765736,-0.0910191,-0.0230825,-0.995582
1775117467785736,-0.090273,-0.0242873,-0.995621
1775117467805731,-0.0894734,-0.0249321,-0.995677
1775117467825728,-0.0900239,-0.0252314,-0.99562
1775117467845728,-0.0900297,-0.0247241,-0.995632
1775117467865731,-0.0907638,-0.0236612,-0.995591
1775117467885732,-0.0898094,-0.0250088,-0.995645
1775117467905736,-0.0912104,-0.0226979,-0.995573
1775117467925734,-0.0903124,-0.0242215,-0.995619
1775117467945735,-0.0900756,-0.0244629,-0.995634
1775117467965739,-0.0904416,-0.0242061,-0.995608
1775117467985732,-0.0897307,-0.0251156,-0.995649
1775117468005742,-0.0900606,-0.0242515,-0.995641
1775117468025745,-0.0895268,-0.0254651,-0.995659
1775117468045735,-0.0900104,-0.0249469,-0.995628
1775117468065745,-0.0906212,-0.023429,-0.99561
1775117468085744,-0.0903768,-0.0238986,-0.995621
1775117468105741,-0.0899432,-0.0240911,-0.995655
1775117468125737,-0.0904074,-0.02327,-0.995633
1775117468145745,-0.0903622,-0.0238205,-0.995624
1775117468165736,-0.0903952,-0.023979,-0.995617
1775117468185738,-0.0908786,-0.0232651,-0.99559
1775117468205736,-0.0903575,-0.0243343,-0.995612
1775117468225741,-0.0905082,-0.0241698,-0.995602
1775117468245740,-0.0907708,-0.0234083,-0.995597
1775117468265731,-0.090225,-0.0248897,-0.99561
1775117468285730,-0.0907157,-0.0233663,-0.995603
1775117468305730,-0.0906009,-0.0231721,-0.995618
1775117468325728,-0.0909921,-0.0233171,-0.995579
1775117468345741,-0.0909891,-0.0236041,-0.995572
1775117468365764,-0.0907265,-0.0233276,-0.995603
1775117468385728,-0.0905331,-0.0238597,-0.995608
1775117468405732,-0.0908829,-0.0237155,-0.995579
1775117468425726,-0.0911764,-0.0232457,-0.995563
1775117468445736,-0.0902049,-0.0241294,-0.995631
1775117468465740,-0.0910091,-0.0236079,-0.99557
1775117468485735,-0.0909013,-0.0236045,-0.99558
1775117468505732,-0.0903379,-0.0238188,-0.995626
1775117468525752,-0.0906496,-0.0242713,-0.995587
1775117468545737,-0.0908879,-0.0238986,-0.995574
1775117468565748,-0.0903172,-0.0240445,-0.995623
1775117468585740,-0.0911094,-0.0238623,-0.995555
1775117468605744,-0.090592,-0.0237846,-0.995604
1775117468625743,-0.0901465,-0.0249689,-0.995615
1775117468645739,-0.0907039,-0.0239265,-0.99559
1775117468665742,-0.0905551,-0.0241173,-0.995599
1775117468685743,-0.0900741,-0.0241422,-0.995642
1775117468705731,-0.0900911,-0.0236821,-0.995652
1775117468725735,-0.0902425,-0.0237971,-0.995635
1775117468745743,-0.0906931,-0.0231576,-0.99561
1775117468765730,-0.0899089,-0.0242576,-0.995655
1775117468785735,-0.0905524,-0.0237037,-0.99561
1775117468805744,-0.0908755,-0.0233956,-0.995587
1775117468825771,-0.090583,-0.0238278,-0.995604
1775117468845792,-0.090423,-0.0237541,-0.99562
1775117468865756,-0.090725,-0.0235105,-0.995598
1775117468885741,-0.090994,-0.0235006,-0.995574
1775117468905739,-0.0910086,-0.0233277,-0.995577
1775117468925740,-0.0910297,-0.023238,-0.995577
1775117468945739,-0.0906323,-0.0237386,-0.995601
1775117468965740,-0.0904556,-0.0234146,-0.995625
1775117468985737,-0.0901584,-0.0237779,-0.995644
1775117469005738,-0.090796,-0.023336,-0.995596
1775117469025736,-0.090227,-0.0241726,-0.995628
1775117469045740,-0.0904285,-0.0237399,-0.99562
1775117469065733,-0.0909012,-0.0230021,-0.995594
1775117469085745,-0.0904457,-0.0239251,-0.995614
1775117469105743,-0.0904626,-0.0235299,-0.995622
1775117469125747,-0.0904073,-0.0237968,-0.995621
1775117469145736,-0.0902688,-0.0240147,-0.995628
1775117469165737,-0.0903618,-0.0234928,-0.995632
1775117469185737,-0.0904952,-0.0237262,-0.995614
1775117469205730,-0.0903743,-0.0238786,-0.995622
1775117469225739,-0.0900676,-0.0242173,-0.995641
1775117469245738,-0.0902479,-0.024041,-0.995629
1775117469265733,-0.0908373,-0.0235117,-0.995588
1775117469285733,-0.0903225,-0.0238337,-0.995627
1775117469305730,-0.0903882,-0.0237998,-0.995622
1775117469325729,-0.0902833,-0.0243405,-0.995619
1775117469345850,-0.0902028,-0.0243443,-0.995626
1775117469365731,-0.0905601,-0.0236971,-0.995609
1775117469385731,-0.0904288,-0.023845,-0.995617
1775117469405759,-0.090298,-0.0240773,-0.995624
1775117469425734,-0.0906096,-0.0239496,-0.995598
1775117469445793,-0.0906778,-0.0236052,-0.9956
1775117469465741,-0.0905021,-0.0239937,-0.995607
1775117469485736,-0.090148,-0.0244181,-0.995629
1775117469505737,-0.0907369,-0.0232028,-0.995605
1775117469525737,-0.0903848,-0.0237698,-0.995623
1775117469545760,-0.0908247,-0.0240524,-0.995576
1775117469576630,-0.0900082,-0.0239455,-0.995653
1775117469585737,-0.0910008,-0.0229294,-0.995587
1775117469605739,-0.0909718,-0.0235332,-0.995575
1775117469625737,-0.09038,-0.0239468,-0.995619
1775117469645731,-0.0901855,-0.0239374,-0.995637
1775117469665737,-0.0904009,-0.0242067,-0.995611
1775117469685733,-0.0907555,-0.0234314,-0.995598
1775117469705728,-0.0909171,-0.0230496,-0.995592
1775117469725731,-0.0894655,-0.0243905,-0.995691
1775117469745730,-0.0904136,-0.0237891,-0.99562
1775117469765729,-0.0906641,-0.0240427,-0.995591
1775117469785734,-0.0903355,-0.024186,-0.995618
1775117469805727,-0.0906491,-0.0233611,-0.995609
1775117469825727,-0.0910113,-0.022888,-0.995587
1775117469845732,-0.0907506,-0.0235276,-0.995596
1775117469865734,-0.0908804,-0.0237469,-0.995579
1775117469885742,-0.0901676,-0.0238106,-0.995642
1775117469905733,-0.0908411,-0.0232059,-0.995595
1775117469925730,-0.0908089,-0.0235272,-0.99559
1775117469945750,-0.0902098,-0.0238496,-0.995637
1775117469965746,-0.0906143,-0.0235013,-0.995609
1775117469985737,-0.0903142,-0.0236748,-0.995632
1775117470005742,-0.0902153,-0.0239173,-0.995635
1775117470025738,-0.09046,-0.0239712,-0.995612
1775117470045743,-0.0896452,-0.0248408,-0.995664
1775117470065746,-0.0902667,-0.0240979,-0.995626
1775117470085741,-0.0897482,-0.024977,-0.995651
1775117470105732,-0.0905943,-0.0239684,-0.995599
1775117470125746,-0.0905391,-0.0235234,-0.995615
1775117470145729,-0.0898869,-0.0243216,-0.995655
1775117470165733,-0.0907944,-0.023369,-0.995595
1775117470185736,-0.0897607,-0.0235926,-0.995684
1775117470205731,-0.0897278,-0.0236892,-0.995685
1775117470225732,-0.0886905,-0.0243951,-0.99576
1775117470245730,-0.0898654,-0.0234894,-0.995677
1775117470265734,-0.0893347,-0.0238858,-0.995715
1775117470285744,-0.0901103,-0.0231356,-0.995663
1775117470305732,-0.0884573,-0.0249404,-0.995768
1775117470325731,-0.0901325,-0.023019,-0.995664
1775117470345736,-0.0897704,-0.0241775,-0.995669
1775117470365731,-0.08914,-0.0242188,-0.995725
1775117470385733,-0.089418,-0.0240414,-0.995704
1775117470405734,-0.0893962,-0.0243868,-0.995698
1775117470425731,-0.0892256,-0.024327,-0.995714
1775117470445737,-0.0898066,-0.0238031,-0.995675
1775117470465738,-0.0900043,-0.023495,-0.995664
1775117470485736,-0.089974,-0.0237674,-0.99566
1775117470505738,-0.0900678,-0.023322,-0.995663
1775117470525741,-0.0896782,-0.0236063,-0.995691
1775117470545741,-0.0891219,-0.0244161,-0.995721
1775117470565742,-0.0896755,-0.0237459,-0.995688
1775117470585741,-0.0895732,-0.0241765,-0.995687
1775117470605767,-0.0897584,-0.0237044,-0.995681
1775117470625736,-0.0892003,-0.0243466,-0.995716
1775117470645732,-0.0893751,-0.0239815,-0.995709
1775117470665750,-0.0894051,-0.0241401,-0.995703
1775117470685742,-0.0900611,-0.0234706,-0.99566
1775117470705739,-0.0892783,-0.0239801,-0.995718
1775117470725740,-0.089635,-0.0239831,-0.995686
1775117470745739,-0.089519,-0.0243748,-0.995687
1775117470765742,-0.0900878,-0.0237222,-0.995651
1775117470785742,-0.0897058,-0.0233852,-0.995694
1775117470805743,-0.0889057,-0.0238771,-0.995754
1775117470825742,-0.0894074,-0.0239949,-0.995706
1775117470845733,-0.0928328,-0.0206053,-0.995468
1775117470865730,-0.0929474,-0.0203758,-0.995463
1775117470885731,-0.0939444,-0.0204671,-0.995367
1775117470905854,-0.0923031,-0.0210721,-0.995508
1775117470952493,-0.0879156,-0.0255228,-0.995801
1775117470954853,-0.0879156,-0.0255228,-0.995801
1775117470965737,-0.0869855,-0.026828,-0.995848
1775117470985739,-0.0881159,-0.0253032,-0.995789
1775117471005813,-0.0881334,-0.0245772,-0.995805
1775117471025781,-0.088462,-0.0251617,-0.995762
1775117471045731,-0.089405,-0.0250197,-0.995681
1775117471065730,-0.090542,-0.0249,-0.995581
1775117471085735,-0.0900178,-0.0248011,-0.995631
1775117471105730,-0.0884917,-0.0255139,-0.99575
1775117471125739,-0.090085,-0.0246653,-0.995629
1775117471145736,-0.0883294,-0.0259087,-0.995754
1775117471165736,-0.0883895,-0.0257547,-0.995753
1775117471185737,-0.0885687,-0.0258322,-0.995735
1775117471205729,-0.0893861,-0.024965,-0.995684
1775117471225780,-0.0892371,-0.0249688,-0.995697
1775117471245733,-0.0889211,-0.0255735,-0.99571
1775117471265737,-0.0885629,-0.0252979,-0.995749
1775117471285735,-0.0891438,-0.0245265,-0.995717
1775117471305731,-0.089609,-0.0246644,-0.995672
1775117471325731,-0.089363,-0.0252124,-0.99568
1775117471345738,-0.0889237,-0.0255166,-0.995712
1775117471365729,-0.089315,-0.0248342,-0.995694
1775117471385730,-0.0902256,-0.0245794,-0.995618
1775117471405735,-0.0889559,-0.0242195,-0.995741
1775117471425732,-0.0915871,-0.0220242,-0.995553
1775117471445733,-0.0903258,-0.0228633,-0.99565
1775117471465734,-0.0904004,-0.0234272,-0.99563
1775117471485817,-0.0902162,-0.0234661,-0.995646
1775117471517817,-0.0909957,-0.0242075,-0.995557
1775117471525730,-0.0908136,-0.0241321,-0.995575
1775117471545787,-0.0917911,-0.0248488,-0.995468
1775117471565733,-0.092345,-0.0243813,-0.995429
1775117471585731,-0.092896,-0.0245224,-0.995374
1775117471605732,-0.0950205,-0.0253635,-0.995152
1775117471625738,-0.0927659,-0.0242313,-0.995393
1775117471645734,-0.0920863,-0.0243152,-0.995454
1775117471665740,-0.0923796,-0.0230095,-0.995458
1775117471685729,-0.0931339,-0.0245722,-0.99535
1775117471705730,-0.0932345,-0.0241687,-0.995351
1775117471725736,-0.0928615,-0.0247783,-0.995371
1775117471745728,-0.09345,-0.0242141,-0.995329
1775117471765745,-0.0926126,-0.0250656,-0.995387
1775117471785728,-0.0935933,-0.024089,-0.995319
1775117471805729,-0.093083,-0.0238957,-0.995372
1775117471825734,-0.0928196,-0.0242925,-0.995387
1775117471845828,-0.0927711,-0.0248382,-0.995378
1775117471865769,-0.0930587,-0.0242199,-0.995366
1775117471885735,-0.0935079,-0.02447,-0.995318
1775117471905737,-0.0925285,-0.0244109,-0.995411
1775117471925741,-0.0926805,-0.0249348,-0.995384
1775117471945834,-0.0926763,-0.0246398,-0.995391
1775117471965741,-0.0932291,-0.0237385,-0.995362
1775117471985739,-0.0924862,-0.0244145,-0.995415
1775117472005734,-0.0928169,-0.0241994,-0.995389
1775117472025733,-0.0935472,-0.0240784,-0.995324
1775117472045745,-0.0923928,-0.0243835,-0.995424
1775117472065734,-0.0923699,-0.0245242,-0.995423
1775117472085771,-0.0919741,-0.0242886,-0.995465
1775117472105738,-0.0913404,-0.0251694,-0.995502
1775117472125743,-0.0927572,-0.0244983,-0.995387
1775117472145734,-0.0924381,-0.0248538,-0.995408
1775117472165730,-0.0915885,-0.0248714,-0.995486
1775117472185732,-0.0922052,-0.0245998,-0.995436
1775117472205737,-0.0916453,-0.0250844,-0.995476
1775117472225732,-0.0918242,-0.0252859,-0.995454
1775117472245734,-0.0919586,-0.024731,-0.995456
1775117472265832,-0.0920291,-0.0252451,-0.995436
1775117472285729,-0.0912752,-0.0253224,-0.995504
1775117472305737,-0.0936674,-0.0245403,-0.995301
1775117472325732,-0.0908369,-0.0251001,-0.995549
1775117472345736,-0.0944041,-0.0236475,-0.995253
1775117472365735,-0.0920455,-0.0239689,-0.995466
1775117472385730,-0.0911784,-0.0244828,-0.995534
1775117472405732,-0.0916816,-0.0246747,-0.995483
1775117472425729,-0.091073,-0.0253898,-0.995521
1775117472445731,-0.0920986,-0.0237336,-0.995467
1775117472465737,-0.091745,-0.0242188,-0.995488
1775117472485734,-0.0910878,-0.0244958,-0.995542
1775117472505732,-0.0922295,-0.022757,-0.995478
1775117472525749,-0.0917295,-0.0221675,-0.995537
1775117472545731,-0.0914558,-0.0221489,-0.995563
1775117472565743,-0.0913169,-0.0225385,-0.995567
1775117472585742,-0.0906516,-0.0234762,-0.995606
1775117472605743,-0.0909138,-0.0227194,-0.9956
1775117472625746,-0.0914766,-0.0225039,-0.995553
1775117472645738,-0.091837,-0.0227034,-0.995515
1775117472665735,-0.0905181,-0.0236145,-0.995615
1775117472685735,-0.0902055,-0.0243477,-0.995626
1775117472705754,-0.093639,-0.0215685,-0.995373
1775117472725734,-0.0942773,-0.022497,-0.995292
1775117472745732,-0.0937245,-0.0246866,-0.995292
1775117472765738,-0.0940534,-0.0248922,-0.995256
1775117472785782,-0.0916001,-0.0276354,-0.995412
1775117472805734,-0.0924476,-0.0252001,-0.995399
1775117472825730,-0.0914405,-0.0256981,-0.995479
1775117472845735,-0.0919051,-0.0252494,-0.995448
1775117472865780,-0.0918593,-0.0252473,-0.995452
1775117472885755,-0.091849,-0.0253618,-0.99545
1775117472905741,-0.0914431,-0.0254525,-0.995485
1775117472925741,-0.0916447,-0.0253727,-0.995468
1775117472945735,-0.091124,-0.0258812,-0.995503
1775117472965742,-0.0920602,-0.0254174,-0.995429
1775117472985747,-0.091712,-0.0259324,-0.995448
1775117473005790,-0.0904291,-0.02805,-0.995508
1775117473025741,-0.0900762,-0.0291328,-0.995509
1775117473045864,-0.0917863,-0.0274942,-0.995399
1775117473066918,-0.0903655,-0.0286625,-0.995496
1775117473085756,-0.090501,-0.0281194,-0.995499
1775117473105742,-0.0904923,-0.0282362,-0.995497
1775117473125737,-0.090988,-0.028376,-0.995448
1775117473145728,-0.0913779,-0.0275247,-0.995436
1775117473165730,-0.0907985,-0.027854,-0.99548
1775117473185731,-0.0914309,-0.027387,-0.995435
1775117473205734,-0.0910915,-0.027215,-0.995471
1775117473225729,-0.0909507,-0.027618,-0.995472
1775117473245732,-0.0899298,-0.027329,-0.995573
1775117473265785,-0.0912717,-0.027258,-0.995453
1775117473285763,-0.0931619,-0.0261525,-0.995307
1775117473305735,-0.093076,-0.0260183,-0.995319
1775117473325736,-0.092538,-0.0269307,-0.995345
1775117473345729,-0.0929973,-0.0261447,-0.995323
1775117473365781,-0.0918783,-0.0271933,-0.995399
1775117473385743,-0.0922287,-0.0270424,-0.995371
1775117473405732,-0.0919193,-0.0269163,-0.995403
1775117473425729,-0.0926446,-0.0262426,-0.995353
1775117473445736,-0.0922221,-0.0268199,-0.995377
1775117473465736,-0.0921342,-0.0272015,-0.995375
1775117473485732,-0.0926162,-0.0264094,-0.995352
1775117473505737,-0.0927582,-0.0263093,-0.995341
1775117473525736,-0.0937625,-0.0259161,-0.995257
1775117473545740,-0.0919041,-0.0278463,-0.995378
1775117473565744,-0.0908452,-0.0284642,-0.995458
1775117473585746,-0.0912075,-0.0278729,-0.995442
1775117473605744,-0.0907348,-0.0274099,-0.995498
1775117473625739,-0.0908368,-0.0282446,-0.995465
1775117473645732,-0.0909798,-0.0280813,-0.995457
1775117473665769,-0.0918463,-0.0279471,-0.995381
1775117473685737,-0.0919728,-0.0274663,-0.995383
1775117473705793,-0.0915878,-0.0278032,-0.995409
1775117473725731,-0.0919617,-0.026883,-0.9954
1775117473745743,-0.0908885,-0.0270957,-0.995492
1775117473765749,-0.0919966,-0.0272599,-0.995386
1775117473785741,-0.0911872,-0.0281597,-0.995436
1775117473805746,-0.0908774,-0.0277985,-0.995474
1775117473825737,-0.0912108,-0.0277774,-0.995444
1775117473845738,-0.0902985,-0.0289293,-0.995494
1775117473865732,-0.0918297,-0.0259794,-0.995436
1775117473885732,-0.0912361,-0.0280906,-0.995433
1775117473905738,-0.0899637,-0.0290548,-0.995521
1775117473925742,-0.0902695,-0.0286896,-0.995504
1775117473945733,-0.0905598,-0.0282125,-0.995491
1775117473965738,-0.0900496,-0.0280623,-0.995542
1775117473985737,-0.0900997,-0.0289236,-0.995513
1775117474005734,-0.0898978,-0.0291142,-0.995525
1775117474025732,-0.0924354,-0.0268499,-0.995357
1775117474045733,-0.0903129,-0.0285675,-0.995504
1775117474065742,-0.0918797,-0.0276764,-0.995385
1775117474085740,-0.0899852,-0.0288462,-0.995525
1775117474105737,-0.0903578,-0.0286213,-0.995498
1775117474125732,-0.0903307,-0.028598,-0.995501
1775117474145737,-0.0909994,-0.0278912,-0.99546
1775117474165741,-0.0907158,-0.0283915,-0.995472
1775117474185744,-0.0905045,-0.028029,-0.995502
1775117474205739,-0.0920718,-0.0269801,-0.995387
1775117474225738,-0.092333,-0.0265495,-0.995374
1775117474245736,-0.0921287,-0.0269841,-0.995381
1775117474265735,-0.0910729,-0.0275243,-0.995464
1775117474285732,-0.0916481,-0.0269038,-0.995428
1775117474305738,-0.0916135,-0.027244,-0.995422
1775117474325746,-0.0908028,-0.0275784,-0.995487
1775117474345736,-0.0915624,-0.0277262,-0.995413
1775117474365730,-0.0917736,-0.0259992,-0.99544
1775117474385730,-0.0910087,-0.0276084,-0.995467
1775117474405729,-0.091569,-0.0265697,-0.995444
1775117474425728,-0.092093,-0.0270999,-0.995382
1775117474445734,-0.0914219,-0.0274739,-0.995433
1775117474465732,-0.0919121,-0.0267112,-0.995409
1775117474485756,-0.0910729,-0.0279406,-0.995452
1775117474505738,-0.0907958,-0.0278627,-0.99548
1775117474525741,-0.0900304,-0.0286277,-0.995527
1775117474545751,-0.0910724,-0.027566,-0.995463
1775117474565735,-0.0902692,-0.0284251,-0.995512
1775117474585740,-0.0908862,-0.0280646,-0.995466
1775117474605746,-0.0900934,-0.0284208,-0.995528
1775117474625744,-0.0894042,-0.0293539,-0.995563
1775117474645754,-0.0932028,-0.0247124,-0.99534
1775117474665742,-0.0918861,-0.0267854,-0.995409
1775117474685733,-0.091413,-0.027503,-0.995433
1775117474705731,-0.0913561,-0.027186,-0.995447
1775117474725736,-0.0917424,-0.0278639,-0.995393
1775117474745737,-0.0917295,-0.0263072,-0.995436
1775117474765730,-0.0911654,-0.0278105,-0.995447
1775117474785730,-0.0929629,-0.0263685,-0.99532
1775117474805733,-0.0919712,-0.0265812,-0.995407
1775117474825728,-0.0916063,-0.0269692,-0.99543
1775117474845735,-0.0914971,-0.0255021,-0.995479
1775117474865741,-0.0912985,-0.027701,-0.995438
1775117474885737,-0.0917384,-0.027628,-0.9954
1775117474905737,-0.09128,-0.0283345,-0.995422
1775117474925743,-0.0908567,-0.0279961,-0.99547
1775117474945784,-0.0914733,-0.0267015,-0.995449
1775117474965738,-0.0913923,-0.0271351,-0.995445
1775117474985746,-0.0926448,-0.0283086,-0.995297
1775117475005743,-0.0921656,-0.025989,-0.995404
1775117475025751,-0.092801,-0.0263463,-0.995336
1775117475045737,-0.0921119,-0.0282608,-0.995348
1775117475065737,-0.0924596,-0.0278712,-0.995326
1775117475085980,-0.0911663,-0.0285759,-0.995426
1775117475105773,-0.0915658,-0.0281846,-0.9954
1775117475125746,-0.0915529,-0.0262047,-0.995455
1775117475145757,-0.0910999,-0.0276465,-0.995458
1775117475165741,-0.0907892,-0.0275881,-0.995488
1775117475185735,-0.0911849,-0.027368,-0.995458
1775117475205739,-0.092697,-0.02694,-0.99533
1775117475225733,-0.0909179,-0.0301942,-0.995401
1775117475245735,-0.0910808,-0.0280284,-0.995449
1775117475265745,-0.0916183,-0.0270251,-0.995427
1775117475285734,-0.0918076,-0.0279854,-0.995383
1775117475305733,-0.0911424,-0.0290608,-0.995414
1775117475325738,-0.0913662,-0.0277836,-0.99543
1775117475345730,-0.0916111,-0.0263978,-0.995445
1775117475365735,-0.0913659,-0.0258359,-0.995482
1775117475385727,-0.090957,-0.0270936,-0.995486
1775117475405729,-0.0922186,-0.0258924,-0.995402
1775117475425743,-0.0916802,-0.0270738,-0.99542
1775117475445734,-0.0913945,-0.0267406,-0.995456
1775117475465731,-0.0909218,-0.0254946,-0.995532
1775117475485753,-0.0901875,-0.0291223,-0.995499
1775117475505738,-0.0913495,-0.0281152,-0.995422
1775117475525737,-0.0919371,-0.027437,-0.995387
1775117475545736,-0.0903229,-0.0270041,-0.995546
1775117475565729,-0.0921464,-0.0282807,-0.995344
1775117475585731,-0.0927961,-0.0276829,-0.9953
1775117475605741,-0.092579,-0.0259608,-0.995367
1775117475625744,-0.0928055,-0.0259192,-0.995347
1775117475645763,-0.0905826,-0.0277901,-0.995501
1775117475665732,-0.0911298,-0.0270124,-0.995473
1775117475685731,-0.091617,-0.0269451,-0.99543
1775117475705728,-0.09159,-0.0270737,-0.995429
1775117475725731,-0.0911984,-0.0269985,-0.995467
1775117475745958,-0.0905768,-0.0277906,-0.995502
1775117475765732,-0.0907392,-0.0270968,-0.995506
1775117475785732,-0.0903135,-0.0272658,-0.99554
1775117475805728,-0.0900504,-0.0274109,-0.99556
1775117475825771,-0.0900105,-0.0272539,-0.995568
1775117475845738,-0.0917669,-0.0228472,-0.995518
1775117475865729,-0.0915304,-0.0257106,-0.99547
1775117475885729,-0.0926175,-0.0229451,-0.995437
1775117475905731,-0.0925777,-0.0226044,-0.995449
1775117475925730,-0.0931698,-0.0221519,-0.995404
1775117475945737,-0.0932306,-0.0223912,-0.995393
1775117475965734,-0.0922267,-0.0256568,-0.995407
1775117475985731,-0.0925126,-0.0226675,-0.995453
1775117476005737,-0.0912806,-0.0268063,-0.995464
1775117476026010,-0.0902379,-0.0277115,-0.995535
1775117476058664,-0.0920605,-0.0227023,-0.995495
1775117476065730,-0.0920605,-0.0227023,-0.995495
1775117476085737,-0.089865,-0.0273664,-0.995578
1775117476105741,-0.090153,-0.0270434,-0.995561
1775117476125740,-0.0899698,-0.0278278,-0.995556
1775117476145731,-0.0924129,-0.0230935,-0.995453
1775117476165732,-0.0907294,-0.0272942,-0.995501
1775117476185733,-0.09051,-0.0269976,-0.99553
1775117476205732,-0.0901572,-0.0278512,-0.995538
1775117476225753,-0.0904833,-0.0274683,-0.995519
1775117476245732,-0.0923316,-0.0232704,-0.995456
1775117476265736,-0.0906908,-0.0275938,-0.995497
1775117476285732,-0.0931694,-0.0222749,-0.995401
1775117476305733,-0.0903995,-0.0279619,-0.995513
1775117476325735,-0.0909746,-0.0271063,-0.995484
1775117476345729,-0.0899105,-0.028178,-0.995551
1775117476365763,-0.0902378,-0.0275321,-0.99554
1775117476385735,-0.090611,-0.0276265,-0.995503
1775117476405730,-0.0910473,-0.0272645,-0.995473
1775117476425735,-0.0902461,-0.0277429,-0.995533
1775117476445744,-0.0904798,-0.0276621,-0.995514
1775117476465742,-0.0925742,-0.0233483,-0.995432
1775117476485748,-0.0910893,-0.0270894,-0.995474
1775117476505931,-0.0916478,-0.0265151,-0.995438
1775117476525735,-0.0901618,-0.0277678,-0.99554
1775117476545742,-0.0927508,-0.0230568,-0.995422
1775117476565748,-0.0928412,-0.0231861,-0.995411
1775117476585806,-0.0935355,-0.0225012,-0.995362
1775117476605737,-0.092852,-0.0231721,-0.99541
1775117476625742,-0.0907038,-0.0273832,-0.995501
1775117476645749,-0.0908284,-0.0277101,-0.995481
1775117476665741,-0.092845,-0.023045,-0.995414
1775117476685731,-0.0933136,-0.022633,-0.995379
1775117476705743,-0.0924568,-0.0225319,-0.995462
1775117476725734,-0.0915297,-0.0229299,-0.995538
1775117476745739,-0.0917078,-0.0234292,-0.99551
1775117476765730,-0.0921993,-0.0227965,-0.99548
1775117476785744,-0.0925431,-0.0229017,-0.995445
1775117476805776,-0.0923967,-0.0233227,-0.995449
1775117476825740,-0.0930098,-0.0216363,-0.99543
1775117476845754,-0.0936427,-0.0215991,-0.995372
1775117476865733,-0.0933178,-0.0216835,-0.9954
1775117476885732,-0.0934788,-0.0212375,-0.995395
1775117476905732,-0.0931592,-0.0215444,-0.995418
1775117476925737,-0.0939748,-0.0210652,-0.995352
1775117476945735,-0.0932798,-0.0211468,-0.995415
1775117476965764,-0.0937053,-0.0214635,-0.995369
1775117476985734,-0.0930431,-0.0211818,-0.995437
1775117477005735,-0.0929757,-0.0210154,-0.995447
1775117477025912,-0.0936034,-0.0207218,-0.995394
1775117477045740,-0.093922,-0.0209196,-0.99536
1775117477065738,-0.0939385,-0.0209589,-0.995357
1775117477085733,-0.0941629,-0.0212725,-0.99533
1775117477105737,-0.0950294,-0.0215481,-0.995241
1775117477125729,-0.0950873,-0.0210348,-0.995247
1775117477145740,-0.0958399,-0.0208416,-0.995179
1775117477165732,-0.096479,-0.020556,-0.995123
1775117477185730,-0.0961466,-0.0218577,-0.995127
1775117477205782,-0.0923793,-0.0245002,-0.995422
1775117477225734,-0.0943621,-0.0228808,-0.995275
1775117477245766,-0.0934334,-0.0229961,-0.99536
1775117477265733,-0.093486,-0.0227966,-0.99536
1775117477285731,-0.0929275,-0.0221368,-0.995427
1775117477305732,-0.0931701,-0.0219622,-0.995408
1775117477325734,-0.0929793,-0.0217032,-0.995431
1775117477345729,-0.0928126,-0.0224199,-0.995431
1775117477365729,-0.0931849,-0.0206624,-0.995434
1775117477385730,-0.0923723,-0.0238831,-0.995438
1775117477405752,-0.0941027,-0.0229292,-0.995298
1775117477425733,-0.0915309,-0.0237235,-0.99552
1775117477445733,-0.0932473,-0.0231916,-0.995373
1775117477465743,-0.0952201,-0.0211358,-0.995232
1775117477485734,-0.0948551,-0.0215208,-0.995258
1775117477505733,-0.0939816,-0.0222728,-0.995325
1775117477530172,-0.0940549,-0.021884,-0.995326
1775117477545742,-0.0940064,-0.0221514,-0.995325
1775117477565743,-0.0941873,-0.0204898,-0.995344
1775117477585734,-0.0945543,-0.0208676,-0.995301
1775117477605730,-0.0943002,-0.0212189,-0.995318
1775117477625728,-0.0944389,-0.0208132,-0.995313
1775117477645722,-0.0939483,-0.0213956,-0.995347
1775117477665738,-0.0938734,-0.0215867,-0.99535
1775117477685730,-0.0940616,-0.0216756,-0.99533
1775117477705730,-0.0941419,-0.0215138,-0.995326
1775117477725732,-0.0943035,-0.0213177,-0.995315
1775117477745731,-0.0943866,-0.0214206,-0.995305
1775117477765732,-0.0939932,-0.0217634,-0.995335
1775117477785732,-0.0944149,-0.0212665,-0.995306
1775117477805733,-0.0942366,-0.0212684,-0.995323
1775117477825763,-0.0929278,-0.0226742,-0.995415
1775117477845744,-0.0944025,-0.0211484,-0.995309
1775117477865741,-0.0938448,-0.0213065,-0.995359
1775117477885734,-0.094247,-0.0215177,-0.995316
1775117477905834,-0.0944506,-0.0213074,-0.995302
1775117477925740,-0.0938878,-0.0219742,-0.99534
1775117477945734,-0.0940617,-0.0215107,-0.995334
1775117477965774,-0.0936912,-0.0214155,-0.995371
1775117477985742,-0.0936831,-0.022911,-0.995338
1775117478005742,-0.0946289,-0.0206363,-0.995299
1775117478025743,-0.0938115,-0.0228728,-0.995327
1775117478045746,-0.0936267,-0.0230861,-0.99534
1775117478065736,-0.0948324,-0.0207978,-0.995276
1775117478085738,-0.0942169,-0.0224643,-0.995298
1775117478105739,-0.0943719,-0.0220451,-0.995293
1775117478125740,-0.0945557,-0.022441,-0.995267
1775117478145737,-0.0950466,-0.0217386,-0.995235
1775117478165749,-0.0948671,-0.022061,-0.995245
1775117478185738,-0.0964336,-0.0192269,-0.995154
1775117478205742,-0.0925577,-0.0228408,-0.995445
1775117478225744,-0.0924466,-0.0222482,-0.995469
1775117478245742,-0.0934384,-0.0216363,-0.99539
1775117478265916,-0.0920915,-0.0233933,-0.995476
1775117478285728,-0.0927777,-0.0223564,-0.995436
1775117478305731,-0.092732,-0.0232943,-0.995419
1775117478325736,-0.092799,-0.0227291,-0.995425
1775117478345732,-0.0923741,-0.0235869,-0.995445
1775117478365738,-0.0931726,-0.0220475,-0.995406
1775117478385729,-0.0926763,-0.0223325,-0.995446
1775117478405730,-0.0925596,-0.0225676,-0.995451
1775117478425728,-0.093262,-0.0234677,-0.995365
1775117478445735,-0.0923466,-0.0226576,-0.995469
1775117478465730,-0.0961087,-0.0199564,-0.995171
1775117478485731,-0.0956859,-0.0201543,-0.995208
1775117478505736,-0.0954465,-0.0207557,-0.995218
1775117478525741,-0.0949809,-0.0207911,-0.995262
1775117478545746,-0.0954624,-0.0207052,-0.995218
1775117478565740,-0.095081,-0.0206103,-0.995256
1775117478585738,-0.0954854,-0.0204825,-0.99522
1775117478605737,-0.094426,-0.0211494,-0.995307
1775117478625743,-0.0941903,-0.021157,-0.995329
1775117478645744,-0.0952045,-0.0205389,-0.995246
1775117478665740,-0.0945374,-0.0206311,-0.995308
1775117478685735,-0.0948954,-0.0207547,-0.995271
1775117478705731,-0.0939874,-0.0227032,-0.995314
1775117478725763,-0.0943585,-0.0210763,-0.995315
1775117478745742,-0.0944123,-0.0211298,-0.995309
1775117478765738,-0.0945924,-0.0211668,-0.995291
1775117478785738,-0.0942404,-0.0209485,-0.995329
1775117478805742,-0.0953565,-0.0202706,-0.995237
1775117478825768,-0.0943587,-0.0225461,-0.995283
1775117478845736,-0.0950796,-0.0210124,-0.995248
1775117478865732,-0.0946995,-0.0208313,-0.995288
1775117478885726,-0.0948523,-0.0207825,-0.995274
1775117478905729,-0.09487,-0.0212739,-0.995262
1775117478925757,-0.0945747,-0.0221045,-0.995272
1775117478945734,-0.0956927,-0.0199671,-0.995211
1775117478965738,-0.0957031,-0.0196394,-0.995216
1775117478985731,-0.096048,-0.0199681,-0.995176
1775117479005738,-0.0923095,-0.0228103,-0.995469
1775117479025779,-0.0940546,-0.0215155,-0.995335
1775117479045736,-0.0926265,-0.0226483,-0.995443
1775117479065882,-0.0925705,-0.0223506,-0.995455
1775117479085731,-0.0925002,-0.0225996,-0.995456
1775117479105743,-0.092436,-0.0224158,-0.995466
1775117479125745,-0.0921246,-0.023908,-0.99546
1775117479145744,-0.0927568,-0.0222363,-0.99544
1775117479165741,-0.0924882,-0.0233943,-0.995439
1775117479185744,-0.0925982,-0.0222855,-0.995454
1775117479205729,-0.0927479,-0.0234533,-0.995413
1775117479225733,-0.093108,-0.0218021,-0.995417
1775117479245733,-0.0917211,-0.0241396,-0.995492
1775117479265731,-0.0924817,-0.0216908,-0.995478
1775117479285730,-0.0930208,-0.0217449,-0.995427
1775117479305728,-0.0928286,-0.0222388,-0.995434
1775117479325841,-0.0930588,-0.0221141,-0.995415
1775117479345743,-0.0926972,-0.0220079,-0.995451
1775117479365741,-0.0923721,-0.0238822,-0.995438
1775117479385779,-0.0926947,-0.0225134,-0.99544
1775117479405742,-0.0929279,-0.022061,-0.995428
1775117479425740,-0.0927188,-0.0229156,-0.995429
1775117479445747,-0.0925613,-0.0221652,-0.99546
1775117479465744,-0.0919895,-0.0239819,-0.995471
1775117479485737,-0.0921051,-0.0241268,-0.995457
1775117479505741,-0.0919347,-0.0243831,-0.995466
1775117479525742,-0.0931951,-0.0218912,-0.995407
1775117479545735,-0.0925027,-0.0219911,-0.99547
1775117479565772,-0.0930037,-0.0219988,-0.995423
1775117479585730,-0.0931534,-0.0219043,-0.995411
1775117479605742,-0.0927405,-0.022485,-0.995436
1775117479625741,-0.0930146,-0.0224059,-0.995413
1775117479645742,-0.0923964,-0.0226258,-0.995465
1775117479665734,-0.0918059,-0.0241454,-0.995484
1775117479685738,-0.0926656,-0.022253,-0.995449
1775117479705733,-0.0914611,-0.0245076,-0.995507
1775117479725737,-0.092704,-0.0221367,-0.995448
1775117479745739,-0.0928574,-0.0219724,-0.995437
1775117479765728,-0.0926412,-0.0239084,-0.995412
1775117479785733,-0.0933628,-0.0222954,-0.995382
1775117479805727,-0.092868,-0.0220142,-0.995435
1775117479825732,-0.0934352,-0.0210756,-0.995402
1775117479845736,-0.0930259,-0.022181,-0.995417
1775117479865728,-0.0929333,-0.022363,-0.995421
1775117479885730,-0.0931687,-0.0220605,-0.995406
1775117479905731,-0.0927492,-0.0223189,-0.995439
1775117479925727,-0.093915,-0.021067,-0.995357
1775117479945735,-0.0926094,-0.022492,-0.995448
1775117479965737,-0.0940634,-0.0228164,-0.995305
1775117479985772,-0.0930389,-0.0220239,-0.995419
1775117480005735,-0.093281,-0.0233689,-0.995366
1775117480025759,-0.0922324,-0.0226557,-0.99548
1775117480045738,-0.0925542,-0.0225507,-0.995452
1775117480065736,-0.0926568,-0.0227603,-0.995438
1775117480085744,-0.0942128,-0.0213303,-0.995324
1775117480105743,-0.0918226,-0.0228111,-0.995514
1775117480125741,-0.0924983,-0.0221306,-0.995467
1775117480145736,-0.0922,-0.0226254,-0.995483
1775117480165736,-0.0930088,-0.0220185,-0.995422
1775117480185737,-0.0934064,-0.0218514,-0.995388
1775117480205736,-0.0930282,-0.0219387,-0.995422
1775117480225735,-0.0933369,-0.021726,-0.995398
1775117480245730,-0.093503,-0.0221892,-0.995372
1775117480265734,-0.0928075,-0.0236453,-0.995403
1775117480285754,-0.0923318,-0.0233402,-0.995455
1775117480305730,-0.0932134,-0.021817,-0.995407
1775117480325733,-0.0932256,-0.021927,-0.995404
1775117480345741,-0.0932445,-0.0230817,-0.995376
1775117480365729,-0.0927861,-0.0219696,-0.995444
1775117480385730,-0.0919913,-0.0233851,-0.995485
1775117480405732,-0.0947866,-0.0219585,-0.995255
1775117480425730,-0.0947538,-0.0209896,-0.995279
1775117480445742,-0.09472,-0.0207548,-0.995288
1775117480465768,-0.0934969,-0.0230344,-0.995353
1775117480485739,-0.0942486,-0.0212025,-0.995323
1775117480505741,-0.0938537,-0.0227947,-0.995325
1775117480525749,-0.0937643,-0.0225875,-0.995338
1775117480545745,-0.0958481,-0.0202494,-0.99519
1775117480565739,-0.0954962,-0.0207768,-0.995213
1775117480585737,-0.0944284,-0.0220343,-0.995288
1775117480605735,-0.0959501,-0.0198629,-0.995188
1775117480625795,-0.0958543,-0.0199845,-0.995195
1775117480645731,-0.0949713,-0.0203398,-0.995272
1775117480665729,-0.093409,-0.0235267,-0.99535
1775117480685729,-0.0947074,-0.0209804,-0.995284
1775117480705732,-0.096014,-0.0199897,-0.995179
1775117480725769,-0.095518,-0.0202145,-0.995222
1775117480745730,-0.0956787,-0.0199053,-0.995213
1775117480765730,-0.0939935,-0.020911,-0.995353
1775117480785778,-0.0939808,-0.0216947,-0.995338
1775117480805728,-0.0939824,-0.0213279,-0.995345
1775117480825728,-0.092504,-0.0222468,-0.995464
1775117480845746,-0.0926029,-0.0222887,-0.995454
1775117480865739,-0.0933926,-0.0219666,-0.995387
1775117480885735,-0.0924647,-0.0236408,-0.995435
1775117480905756,-0.093202,-0.0221773,-0.9954
1775117480925737,-0.0931885,-0.0221803,-0.995401
1775117480945741,-0.0930977,-0.021802,-0.995418
1775117480965783,-0.0935161,-0.0214663,-0.995386
1775117480985745,-0.0935649,-0.021369,-0.995384
1775117481005741,-0.0936081,-0.0217035,-0.995373
1775117481025747,-0.0924034,-0.0236828,-0.99544
1775117481045749,-0.0927624,-0.0228125,-0.995427
1775117481065742,-0.0930225,-0.0221044,-0.995419
1775117481085741,-0.0923797,-0.0233846,-0.995449
1775117481105741,-0.0934258,-0.0214697,-0.995395
1775117481125736,-0.0924682,-0.0236648,-0.995434
1775117481145737,-0.0928612,-0.0222396,-0.995431
1775117481165740,-0.0921002,-0.024195,-0.995456
1775117481185731,-0.0925488,-0.0240317,-0.995418
1775117481205732,-0.0917748,-0.0246368,-0.995475
1775117481225735,-0.0921203,-0.0245742,-0.995445
1775117481245732,-0.0957616,-0.0197354,-0.995209
1775117481265741,-0.0957955,-0.0196258,-0.995208
1775117481285734,-0.094041,-0.0221213,-0.995323
1775117481305736,-0.095447,-0.0203694,-0.995226
1775117481325743,-0.0948796,-0.0203085,-0.995282
1775117481345733,-0.0951192,-0.0207413,-0.99525
1775117481365732,-0.0947865,-0.0205447,-0.995286
1775117481385734,-0.0946452,-0.0221966,-0.995264
1775117481405728,-0.0950846,-0.0202532,-0.995263
1775117481425730,-0.0956347,-0.020106,-0.995213
1775117481445741,-0.0950435,-0.0206224,-0.995259
1775117481465733,-0.0949945,-0.0204552,-0.995268
1775117481485735,-0.0953785,-0.020131,-0.995238
1775117481505737,-0.0948732,-0.0217829,-0.995251
1775117481525733,-0.0951836,-0.0205751,-0.995247
1775117481545737,-0.0954681,-0.020232,-0.995227
1775117481565737,-0.0939629,-0.0216021,-0.995341
1775117481585967,-0.0955431,-0.0198995,-0.995226
1775117481623538,-0.0914271,-0.0238443,-0.995526
1775117481626990,-0.0914271,-0.0238443,-0.995526
1775117481645738,-0.0920846,-0.0224207,-0.995499
1775117481665735,-0.0958683,-0.0199417,-0.995194
1775117481685732,-0.0925537,-0.0225997,-0.995451
1775117481705732,-0.091253,-0.0247003,-0.995521
1775117481725734,-0.0957175,-0.0204348,-0.995199
1775117481745733,-0.094965,-0.0200891,-0.995278
1775117481765738,-0.0956774,-0.0198189,-0.995215
1775117481785731,-0.0952989,-0.0203613,-0.99524
1775117481805736,-0.0944847,-0.0227111,-0.995267
1775117481825871,-0.0943719,-0.0223587,-0.995286
1775117481845733,-0.0950763,-0.020515,-0.995259
1775117481865735,-0.0947468,-0.020647,-0.995287
1775117481885728,-0.094703,-0.0204908,-0.995295
1775117481905730,-0.0939534,-0.0224922,-0.995322
1775117481925739,-0.0945765,-0.0207307,-0.995302
1775117481945731,-0.0946295,-0.0210885,-0.995289
1775117481965739,-0.094917,-0.0204942,-0.995274
1775117481985733,-0.0936765,-0.0224718,-0.995349
1775117482005739,-0.0941406,-0.0210918,-0.995335
1775117482025733,-0.0944637,-0.0209833,-0.995307
1775117482045739,-0.095134,-0.0205582,-0.995252
1775117482065739,-0.0936609,-0.0231302,-0.995335
1775117482085739,-0.0944597,-0.0211506,-0.995304
1775117482105719,-0.0943351,-0.0206275,-0.995327
1775117482125739,-0.0939753,-0.0223557,-0.995324
1775117482145739,-0.0940243,-0.0222775,-0.995321
1775117482165739,-0.0946758,-0.0213242,-0.99528
1775117482185741,-0.0943567,-0.0211367,-0.995314
1775117482205736,-0.0944814,-0.0208281,-0.995309
1775117482225735,-0.0946862,-0.0213249,-0.995279
1775117482245730,-0.094643,-0.0209964,-0.99529
1775117482265731,-0.0948002,-0.0208093,-0.995279
1775117482285731,-0.0937862,-0.0211753,-0.995367
1775117482305733,-0.0959375,-0.020352,-0.995179
1775117482325735,-0.0924123,-0.0225218,-0.995466
1775117482345745,-0.094176,-0.0217519,-0.995318
1775117482365799,-0.0922861,-0.0222039,-0.995485
1775117482385821,-0.0915561,-0.02425,-0.995505
1775117482428483,-0.091819,-0.0240439,-0.995485
1775117482429601,-0.091819,-0.0240439,-0.995485
1775117482445783,-0.0926737,-0.0225111,-0.995442
1775117482465740,-0.0919406,-0.0241169,-0.995472
1775117482485743,-0.0930308,-0.023355,-0.995389
1775117482505740,-0.0922129,-0.0238259,-0.995454
1775117482525799,-0.0919945,-0.024229,-0.995465
1775117482545742,-0.0923489,-0.0222952,-0.995477
1775117482565746,-0.0930779,-0.0221608,-0.995412
1775117482585743,-0.0924967,-0.0224502,-0.99546
1775117482605743,-0.0917662,-0.0243458,-0.995483
1775117482625736,-0.0922148,-0.0227138,-0.99548
1775117482645738,-0.093634,-0.0216112,-0.995372
1775117482665738,-0.0935827,-0.0223289,-0.995361
1775117482685732,-0.0916131,-0.0232972,-0.995522
1775117482705731,-0.0939588,-0.0228323,-0.995314
1775117482725731,-0.0961336,-0.0199503,-0.995168
1775117482745740,-0.0947364,-0.0219762,-0.99526
1775117482765743,-0.095671,-0.0195053,-0.995222
1775117482785735,-0.0954885,-0.0195048,-0.995239
1775117482805741,-0.0956652,-0.0201425,-0.99521
1775117482825737,-0.0951836,-0.0202275,-0.995254
1775117482845735,-0.0955924,-0.0200336,-0.995219
1775117482865733,-0.0960634,-0.0195074,-0.995184
1775117482885738,-0.0953954,-0.0202825,-0.995233
1775117482905731,-0.0958414,-0.0199769,-0.995196
1775117482925729,-0.0937385,-0.0230283,-0.99533
1775117482945785,-0.0921783,-0.0234522,-0.995466
1775117482965736,-0.0943648,-0.0201346,-0.995334
1775117482985735,-0.0946848,-0.0205959,-0.995294
1775117483005734,-0.0923479,-0.022614,-0.99547
1775117483025754,-0.0924646,-0.0223397,-0.995465
1775117483045737,-0.0931726,-0.0215349,-0.995417
1775117483065735,-0.092922,-0.0219457,-0.995432
1775117483085734,-0.0931178,-0.0219875,-0.995412
1775117483105731,-0.0931786,-0.0212727,-0.995422
1775117483125743,-0.0934645,-0.0213128,-0.995394
1775117483145750,-0.0931447,-0.02163,-0.995418
1775117483165742,-0.0934903,-0.0214708,-0.995389
1775117483185732,-0.0937011,-0.0216208,-0.995366
1775117483205731,-0.0927573,-0.0233153,-0.995416
1775117483225731,-0.0935437,-0.0216501,-0.99538
1775117483245732,-0.0927164,-0.0236059,-0.995413
1775117483265737,-0.0933393,-0.0213443,-0.995406
1775117483285734,-0.0927334,-0.0215798,-0.995457
1775117483305732,-0.0925632,-0.0223348,-0.995456
1775117483325783,-0.0928279,-0.0215545,-0.995449
1775117483345727,-0.092859,-0.0220508,-0.995435
1775117483365732,-0.0923748,-0.0236785,-0.995443
1775117483385727,-0.092586,-0.023809,-0.99542
1775117483405729,-0.0951382,-0.0198461,-0.995266
1775117483425730,-0.0944626,-0.0220529,-0.995284
1775117483445732,-0.0924991,-0.0226467,-0.995455
1775117483465732,-0.0963741,-0.0198554,-0.995147
1775117483485735,-0.0940877,-0.0221866,-0.995317
1775117483505732,-0.0942711,-0.0215641,-0.995313
1775117483525734,-0.0954338,-0.0199725,-0.995235
1775117483545738,-0.0957999,-0.0199886,-0.9952
1775117483565737,-0.0960077,-0.0199325,-0.995181
1775117483585731,-0.0959971,-0.0198945,-0.995183
1775117483605738,-0.0954442,-0.0208508,-0.995216
1775117483625744,-0.0960463,-0.020135,-0.995173
1775117483645741,-0.0942596,-0.0213896,-0.995318
1775117483665744,-0.0956024,-0.0198187,-0.995222
1775117483685746,-0.0943483,-0.0226763,-0.995281
1775117483705739,-0.0920335,-0.02311,-0.995488
1775117483725732,-0.0919214,-0.0229565,-0.995502
1775117483745732,-0.0947386,-0.0193629,-0.995314
1775117483765734,-0.092586,-0.0228329,-0.995443
1775117483785732,-0.0921873,-0.0222602,-0.995493
1775117483805729,-0.0924658,-0.0225269,-0.995461
1775117483825726,-0.0926107,-0.022572,-0.995447
1775117483845734,-0.0926216,-0.0228637,-0.995439
1775117483865733,-0.0931899,-0.0217109,-0.995412
1775117483885733,-0.0923852,-0.0224724,-0.99547
1775117483905733,-0.0928617,-0.0217014,-0.995442
1775117483925744,-0.0926242,-0.0217831,-0.995463
1775117483945742,-0.0924385,-0.0222464,-0.99547
1775117483965739,-0.0931465,-0.0218714,-0.995412
1775117483985742,-0.0927589,-0.0220577,-0.995444
1775117484005743,-0.0920557,-0.0239526,-0.995466
1775117484025744,-0.0930967,-0.0218671,-0.995417
1775117484045736,-0.0927448,-0.0224792,-0.995436
1775117484065741,-0.0929185,-0.0216301,-0.995439
1775117484085742,-0.0931557,-0.0218614,-0.995412
1775117484105743,-0.0920426,-0.0240894,-0.995464
1775117484125742,-0.0928078,-0.0223901,-0.995432
1775117484145742,-0.0925238,-0.0227122,-0.995451
1775117484165742,-0.0926119,-0.0220585,-0.995458
1775117484185740,-0.0926851,-0.0223094,-0.995446
1775117484205733,-0.0921242,-0.0225259,-0.995493
1775117484225733,-0.0922655,-0.0226791,-0.995476
1775117484245741,-0.092813,-0.0220028,-0.99544
1775117484265734,-0.0949254,-0.0201966,-0.995279
1775117484285743,-0.0941395,-0.0204908,-0.995348
1775117484305734,-0.0919382,-0.0226907,-0.995506
1775117484325737,-0.0946681,-0.0219192,-0.995268
1775117484345741,-0.0947442,-0.0214998,-0.995269
1775117484365772,-0.0939293,-0.0216394,-0.995344
1775117484385732,-0.092447,-0.0233603,-0.995444
1775117484405730,-0.0921985,-0.0230279,-0.995474
1775117484425755,-0.0922366,-0.022127,-0.995491
1775117484445731,-0.094303,-0.0211465,-0.995319
1775117484465737,-0.0944682,-0.0206521,-0.995314
1775117484485736,-0.0946207,-0.0199862,-0.995313
1775117484505737,-0.0924309,-0.0223571,-0.995468
1775117484525748,-0.0927518,-0.0220543,-0.995445
1775117484545743,-0.0926807,-0.023011,-0.99543
1775117484565747,-0.0945322,-0.0209367,-0.995302
1775117484585742,-0.0952188,-0.0200578,-0.995254
1775117484605737,-0.0950532,-0.0203724,-0.995264
1775117484625733,-0.0947119,-0.0203584,-0.995297
1775117484645734,-0.0947537,-0.0204107,-0.995291
1775117484665730,-0.0949052,-0.0202817,-0.99528
1775117484685737,-0.0928279,-0.0219679,-0.99544
1775117484705870,-0.0929652,-0.0219792,-0.995427
1775117484725741,-0.0929356,-0.0220156,-0.995429
1775117484745887,-0.0922059,-0.0225806,-0.995484
1775117484799480,-0.0921132,-0.0236538,-0.995468
1775117484800560,-0.0921132,-0.0236538,-0.995468
1775117484805729,-0.0921132,-0.0236538,-0.995468
1775117484825756,-0.0920542,-0.0230737,-0.995487
1775117484845729,-0.0924705,-0.0220878,-0.99547
1775117484865736,-0.0927725,-0.0219007,-0.995446
1775117484885733,-0.0924483,-0.022331,-0.995467
1775117484905729,-0.0924847,-0.0227566,-0.995454
1775117484925732,-0.092298,-0.0237461,-0.995448
1775117484945738,-0.092074,-0.0228671,-0.99549
1775117484965731,-0.092584,-0.0222156,-0.995457
1775117484985735,-0.0920657,-0.0232891,-0.995481
1775117485005734,-0.0923036,-0.0225753,-0.995475
1775117485025738,-0.0925099,-0.0224615,-0.995458
1775117485046107,-0.0946547,-0.0213382,-0.995281
1775117485074404,-0.094543,-0.0204755,-0.99531
1775117485085730,-0.0946312,-0.0206018,-0.995299
1775117485105735,-0.0923973,-0.022307,-0.995472
1775117485125793,-0.0925123,-0.0214006,-0.995482
1775117485145748,-0.0924809,-0.0220113,-0.995471
1775117485165742,-0.0948125,-0.020329,-0.995288
1775117485185736,-0.0946771,-0.0204906,-0.995297
1775117485205731,-0.0950352,-0.0209356,-0.995254
1775117485225737,-0.0945873,-0.0206789,-0.995302
1775117485245758,-0.0952232,-0.0203254,-0.995248
1775117485265731,-0.0947296,-0.0200855,-0.9953
1775117485285731,-0.0948333,-0.020452,-0.995283
1775117485305729,-0.0951225,-0.0201355,-0.995262
1775117485325744,-0.0950808,-0.0199435,-0.99527
1775117485345731,-0.0952137,-0.0200765,-0.995254
1775117485365840,-0.0949662,-0.0201671,-0.995276
1775117485406657,-0.095132,-0.0197573,-0.995269
1775117485426557,-0.0948689,-0.020138,-0.995286
1775117485434090,-0.0944959,-0.0207183,-0.99531
1775117485445747,-0.0949566,-0.0205573,-0.995269
1775117485465746,-0.0944924,-0.0202417,-0.99532
1775117485485747,-0.0950287,-0.0199332,-0.995275
1775117485505740,-0.0947657,-0.0203679,-0.995291
1775117485525741,-0.0948035,-0.0201841,-0.995291
1775117485545742,-0.0949396,-0.0205849,-0.99527
1775117485565740,-0.0949046,-0.0204224,-0.995277
1775117485585739,-0.0949044,-0.0202136,-0.995281
1775117485605735,-0.0948471,-0.0206189,-0.995278
1775117485625745,-0.0947897,-0.0206244,-0.995284
1775117485645742,-0.094654,-0.0201912,-0.995305
1775117485665740,-0.0947457,-0.020526,-0.99529
1775117485685735,-0.0949642,-0.0202209,-0.995275
1775117485705735,-0.0947035,-0.0204816,-0.995295
1775117485725729,-0.0947421,-0.0204925,-0.995291
1775117485745730,-0.094737,-0.0199861,-0.995302
1775117485765753,-0.0947841,-0.0204162,-0.995288
1775117485785731,-0.0949063,-0.0192264,-0.995301
1775117485805732,-0.0945304,-0.0212372,-0.995295
1775117485825834,-0.0949011,-0.0201925,-0.995282
1775117485845732,-0.0949354,-0.0199009,-0.995284
1775117485865733,-0.0947988,-0.0207407,-0.99528
1775117485885733,-0.0952174,-0.0192759,-0.99527
1775117485905729,-0.0949086,-0.0198002,-0.995289
1775117485925729,-0.0948346,-0.0204779,-0.995282
1775117485945735,-0.0945758,-0.0220941,-0.995272
1775117485965735,-0.0948811,-0.0200553,-0.995287
1775117485985735,-0.0949665,-0.0208253,-0.995263
1775117486005732,-0.0951408,-0.0202688,-0.995257
1775117486025738,-0.0949815,-0.0205086,-0.995268
1775117486045736,-0.0941869,-0.0219317,-0.995313
1775117486065745,-0.094389,-0.021764,-0.995297
1775117486085982,-0.0949108,-0.0206038,-0.995273
1775117486105740,-0.0949108,-0.0206038,-0.995273
1775117486125737,-0.0948765,-0.0199684,-0.995289
1775117486145730,-0.0951916,-0.019973,-0.995259
1775117486165738,-0.0955441,-0.0203276,-0.995218
1775117486185729,-0.0948045,-0.0207066,-0.995281
1775117486205732,-0.0948169,-0.020346,-0.995287
1775117486225731,-0.094762,-0.0202457,-0.995294
1775117486245730,-0.094762,-0.0202457,-0.995294
1775117486265736,-0.0947553,-0.0201881,-0.995296
1775117486285772,-0.0946934,-0.0201384,-0.995303
1775117486305729,-0.0951132,-0.0199258,-0.995267
1775117486325741,-0.0951132,-0.0199258,-0.995267
1775117486345730,-0.0946885,-0.0209464,-0.995287
1775117486365734,-0.0947077,-0.0208904,-0.995286
1775117486385728,-0.095006,-0.0205959,-0.995264
1775117486405729,-0.0952333,-0.0198921,-0.995256
1775117486425730,-0.0946363,-0.0209911,-0.995291
1775117486445728,-0.0946316,-0.0204776,-0.995302
1775117486465738,-0.0946667,-0.0203808,-0.9953
1775117486485761,-0.0946667,-0.0203808,-0.9953
1775117486505735,-0.0923198,-0.0219873,-0.995487
1775117486525739,-0.0925277,-0.0224763,-0.995456
1775117486545741,-0.0943743,-0.0207089,-0.995321
1775117486565738,-0.0950635,-0.019818,-0.995274
1775117486585739,-0.0923274,-0.0225905,-0.995472
1775117486605771,-0.0927701,-0.0220642,-0.995443
1775117486625733,-0.092482,-0.0220983,-0.995469
1775117486645738,-0.0924864,-0.0220233,-0.99547
1775117486665730,-0.0930441,-0.0215733,-0.995428
1775117486685731,-0.0920193,-0.0234714,-0.995481
1775117486705735,-0.0924876,-0.0221897,-0.995467
1775117486725888,-0.092437,-0.0225924,-0.995462
1775117486764582,-0.0925908,-0.0242217,-0.99541
1775117486769387,-0.0925571,-0.0216858,-0.995471
1775117486785734,-0.0929937,-0.0219477,-0.995425
1775117486805737,-0.092588,-0.0222686,-0.995455
1775117486825745,-0.0931044,-0.0217013,-0.99542
1775117486845735,-0.0932523,-0.0217302,-0.995405
1775117486865736,-0.0930882,-0.0218104,-0.995419
1775117486885738,-0.0925747,-0.022082,-0.995461
1775117486905728,-0.0920011,-0.0241039,-0.995467
1775117486925728,-0.0930857,-0.0215831,-0.995424
1775117486945737,-0.0928868,-0.0219004,-0.995436
1775117486965738,-0.0929599,-0.0223225,-0.99542
1775117486985738,-0.0928377,-0.0221906,-0.995434
1775117487005776,-0.092927,-0.0217582,-0.995435
1775117487025745,-0.0928048,-0.0220264,-0.995441
1775117487045745,-0.0931877,-0.0219688,-0.995406
1775117487065954,-0.0925431,-0.0227884,-0.995448
1775117487087617,-0.0927991,-0.0222784,-0.995436
1775117487105747,-0.0928095,-0.0219444,-0.995442
1775117487125741,-0.0928016,-0.0221625,-0.995438
1775117487145747,-0.0928163,-0.0218036,-0.995444
1775117487165745,-0.0926172,-0.0221851,-0.995455
1775117487185755,-0.0929057,-0.0211709,-0.99545
1775117487205746,-0.0921707,-0.0231347,-0.995474
1775117487225736,-0.0924171,-0.0224933,-0.995466
1775117487245734,-0.0921146,-0.0225906,-0.995492
1775117487265752,-0.0918136,-0.0229585,-0.995512
1775117487285733,-0.095518,-0.0193379,-0.99524
1775117487305734,-0.0942028,-0.0219602,-0.995311
1775117487325760,-0.0946452,-0.0210525,-0.995288
1775117487345734,-0.0948448,-0.0202264,-0.995287
1775117487365745,-0.0940025,-0.0217839,-0.995334
1775117487385732,-0.0950857,-0.0202259,-0.995264
1775117487405734,-0.0954354,-0.0197092,-0.99524
1775117487425736,-0.0957812,-0.0197567,-0.995206
1775117487445796,-0.0950119,-0.020322,-0.995269
1775117487465754,-0.0921647,-0.0224033,-0.995492
1775117487485738,-0.0939491,-0.0215103,-0.995345
1775117487505731,-0.092007,-0.0227787,-0.995498
1775117487525759,-0.0930477,-0.0219825,-0.995419
1775117487545755,-0.0927942,-0.0217226,-0.995448
1775117487565730,-0.0934502,-0.0216669,-0.995388
1775117487585731,-0.0932875,-0.0218269,-0.9954
1775117487605741,-0.0932285,-0.0221161,-0.995399
1775117487625738,-0.0936351,-0.0209858,-0.995385
1775117487645740,-0.0931279,-0.0215618,-0.995421
1775117487665731,-0.0932193,-0.0216567,-0.99541
1775117487685739,-0.0927591,-0.0226148,-0.995432
1775117487705738,-0.0932696,-0.0219731,-0.995398
1775117487725735,-0.0931727,-0.0212989,-0.995422
1775117487745741,-0.0928979,-0.0219718,-0.995433
1775117487765735,-0.0931817,-0.0219235,-0.995408
1775117487785738,-0.0932256,-0.0220395,-0.995401
1775117487805742,-0.0935982,-0.0215495,-0.995377
1775117487825734,-0.0937931,-0.0211988,-0.995366
1775117487845735,-0.093257,-0.0230767,-0.995375
1775117487865739,-0.0940227,-0.0207632,-0.995354
1775117487885733,-0.0927017,-0.0226166,-0.995437
1775117487905733,-0.0928746,-0.02279,-0.995417
1775117487925743,-0.0931677,-0.022357,-0.995399
1775117487945728,-0.0935145,-0.0223498,-0.995367
1775117487965740,-0.0934601,-0.0224189,-0.995371
1775117487985742,-0.0909611,-0.0270186,-0.995488
1775117488005740,-0.0907072,-0.0270526,-0.99551
1775117488025739,-0.0910181,-0.0271233,-0.99548
1775117488045801,-0.0908417,-0.0269269,-0.995501
1775117488065739,-0.0908329,-0.0277696,-0.995479
1775117488085740,-0.0910286,-0.0271883,-0.995477
1775117488105733,-0.0916942,-0.0283654,-0.995383
1775117488125746,-0.0911784,-0.025749,-0.995502
1775117488145736,-0.091947,-0.0262704,-0.995417
1775117488165730,-0.0913873,-0.028163,-0.995417
1775117488185738,-0.0909721,-0.02849,-0.995446
1775117488205731,-0.0907848,-0.0285025,-0.995463
1775117488225735,-0.0922265,-0.0265666,-0.995384
1775117488245732,-0.0908233,-0.0283871,-0.995462
1775117488265766,-0.0922091,-0.0261911,-0.995395
1775117488285729,-0.091649,-0.026918,-0.995427
1775117488305730,-0.0914085,-0.0261724,-0.995469
1775117488325746,-0.0915146,-0.0262961,-0.995456
1775117488345732,-0.0905855,-0.0270854,-0.99552
1775117488365736,-0.0907022,-0.0274117,-0.995501
1775117488385730,-0.0924902,-0.0234203,-0.995438
1775117488405737,-0.0919947,-0.0236197,-0.995479
1775117488425777,-0.0912029,-0.0247211,-0.995525
1775117488445741,-0.093629,-0.0218922,-0.995366
1775117488465742,-0.0938721,-0.0211533,-0.99536
1775117488485744,-0.0945658,-0.0210416,-0.995296
1775117488505745,-0.0931263,-0.0212927,-0.995427
1775117488525780,-0.0943087,-0.0193108,-0.995356
1775117488545774,-0.094796,-0.0200557,-0.995295
1775117488565745,-0.0959299,-0.0212992,-0.99516
1775117488585741,-0.0954089,-0.0214971,-0.995206
1775117488605736,-0.0951063,-0.0214995,-0.995235
1775117488625756,-0.0952595,-0.0212823,-0.995225
1775117488645740,-0.095243,-0.0222713,-0.995205
1775117488665741,-0.0951394,-0.021506,-0.995232
1775117488685734,-0.0955733,-0.021646,-0.995187
1775117488705738,-0.095274,-0.0215017,-0.995219
1775117488725736,-0.094967,-0.0217891,-0.995242
1775117488745745,-0.0957745,-0.0211026,-0.995179
1775117488765736,-0.094621,-0.0218454,-0.995274
1775117488785733,-0.0952073,-0.0213497,-0.995228
1775117488805732,-0.0943921,-0.021604,-0.995301
1775117488825729,-0.0942945,-0.0217098,-0.995308
1775117488845735,-0.094939,-0.0215328,-0.99525
1775117488865731,-0.0952918,-0.0212592,-0.995222
1775117488885733,-0.0950344,-0.0204731,-0.995263
1775117488905726,-0.0950832,-0.021138,-0.995245
1775117488925728,-0.0943196,-0.0209149,-0.995322
1775117488945728,-0.0948072,-0.0205177,-0.995284
1775117488965732,-0.0947627,-0.0208178,-0.995282
1775117488985745,-0.0945067,-0.0209654,-0.995303
1775117489005736,-0.0944227,-0.0206185,-0.995319
1775117489025736,-0.094459,-0.0208283,-0.995311
1775117489045742,-0.0941115,-0.020931,-0.995342
1775117489065735,-0.0942828,-0.0208149,-0.995328
1775117489085742,-0.0948218,-0.020584,-0.995281
1775117489105746,-0.0945959,-0.0209158,-0.995296
1775117489125744,-0.0946084,-0.0213139,-0.995286
1775117489145732,-0.0950672,-0.0209243,-0.995251
1775117489165730,-0.0948627,-0.0212453,-0.995264
1775117489185739,-0.0945365,-0.0215692,-0.995288
1775117489205731,-0.0952867,-0.0211871,-0.995224
1775117489225734,-0.0955412,-0.0217378,-0.995188
1775117489245750,-0.0956516,-0.0210332,-0.995193
1775117489265734,-0.0953235,-0.0217618,-0.995208
1775117489285737,-0.095416,-0.0206338,-0.995224
1775117489305736,-0.0953497,-0.0211055,-0.99522
1775117489325729,-0.0960426,-0.020749,-0.995161
1775117489345734,-0.0951047,-0.0215444,-0.995234
1775117489365730,-0.0956253,-0.021227,-0.995191
1775117489385728,-0.0952596,-0.0211134,-0.995229
1775117489405729,-0.0951289,-0.0215897,-0.995231
1775117489425730,-0.0958324,-0.0218416,-0.995158
1775117489445728,-0.095505,-0.0217167,-0.995192
1775117489465740,-0.0955272,-0.0213076,-0.995199
1775117489485736,-0.0950453,-0.0214303,-0.995242
1775117489505743,-0.0955628,-0.0217326,-0.995186
1775117489525736,-0.0957277,-0.0214659,-0.995176
1775117489545804,-0.0953215,-0.0218518,-0.995207
1775117489570940,-0.0951131,-0.0212525,-0.99524
1775117489585736,-0.0952038,-0.0216101,-0.995223
1775117489605868,-0.0954262,-0.0209428,-0.995216
1775117489625734,-0.0961003,-0.0210277,-0.99515
1775117489645730,-0.0950936,-0.0220289,-0.995225
1775117489665733,-0.0953521,-0.0212466,-0.995217
1775117489685736,-0.0951604,-0.0219872,-0.995219
1775117489705744,-0.0954201,-0.0217692,-0.995199
1775117489725744,-0.0948082,-0.021037,-0.995273
1775117489745735,-0.0954857,-0.0215301,-0.995198
1775117489765740,-0.0949992,-0.0221313,-0.995231
1775117489785744,-0.0957081,-0.021725,-0.995172
1775117489805743,-0.0951982,-0.0212438,-0.995232
1775117489825735,-0.0951373,-0.0221658,-0.995217
1775117489845739,-0.0950136,-0.0219766,-0.995233
1775117489865733,-0.0953187,-0.02139,-0.995217
1775117489885737,-0.0952805,-0.0215299,-0.995218
1775117489905733,-0.0956848,-0.0213879,-0.995182
1775117489925737,-0.0952292,-0.0215465,-0.995222
1775117489945736,-0.0955157,-0.0213348,-0.995199
1775117489965770,-0.0952033,-0.0213253,-0.995229
1775117489985946,-0.095809,-0.0210179,-0.995178
1775117490043191,-0.096288,-0.022361,-0.995102
1775117490090269,-0.0961868,-0.0227617,-0.995103
1775117490113865,-0.0964146,-0.0230472,-0.995074
1775117490114899,-0.0964146,-0.0230472,-0.995074
1775117490116033,-0.0964146,-0.0230472,-0.995074
1775117490116892,-0.0964146,-0.0230472,-0.995074
1775117490125775,-0.0964146,-0.0230472,-0.995074
1775117490145773,-0.0955891,-0.0241692,-0.995127
1775117490165740,-0.0962208,-0.0239558,-0.995072
1775117490185740,-0.0952985,-0.0242337,-0.995154
1775117490205734,-0.0964074,-0.0240887,-0.99505
1775117490225731,-0.0950818,-0.0239103,-0.995182
1775117490245734,-0.0954251,-0.0232955,-0.995164
1775117490265731,-0.0959762,-0.0225079,-0.995129
1775117490285734,-0.0949879,-0.0233684,-0.995204
1775117490305730,-0.095262,-0.0238196,-0.995167
1775117490325734,-0.0952718,-0.0241572,-0.995158
1775117490345733,-0.0941605,-0.0252138,-0.995238
1775117490365739,-0.095083,-0.0246361,-0.995164
1775117490385734,-0.0947922,-0.0233661,-0.995223
1775117490405729,-0.0946752,-0.0241219,-0.995216
1775117490425734,-0.0941804,-0.023537,-0.995277
1775117490445730,-0.0949073,-0.0220883,-0.995241
1775117490465734,-0.0949494,-0.0221002,-0.995237
1775117490485733,-0.0949782,-0.0211384,-0.995255
1775117490505740,-0.0951284,-0.0209609,-0.995244
1775117490525756,-0.0943171,-0.0203571,-0.995334
1775117490545742,-0.0944413,-0.020563,-0.995318
1775117490565742,-0.0939998,-0.021974,-0.99533
1775117490585733,-0.0931721,-0.0227771,-0.995389
1775117490605732,-0.0935858,-0.0229903,-0.995346
1775117490625734,-0.0911414,-0.0277829,-0.99545
1775117490645733,-0.0918012,-0.0267201,-0.995419
1775117490665732,-0.0919465,-0.0264291,-0.995413
1775117490685742,-0.0926302,-0.025803,-0.995366
1775117490705733,-0.0927442,-0.0279453,-0.995298
1775117490725732,-0.0927162,-0.0278729,-0.995302
1775117490745734,-0.0924772,-0.0273287,-0.99534
1775117490765732,-0.0906021,-0.0274765,-0.995508
1775117490785734,-0.0923582,-0.0283662,-0.995322
1775117490805736,-0.0908906,-0.0278922,-0.99547
1775117490825730,-0.0925212,-0.023805,-0.995426
1775117490845880,-0.0926371,-0.0221973,-0.995452
1775117490865727,-0.0946263,-0.021274,-0.995286
1775117490885732,-0.095837,-0.0210906,-0.995174
1775117490905733,-0.0960233,-0.0217521,-0.995141
1775117490925727,-0.0953186,-0.0226041,-0.99519
1775117490945728,-0.0946966,-0.0237571,-0.995223
1775117490965799,-0.0946921,-0.0231791,-0.995237
1775117490985798,-0.0958228,-0.0233897,-0.995124
1775117491005750,-0.0964534,-0.0232379,-0.995066
1775117491025736,-0.0947099,-0.0247231,-0.995198
1775117491045738,-0.0947621,-0.0248473,-0.99519
1775117491065748,-0.0955896,-0.0249267,-0.995109
1775117491085741,-0.095241,-0.024626,-0.99515
1775117491105733,-0.0957685,-0.0238904,-0.995117
1775117491125802,-0.0956151,-0.0246767,-0.995112
1775117491145766,-0.0951703,-0.0243872,-0.995162
1775117491165737,-0.0960327,-0.0245319,-0.995076
1775117491185753,-0.0957857,-0.0246179,-0.995098
1775117491205734,-0.0962418,-0.0253882,-0.995034
1775117491225730,-0.0957267,-0.024791,-0.995099
1775117491245767,-0.095314,-0.0242723,-0.995151
1775117491265746,-0.0954731,-0.023667,-0.995151
1775117491285739,-0.0951808,-0.0236041,-0.99518
1775117491305731,-0.0953771,-0.0242992,-0.995145
1775117491325732,-0.0955119,-0.0238151,-0.995143
1775117491345777,-0.0947623,-0.0237092,-0.995218
1775117491365731,-0.0951391,-0.0232635,-0.995192
1775117491385731,-0.0946011,-0.0229008,-0.995252
1775117491405734,-0.0939856,-0.0213069,-0.995346
1775117491425736,-0.0943073,-0.0207083,-0.995328
1775117491445744,-0.0937719,-0.0208486,-0.995375
1775117491465738,-0.0939177,-0.0211679,-0.995355
1775117491485780,-0.0917541,-0.0275851,-0.9954
1775117491505742,-0.092609,-0.0272865,-0.995329
1775117491525742,-0.092986,-0.0264172,-0.995317
1775117491545739,-0.0918299,-0.0271759,-0.995404
1775117491565736,-0.0907864,-0.0265217,-0.995517
1775117491585734,-0.0911374,-0.0257182,-0.995506
1775117491605733,-0.0923457,-0.0251005,-0.995411
1775117491625734,-0.0923453,-0.0247767,-0.995419
1775117491645734,-0.0922292,-0.024314,-0.995441
1775117491665742,-0.0911874,-0.0235605,-0.995555
1775117491685732,-0.0905659,-0.0237864,-0.995606
1775117491705736,-0.0904429,-0.0230392,-0.995635
1775117491725746,-0.0906758,-0.0229346,-0.995616
1775117491745787,-0.0889786,-0.0245275,-0.995731
1775117491765746,-0.0909933,-0.0226921,-0.995593
1775117491785740,-0.0903755,-0.0228772,-0.995645
1775117491805741,-0.0891905,-0.0232846,-0.995742
1775117491825737,-0.0887999,-0.0235964,-0.99577
1775117491845738,-0.0881963,-0.0232621,-0.995831
1775117491865729,-0.0885231,-0.02293,-0.99581
1775117491885735,-0.0883451,-0.0233533,-0.995816
1775117491905732,-0.0876339,-0.0236056,-0.995873
1775117491925730,-0.087208,-0.0218584,-0.99595
1775117491945966,-0.0877903,-0.0209646,-0.995918
1775117491990611,-0.0858314,-0.0229733,-0.996045
1775117491991683,-0.0858314,-0.0229733,-0.996045
1775117492005739,-0.0854235,-0.0241543,-0.996052
1775117492025733,-0.0851899,-0.0254343,-0.99604
1775117492045738,-0.0849492,-0.0249402,-0.996073
1775117492065736,-0.085769,-0.0224705,-0.996062
1775117492085738,-0.0834046,-0.0214753,-0.996284
1775117492105754,-0.0831658,-0.0192907,-0.996349
1775117492125782,-0.0829639,-0.0208723,-0.996334
1775117492145746,-0.0827432,-0.0201306,-0.996368
1775117492165746,-0.0815497,-0.0197151,-0.996474
1775117492185738,-0.0800904,-0.0239949,-0.996499
1775117492205733,-0.0788439,-0.0231222,-0.996619
1775117492225729,-0.0791672,-0.0216352,-0.996627
1775117492245733,-0.0787683,-0.0213242,-0.996665
1775117492265743,-0.0784164,-0.0199105,-0.996722
1775117492285736,-0.0788242,-0.0197941,-0.996692
1775117492305743,-0.0766939,-0.0199283,-0.996856
1775117492325734,-0.0766956,-0.0204587,-0.996845
1775117492345741,-0.0772488,-0.0189369,-0.996832
1775117492365736,-0.0779204,-0.0200423,-0.996758
1775117492385734,-0.0778843,-0.0197019,-0.996768
1775117492405731,-0.0766049,-0.023278,-0.99679
1775117492425730,-0.0760381,-0.0228342,-0.996843
1775117492445729,-0.0776786,-0.0212262,-0.996752
1775117492465745,-0.0791528,-0.0197925,-0.996666
1775117492485753,-0.0774051,-0.0217256,-0.996763
1775117492505738,-0.0785507,-0.0221915,-0.996663
1775117492525741,-0.0774154,-0.0227014,-0.99674
1775117492545749,-0.0779407,-0.0220129,-0.996715
1775117492566554,-0.0794807,-0.0216152,-0.996602
1775117492585745,-0.0803671,-0.02062,-0.996552
1775117492605746,-0.0798441,-0.0209174,-0.996588
1775117492625739,-0.0797043,-0.0212764,-0.996591
1775117492645744,-0.0797978,-0.0229462,-0.996547
1775117492665730,-0.0802419,-0.0222014,-0.996528
1775117492685733,-0.0800455,-0.0221657,-0.996545
1775117492705730,-0.078569,-0.0212305,-0.996683
1775117492725730,-0.0786604,-0.0230685,-0.996635
1775117492745734,-0.0789128,-0.0212728,-0.996655
1775117492765731,-0.0800723,-0.0201933,-0.996584
1775117492785737,-0.079945,-0.0210848,-0.996576
1775117492805734,-0.0787717,-0.0215556,-0.99666
1775117492825734,-0.0782791,-0.021991,-0.996689
1775117492845734,-0.0772271,-0.021443,-0.996783
1775117492865738,-0.0779336,-0.0202587,-0.996753
1775117492885730,-0.0776901,-0.019565,-0.996786
1775117492905737,-0.0774082,-0.0188257,-0.996822
1775117492925739,-0.0758526,-0.0229075,-0.996856
1775117492945737,-0.0751391,-0.0216802,-0.996937
1775117492965738,-0.0757411,-0.0191155,-0.996944
1775117492985743,-0.0755795,-0.0212742,-0.996913
1775117493005746,-0.0737535,-0.0194524,-0.997087
1775117493025748,-0.073985,-0.0189504,-0.997079
1775117493045744,-0.0729869,-0.0193956,-0.997144
1775117493065745,-0.0733511,-0.017581,-0.997151
1775117493085734,-0.0718494,-0.0206492,-0.997202
1775117493105734,-0.0720964,-0.0192125,-0.997213
1775117493125739,-0.0727717,-0.0162158,-0.997217
1775117493145745,-0.0717522,-0.0168212,-0.997281
1775117493165737,-0.0714138,-0.0198385,-0.997249
1775117493185734,-0.0705185,-0.0184572,-0.99734
1775117493205729,-0.07096,-0.0172619,-0.99733
1775117493225731,-0.0698678,-0.0201699,-0.997352
1775117493245745,-0.0716682,-0.0183452,-0.99726
1775117493265730,-0.0722657,-0.0192196,-0.9972
1775117493285738,-0.0720951,-0.0186351,-0.997224
1775117493305731,-0.073359,-0.0183004,-0.997138
1775117493325733,-0.0713097,-0.0206407,-0.997241
1775117493345738,-0.0720298,-0.0179676,-0.997241
1775117493365743,-0.0720455,-0.0184554,-0.997231
1775117493385788,-0.0709894,-0.0207756,-0.997261
1775117493405797,-0.0726636,-0.0170972,-0.99721
1775117493425744,-0.0727559,-0.0166572,-0.997211
1775117493445729,-0.0708888,-0.0206049,-0.997271
1775117493465735,-0.0711174,-0.0208639,-0.99725
1775117493485732,-0.072539,-0.0176791,-0.997209
1775117493505733,-0.0718076,-0.0167897,-0.997277
1775117493525741,-0.0719084,-0.0217493,-0.997174
1775117493545734,-0.0720023,-0.0202169,-0.9972
1775117493565741,-0.070632,-0.0198024,-0.997306
1775117493585742,-0.0722028,-0.0196775,-0.997196
1775117493605743,-0.0712187,-0.0219266,-0.99722
1775117493625738,-0.0734934,-0.0185589,-0.997123
1775117493645746,-0.0722922,-0.0181893,-0.997218
1775117493665737,-0.0721655,-0.018995,-0.997212
1775117493685740,-0.0723626,-0.0189666,-0.997198
1775117493705737,-0.0712819,-0.0199591,-0.997256
1775117493725732,-0.0739856,-0.0183797,-0.99709
1775117493745736,-0.0726673,-0.017289,-0.997206
1775117493765737,-0.0785659,-0.0102929,-0.996856
1775117493785731,-0.0729031,-0.0152587,-0.997222
1775117493805730,-0.070668,-0.0225455,-0.997245
1775117493825758,-0.0716975,-0.0210528,-0.997204
1775117493845741,-0.0720252,-0.0192386,-0.997217
1775117493865732,-0.0727417,-0.0189763,-0.99717
1775117493885729,-0.0769293,-0.012322,-0.99696
1775117493905728,-0.0742407,-0.0151961,-0.997125
1775117493925731,-0.0732823,-0.0182637,-0.997144
1775117493945731,-0.0711098,-0.0232282,-0.997198
1775117493965733,-0.0728677,-0.0201395,-0.997138
1775117493985726,-0.0751902,-0.0196012,-0.996977
1775117494005764,-0.0765908,-0.0154384,-0.996943
1775117494025734,-0.0787933,-0.013711,-0.996797
1775117494045740,-0.0752886,-0.0172305,-0.997013
1775117494065735,-0.0761439,-0.0147289,-0.996988
1775117494085740,-0.0720484,-0.0190486,-0.997219
1775117494105741,-0.075686,-0.0160619,-0.997002
1775117494125741,-0.0750266,-0.0176591,-0.997025
1775117494145753,-0.072137,-0.0207451,-0.997179
1775117494165741,-0.0748218,-0.0179505,-0.997035
1775117494185737,-0.0729409,-0.0196412,-0.997143
1775117494205735,-0.0764613,-0.0168498,-0.99693
1775117494225739,-0.0755845,-0.017103,-0.996993
1775117494245743,-0.0728409,-0.0194844,-0.997153
1775117494265734,-0.0743904,-0.020514,-0.997018
1775117494285743,-0.0746086,-0.0193751,-0.997025
1775117494305736,-0.0731063,-0.0197863,-0.997128
1775117494325746,-0.0732844,-0.0199659,-0.997111
1775117494345742,-0.0724253,-0.0198553,-0.997176
1775117494365741,-0.0721033,-0.0197629,-0.997201
1775117494385730,-0.0726435,-0.0195424,-0.997166
1775117494405779,-0.0720088,-0.020938,-0.997184
1775117494425739,-0.0731413,-0.0202563,-0.997116
1775117494445732,-0.0730485,-0.0199511,-0.997129
1775117494465739,-0.0737126,-0.0203272,-0.997072
1775117494485739,-0.0734299,-0.0206129,-0.997087
1775117494505735,-0.0738177,-0.0206272,-0.997058
1775117494525742,-0.0744883,-0.0206467,-0.997008
1775117494545742,-0.0754247,-0.0187464,-0.996975
1775117494565776,-0.0754404,-0.0199166,-0.996951
1775117494585736,-0.076055,-0.0187549,-0.996927
1775117494605732,-0.0788008,-0.0166474,-0.996751
1775117494625736,-0.0745344,-0.0204807,-0.997008
1775117494645738,-0.0767008,-0.0184559,-0.996883
1775117494665738,-0.0748906,-0.0210025,-0.996971
1775117494685736,-0.0754406,-0.020746,-0.996934
1775117494705733,-0.0782193,-0.0188678,-0.996758
1775117494725730,-0.077132,-0.019121,-0.996838
1775117494745737,-0.0764275,-0.0221253,-0.99683
1775117494765735,-0.0777815,-0.0198851,-0.996772
1775117494785735,-0.0793462,-0.0184871,-0.996676
1775117494805746,-0.0799027,-0.0185445,-0.99663
1775117494825734,-0.0787538,-0.0203298,-0.996687
1775117494845731,-0.0811459,-0.0193958,-0.996513
1775117494865734,-0.0803006,-0.0216753,-0.996535
1775117494885733,-0.0804245,-0.0227066,-0.996502
1775117494905740,-0.0810745,-0.0219685,-0.996466
1775117494925740,-0.0803347,-0.0246215,-0.996464
1775117494945733,-0.0805507,-0.0259289,-0.996413
1775117494965742,-0.0810761,-0.0231009,-0.99644
1775117494985734,-0.0829854,-0.0214591,-0.99632
1775117495005735,-0.084011,-0.0209419,-0.996245
1775117495025733,-0.0840403,-0.0230286,-0.996196
1775117495045737,-0.0847948,-0.0234683,-0.996122
1775117495065731,-0.084536,-0.023928,-0.996133
1775117495085739,-0.0849045,-0.0243274,-0.996092
1775117495105733,-0.0863995,-0.0237853,-0.995977
1775117495125796,-0.0869219,-0.0231732,-0.995946
1775117495145755,-0.0863368,-0.0245006,-0.995965
1775117495165738,-0.0877123,-0.0226433,-0.995888
1775117495185740,-0.0878869,-0.0228976,-0.995867
1775117495205730,-0.0883025,-0.024137,-0.995801
1775117495225731,-0.0890836,-0.0238578,-0.995738
1775117495245738,-0.0881341,-0.0246375,-0.995804
1775117495265766,-0.0871768,-0.0255953,-0.995864
1775117495285730,-0.087275,-0.0261009,-0.995842
1775117495305731,-0.0911389,-0.0229175,-0.995574
1775117495325729,-0.0910178,-0.0206391,-0.995635
1775117495345736,-0.09059,-0.0213606,-0.995659
1775117495365786,-0.0906896,-0.0223152,-0.995629
1775117495385731,-0.0903376,-0.0225733,-0.995655
1775117495405734,-0.0886382,-0.0243386,-0.995766
1775117495425728,-0.0896333,-0.0250628,-0.995659
1775117495445729,-0.0905696,-0.0260182,-0.99555
1775117495466124,-0.0912681,-0.0250522,-0.995511
1775117495485732,-0.0914973,-0.0232563,-0.995534
1775117495505731,-0.0903951,-0.0250414,-0.995591
1775117495525748,-0.0926884,-0.0225919,-0.995439
1775117495545738,-0.0921343,-0.0225482,-0.995491
1775117495565743,-0.0931489,-0.023192,-0.995382
1775117495585742,-0.0936671,-0.0247399,-0.995296
1775117495605742,-0.0916122,-0.0251319,-0.995478
1775117495625757,-0.0911625,-0.0247428,-0.995529
1775117495645738,-0.0929364,-0.0223932,-0.99542
1775117495665740,-0.094414,-0.0227693,-0.995273
1775117495685735,-0.0919667,-0.0235671,-0.995483
1775117495705738,-0.0919025,-0.0231753,-0.995498
1775117495725736,-0.0935945,-0.0230673,-0.995343
1775117495745727,-0.0946898,-0.0236969,-0.995225
1775117495765730,-0.0923042,-0.0243367,-0.995433
1775117495785760,-0.0916073,-0.0248184,-0.995486
1775117495805729,-0.0931683,-0.0227762,-0.99539
1775117495825735,-0.0937936,-0.0232173,-0.995321
1775117495845983,-0.0942409,-0.025938,-0.995211
1775117495865730,-0.0935806,-0.0269497,-0.995247
1775117495885730,-0.0957901,-0.0207827,-0.995185
1775117495905734,-0.0954179,-0.0204805,-0.995227
1775117495925730,-0.0949555,-0.022391,-0.99523
1775117495945745,-0.093798,-0.0227277,-0.995332
1775117495965742,-0.0939063,-0.0225086,-0.995327
1775117495985743,-0.0941352,-0.0242165,-0.995265
1775117496005742,-0.0930642,-0.0262243,-0.995315
1775117496025742,-0.0940704,-0.0259557,-0.995227
1775117496045740,-0.0940023,-0.0258612,-0.995236
1775117496065738,-0.0944309,-0.0238408,-0.995246
1775117496085745,-0.090948,-0.0279521,-0.995463
1775117496105742,-0.0941748,-0.0229798,-0.99529
1775117496126001,-0.0948614,-0.0218657,-0.99525
1775117496152759,-0.0959225,-0.0220521,-0.995145
1775117496165736,-0.0944829,-0.0240896,-0.995235
1775117496185729,-0.0933373,-0.0251608,-0.995317
1775117496205734,-0.0928663,-0.0244645,-0.995378
1775117496225736,-0.0930851,-0.0243671,-0.99536
1775117496245732,-0.095006,-0.0217025,-0.99524
1775117496265737,-0.0928819,-0.0248266,-0.995368
1775117496285740,-0.0938977,-0.0236734,-0.9953
1775117496305738,-0.0949688,-0.0220975,-0.995235
1775117496325734,-0.0943121,-0.022576,-0.995287
1775117496345738,-0.0947173,-0.0232064,-0.995234
1775117496365737,-0.0937668,-0.0256363,-0.995264
1775117496385741,-0.0946397,-0.0232506,-0.99524
1775117496405730,-0.093907,-0.0232944,-0.995308
1775117496425736,-0.0947658,-0.0219406,-0.995258
1775117496445775,-0.0955704,-0.0213808,-0.995193
1775117496465733,-0.0961539,-0.0220322,-0.995123
1775117496485736,-0.0941998,-0.0250307,-0.995239
1775117496505734,-0.0941767,-0.02623,-0.99521
1775117496525738,-0.0939942,-0.0244364,-0.995273
1775117496545737,-0.0949311,-0.0230114,-0.995218
1775117496565733,-0.0931153,-0.0243244,-0.995358
1775117496585734,-0.092928,-0.0248723,-0.995362
1775117496605734,-0.0943771,-0.023115,-0.995268
1775117496625735,-0.0950182,-0.0231497,-0.995206
1775117496645743,-0.0949627,-0.0233522,-0.995207
1775117496665751,-0.0956686,-0.0228469,-0.995151
1775117496685763,-0.0949777,-0.0232503,-0.995208
1775117496705734,-0.0972638,-0.0221351,-0.995012
1775117496725736,-0.0944141,-0.0247604,-0.995225
1775117496745735,-0.0929372,-0.0257998,-0.995338
1775117496765737,-0.0939847,-0.0240719,-0.995283
1775117496785729,-0.0926,-0.025971,-0.995365
1775117496805732,-0.0930998,-0.0269622,-0.995292
1775117496825730,-0.0932779,-0.027317,-0.995265
1775117496845730,-0.0931977,-0.0248765,-0.995337
1775117496865730,-0.0934645,-0.0246801,-0.995317
1775117496885730,-0.0941775,-0.0224498,-0.995302
1775117496905728,-0.0944884,-0.0210909,-0.995303
1775117496925729,-0.0950631,-0.0202307,-0.995266
1775117496945729,-0.0937928,-0.0214249,-0.995361
1775117496965732,-0.0944958,-0.0212895,-0.995298
1775117496985733,-0.0961677,-0.0217718,-0.995127
1775117497005730,-0.0964709,-0.0214821,-0.995104
1775117497025714,-0.0973164,-0.0210741,-0.99503
1775117497045738,-0.0958444,-0.023017,-0.99513
1775117497065731,-0.0962941,-0.0219339,-0.995111
1775117497085739,-0.0961727,-0.0224188,-0.995112
1775117497105741,-0.0956511,-0.0224245,-0.995162
1775117497125743,-0.0957045,-0.0223438,-0.995159
1775117497145737,-0.09491,-0.0233852,-0.995211
1775117497165731,-0.0958137,-0.0221973,-0.995152
1775117497185733,-0.0946307,-0.0236088,-0.995232
1775117497205729,-0.0949828,-0.0238336,-0.995194
1775117497225731,-0.0948113,-0.0248917,-0.995184
1775117497245730,-0.0940603,-0.0248278,-0.995257
1775117497265975,-0.0940897,-0.0257785,-0.99523
1775117497285731,-0.0935712,-0.0245533,-0.99531
1775117497305732,-0.0925643,-0.0252629,-0.995386
1775117497325729,-0.0932102,-0.0249105,-0.995335
1775117497345732,-0.0926759,-0.0254728,-0.99537
1775117497365733,-0.0929077,-0.0254315,-0.99535
1775117497385730,-0.0926117,-0.025153,-0.995385
1775117497405729,-0.0923283,-0.0250825,-0.995413
1775117497425737,-0.0926929,-0.0252989,-0.995373
1775117497445736,-0.0923169,-0.0254986,-0.995403
1775117497465738,-0.0940753,-0.0243268,-0.995268
1775117497485739,-0.0940546,-0.0245015,-0.995265
1775117497505752,-0.0938458,-0.0244945,-0.995285
1775117497525744,-0.0942161,-0.0247696,-0.995244
1775117497545743,-0.0943618,-0.024795,-0.995229
1775117497565742,-0.0939108,-0.025336,-0.995258
1775117497585744,-0.0943113,-0.0248037,-0.995234
1775117497605743,-0.0939734,-0.0246233,-0.99527
1775117497625748,-0.0943037,-0.0247805,-0.995235
1775117497645747,-0.0937038,-0.0249689,-0.995287
1775117497665740,-0.094433,-0.0245031,-0.99523
1775117497685741,-0.0940758,-0.0245849,-0.995261
1775117497705737,-0.0934494,-0.0250071,-0.99531
1775117497725737,-0.0941121,-0.0249759,-0.995248
1775117497745739,-0.0935364,-0.0247339,-0.995309
1775117497765732,-0.0938729,-0.0250084,-0.99527
1775117497785823,-0.0941684,-0.0242837,-0.99526
1775117497805777,-0.0921316,-0.0239543,-0.995459
1775117497825731,-0.0943242,-0.0251763,-0.995223
1775117497845735,-0.0939693,-0.0235413,-0.995297
1775117497865731,-0.0925642,-0.0250487,-0.995392
1775117497885747,-0.0929082,-0.0248599,-0.995364
1775117497905741,-0.0931917,-0.0250214,-0.995334
1775117497925742,-0.0928882,-0.0243281,-0.995379
1775117497945738,-0.0934237,-0.0246671,-0.995321
1775117497965741,-0.0937811,-0.0243969,-0.995294
1775117497985774,-0.0939019,-0.024464,-0.995281
1775117498005734,-0.0942217,-0.0242486,-0.995256
1775117498025733,-0.0944862,-0.0240626,-0.995235
1775117498045779,-0.0948992,-0.0238643,-0.995201
1775117498065747,-0.0947851,-0.0236334,-0.995217
1775117498085741,-0.0944618,-0.0242115,-0.995234
1775117498105737,-0.0952616,-0.0235882,-0.995173
1775117498125735,-0.0953444,-0.0234609,-0.995168
1775117498145732,-0.0948936,-0.0232872,-0.995215
1775117498165755,-0.0947572,-0.0239659,-0.995212
1775117498185728,-0.0958831,-0.023248,-0.995121
1775117498205731,-0.0953455,-0.0238317,-0.995159
1775117498225765,-0.0949476,-0.023982,-0.995193
1775117498245740,-0.0952407,-0.0238153,-0.995169
1775117498265775,-0.0948289,-0.0236135,-0.995213
1775117498292014,-0.094211,-0.0245432,-0.99525
1775117498305730,-0.0939379,-0.0239716,-0.995289
1775117498325730,-0.0945628,-0.0240681,-0.995228
1775117498345747,-0.0941324,-0.0246256,-0.995255
1775117498365735,-0.0937351,-0.0252162,-0.995278
1775117498385739,-0.0937608,-0.0245556,-0.995292
1775117498405730,-0.0939335,-0.0248152,-0.995269
1775117498425735,-0.0935819,-0.0254235,-0.995287
1775117498445740,-0.093134,-0.0253531,-0.995331
1775117498465732,-0.0932829,-0.0249951,-0.995326
1775117498485733,-0.0927933,-0.0253219,-0.995363
1775117498505742,-0.0925044,-0.0254859,-0.995386
1775117498525739,-0.0932497,-0.0248892,-0.995332
1775117498545738,-0.0938218,-0.0249542,-0.995276
1775117498565735,-0.0944403,-0.0253388,-0.995208
1775117498585743,-0.0941311,-0.0245506,-0.995257
1775117498605738,-0.0948046,-0.0258431,-0.99516
1775117498625734,-0.0935137,-0.0258195,-0.995283
1775117498645745,-0.0930324,-0.025298,-0.995342
1775117498665738,-0.0934538,-0.0261344,-0.995281
1775117498685742,-0.0939356,-0.0253681,-0.995255
1775117498705736,-0.0934951,-0.0253847,-0.995296
1775117498725927,-0.0941774,-0.0257476,-0.995222
1775117498745729,-0.0936281,-0.026637,-0.995251
1775117498765731,-0.0936758,-0.0246997,-0.995296
1775117498785731,-0.0940323,-0.0254627,-0.995243
1775117498805732,-0.0943826,-0.0245722,-0.995233
1775117498825731,-0.0934989,-0.0246018,-0.995315
1775117498845760,-0.0926227,-0.025421,-0.995377
1775117498865733,-0.093948,-0.0252583,-0.995257
1775117498885730,-0.0928774,-0.0253039,-0.995356
1775117498905731,-0.0906693,-0.0280727,-0.995485
1775117498925733,-0.0918796,-0.0265254,-0.995417
1775117498945738,-0.0919281,-0.0275017,-0.995386
1775117498965737,-0.0938417,-0.0251693,-0.995269
1775117498985754,-0.0925484,-0.0270602,-0.99534
1775117499005743,-0.0952819,-0.02019,-0.995246
1775117499025756,-0.0950562,-0.0212662,-0.995245
1775117499045742,-0.0953095,-0.0205642,-0.995235
1775117499065739,-0.0950436,-0.021085,-0.99525
1775117499085740,-0.0926052,-0.0279576,-0.99531
1775117499105747,-0.0956794,-0.0202558,-0.995206
1775117499125745,-0.095723,-0.0198795,-0.995209
1775117499145755,-0.0955983,-0.0224082,-0.995168
1775117499165737,-0.0957462,-0.0213313,-0.995177
1775117499185734,-0.0957497,-0.0217459,-0.995168
1775117499205731,-0.0953971,-0.0214624,-0.995208
1775117499225731,-0.0956472,-0.0209317,-0.995195
1775117499245741,-0.0957625,-0.0200821,-0.995202
1775117499265735,-0.0956986,-0.0203917,-0.995201
1775117499285735,-0.0957386,-0.0204482,-0.995196
1775117499305732,-0.0947189,-0.0207724,-0.995287
1775117499325730,-0.0948541,-0.021213,-0.995265
1775117499345735,-0.0944746,-0.0213307,-0.995299
1775117499365738,-0.0949413,-0.0201585,-0.995279
1775117499385729,-0.0947724,-0.0203132,-0.995292
1775117499405733,-0.0945189,-0.0213627,-0.995294
1775117499425732,-0.0939223,-0.0215576,-0.995346
1775117499445729,-0.0950997,-0.0211428,-0.995243
1775117499465735,-0.093783,-0.0216504,-0.995357
1775117499485731,-0.0937775,-0.0221314,-0.995347
1775117499505732,-0.0942332,-0.0225848,-0.995294
1775117499525736,-0.0931832,-0.0218372,-0.995409
1775117499545779,-0.093315,-0.0219076,-0.995396
1775117499565746,-0.0942257,-0.0221405,-0.995305
1775117499585745,-0.0945271,-0.021065,-0.995299
1775117499605741,-0.09527,-0.0216773,-0.995215
1775117499625743,-0.0945937,-0.0219749,-0.995273
1775117499645735,-0.0950528,-0.0212636,-0.995245
1775117499665730,-0.0945067,-0.0218202,-0.995285
1775117499685765,-0.0944889,-0.0203226,-0.995318
1775117499705731,-0.094751,-0.0212835,-0.995273
1775117499725737,-0.0947516,-0.0219616,-0.995259
1775117499745763,-0.0943516,-0.0219239,-0.995298
1775117499765735,-0.0954302,-0.0207984,-0.995219
1775117499785740,-0.094695,-0.0219086,-0.995265
1775117499805739,-0.0950533,-0.0212899,-0.995244
1775117499825739,-0.0952113,-0.0208438,-0.995239
1775117499845743,-0.0945841,-0.0208616,-0.995298
1775117499865737,-0.0946403,-0.0205102,-0.9953
1775117499885772,-0.0935392,-0.0222794,-0.995366
1775117499905736,-0.0939632,-0.0221692,-0.995329
1775117499925827,-0.0944051,-0.0218608,-0.995294
1775117499945734,-0.0938949,-0.0218832,-0.995342
1775117499965736,-0.0945144,-0.021166,-0.995298
1775117499985733,-0.094999,-0.0215955,-0.995243
1775117500005736,-0.0952501,-0.0224917,-0.995199
1775117500025735,-0.0954605,-0.0214571,-0.995202
1775117500045736,-0.0951316,-0.0211795,-0.995239
1775117500065737,-0.0960129,-0.0208813,-0.995161
1775117500085750,-0.0952917,-0.0217014,-0.995213
1775117500105744,-0.095364,-0.0215882,-0.995208
1775117500125738,-0.0952436,-0.0212431,-0.995227
1775117500145740,-0.0956232,-0.0212463,-0.995191
1775117500165733,-0.0953456,-0.0213076,-0.995216
1775117500185733,-0.0957953,-0.0204853,-0.99519
1775117500205733,-0.0960418,-0.0209805,-0.995156
1775117500225741,-0.0958932,-0.0213667,-0.995162
1775117500245733,-0.0949611,-0.0219644,-0.995239
1775117500265738,-0.0950571,-0.0208511,-0.995253
1775117500285735,-0.0953231,-0.0212864,-0.995219
1775117500305737,-0.0951928,-0.0213302,-0.99523
1775117500325745,-0.0953521,-0.0207422,-0.995227
1775117500345745,-0.094905,-0.0217264,-0.995249
1775117500365752,-0.0946097,-0.0219165,-0.995273
1775117500385729,-0.094973,-0.021822,-0.995241
1775117500405733,-0.0950187,-0.0216005,-0.995241
1775117500425736,-0.0940827,-0.0221896,-0.995317
1775117500445739,-0.0948098,-0.0209923,-0.995274
1775117500465736,-0.09473,-0.0222018,-0.995255
1775117500485742,-0.0946097,-0.0221625,-0.995268
1775117500505740,-0.0941354,-0.0220073,-0.995316
1775117500525736,-0.0941473,-0.0219115,-0.995317
1775117500545780,-0.0937945,-0.0221062,-0.995346
1775117500565738,-0.094013,-0.021917,-0.99533
1775117500585739,-0.0930901,-0.0225961,-0.995401
1775117500605746,-0.0952042,-0.0216076,-0.995223
1775117500625737,-0.0958717,-0.0220227,-0.99515
1775117500645792,-0.0950466,-0.0221895,-0.995225
1775117500665737,-0.0952198,-0.0212775,-0.995229
1775117500685738,-0.0949293,-0.021119,-0.99526
1775117500705735,-0.0948161,-0.0218131,-0.995256
1775117500725752,-0.0944107,-0.0225224,-0.995279
1775117500745729,-0.0949246,-0.0226955,-0.995226
1775117500765732,-0.0953181,-0.0212697,-0.99522
1775117500785728,-0.0944243,-0.0219869,-0.995289
1775117500805735,-0.0948579,-0.0227448,-0.995231
1775117500825745,-0.0942734,-0.0223982,-0.995294
1775117500845747,-0.0941449,-0.0223364,-0.995308
1775117500865736,-0.0949774,-0.0220035,-0.995236
1775117500885737,-0.0945363,-0.0223385,-0.995271
1775117500905723,-0.0932702,-0.0229239,-0.995377
1775117500925737,-0.0935972,-0.0221884,-0.995363
1775117500945739,-0.0936636,-0.0222897,-0.995354
1775117500965733,-0.0936508,-0.022502,-0.995351
1775117500985773,-0.0941234,-0.0231098,-0.995292
1775117501005748,-0.0941295,-0.022597,-0.995303
1775117501025743,-0.0944189,-0.0222939,-0.995283
1775117501045743,-0.0945775,-0.0226476,-0.99526
1775117501065738,-0.0947514,-0.0216023,-0.995267
1775117501085742,-0.0944802,-0.0222318,-0.995278
1775117501105737,-0.0949953,-0.021516,-0.995245
1775117501125754,-0.094378,-0.0220686,-0.995292
1775117501145746,-0.0953646,-0.0211896,-0.995217
1775117501165741,-0.0945088,-0.022023,-0.99528
1775117501185732,-0.0949294,-0.0217039,-0.995247
1775117501205742,-0.0948236,-0.0220981,-0.995249
1775117501225739,-0.0947657,-0.0214934,-0.995268
1775117501245731,-0.0951182,-0.0219303,-0.995224
1775117501265740,-0.0949138,-0.0217359,-0.995248
1775117501285733,-0.0944966,-0.022221,-0.995277
1775117501305734,-0.0949252,-0.0218173,-0.995245
1775117501325751,-0.0948776,-0.0215075,-0.995257
1775117501345740,-0.0945449,-0.021905,-0.99528
1775117501365738,-0.0946056,-0.0223799,-0.995263
1775117501385735,-0.0950262,-0.0219534,-0.995233
1775117501405734,-0.0944175,-0.0221913,-0.995285
1775117501425731,-0.0946773,-0.0218204,-0.995269
1775117501445728,-0.0945471,-0.0218278,-0.995281
1775117501465730,-0.094141,-0.02224,-0.99531
1775117501485737,-0.0945595,-0.0218271,-0.99528
1775117501505733,-0.0939889,-0.0224541,-0.99532
1775117501525736,-0.0940825,-0.0224024,-0.995312
1775117501545738,-0.0937456,-0.0223467,-0.995345
1775117501565735,-0.0939564,-0.0221431,-0.99533
1775117501585735,-0.0935543,-0.0227602,-0.995354
1775117501605737,-0.0933255,-0.0227653,-0.995375
1775117501625734,-0.0931872,-0.0227384,-0.995389
1775117501645732,-0.0934032,-0.0230549,-0.995361
1775117501665833,-0.0951204,-0.0217735,-0.995228
1775117501685738,-0.0943977,-0.0224198,-0.995282
1775117501705740,-0.0943509,-0.0228109,-0.995278
1775117501725731,-0.0955203,-0.0224292,-0.995175
1775117501745741,-0.0940239,-0.0227193,-0.995311
1775117501765772,-0.0944907,-0.0220961,-0.995281
1775117501789672,-0.094416,-0.0226187,-0.995276
1775117501805733,-0.0928938,-0.0229913,-0.995411
1775117501825730,-0.0940556,-0.0228715,-0.995304
1775117501845731,-0.0934969,-0.0234245,-0.995344
1775117501865735,-0.0943876,-0.0223425,-0.995285
1775117501885732,-0.0929812,-0.023082,-0.9954
1775117501905734,-0.0933076,-0.0229694,-0.995372
1775117501925734,-0.0934703,-0.0227258,-0.995363
1775117501945728,-0.0933175,-0.0228268,-0.995375
1775117501965733,-0.0933448,-0.0230083,-0.995368
1775117501985736,-0.0937512,-0.022814,-0.995334
1775117502005737,-0.0937528,-0.022885,-0.995332
1775117502025743,-0.0940694,-0.0225936,-0.995309
1775117502045742,-0.0944275,-0.0221132,-0.995286
1775117502065736,-0.0943015,-0.022333,-0.995293
1775117502085730,-0.0936203,-0.0238037,-0.995323
1775117502105736,-0.0939143,-0.0227334,-0.995321
1775117502125744,-0.0945894,-0.0222513,-0.995268
1775117502145750,-0.0948151,-0.0224438,-0.995242
1775117502165737,-0.0936307,-0.0233787,-0.995332
1775117502185736,-0.0942712,-0.0224816,-0.995293
1775117502205765,-0.0940026,-0.0225665,-0.995316
1775117502225729,-0.0943174,-0.0220952,-0.995297
1775117502245736,-0.094376,-0.0220633,-0.995292
1775117502265741,-0.094544,-0.0221605,-0.995274
1775117502285734,-0.094786,-0.0219072,-0.995257
1775117502305735,-0.0947008,-0.0222205,-0.995258
1775117502325730,-0.0943615,-0.0219321,-0.995296
1775117502345733,-0.0945461,-0.0225404,-0.995265
1775117502365773,-0.0946893,-0.0222812,-0.995257
1775117502385742,-0.0942913,-0.0222606,-0.995296
1775117502405744,-0.0943451,-0.0223624,-0.995288
1775117502425776,-0.0942992,-0.0228049,-0.995283
1775117502445734,-0.0941291,-0.0225404,-0.995305
1775117502465733,-0.0937439,-0.0224039,-0.995344
1775117502485733,-0.0940253,-0.0225718,-0.995314
1775117502505735,-0.0938789,-0.0224884,-0.99533
1775117502525735,-0.0944571,-0.023155,-0.99526
1775117502545738,-0.0935599,-0.0232377,-0.995342
1775117502565740,-0.0936195,-0.0226821,-0.99535
1775117502585742,-0.0939583,-0.0224419,-0.995323
1775117502605741,-0.0932415,-0.0228162,-0.995382
1775117502625742,-0.0929415,-0.0228389,-0.99541
1775117502645732,-0.0937072,-0.0224189,-0.995347
1775117502665737,-0.0932495,-0.022372,-0.995391
1775117502685732,-0.0925116,-0.0231708,-0.995442
1775117502705732,-0.0929354,-0.0231715,-0.995402
1775117502725735,-0.0929775,-0.023306,-0.995395
1775117502745733,-0.0931056,-0.0231308,-0.995388
1775117502765737,-0.0928739,-0.0231319,-0.995409
1775117502785736,-0.093556,-0.0225732,-0.995358
1775117502805739,-0.0936607,-0.0227008,-0.995345
1775117502825740,-0.0935318,-0.0227446,-0.995356
1775117502845744,-0.0926646,-0.0229729,-0.995432
1775117502865738,-0.0927251,-0.0226217,-0.995435
1775117502885751,-0.0929224,-0.0234009,-0.995398
1775117502905740,-0.0929702,-0.022721,-0.99541
1775117502925742,-0.0933172,-0.022132,-0.99539
1775117502945741,-0.0931633,-0.0224949,-0.995397
1775117502965740,-0.093253,-0.0237627,-0.995359
1775117502985733,-0.0930688,-0.0230345,-0.995393
1775117503005735,-0.0930527,-0.0229802,-0.995396
1775117503025733,-0.0928841,-0.0236207,-0.995397
1775117503045732,-0.0933426,-0.0227946,-0.995373
1775117503065735,-0.0937186,-0.0223458,-0.995348
1775117503085738,-0.0943495,-0.0215649,-0.995306
1775117503105733,-0.0938992,-0.023174,-0.995312
1775117503125737,-0.0948633,-0.0214913,-0.995258
1775117503145741,-0.09439,-0.0220706,-0.995291
1775117503165743,-0.0935545,-0.0232642,-0.995342
1775117503185737,-0.0938724,-0.0224338,-0.995331
1775117503205742,-0.0942286,-0.0227858,-0.99529
1775117503225734,-0.0939264,-0.0228051,-0.995318
1775117503245736,-0.0941127,-0.0221945,-0.995314
1775117503265741,-0.0944575,-0.0224274,-0.995276
1775117503285737,-0.094664,-0.0217912,-0.995271
1775117503305736,-0.0944993,-0.0214542,-0.995294
1775117503325788,-0.0935746,-0.0229604,-0.995347
1775117503345736,-0.0940789,-0.021642,-0.995329
1775117503365736,-0.0948003,-0.0221086,-0.995251
1775117503385732,-0.0943504,-0.0226126,-0.995282
1775117503405733,-0.0938133,-0.0223938,-0.995338
1775117503425772,-0.0949905,-0.0211243,-0.995254
1775117503445742,-0.0941744,-0.0217371,-0.995318
1775117503465748,-0.0937749,-0.0224699,-0.99534
1775117503485742,-0.094135,-0.0230411,-0.995293
1775117503505742,-0.0938891,-0.0225233,-0.995328
1775117503525742,-0.0941356,-0.0219048,-0.995318
1775117503545743,-0.0943196,-0.0220396,-0.995298
1775117503565750,-0.0938535,-0.0221757,-0.995339
1775117503585742,-0.0939476,-0.022782,-0.995316
1775117503605739,-0.0934783,-0.0225363,-0.995366
1775117503625738,-0.0935343,-0.0221914,-0.995369
1775117503645739,-0.0932024,-0.0223012,-0.995397
1775117503665753,-0.0935745,-0.0218733,-0.995372
1775117503685740,-0.0931637,-0.0228591,-0.995388
1775117503705744,-0.093107,-0.0225079,-0.995402
1775117503725745,-0.0931873,-0.0224264,-0.995396
1775117503745738,-0.0934215,-0.0231273,-0.995358
1775117503765730,-0.0939254,-0.0224832,-0.995325
1775117503785731,-0.0933111,-0.0225697,-0.995381
1775117503805734,-0.0934426,-0.0219821,-0.995382
1775117503825734,-0.0929835,-0.0230005,-0.995402
1775117503845736,-0.0938577,-0.0222765,-0.995336
1775117503865733,-0.0935739,-0.0219899,-0.995369
1775117503885731,-0.0929736,-0.0230388,-0.995402
1775117503905738,-0.0934978,-0.0234503,-0.995343
1775117503925740,-0.0935675,-0.0227729,-0.995352
1775117503945863,-0.0935495,-0.0226911,-0.995356
1775117503965732,-0.0935511,-0.0229494,-0.99535
1775117503985751,-0.0932284,-0.0237178,-0.995362
1775117504005737,-0.0931266,-0.0228018,-0.995393
1775117504025730,-0.0928904,-0.0229487,-0.995412
1775117504045728,-0.0934981,-0.0219866,-0.995377
1775117504065736,-0.0940398,-0.0225303,-0.995313
1775117504085786,-0.0935909,-0.022859,-0.995348
1775117504105742,-0.0935581,-0.0227318,-0.995354
1775117504125740,-0.0939031,-0.0220777,-0.995337
1775117504145743,-0.0940022,-0.0219232,-0.995331
1775117504165741,-0.0945248,-0.0220954,-0.995277
1775117504185755,-0.0937806,-0.0218972,-0.995352
1775117504205739,-0.0939347,-0.0220911,-0.995333
1775117504225742,-0.0934396,-0.0232159,-0.995354
1775117504245740,-0.0940459,-0.0217935,-0.995329
1775117504265739,-0.0941165,-0.0215798,-0.995327
1775117504285736,-0.0944285,-0.0222769,-0.995282
1775117504305735,-0.0937998,-0.0235842,-0.995312
1775117504325733,-0.0945577,-0.0213382,-0.995291
1775117504345729,-0.0945448,-0.0228415,-0.995259
1775117504365729,-0.0936695,-0.0220785,-0.995359
1775117504385758,-0.0942661,-0.0223322,-0.995297
1775117504405727,-0.0937855,-0.022667,-0.995334
1775117504425729,-0.0944508,-0.0230483,-0.995263
1775117504445735,-0.0943991,-0.0219284,-0.995293
1775117504465729,-0.0933949,-0.0230317,-0.995363
1775117504485731,-0.0943283,-0.0219963,-0.995298
1775117504505731,-0.0939601,-0.0222398,-0.995328
1775117504525859,-0.0940761,-0.0225823,-0.995309
1775117504545732,-0.0940281,-0.022653,-0.995312
1775117504565730,-0.093423,-0.0234071,-0.995351
1775117504585734,-0.0939858,-0.0225585,-0.995318
1775117504605745,-0.0940073,-0.0219849,-0.995329
1775117504625736,-0.0943072,-0.0226949,-0.995284
1775117504645735,-0.0936365,-0.0229163,-0.995343
1775117504665738,-0.0938314,-0.0223403,-0.995337
1775117504685731,-0.0929122,-0.022064,-0.99543
1775117504705729,-0.0937846,-0.0224205,-0.99534
1775117504725743,-0.093163,-0.0226578,-0.995393
1775117504745733,-0.0932282,-0.0224539,-0.995392
1775117504765733,-0.0937209,-0.0226159,-0.995342
1775117504785730,-0.0924216,-0.0233503,-0.995446
1775117504805732,-0.0938196,-0.0217563,-0.995351
1775117504826196,-0.0936335,-0.0214836,-0.995375
1775117504845745,-0.0935891,-0.0228799,-0.995348
1775117504865739,-0.0938441,-0.0222557,-0.995338
1775117504885733,-0.0925455,-0.0226578,-0.995451
1775117504905732,-0.0928751,-0.0229522,-0.995413
1775117504925737,-0.0940506,-0.0216599,-0.995332
1775117504945740,-0.0930731,-0.0232249,-0.995388
1775117504965733,-0.0937841,-0.0222603,-0.995344
1775117504985736,-0.0933157,-0.0229762,-0.995371
1775117505005743,-0.0941775,-0.0216773,-0.995319
1775117505025741,-0.0930356,-0.0224225,-0.99541
1775117505045749,-0.0935728,-0.0227853,-0.995352
1775117505065738,-0.0937587,-0.0224533,-0.995342
1775117505085739,-0.0933879,-0.022654,-0.995372
1775117505105748,-0.0942701,-0.0226444,-0.995289
1775117505125742,-0.0938712,-0.0225453,-0.995329
1775117505145740,-0.0927845,-0.0238926,-0.9954
1775117505165744,-0.0927928,-0.0228927,-0.995422
1775117505185738,-0.0943857,-0.0219796,-0.995293
1775117505205746,-0.0932975,-0.0225446,-0.995383
1775117505225742,-0.0932206,-0.0226296,-0.995388
1775117505245737,-0.0941335,-0.0221251,-0.995314
1775117505265732,-0.0943726,-0.0221085,-0.995291
1775117505285743,-0.0945518,-0.0215664,-0.995286
1775117505305740,-0.0931238,-0.0229495,-0.99539
1775117505325735,-0.094393,-0.0217783,-0.995297
1775117505345734,-0.0936677,-0.0234895,-0.995326
1775117505365735,-0.0933463,-0.0228246,-0.995372
1775117505394899,-0.093539,-0.0226052,-0.995359
1775117505405854,-0.094594,-0.0216568,-0.99528
1775117505425738,-0.0937039,-0.022406,-0.995348
1775117505445731,-0.0936926,-0.0224566,-0.995348
1775117505465734,-0.0926907,-0.0226549,-0.995437
1775117505485737,-0.0942108,-0.0221202,-0.995306
1775117505505739,-0.0932621,-0.0230355,-0.995375
1775117505525751,-0.0941839,-0.0222546,-0.995306
1775117505545743,-0.093368,-0.0228193,-0.99537
1775117505565740,-0.09407,-0.0224685,-0.995312
1775117505585737,-0.0941268,-0.0216462,-0.995325
1775117505605734,-0.0938483,-0.022475,-0.995333
1775117505625735,-0.0941425,-0.0224196,-0.995306
1775117505645737,-0.093589,-0.022791,-0.99535
1775117505665739,-0.0933395,-0.0218964,-0.995394
1775117505685739,-0.0929207,-0.0229657,-0.995409
1775117505705731,-0.0934433,-0.0225811,-0.995368
1775117505725735,-0.0931955,-0.0218725,-0.995408
1775117505745920,-0.0932642,-0.0220054,-0.995398
1775117505765732,-0.0939598,-0.0220871,-0.995331
1775117505785735,-0.0935879,-0.0222024,-0.995363
1775117505805728,-0.0929667,-0.0228981,-0.995406
1775117505825730,-0.092187,-0.0237713,-0.995458
1775117505845740,-0.0930636,-0.0228363,-0.995398
1775117505865729,-0.0932242,-0.022485,-0.995391
1775117505885733,-0.0926494,-0.0229743,-0.995434
1775117505905730,-0.0928457,-0.0229405,-0.995416
1775117505925728,-0.0929661,-0.0229667,-0.995404
1775117505945730,-0.0934947,-0.0226568,-0.995362
1775117505965730,-0.0927116,-0.0225762,-0.995437
1775117505985732,-0.0934297,-0.02221,-0.995378
1775117506005738,-0.0934177,-0.0220903,-0.995382
1775117506025734,-0.0921395,-0.0232797,-0.995474
1775117506045731,-0.0926309,-0.0227552,-0.99544
1775117506065735,-0.0933164,-0.0226598,-0.995379
1775117506085734,-0.093129,-0.0225545,-0.995399
1775117506105737,-0.0940082,-0.0223075,-0.995321
1775117506125747,-0.0931428,-0.0221923,-0.995405
1775117506145743,-0.0933009,-0.0225878,-0.995382
1775117506165736,-0.0930108,-0.023016,-0.995399
1775117506185746,-0.0929626,-0.0236101,-0.99539
1775117506205756,-0.0928116,-0.0228046,-0.995423
1775117506225728,-0.0941312,-0.0220815,-0.995315
1775117506245767,-0.0938148,-0.0212755,-0.995362
1775117506265736,-0.0932215,-0.0223567,-0.995394
1775117506285739,-0.0935619,-0.0226539,-0.995356
1775117506305734,-0.0928963,-0.0231005,-0.995408
1775117506325728,-0.0938871,-0.0220726,-0.995338
1775117506345744,-0.0931836,-0.0228387,-0.995387
1775117506365745,-0.0943344,-0.0217708,-0.995302
1775117506385741,-0.0928816,-0.0234093,-0.995402
1775117506405739,-0.0936841,-0.0223175,-0.995352
1775117506425735,-0.0932106,-0.023023,-0.99538
1775117506445758,-0.0926603,-0.0239285,-0.99541
1775117506465730,-0.0943815,-0.0220485,-0.995292
1775117506485757,-0.0938033,-0.0218963,-0.99535
1775117506505740,-0.093839,-0.0219097,-0.995346
1775117506525742,-0.0935086,-0.0225866,-0.995362
1775117506545737,-0.0935906,-0.0226819,-0.995352
1775117506565747,-0.093689,-0.0226438,-0.995344
1775117506585739,-0.0937064,-0.0226122,-0.995343
1775117506605745,-0.0936416,-0.0223413,-0.995355
1775117506625753,-0.0920473,-0.0239822,-0.995466
1775117506645780,-0.0935349,-0.0221615,-0.995369
1775117506665780,-0.0932916,-0.0224947,-0.995385
1775117506685748,-0.0942397,-0.0216043,-0.995315
1775117506705738,-0.0928419,-0.0230149,-0.995415
1775117506725739,-0.0925727,-0.0230914,-0.995438
1775117506745730,-0.0930039,-0.0226594,-0.995408
1775117506765752,-0.093151,-0.022368,-0.995401
1775117506785736,-0.0920686,-0.023483,-0.995476
1775117506805732,-0.093068,-0.0226085,-0.995403
1775117506825731,-0.09287,-0.0230804,-0.995411
1775117506845731,-0.0931722,-0.0222495,-0.995401
1775117506865729,-0.0929374,-0.0223593,-0.995421
1775117506885730,-0.0926396,-0.0232651,-0.995428
1775117506905741,-0.0934237,-0.0221369,-0.99538
1775117506925740,-0.0933843,-0.0220392,-0.995386
1775117506945738,-0.0929763,-0.0231791,-0.995398
1775117506965734,-0.0928595,-0.0227208,-0.99542
1775117506985742,-0.0937476,-0.0227511,-0.995336
1775117507005743,-0.0918478,-0.0244366,-0.995473
1775117507025735,-0.0928524,-0.0238043,-0.995395
1775117507045737,-0.093969,-0.0219234,-0.995334
1775117507065744,-0.0933212,-0.0223988,-0.995384
1775117507085756,-0.0928194,-0.022423,-0.99543
1775117507105736,-0.0922292,-0.0235255,-0.99546
1775117507125730,-0.0928583,-0.0227834,-0.995419
1775117507145745,-0.0933938,-0.0218732,-0.995389
1775117507165739,-0.093791,-0.0222046,-0.995344
1775117507185745,-0.0930388,-0.0232361,-0.995391
1775117507205745,-0.0930749,-0.0224495,-0.995406
1775117507225732,-0.0926573,-0.023255,-0.995426
1775117507245735,-0.0929781,-0.0232603,-0.995396
1775117507265771,-0.0934293,-0.0226216,-0.995369
1775117507285739,-0.0935746,-0.0228776,-0.995349
1775117507305733,-0.0939405,-0.0222757,-0.995329
1775117507325730,-0.0936961,-0.0215741,-0.995367
1775117507345733,-0.0926095,-0.0234194,-0.995427
1775117507365734,-0.0916731,-0.0241853,-0.995495
1775117507385742,-0.0939669,-0.0222006,-0.995328
1775117507405731,-0.0939209,-0.0219323,-0.995338
1775117507425735,-0.0925379,-0.0237785,-0.995425
1775117507445795,-0.0930363,-0.0219393,-0.995421
1775117507465729,-0.0938317,-0.0216753,-0.995352
1775117507485733,-0.0943226,-0.021528,-0.995309
1775117507505735,-0.0938073,-0.0226824,-0.995332
1775117507525738,-0.0931731,-0.0227663,-0.99539
1775117507545735,-0.0924045,-0.0238506,-0.995436
1775117507565734,-0.0932215,-0.0219014,-0.995404
1775117507585734,-0.093493,-0.0223218,-0.99537
1775117507605735,-0.0944722,-0.0219674,-0.995285
1775117507625739,-0.0935545,-0.0224573,-0.995361
1775117507645741,-0.0928693,-0.0230356,-0.995412
1775117507665809,-0.0937624,-0.0219116,-0.995353
1775117507685743,-0.0930366,-0.0221593,-0.995416
1775117507705736,-0.0937845,-0.0219534,-0.99535
1775117507725734,-0.0928289,-0.0228792,-0.995419
1775117507745738,-0.0933111,-0.0218325,-0.995398
1775117507765734,-0.0933431,-0.0222137,-0.995386
1775117507785738,-0.0931728,-0.0223231,-0.9954
1775117507805737,-0.0940116,-0.0211928,-0.995346
1775117507825769,-0.0932075,-0.0222839,-0.995397
1775117507845741,-0.0928311,-0.0226156,-0.995425
1775117507865746,-0.0933853,-0.022058,-0.995386
1775117507885746,-0.0935299,-0.0223611,-0.995365
1775117507905741,-0.0928933,-0.0227991,-0.995415
1775117507925736,-0.0932825,-0.0230942,-0.995372
1775117507945828,-0.092795,-0.022532,-0.99543
1775117507965740,-0.0931798,-0.0229676,-0.995384
1775117507985744,-0.0931455,-0.0232084,-0.995382
1775117508005743,-0.0933099,-0.0220393,-0.995393
1775117508025745,-0.0934944,-0.0214005,-0.99539
1775117508045742,-0.0931844,-0.0222965,-0.995399
1775117508065742,-0.0932754,-0.02139,-0.995411
1775117508085747,-0.0934099,-0.0219653,-0.995385
1775117508105741,-0.0929809,-0.0228117,-0.995407
1775117508125741,-0.0936202,-0.0215426,-0.995375
1775117508145741,-0.0924493,-0.0232645,-0.995446
1775117508165885,-0.0932659,-0.0223201,-0.995391
1775117508200751,-0.0916246,-0.0248593,-0.995483
1775117508208600,-0.0943722,-0.0214364,-0.995306
1775117508225737,-0.0931654,-0.0222549,-0.995402
1775117508245735,-0.0943839,-0.0220437,-0.995292
1775117508265736,-0.0929684,-0.0223074,-0.995419
1775117508285730,-0.0928675,-0.0226104,-0.995422
1775117508305731,-0.0922079,-0.0234499,-0.995464
1775117508325740,-0.093087,-0.023027,-0.995392
1775117508345731,-0.092954,-0.0230242,-0.995404
1775117508365744,-0.0938278,-0.0226961,-0.99533
1775117508385741,-0.0931332,-0.022328,-0.995403
1775117508405740,-0.092808,-0.0235899,-0.995405
1775117508425741,-0.0936748,-0.0222168,-0.995355
1775117508445736,-0.0931077,-0.022667,-0.995398
1775117508465744,-0.0930825,-0.0226448,-0.995401
1775117508485743,-0.0934226,-0.022418,-0.995374
1775117508505740,-0.0936887,-0.0237214,-0.995319
1775117508525776,-0.0931707,-0.0226088,-0.995393
1775117508545742,-0.0925564,-0.0230393,-0.995441
1775117508565742,-0.0927465,-0.0229509,-0.995425
1775117508585740,-0.0928898,-0.0225817,-0.99542
1775117508605734,-0.0939267,-0.022,-0.995336
1775117508625731,-0.0930437,-0.0227839,-0.995401
1775117508645744,-0.0930446,-0.0223984,-0.99541
1775117508665734,-0.0931489,-0.023312,-0.995379
1775117508685733,-0.0934669,-0.0225069,-0.995368
1775117508705735,-0.0940788,-0.021548,-0.995332
1775117508725740,-0.0928112,-0.0226283,-0.995427
1775117508745740,-0.0918169,-0.0241783,-0.995482
1775117508765736,-0.093759,-0.021985,-0.995352
1775117508785785,-0.0928338,-0.0222591,-0.995433
1775117508805746,-0.0925289,-0.0225533,-0.995455
1775117508825731,-0.0929794,-0.0233952,-0.995393
1775117508845770,-0.0927382,-0.0221387,-0.995444
1775117508865752,-0.0930908,-0.0227277,-0.995398
1775117508885778,-0.0933212,-0.0223242,-0.995386
1775117508905738,-0.0922742,-0.0229788,-0.995468
1775117508925736,-0.0925356,-0.0233352,-0.995436
1775117508945733,-0.0929945,-0.0226623,-0.995409
1775117508965734,-0.0921435,-0.0234078,-0.995471
1775117508985733,-0.0924979,-0.0230116,-0.995447
1775117509005734,-0.0932569,-0.0218385,-0.995403
1775117509025736,-0.0934433,-0.0228081,-0.995363
1775117509045736,-0.0931373,-0.0231399,-0.995384
1775117509065737,-0.0924096,-0.0236304,-0.995441
1775117509085734,-0.0932913,-0.0227499,-0.995379
1775117509105732,-0.092422,-0.023181,-0.99545
1775117509125745,-0.0922031,-0.0234468,-0.995464
1775117509145744,-0.0929577,-0.0228218,-0.995408
1775117509165742,-0.0929567,-0.0224702,-0.995417
1775117509185738,-0.0928174,-0.0232547,-0.995412
1775117509205731,-0.0924587,-0.0233479,-0.995443
1775117509225735,-0.0932086,-0.0229242,-0.995383
1775117509245729,-0.0928949,-0.0232383,-0.995405
1775117509265739,-0.0935039,-0.0228769,-0.995356
1775117509285742,-0.0926335,-0.0228799,-0.995437
1775117509305732,-0.0924096,-0.0234968,-0.995444
1775117509325733,-0.0939618,-0.0216522,-0.99534
1775117509345740,-0.092671,-0.0229108,-0.995433
1775117509365736,-0.0931223,-0.0224114,-0.995402
1775117509385733,-0.0937617,-0.0223743,-0.995343
1775117509405729,-0.0937118,-0.0223779,-0.995348
1775117509425729,-0.0928052,-0.0233092,-0.995411
1775117509445737,-0.0933855,-0.0224144,-0.995378
1775117509465737,-0.0938038,-0.0219594,-0.995349
1775117509486086,-0.0937631,-0.021814,-0.995356
1775117509505737,-0.0934032,-0.0219982,-0.995385
1775117509525735,-0.0921634,-0.0236125,-0.995464
1775117509545742,-0.092746,-0.0238346,-0.995404
1775117509565741,-0.093411,-0.0217,-0.995391
1775117509585785,-0.092587,-0.0235072,-0.995427
1775117509605743,-0.0939659,-0.0214734,-0.995344
1775117509625743,-0.09326,-0.0225825,-0.995386
1775117509645740,-0.0928339,-0.0227701,-0.995421
1775117509665749,-0.0928278,-0.0223263,-0.995432
1775117509685744,-0.0925778,-0.0238863,-0.995419
1775117509705734,-0.0931221,-0.0228685,-0.995392
1775117509725745,-0.0920886,-0.0242273,-0.995456
1775117509745735,-0.0935359,-0.0221446,-0.99537
1775117509765733,-0.0933527,-0.0223265,-0.995383
1775117509785732,-0.0925521,-0.0229572,-0.995443
1775117509805743,-0.0922404,-0.0234512,-0.995461
1775117509825739,-0.0931407,-0.0225921,-0.995397
1775117509845743,-0.0928091,-0.0224917,-0.99543
1775117509865734,-0.0923019,-0.0236496,-0.99545
1775117509885739,-0.0918277,-0.024135,-0.995482
1775117509905728,-0.0934656,-0.0222684,-0.995373
1775117509925729,-0.0921081,-0.0248002,-0.99544
1775117509945738,-0.0924696,-0.0229054,-0.995452
1775117509965737,-0.0930631,-0.0225079,-0.995406
1775117509985734,-0.0926323,-0.0229813,-0.995435
1775117510005737,-0.0918299,-0.0241809,-0.995481
1775117510025731,-0.0923194,-0.0234834,-0.995452
1775117510045733,-0.0939799,-0.0216001,-0.99534
1775117510065738,-0.0924825,-0.023259,-0.995443
1775117510085744,-0.0930136,-0.0225592,-0.995409
1775117510105737,-0.0939405,-0.0217678,-0.99534
1775117510125730,-0.0931685,-0.0227539,-0.99539
1775117510145740,-0.0915844,-0.0243737,-0.995499
1775117510165741,-0.0924815,-0.0227854,-0.995454
1775117510185751,-0.0931205,-0.0232496,-0.995383
1775117510205738,-0.091764,-0.0240939,-0.995489
1775117510225749,-0.0938469,-0.0222528,-0.995338
1775117510245729,-0.0925536,-0.0233498,-0.995434
1775117510265737,-0.0932011,-0.0224222,-0.995395
1775117510285727,-0.093707,-0.022628,-0.995343
1775117510305734,-0.0930702,-0.02294,-0.995395
1775117510325732,-0.0925604,-0.024052,-0.995417
1775117510345729,-0.0917424,-0.0243948,-0.995484
1775117510365733,-0.0927638,-0.0227763,-0.995428
1775117510385731,-0.092238,-0.0241739,-0.995444
1775117510405739,-0.0934847,-0.0219374,-0.995379
1775117510425754,-0.0923139,-0.0241193,-0.995438
1775117510445734,-0.0930313,-0.0221349,-0.995417
1775117510465728,-0.0922641,-0.0242871,-0.995438
1775117510485731,-0.0927854,-0.0226686,-0.995428
1775117510505733,-0.0936385,-0.0220076,-0.995363
1775117510525734,-0.0931115,-0.0218601,-0.995416
1775117510545733,-0.0931751,-0.0233876,-0.995375
1775117510565741,-0.0922403,-0.0234467,-0.995461
1775117510585732,-0.0936702,-0.0217838,-0.995365
1775117510605734,-0.0920619,-0.0236209,-0.995473
1775117510625730,-0.0936347,-0.0218976,-0.995366
1775117510645730,-0.0930481,-0.0231313,-0.995393
1775117510665729,-0.0940772,-0.021524,-0.995332
1775117510685759,-0.0928306,-0.0224304,-0.995429
1775117510705749,-0.092814,-0.0226672,-0.995425
1775117510725736,-0.0929958,-0.0224319,-0.995414
1775117510745743,-0.092394,-0.02346,-0.995446
1775117510765735,-0.0934034,-0.0228846,-0.995365
1775117510785731,-0.0935889,-0.0224678,-0.995357
1775117510805729,-0.0931719,-0.0218023,-0.995411
1775117510825731,-0.0925689,-0.0235389,-0.995428
1775117510845737,-0.092593,-0.0227179,-0.995445
1775117510865734,-0.0919176,-0.0235157,-0.995489
1775117510885735,-0.09383,-0.0218657,-0.995348
1775117510905736,-0.0925857,-0.0228215,-0.995443
1775117510925747,-0.0924592,-0.023959,-0.995428
1775117510945746,-0.0924369,-0.0231033,-0.99545
1775117510965736,-0.0914483,-0.0253062,-0.995488
1775117510985741,-0.0932105,-0.0226724,-0.995388
1775117511005780,-0.0927967,-0.0227856,-0.995424
1775117511025768,-0.0932518,-0.0224009,-0.995391
1775117511045740,-0.0924968,-0.0240654,-0.995422
1775117511065742,-0.0919837,-0.0238223,-0.995476
1775117511085745,-0.0920742,-0.0244632,-0.995452
1775117511105750,-0.0939679,-0.0218178,-0.995336
1775117511125744,-0.0930708,-0.0225214,-0.995405
1775117511145744,-0.0932863,-0.0222626,-0.99539
1775117511165742,-0.0930487,-0.0227206,-0.995402
1775117511185762,-0.0918221,-0.0242752,-0.995479
1775117511205735,-0.093002,-0.0224891,-0.995412
1775117511225732,-0.0918883,-0.0242165,-0.995475
1775117511245735,-0.0924357,-0.0238001,-0.995434
1775117511265733,-0.0925219,-0.0236708,-0.995429
1775117511285743,-0.0923358,-0.0234398,-0.995452
1775117511305737,-0.0915594,-0.0251921,-0.995481
1775117511325739,-0.0925417,-0.0241568,-0.995416
1775117511345736,-0.0926327,-0.0234508,-0.995424
1775117511365735,-0.0927152,-0.0233989,-0.995418
1775117511385735,-0.0916275,-0.0243677,-0.995495
1775117511405729,-0.091684,-0.0241801,-0.995495
1775117511425705,-0.0927237,-0.0231104,-0.995424
1775117511445739,-0.0924814,-0.0229003,-0.995451
1775117511465738,-0.0925783,-0.0235153,-0.995428
1775117511485741,-0.0933424,-0.0227133,-0.995375
1775117511505738,-0.0924069,-0.0234586,-0.995445
1775117511525738,-0.0930143,-0.0229257,-0.995401
1775117511545752,-0.092518,-0.0235539,-0.995432
1775117511565742,-0.0929529,-0.0235512,-0.995392
1775117511585738,-0.09319,-0.0222611,-0.995399
1775117511605737,-0.0923791,-0.0235606,-0.995445
1775117511625747,-0.0921073,-0.0241771,-0.995456
1775117511645749,-0.0924548,-0.023206,-0.995446
1775117511665741,-0.0924628,-0.024351,-0.995418
1775117511685736,-0.0929653,-0.0227063,-0.99541
1775117511705745,-0.0932621,-0.0225635,-0.995386
1775117511725731,-0.0933238,-0.0225794,-0.99538
1775117511745732,-0.0914649,-0.02453,-0.995506
1775117511765837,-0.0924824,-0.0230171,-0.995448
1775117511785732,-0.0922442,-0.0240326,-0.995446
1775117511805734,-0.0921303,-0.0243433,-0.995449
1775117511825737,-0.0921423,-0.0238888,-0.995459
1775117511845733,-0.0931868,-0.0228291,-0.995387
1775117511865735,-0.0924085,-0.0235345,-0.995443
1775117511885732,-0.0924581,-0.0239654,-0.995428
1775117511905730,-0.0932385,-0.0228747,-0.995381
1775117511925732,-0.0922939,-0.0244068,-0.995433
1775117511945730,-0.0937849,-0.0227378,-0.995333
1775117511965737,-0.0937564,-0.0222915,-0.995346
1775117511985734,-0.0930172,-0.0238691,-0.995378
1775117512005733,-0.0937256,-0.0232248,-0.995327
1775117512025732,-0.0926226,-0.0240919,-0.99541
1775117512045737,-0.0932895,-0.0228182,-0.995378
1775117512065737,-0.0934829,-0.0228044,-0.99536
1775117512085740,-0.0924499,-0.0238128,-0.995433
1775117512105739,-0.0920174,-0.0240086,-0.995468
1775117512125741,-0.0919485,-0.024159,-0.995471
1775117512145744,-0.0929207,-0.0231639,-0.995404
1775117512165739,-0.0931264,-0.0225223,-0.9954
1775117512185740,-0.0923609,-0.0240522,-0.995435
1775117512205734,-0.0917622,-0.0247482,-0.995473
1775117512225741,-0.0928603,-0.0228348,-0.995417
1775117512245749,-0.0927056,-0.0241395,-0.995401
1775117512265740,-0.0933042,-0.0226296,-0.99538
1775117512285740,-0.0924572,-0.023461,-0.99544
1775117512305770,-0.0915997,-0.0241505,-0.995503
1775117512325730,-0.0927757,-0.0234195,-0.995412
1775117512345999,-0.0930269,-0.0237108,-0.995381
1775117512365731,-0.0922202,-0.0239715,-0.99545
1775117512385773,-0.093067,-0.0226895,-0.995401
1775117512405738,-0.0931748,-0.0231421,-0.995381
1775117512425736,-0.0935514,-0.0224962,-0.99536
1775117512445736,-0.0927441,-0.0229755,-0.995425
1775117512465739,-0.0921154,-0.0237397,-0.995465
1775117512485740,-0.0924868,-0.0237946,-0.99543
1775117512505740,-0.0935925,-0.0229375,-0.995346
1775117512525739,-0.0929169,-0.0232925,-0.995401
1775117512545743,-0.0932835,-0.0226035,-0.995383
1775117512565739,-0.093584,-0.0228313,-0.99535
1775117512585959,-0.0922424,-0.0240249,-0.995447
1775117512635304,-0.0934889,-0.0219751,-0.995378
1775117512636320,-0.0934889,-0.0219751,-0.995378
1775117512645738,-0.092301,-0.0244622,-0.995431
1775117512665788,-0.0935033,-0.0230694,-0.995352
1775117512685746,-0.092778,-0.022764,-0.995427
1775117512705740,-0.0927172,-0.0239642,-0.995404
1775117512725742,-0.0932585,-0.0228985,-0.995379
1775117512745861,-0.0917843,-0.0243152,-0.995482
1775117512765740,-0.0925866,-0.0233306,-0.995431
1775117512785736,-0.0927948,-0.0232428,-0.995414
1775117512805729,-0.093511,-0.0233438,-0.995345
1775117512825730,-0.0929031,-0.0230574,-0.995408
1775117512845740,-0.0934023,-0.0234753,-0.995352
1775117512865729,-0.0933745,-0.0234183,-0.995356
1775117512885706,-0.092504,-0.024682,-0.995406
1775117512905745,-0.0927368,-0.0242063,-0.995396
1775117512925737,-0.092708,-0.023732,-0.99541
1775117512945739,-0.0917784,-0.024999,-0.995466
1775117512965732,-0.0927936,-0.0240688,-0.995394
1775117512985742,-0.0920704,-0.0238698,-0.995466
1775117513005741,-0.0929563,-0.0235648,-0.995391
1775117513025737,-0.0920526,-0.0241913,-0.99546
1775117513045737,-0.0924852,-0.0234313,-0.995438
1775117513065746,-0.093371,-0.0231544,-0.995362
1775117513085742,-0.0921311,-0.0240067,-0.995457
1775117513105742,-0.0926351,-0.0238962,-0.995413
1775117513125744,-0.0926069,-0.0243764,-0.995404
1775117513145739,-0.0937921,-0.0228197,-0.99533
1775117513165748,-0.0928025,-0.0232875,-0.995412
1775117513185734,-0.0927119,-0.0246018,-0.995389
1775117513205733,-0.0922984,-0.0237817,-0.995447
1775117513225742,-0.0922129,-0.0243987,-0.99544
1775117513245736,-0.0932686,-0.0234517,-0.995365
1775117513265735,-0.0924009,-0.0235076,-0.995444
1775117513285729,-0.0926507,-0.0235365,-0.99542
1775117513305733,-0.0924046,-0.0234233,-0.995446
1775117513325731,-0.0928006,-0.0239543,-0.995397
1775117513345731,-0.0929718,-0.0234456,-0.995393
1775117513365731,-0.0936893,-0.0223987,-0.995349
1775117513385737,-0.0934289,-0.0238538,-0.99534
1775117513405737,-0.0931565,-0.0239628,-0.995363
1775117513425783,-0.0919215,-0.0243345,-0.995469
1775117513445737,-0.0934765,-0.0228351,-0.99536
1775117513465729,-0.0926902,-0.0239008,-0.995408
1775117513485719,-0.0924453,-0.0242033,-0.995424
1775117513505733,-0.0920836,-0.0245958,-0.995447
1775117513525734,-0.0922869,-0.0234685,-0.995456
1775117513545738,-0.0927143,-0.0247865,-0.995384
1775117513565743,-0.0926562,-0.0236812,-0.995417
1775117513585740,-0.0922109,-0.0243698,-0.995441
1775117513605733,-0.0922736,-0.0239232,-0.995446
1775117513625781,-0.0921971,-0.0245615,-0.995438
1775117513645735,-0.0927872,-0.0238195,-0.995401
1775117513665743,-0.0918424,-0.0243119,-0.995477
1775117513685743,-0.0927945,-0.0236195,-0.995405
1775117513705742,-0.0928068,-0.0237627,-0.995401
1775117513725741,-0.0930685,-0.0236767,-0.995378
1775117513745730,-0.0929766,-0.0239551,-0.99538
1775117513765737,-0.0919497,-0.0247429,-0.995456
1775117513785731,-0.0928909,-0.0229435,-0.995412
1775117513805734,-0.0926803,-0.0235097,-0.995418
1775117513825729,-0.093037,-0.0249706,-0.995349
1775117513845731,-0.0922386,-0.024125,-0.995445
1775117513865734,-0.0926685,-0.0244056,-0.995398
1775117513885733,-0.0936307,-0.0228429,-0.995345
1775117513905739,-0.0929331,-0.0240449,-0.995382
1775117513925734,-0.0925821,-0.0237137,-0.995423
1775117513945740,-0.0932827,-0.0225012,-0.995385
1775117513965734,-0.0919666,-0.0239694,-0.995474
1775117513985738,-0.0929179,-0.0234669,-0.995397
1775117514005740,-0.0937496,-0.0224894,-0.995342
1775117514025739,-0.0927757,-0.0240676,-0.995396
1775117514045735,-0.0928478,-0.0239778,-0.995392
1775117514065743,-0.0921338,-0.0243976,-0.995448
1775117514085739,-0.0922023,-0.0240265,-0.99545
1775117514105742,-0.0932736,-0.0230296,-0.995374
1775117514125741,-0.0924184,-0.0241771,-0.995427
1775117514145740,-0.0928172,-0.0240494,-0.995393
1775117514165743,-0.092886,-0.0239111,-0.99539
1775117514185805,-0.0932805,-0.0228521,-0.995378
1775117514205738,-0.0929238,-0.0234192,-0.995398
1775117514225740,-0.0934022,-0.0235436,-0.99535
1775117514245733,-0.0928884,-0.0233919,-0.995402
1775117514265732,-0.0928494,-0.0252325,-0.99536
1775117514285741,-0.093199,-0.0230422,-0.995381
1775117514305736,-0.0922296,-0.0245787,-0.995434
1775117514325736,-0.092943,-0.0242987,-0.995375
1775117514345742,-0.0931263,-0.0226826,-0.995396
1775117514365732,-0.0927402,-0.0240262,-0.9954
1775117514385741,-0.0928482,-0.0238597,-0.995394
1775117514405743,-0.0919105,-0.024761,-0.995459
1775117514425774,-0.0932009,-0.02325,-0.995376
1775117514445736,-0.0925631,-0.0234782,-0.99543
1775117514465834,-0.093414,-0.0233906,-0.995353
1775117514485735,-0.0925092,-0.0239634,-0.995423
1775117514505770,-0.0932307,-0.0240766,-0.995353
1775117514525739,-0.0941073,-0.0226091,-0.995305
1775117514545744,-0.0925145,-0.024706,-0.995405
1775117514565748,-0.0930058,-0.0238898,-0.995379
1775117514585737,-0.092624,-0.024308,-0.995404
1775117514605937,-0.0914467,-0.0247883,-0.995501
1775117514625738,-0.0927095,-0.0242161,-0.995399
1775117514645737,-0.093099,-0.0244349,-0.995357
1775117514665743,-0.0918483,-0.0243721,-0.995475
1775117514685740,-0.0922977,-0.0241324,-0.995439
1775117514705732,-0.0927646,-0.0234128,-0.995413
1775117514725732,-0.0930074,-0.0237231,-0.995383
1775117514745733,-0.0938726,-0.022808,-0.995323
1775117514765733,-0.0933803,-0.0235038,-0.995353
1775117514785733,-0.0930331,-0.0244817,-0.995362
1775117514805730,-0.0930677,-0.0235833,-0.99538
1775117514825733,-0.0926702,-0.0240028,-0.995408
1775117514845728,-0.0922853,-0.0246792,-0.995427
1775117514865732,-0.0927546,-0.0242244,-0.995394
1775117514885731,-0.0917597,-0.0244754,-0.99548
1775117514905745,-0.0918981,-0.0245447,-0.995466
1775117514925744,-0.0926131,-0.0239359,-0.995414
1775117514945750,-0.0924319,-0.0244007,-0.99542
1775117514965733,-0.0920905,-0.0240198,-0.995461
1775117514985736,-0.0923965,-0.0241327,-0.99543
1775117515005732,-0.0921885,-0.0238124,-0.995457
1775117515025731,-0.0938392,-0.0229646,-0.995322
1775117515045735,-0.0928454,-0.0239214,-0.995393
1775117515065739,-0.0928665,-0.0242145,-0.995384
1775117515085739,-0.0928725,-0.0236482,-0.995397
1775117515105734,-0.0924573,-0.024581,-0.995413
1775117515125741,-0.0922393,-0.0244532,-0.995437
1775117515145743,-0.0926019,-0.0237162,-0.995421
1775117515165740,-0.0924914,-0.0234668,-0.995437
1775117515185737,-0.0926006,-0.0242628,-0.995408
1775117515205748,-0.092762,-0.0241106,-0.995396
1775117515225729,-0.0922431,-0.0246979,-0.99543
1775117515245732,-0.0925394,-0.0235213,-0.995431
1775117515265736,-0.0929578,-0.0240244,-0.99538
1775117515285732,-0.0929073,-0.0242666,-0.995379
1775117515305736,-0.0937308,-0.0225308,-0.995343
1775117515325738,-0.0934139,-0.0227232,-0.995368
1775117515345730,-0.0928786,-0.0238565,-0.995392
1775117515365736,-0.0930729,-0.0251441,-0.995342
1775117515385743,-0.0927301,-0.024399,-0.995392
1775117515405742,-0.092222,-0.024541,-0.995436
1775117515425739,-0.092563,-0.0237768,-0.995423
1775117515445737,-0.0937186,-0.0235822,-0.995319
1775117515465732,-0.0922859,-0.0242875,-0.995436
1775117515485738,-0.0930541,-0.0241256,-0.995369
1775117515505740,-0.0926705,-0.0243712,-0.995399
1775117515525736,-0.0924907,-0.0243545,-0.995416
1775117515545739,-0.0924982,-0.0244007,-0.995414
1775117515565740,-0.0923008,-0.0244225,-0.995432
1775117515585741,-0.0938019,-0.0240277,-0.995301
1775117515605745,-0.0933029,-0.0242971,-0.995341
1775117515625774,-0.0937982,-0.0242351,-0.995296
1775117515645748,-0.092696,-0.0241988,-0.9954
1775117515665743,-0.0926105,-0.0242308,-0.995408
1775117515685736,-0.0932402,-0.0239429,-0.995356
1775117515705735,-0.0932464,-0.024176,-0.99535
1775117515725741,-0.0928294,-0.0236249,-0.995402
1775117515745743,-0.0927189,-0.0247561,-0.995385
1775117515765734,-0.0926824,-0.0238868,-0.995409
1775117515785740,-0.092187,-0.0245105,-0.99544
1775117515805732,-0.0925382,-0.0239349,-0.995421
1775117515825731,-0.0933231,-0.0226354,-0.995379
1775117515845735,-0.0922631,-0.0244536,-0.995434
1775117515865735,-0.0938132,-0.0235092,-0.995312
1775117515885735,-0.0928249,-0.0238029,-0.995398
1775117515905737,-0.0922408,-0.024905,-0.995425
1775117515925737,-0.0932758,-0.0237498,-0.995357
1775117515945771,-0.0926189,-0.023883,-0.995415
1775117515965745,-0.0930174,-0.0238037,-0.99538
1775117515985743,-0.0933174,-0.0242171,-0.995342
1775117516005740,-0.0930806,-0.0236212,-0.995378
1775117516025741,-0.0927962,-0.0242203,-0.99539
1775117516045754,-0.093326,-0.0242285,-0.995341
1775117516065734,-0.0921536,-0.0243513,-0.995447
1775117516085735,-0.0929939,-0.0238901,-0.99538
1775117516105737,-0.0930921,-0.0237287,-0.995375
1775117516125744,-0.0931082,-0.0235747,-0.995377
1775117516145886,-0.0925141,-0.0246251,-0.995407
1775117516165734,-0.0934949,-0.0236706,-0.995338
1775117516185741,-0.0931522,-0.0233674,-0.995378
1775117516205732,-0.0924218,-0.023848,-0.995434
1775117516225733,-0.0928397,-0.0239299,-0.995393
1775117516245731,-0.0924343,-0.0240418,-0.995428
1775117516265731,-0.0923591,-0.0241109,-0.995434
1775117516285734,-0.092517,-0.0239477,-0.995423
1775117516305724,-0.0926661,-0.0238257,-0.995412
1775117516325740,-0.0923803,-0.023717,-0.995441
1775117516345745,-0.0936647,-0.0236236,-0.995323
1775117516365740,-0.0925241,-0.0235658,-0.995432
1775117516385738,-0.0926745,-0.0240513,-0.995406
1775117516405739,-0.0928058,-0.0247053,-0.995378
1775117516425737,-0.0931432,-0.0236213,-0.995372
1775117516445739,-0.0928218,-0.023806,-0.995398
1775117516465737,-0.0924762,-0.024897,-0.995404
1775117516485739,-0.0929627,-0.0237857,-0.995385
1775117516505744,-0.093109,-0.0246369,-0.995351
1775117516525737,-0.0930318,-0.0238402,-0.995378
1775117516545736,-0.0927849,-0.0240265,-0.995396
1775117516565739,-0.0928175,-0.0234196,-0.995408
1775117516585734,-0.0928475,-0.0239794,-0.995392
1775117516605737,-0.092577,-0.0243076,-0.995409
1775117516625732,-0.0928927,-0.02444,-0.995376
1775117516645733,-0.093171,-0.0239873,-0.995361
1775117516665740,-0.0931986,-0.024324,-0.99535
1775117516685741,-0.0928839,-0.024944,-0.995364
1775117516705738,-0.0933498,-0.0241319,-0.995341
1775117516726072,-0.0929936,-0.0239782,-0.995378
1775117516745730,-0.0933718,-0.0239216,-0.995344
1775117516765731,-0.0931391,-0.0243188,-0.995356
1775117516785729,-0.0926962,-0.0239338,-0.995407
1775117516805729,-0.0929485,-0.0242333,-0.995376
1775117516825731,-0.0932124,-0.0237417,-0.995363
1775117516845730,-0.0927463,-0.0240117,-0.9954
1775117516865731,-0.0923767,-0.024352,-0.995426
1775117516885735,-0.0921625,-0.0248614,-0.995434
1775117516905734,-0.0931193,-0.0240767,-0.995364
1775117516925729,-0.0928063,-0.0237547,-0.995401
1775117516945736,-0.092143,-0.0248809,-0.995435
1775117516965731,-0.0930026,-0.0238076,-0.995381
1775117516985734,-0.0926579,-0.0246498,-0.995393
1775117517005736,-0.0930627,-0.0240903,-0.995369
1775117517025737,-0.0921662,-0.0245055,-0.995442
1775117517045739,-0.0928958,-0.0245058,-0.995374
1775117517065739,-0.0930231,-0.0238218,-0.995379
1775117517085745,-0.092643,-0.024207,-0.995405
1775117517105744,-0.0929289,-0.0240578,-0.995382
1775117517125748,-0.0931354,-0.0237675,-0.99537
1775117517145746,-0.0929133,-0.0238107,-0.995389
1775117517165750,-0.0929275,-0.0246628,-0.995367
1775117517185741,-0.0928409,-0.0242609,-0.995385
1775117517205738,-0.0930807,-0.0241799,-0.995365
1775117517225744,-0.0928332,-0.0235929,-0.995402
1775117517245738,-0.0929306,-0.0246974,-0.995366
1775117517265738,-0.0924943,-0.0243716,-0.995415
1775117517285736,-0.0923877,-0.0247159,-0.995416
1775117517305734,-0.0931365,-0.0239124,-0.995366
1775117517325733,-0.0931072,-0.0233784,-0.995382
1775117517345731,-0.0926628,-0.0237432,-0.995414
1775117517365735,-0.0930702,-0.0245317,-0.995357
1775117517385735,-0.0927047,-0.024115,-0.995402
1775117517405735,-0.0924175,-0.0239356,-0.995433
1775117517425738,-0.0921448,-0.0239704,-0.995457
1775117517445732,-0.0931767,-0.0236981,-0.995368
1775117517465779,-0.0928361,-0.0248455,-0.995371
1775117517485738,-0.092435,-0.024671,-0.995413
1775117517505737,-0.092205,-0.0246369,-0.995435
1775117517525735,-0.0924951,-0.0242639,-0.995417
1775117517545735,-0.0928815,-0.0243939,-0.995378
1775117517565761,-0.0929886,-0.0241923,-0.995373
1775117517585740,-0.0930062,-0.0245726,-0.995362
1775117517605735,-0.0927786,-0.0244503,-0.995387
1775117517625749,-0.092068,-0.0241646,-0.995459
1775117517645739,-0.092849,-0.0239003,-0.995393
1775117517665742,-0.0928267,-0.0238617,-0.995396
1775117517685735,-0.0930934,-0.0237829,-0.995373
1775117517705733,-0.0928633,-0.024697,-0.995373
1775117517725734,-0.0926985,-0.0234072,-0.995419
1775117517745734,-0.0933841,-0.0240402,-0.99534
1775117517765735,-0.0927574,-0.0238453,-0.995403
1775117517785741,-0.0924512,-0.0246216,-0.995413
1775117517805734,-0.0936275,-0.0241429,-0.995315
1775117517825734,-0.0928407,-0.0245016,-0.995379
1775117517845736,-0.0926985,-0.0240032,-0.995405
1775117517865733,-0.0928012,-0.0245188,-0.995383
1775117517885731,-0.0925743,-0.0245322,-0.995404
1775117517905739,-0.0932971,-0.0236581,-0.995357
1775117517925731,-0.0930005,-0.0241672,-0.995373
1775117517945737,-0.0930666,-0.0241403,-0.995367
1775117517965734,-0.0934318,-0.0243733,-0.995327
1775117517985741,-0.092983,-0.0243371,-0.99537
1775117518005740,-0.0928547,-0.0240334,-0.99539
1775117518025743,-0.0919312,-0.0247942,-0.995457
1775117518045744,-0.0923977,-0.0238696,-0.995436
1775117518065733,-0.0925926,-0.0243463,-0.995406
1775117518085741,-0.0930646,-0.0234541,-0.995384
1775117518105740,-0.093647,-0.0236795,-0.995324
1775117518125700,-0.0925184,-0.0241256,-0.995419
1775117518145733,-0.0926701,-0.0248218,-0.995387
1775117518165743,-0.0924098,-0.0241375,-0.995428
1775117518185743,-0.0931085,-0.0246575,-0.995351
1775117518205744,-0.0929418,-0.0239419,-0.995384
1775117518225743,-0.0925476,-0.0242938,-0.995412
1775117518245739,-0.092482,-0.0244226,-0.995415
1775117518265732,-0.0931687,-0.0241682,-0.995357
1775117518285734,-0.0929079,-0.0239167,-0.995387
1775117518305732,-0.0926239,-0.0241359,-0.995409
1775117518325734,-0.0928135,-0.0242466,-0.995388
1775117518345736,-0.0933335,-0.0242959,-0.995338
1775117518365752,-0.0929604,-0.0238233,-0.995385
1775117518385731,-0.0923422,-0.0242391,-0.995432
1775117518405735,-0.0926179,-0.0244007,-0.995403
1775117518425730,-0.0927723,-0.0246923,-0.995381
1775117518445729,-0.0930286,-0.0245071,-0.995362
1775117518465738,-0.0927703,-0.0238928,-0.995401
1775117518485731,-0.091876,-0.0239916,-0.995481
1775117518505736,-0.0924776,-0.024418,-0.995415
1775117518525784,-0.0926324,-0.0243798,-0.995402
1775117518545744,-0.0925997,-0.0243346,-0.995406
1775117518565743,-0.0924694,-0.0243154,-0.995419
1775117518585742,-0.0923181,-0.0246431,-0.995425
1775117518605742,-0.0929452,-0.0251648,-0.995353
1775117518625762,-0.0925493,-0.0239311,-0.99542
1775117518645745,-0.0926012,-0.0242738,-0.995407
1775117518665746,-0.0924043,-0.0239763,-0.995433
1775117518685745,-0.0918651,-0.0245764,-0.995468
1775117518705738,-0.0928838,-0.024257,-0.995381
1775117518725723,-0.0930758,-0.0236077,-0.995379
1775117518745734,-0.0930489,-0.0237095,-0.995379
1775117518765736,-0.0930022,-0.0237652,-0.995382
1775117518785734,-0.0924962,-0.024086,-0.995422
1775117518805731,-0.0938816,-0.0237619,-0.9953
1775117518825730,-0.0926681,-0.0240629,-0.995406
1775117518845807,-0.0926362,-0.0250576,-0.995385
1775117518865731,-0.0932038,-0.0240488,-0.995357
1775117518885736,-0.0936571,-0.0235511,-0.995326
1775117518905734,-0.0927464,-0.0240251,-0.9954
1775117518925745,-0.0926907,-0.0242469,-0.9954
1775117518945738,-0.092753,-0.0237516,-0.995406
1775117518965742,-0.0927343,-0.0246054,-0.995387
1775117518985740,-0.0931907,-0.0243547,-0.99535
1775117519005734,-0.09292,-0.0241512,-0.995381
1775117519025736,-0.0929711,-0.0235513,-0.99539
1775117519045745,-0.0931183,-0.0244605,-0.995355
1775117519065735,-0.0929801,-0.023754,-0.995385
1775117519085758,-0.092591,-0.0244779,-0.995403
1775117519105746,-0.0937106,-0.023946,-0.995311
1775117519125744,-0.0934665,-0.0241625,-0.995329
1775117519145749,-0.0922548,-0.024617,-0.995431
1775117519165741,-0.0931421,-0.0238401,-0.995367
1775117519185737,-0.0931193,-0.0242395,-0.99536
1775117519205728,-0.0926748,-0.0242565,-0.995401
1775117519225731,-0.0931869,-0.0236943,-0.995367
1775117519245735,-0.0920218,-0.0244953,-0.995456
1775117519265740,-0.0929385,-0.0240874,-0.99538
1775117519285731,-0.0925306,-0.024192,-0.995416
1775117519305743,-0.0918058,-0.0248208,-0.995468
1775117519325741,-0.0926068,-0.024337,-0.995405
1775117519345736,-0.0925246,-0.0239019,-0.995423
1775117519365739,-0.0931124,-0.0250556,-0.99534
1775117519385740,-0.0934637,-0.0237171,-0.99534
1775117519405708,-0.0930379,-0.0241435,-0.99537
1775117519425742,-0.0929539,-0.0243411,-0.995373
1775117519445730,-0.0923965,-0.0243678,-0.995424
1775117519465732,-0.0931103,-0.0244125,-0.995356
1775117519485730,-0.0927996,-0.0240792,-0.995394
1775117519505729,-0.0929548,-0.0245706,-0.995367
1775117519525716,-0.0928216,-0.0244386,-0.995383
1775117519545741,-0.0928178,-0.0238408,-0.995398
1775117519565747,-0.093005,-0.0248344,-0.995356
1775117519585783,-0.0925162,-0.0242635,-0.995416
1775117519605733,-0.0923192,-0.0248819,-0.995419
1775117519625741,-0.0934861,-0.0243248,-0.995323
1775117519645890,-0.0916508,-0.0249337,-0.995479
1775117519668032,-0.092095,-0.0245378,-0.995448
1775117519685739,-0.0940798,-0.0231861,-0.995295
1775117519705736,-0.092752,-0.0240431,-0.995399
1775117519725734,-0.0933165,-0.0236464,-0.995356
1775117519745734,-0.0925195,-0.0250016,-0.995397
1775117519765738,-0.093119,-0.0241978,-0.995361
1775117519785736,-0.091852,-0.0252512,-0.995452
1775117519805733,-0.0925136,-0.0243265,-0.995414
1775117519825737,-0.0927344,-0.0237977,-0.995406
1775117519845741,-0.0929014,-0.0241297,-0.995383
1775117519865736,-0.092356,-0.0244137,-0.995427
1775117519885776,-0.0934229,-0.0234915,-0.995349
1775117519905736,-0.0921407,-0.0250238,-0.995432
1775117519925729,-0.093141,-0.0232293,-0.995382
1775117519945731,-0.0922555,-0.0244999,-0.995434
1775117519965747,-0.0932889,-0.0245455,-0.995336
1775117519985742,-0.0929468,-0.024034,-0.995381
1775117520005744,-0.0927671,-0.0246919,-0.995382
1775117520025744,-0.0930181,-0.0241991,-0.99537
1775117520045737,-0.0921238,-0.0241371,-0.995455
1775117520065741,-0.0926328,-0.024343,-0.995403
1775117520085741,-0.0924647,-0.0247534,-0.995408
1775117520105747,-0.0924114,-0.0247931,-0.995412
1775117520125742,-0.0920986,-0.0244766,-0.995449
1775117520145760,-0.091602,-0.0250956,-0.995479
1775117520198903,-0.0922678,-0.0252525,-0.995414
1775117520230250,-0.0926329,-0.0239653,-0.995412
1775117520231187,-0.0926329,-0.0239653,-0.995412
1775117520231982,-0.0926329,-0.0239653,-0.995412
1775117520245731,-0.0918948,-0.0248308,-0.995459
1775117520265732,-0.0927402,-0.0244391,-0.99539
1775117520285733,-0.0924216,-0.0247027,-0.995413
1775117520305745,-0.092532,-0.0239225,-0.995422
1775117520325742,-0.0927171,-0.0246306,-0.995388
1775117520345746,-0.0916403,-0.0253834,-0.995469
1775117520365733,-0.0922621,-0.0240032,-0.995445
1775117520385748,-0.0928039,-0.0237857,-0.9954
1775117520405731,-0.0925705,-0.0240146,-0.995416
1775117520425735,-0.093021,-0.0236758,-0.995383
1775117520445743,-0.0930758,-0.0242326,-0.995364
1775117520465734,-0.0924513,-0.0239264,-0.99543
1775117520485740,-0.0925365,-0.0243476,-0.995412
1775117520505746,-0.0925535,-0.023988,-0.995419
1775117520525742,-0.0929252,-0.0242222,-0.995378
1775117520545739,-0.092472,-0.0239193,-0.995428
1775117520565743,-0.0923092,-0.0240725,-0.995439
1775117520585734,-0.0924817,-0.0241954,-0.99542
1775117520605736,-0.09254,-0.0243763,-0.995411
1775117520625739,-0.0923739,-0.0252144,-0.995405
1775117520645731,-0.0923027,-0.0244189,-0.995432
1775117520665734,-0.0925796,-0.0243714,-0.995407
1775117520685730,-0.0919023,-0.0246508,-0.995463
1775117520705731,-0.0931918,-0.0239894,-0.995359
1775117520726231,-0.0943076,-0.0240351,-0.995253
1775117520745741,-0.092593,-0.024143,-0.995411
1775117520765745,-0.0928998,-0.0245284,-0.995373
1775117520785733,-0.092499,-0.0239588,-0.995424
1775117520805733,-0.0933233,-0.0242533,-0.99534
1775117520825728,-0.0921994,-0.024322,-0.995443
1775117520845729,-0.0928458,-0.0241661,-0.995387
1775117520865738,-0.0930843,-0.0246816,-0.995352
1775117520885729,-0.0930487,-0.0238275,-0.995376
1775117520905732,-0.0928088,-0.0240945,-0.995392
1775117520925738,-0.0919123,-0.0244231,-0.995468
1775117520945731,-0.0926338,-0.0240624,-0.995409
1775117520965772,-0.0928819,-0.0237406,-0.995394
1775117520990323,-0.0922081,-0.0243699,-0.995441
1775117521005739,-0.0929691,-0.0239199,-0.995382
1775117521025758,-0.0918446,-0.0249073,-0.995462
1775117521045737,-0.0922204,-0.0241291,-0.995446
1775117521065749,-0.0925967,-0.0244051,-0.995405
1775117521085738,-0.0920482,-0.0243379,-0.995457
1775117521105773,-0.0925295,-0.0242631,-0.995414
1775117521125744,-0.0926036,-0.0237513,-0.99542
1775117521145745,-0.0928694,-0.0249467,-0.995366
1775117521165741,-0.0926362,-0.0236557,-0.995419
1775117521185762,-0.0931793,-0.0248421,-0.995339
1775117521205743,-0.0932776,-0.0242894,-0.995344
1775117521225737,-0.0926817,-0.024617,-0.995391
1775117521245742,-0.092317,-0.0234636,-0.995453
1775117521265736,-0.0924343,-0.0246811,-0.995413
1775117521285739,-0.0928294,-0.0245375,-0.99538
1775117521305743,-0.0924097,-0.0241106,-0.995429
1775117521325742,-0.0933939,-0.0242012,-0.995335
1775117521345738,-0.0921112,-0.0245418,-0.995446
1775117521365733,-0.0921854,-0.0243335,-0.995444
1775117521385731,-0.0926054,-0.0242409,-0.995408
1775117521405735,-0.0924636,-0.0243652,-0.995418
1775117521425729,-0.0919376,-0.0243846,-0.995466
1775117521445729,-0.0926872,-0.0242947,-0.995399
1775117521465742,-0.0925614,-0.0245928,-0.995403
1775117521485735,-0.0930989,-0.0237304,-0.995374
1775117521505731,-0.0936959,-0.023359,-0.995327
1775117521525746,-0.0926533,-0.0242932,-0.995402
1775117521545732,-0.0924035,-0.0235564,-0.995443
1775117521565739,-0.0924367,-0.0244327,-0.995419
1775117521585736,-0.0926103,-0.0244741,-0.995402
1775117521608577,-0.0924763,-0.0238982,-0.995428
1775117521625764,-0.0924078,-0.0239762,-0.995433
1775117521645740,-0.0935945,-0.0231897,-0.99534
1775117521665747,-0.0924237,-0.0239551,-0.995432
1775117521685743,-0.0928649,-0.0238927,-0.995392
1775117521705740,-0.0922121,-0.024959,-0.995427
1775117521725744,-0.0930801,-0.0237136,-0.995376
1775117521745744,-0.092084,-0.0245428,-0.995449
1775117521765743,-0.0931579,-0.0245535,-0.995349
1775117521785740,-0.0932069,-0.0231819,-0.995377
1775117521805735,-0.0927628,-0.0248993,-0.995377
1775117521825735,-0.0928876,-0.0245168,-0.995375
1775117521845742,-0.0925206,-0.0244219,-0.995411
1775117521865735,-0.0925942,-0.0243602,-0.995406
1775117521885736,-0.0924566,-0.0246985,-0.99541
1775117521905731,-0.0928889,-0.023755,-0.995393
1775117521925730,-0.0923126,-0.0242894,-0.995434
1775117521945743,-0.092212,-0.0251392,-0.995422
1775117521965738,-0.0908983,-0.0228183,-0.995599
1775117521985739,-0.0926563,-0.0246788,-0.995392
1775117522005734,-0.0925168,-0.0242802,-0.995415
1775117522025732,-0.0922963,-0.0244641,-0.995431
1775117522045732,-0.0933268,-0.024426,-0.995336
1775117522065733,-0.0926973,-0.0246285,-0.99539
1775117522085731,-0.0928899,-0.0246814,-0.99537
1775117522105748,-0.0923264,-0.0249838,-0.995415
1775117522125743,-0.0925474,-0.024419,-0.995409
1775117522145749,-0.09341,-0.0249682,-0.995315
1775117522165764,-0.0933128,-0.0242346,-0.995342
1775117522185733,-0.0931226,-0.0247683,-0.995347
1775117522205734,-0.0915102,-0.0253782,-0.995481
1775117522225732,-0.0928933,-0.0242056,-0.995382
1775117522245748,-0.0927368,-0.0246191,-0.995386
1775117522265734,-0.0926186,-0.0246941,-0.995395
1775117522285728,-0.0922551,-0.02445,-0.995435
1775117522305733,-0.0930319,-0.0241608,-0.99537
1775117522325737,-0.0925127,-0.024243,-0.995416
1775117522345735,-0.0923945,-0.0244824,-0.995421
1775117522365734,-0.0925564,-0.0246945,-0.995401
1775117522385733,-0.0928028,-0.0246772,-0.995379
1775117522405736,-0.0929051,-0.0246225,-0.99537
1775117522425747,-0.0931643,-0.0243326,-0.995353
1775117522445738,-0.0923558,-0.0251295,-0.995409
1775117522465737,-0.0923092,-0.0242896,-0.995434
1775117522485739,-0.0928262,-0.0246509,-0.995377
1775117522505736,-0.0926996,-0.0243621,-0.995396
1775117522525730,-0.0923176,-0.0247561,-0.995422
1775117522545735,-0.09244,-0.0247585,-0.99541
1775117522565736,-0.0929647,-0.024652,-0.995364
1775117522585734,-0.09263,-0.0242309,-0.995406
1775117522605734,-0.0931072,-0.0248273,-0.995346
1775117522625735,-0.0920187,-0.0248069,-0.995448
1775117522645755,-0.0929345,-0.0243737,-0.995374
1775117522665735,-0.0929597,-0.0247495,-0.995362
1775117522685741,-0.0930448,-0.0245882,-0.995358
1775117522705737,-0.0923697,-0.0240401,-0.995435
1775117522725747,-0.0927159,-0.0247333,-0.995385
1775117522745739,-0.0929408,-0.024894,-0.99536
1775117522765729,-0.0925671,-0.0233514,-0.995433
1775117522785739,-0.0928642,-0.0247817,-0.99537
1775117522805742,-0.0931208,-0.0249456,-0.995342
1775117522825733,-0.0928686,-0.0244272,-0.995379
1775117522845740,-0.0921404,-0.0247919,-0.995437
1775117522865739,-0.0927506,-0.023431,-0.995414
1775117522885730,-0.0924082,-0.024147,-0.995428
1775117522905734,-0.0921085,-0.0252062,-0.99543
1775117522925778,-0.0926402,-0.0242357,-0.995405
1775117522945733,-0.0931453,-0.0245854,-0.995349
1775117522965734,-0.0928776,-0.0241704,-0.995384
1775117522985731,-0.0929747,-0.0244559,-0.995368
1775117523005739,-0.0929749,-0.0248616,-0.995358
1775117523025737,-0.0933364,-0.0243692,-0.995336
1775117523045746,-0.0928135,-0.024574,-0.99538
1775117523065744,-0.092689,-0.0245544,-0.995392
1775117523085741,-0.09306,-0.0240517,-0.99537
1775117523105742,-0.0933225,-0.0237953,-0.995352
1775117523125746,-0.0926869,-0.0235457,-0.995417
1775117523145747,-0.0929315,-0.0249354,-0.99536
1775117523165754,-0.0938805,-0.0238006,-0.995299
1775117523185737,-0.0924564,-0.0252374,-0.995397
1775117523205971,-0.0932075,-0.0241728,-0.995353
1775117523225736,-0.0934116,-0.0243527,-0.99533
1775117523245821,-0.092797,-0.0245327,-0.995383
1775117523267555,-0.0932228,-0.0239672,-0.995357
1775117523285730,-0.0936103,-0.024342,-0.995311
1775117523305740,-0.0932749,-0.0240702,-0.995349
1775117523325734,-0.0929747,-0.0247186,-0.995362
1775117523345738,-0.0930467,-0.024949,-0.995349
1775117523365735,-0.0937571,-0.0239868,-0.995306
1775117523385732,-0.092993,-0.0241602,-0.995374
1775117523405733,-0.092858,-0.0241135,-0.995387
1775117523425735,-0.0933151,-0.0236229,-0.995356
1775117523445737,-0.0931713,-0.0245596,-0.995347
1775117523465730,-0.092871,-0.0237438,-0.995395
1775117523485732,-0.0939819,-0.0228311,-0.995312
1775117523505742,-0.0932547,-0.0243634,-0.995344
1775117523525735,-0.0927776,-0.0238073,-0.995402
1775117523545736,-0.09325,-0.02311,-0.995374
1775117523565736,-0.0933772,-0.024621,-0.995326
1775117523585735,-0.0931915,-0.0238692,-0.995362
1775117523605738,-0.0929348,-0.0237263,-0.995389
1775117523625743,-0.0929035,-0.0240754,-0.995384
1775117523645744,-0.0930805,-0.023812,-0.995374
1775117523665744,-0.0930741,-0.0243365,-0.995362
1775117523685732,-0.0928809,-0.0241162,-0.995385
1775117523705732,-0.0930511,-0.0240411,-0.995371
1775117523725733,-0.0928102,-0.0240345,-0.995394
1775117523745729,-0.0930043,-0.0242895,-0.995369
1775117523765733,-0.0936403,-0.0242821,-0.99531
1775117523785747,-0.093672,-0.0242479,-0.995308
1775117523805743,-0.0933401,-0.0239617,-0.995346
1775117523825752,-0.0937784,-0.0235577,-0.995314
1775117523845778,-0.0929292,-0.0238477,-0.995387
1775117523865736,-0.0938308,-0.024061,-0.995297
1775117523885733,-0.0934809,-0.0226317,-0.995364
1775117523905732,-0.0941142,-0.0230108,-0.995295
1775117523925731,-0.0930307,-0.0237074,-0.995381
1775117523945733,-0.093847,-0.0236376,-0.995306
1775117523965736,-0.0936667,-0.0235167,-0.995326
1775117523985728,-0.0929617,-0.0238726,-0.995383
1775117524005730,-0.0947915,-0.0231951,-0.995227
1775117524025935,-0.0950344,-0.0236448,-0.995193
1775117524045735,-0.0937258,-0.0237851,-0.995314
1775117524065735,-0.0937424,-0.0231317,-0.995328
1775117524085756,-0.0948281,-0.0228475,-0.995231
1775117524105743,-0.0932741,-0.02414,-0.995348
1775117524125742,-0.0939272,-0.0229609,-0.995314
1775117524145734,-0.0942987,-0.0236811,-0.995262
1775117524165740,-0.0940992,-0.0232482,-0.995291
1775117524185737,-0.0950315,-0.0231154,-0.995206
1775117524205820,-0.0943888,-0.0229901,-0.99527
1775117524225779,-0.0945647,-0.0229913,-0.995253
1775117524245742,-0.0948976,-0.0226174,-0.99523
1775117524265734,-0.0926605,-0.0244273,-0.995398
1775117524285732,-0.0912833,-0.0257525,-0.995492
1775117524305730,-0.0911369,-0.025062,-0.995523
1775117524325736,-0.0915798,-0.0245072,-0.995496
1775117524345741,-0.0921778,-0.0255941,-0.995414
1775117524365731,-0.092667,-0.0237405,-0.995414
1775117524385732,-0.092025,-0.024479,-0.995456
1775117524405730,-0.0926566,-0.0249803,-0.995385
1775117524425734,-0.0921268,-0.0242725,-0.995451
1775117524445746,-0.0930606,-0.0244279,-0.995361
1775117524465746,-0.092605,-0.0236988,-0.995421
1775117524485792,-0.0927808,-0.0242927,-0.99539
1775117524505740,-0.0926109,-0.0249057,-0.995391
1775117524525737,-0.0920993,-0.0252665,-0.995429
1775117524545744,-0.0929259,-0.0239921,-0.995384
1775117524565743,-0.0926556,-0.0245004,-0.995397
1775117524585744,-0.0921468,-0.0241724,-0.995452
1775117524605745,-0.0935595,-0.0246002,-0.99531
1775117524625743,-0.0927569,-0.0243435,-0.995391
1775117524645744,-0.0926299,-0.0244288,-0.995401
1775117524665738,-0.0924279,-0.0250632,-0.995404
1775117524685739,-0.0938459,-0.0243708,-0.995288
1775117524705744,-0.0929394,-0.0242387,-0.995377
1775117524725743,-0.0930778,-0.0236355,-0.995378
1775117524745743,-0.0927349,-0.0244536,-0.995391
1775117524765732,-0.09266,-0.0244593,-0.995397
1775117524785747,-0.09266,-0.0244593,-0.995397
1775117524805744,-0.0928813,-0.0239395,-0.995389
1775117524825743,-0.0922889,-0.0239969,-0.995443
1775117524845748,-0.0931219,-0.0241981,-0.995361
1775117524865738,-0.0925939,-0.0242379,-0.995409
1775117524885730,-0.0928551,-0.0242141,-0.995385
1775117524905733,-0.0925972,-0.0246141,-0.995399
1775117524925729,-0.0935002,-0.0246072,-0.995315
1775117524945736,-0.09299,-0.0245974,-0.995363
1775117524965765,-0.0913261,-0.0239178,-0.995534
1775117524985729,-0.0921657,-0.0257985,-0.995409
1775117525005738,-0.0922927,-0.0259402,-0.995394
1775117525025786,-0.0925257,-0.0252742,-0.995389
1775117525045735,-0.0930217,-0.0252515,-0.995344
1775117525065753,-0.0928999,-0.0248802,-0.995365
1775117525085734,-0.0926422,-0.0242891,-0.995403
1775117525105742,-0.0920557,-0.0244999,-0.995452
1775117525125745,-0.0923787,-0.0254358,-0.995399
1775117525145735,-0.0928097,-0.0243058,-0.995387
1775117525165744,-0.0925355,-0.0253023,-0.995388
1775117525185742,-0.0933987,-0.0244142,-0.995329
1775117525205735,-0.0926793,-0.0246457,-0.995391
1775117525225733,-0.0927702,-0.0251086,-0.995371
1775117525245732,-0.0922224,-0.0250226,-0.995424
1775117525265732,-0.0929947,-0.0243176,-0.99537
1775117525285736,-0.0926749,-0.0247226,-0.995389
1775117525305729,-0.0931885,-0.0241777,-0.995355
1775117525325732,-0.0920979,-0.0258972,-0.995413
1775117525345747,-0.0921045,-0.0257591,-0.995416
1775117525365733,-0.0923032,-0.0254843,-0.995405
1775117525385732,-0.0927188,-0.0245931,-0.995389
1775117525405735,-0.0926895,-0.0249559,-0.995382
1775117525425729,-0.0926904,-0.0248306,-0.995385
1775117525445736,-0.0926568,-0.0248942,-0.995387
1775117525465737,-0.0922188,-0.0248446,-0.995429
1775117525485729,-0.0932288,-0.0242188,-0.99535
1775117525505740,-0.0923299,-0.0245133,-0.995427
1775117525525732,-0.0928869,-0.0251345,-0.995359
1775117525545731,-0.0925301,-0.0248191,-0.995401
1775117525565733,-0.0927967,-0.0246163,-0.995381
1775117525585734,-0.0930717,-0.0242231,-0.995365
1775117525605735,-0.0927286,-0.0246947,-0.995385
1775117525625734,-0.0923853,-0.0245926,-0.99542
1775117525645738,-0.093249,-0.0244271,-0.995343
1775117525665746,-0.0920814,-0.0243925,-0.995453
1775117525685740,-0.0921974,-0.0249675,-0.995428
1775117525705740,-0.0925643,-0.0245053,-0.995405
1775117525725743,-0.0927648,-0.0245783,-0.995385
1775117525745730,-0.092879,-0.0244569,-0.995377
1775117525765745,-0.0935845,-0.0238021,-0.995327
1775117525785738,-0.0929954,-0.0244813,-0.995366
1775117525805740,-0.0929627,-0.0239325,-0.995382
1775117525825737,-0.0932371,-0.023512,-0.995366
1775117525845743,-0.0926698,-0.0247175,-0.99539
1775117525865742,-0.0920492,-0.0244946,-0.995453
1775117525885737,-0.0923558,-0.0236889,-0.995444
1775117525905737,-0.0928921,-0.0243344,-0.995379
1775117525925739,-0.0923843,-0.0244413,-0.995423
1775117525945733,-0.092373,-0.0245639,-0.995421
1775117525965734,-0.0927974,-0.024159,-0.995392
1775117525985731,-0.0929422,-0.0254554,-0.995346
1775117526005741,-0.0922902,-0.0238719,-0.995446
1775117526025733,-0.0924236,-0.0233303,-0.995446
1775117526045746,-0.0925249,-0.024554,-0.995408
1775117526065739,-0.092377,-0.0246725,-0.995418
1775117526085745,-0.0925117,-0.0247051,-0.995405
1775117526105740,-0.092974,-0.0245094,-0.995367
1775117526125735,-0.0927894,-0.0256807,-0.995355
1775117526145739,-0.0933218,-0.0241095,-0.995344
1775117526165736,-0.0924771,-0.0247363,-0.995408
1775117526185743,-0.0926331,-0.0239219,-0.995413
1775117526205747,-0.0927017,-0.0243129,-0.995397
1775117526225741,-0.0921822,-0.0252088,-0.995423
1775117526245742,-0.0924063,-0.0253385,-0.995399
1775117526265774,-0.0930085,-0.0244222,-0.995366
1775117526285732,-0.0918766,-0.0245829,-0.995467
1775117526305735,-0.0920518,-0.024547,-0.995452
1775117526325736,-0.0928506,-0.0244417,-0.99538
1775117526345731,-0.0931896,-0.0247077,-0.995342
1775117526365736,-0.092192,-0.0245342,-0.995439
1775117526385743,-0.0921682,-0.0240604,-0.995453
1775117526405732,-0.0921659,-0.0244034,-0.995445
1775117526425733,-0.0929002,-0.0242613,-0.99538
1775117526445741,-0.0925201,-0.024086,-0.995419
1775117526465732,-0.0926907,-0.0247001,-0.995389
1775117526485733,-0.0926179,-0.0243957,-0.995403
1775117526505800,-0.0926847,-0.0241832,-0.995402
1775117526525742,-0.0922145,-0.0240907,-0.995448
1775117526545750,-0.0925845,-0.0245091,-0.995403
1775117526565745,-0.0928458,-0.0247677,-0.995372
1775117526585741,-0.0925292,-0.0252374,-0.99539
1775117526605733,-0.0926028,-0.0239378,-0.995415
1775117526625737,-0.0921759,-0.0245302,-0.995441
1775117526645739,-0.0923638,-0.0254237,-0.995401
1775117526665734,-0.0931975,-0.0244347,-0.995348
1775117526685734,-0.0926364,-0.0245647,-0.995397
1775117526705731,-0.0923522,-0.0249152,-0.995415
1775117526725733,-0.0930882,-0.0239673,-0.995369
1775117526745729,-0.0925392,-0.0251063,-0.995392
1775117526765756,-0.093018,-0.0243114,-0.995368
1775117526785742,-0.0924931,-0.0249241,-0.995401
1775117526805734,-0.0924393,-0.0256133,-0.995389
1775117526825737,-0.0919408,-0.025198,-0.995446
1775117526845734,-0.0927117,-0.0243464,-0.995395
1775117526865735,-0.0923774,-0.0245588,-0.995421
1775117526885736,-0.0924058,-0.0242395,-0.995426
1775117526905731,-0.0925535,-0.0237379,-0.995425
1775117526925732,-0.0924064,-0.0245423,-0.995419
1775117526945737,-0.092969,-0.0247975,-0.99536
1775117526965729,-0.0929091,-0.0240768,-0.995383
1775117526985729,-0.0929596,-0.0235412,-0.995392
1775117527005731,-0.0922265,-0.0248639,-0.995428
1775117527025734,-0.0927667,-0.0243342,-0.99539
1775117527045876,-0.0924564,-0.0240956,-0.995425
1775117527084524,-0.0926552,-0.0247655,-0.99539
1775117527110685,-0.0926267,-0.0239087,-0.995414
1775117527112224,-0.0926267,-0.0239087,-0.995414
1775117527125775,-0.0923739,-0.0255101,-0.995398
1775117527157553,-0.0929708,-0.0248471,-0.995359
1775117527165736,-0.0923319,-0.024199,-0.995434
1775117527185735,-0.0927811,-0.024822,-0.995377
1775117527205727,-0.0925224,-0.0247794,-0.995402
1775117527225730,-0.0922603,-0.0246191,-0.995431
1775117527245753,-0.0922133,-0.0245101,-0.995438
1775117527265733,-0.0921154,-0.0248918,-0.995437
1775117527285742,-0.0928062,-0.0243299,-0.995387
1775117527305819,-0.0922984,-0.0250721,-0.995416
1775117527325743,-0.0929819,-0.0238951,-0.995381
1775117527345744,-0.0921244,-0.0245198,-0.995446
1775117527365701,-0.0924412,-0.024675,-0.995412
1775117527385737,-0.0931738,-0.0243285,-0.995353
1775117527405741,-0.0927348,-0.0241128,-0.995399
1775117527425733,-0.0924888,-0.0241057,-0.995422
1775117527445737,-0.0926169,-0.0243113,-0.995405
1775117527465778,-0.0928638,-0.0244155,-0.995379
1775117527485735,-0.09171,-0.0251094,-0.995469
1775117527505731,-0.0928686,-0.024442,-0.995378
1775117527525735,-0.0930041,-0.0241478,-0.995373
1775117527545735,-0.0920897,-0.0250289,-0.995436
1775117527565743,-0.0924924,-0.0241866,-0.99542
1775117527585738,-0.092335,-0.0241766,-0.995434
1775117527605739,-0.0919042,-0.0247198,-0.995461
1775117527625748,-0.0921417,-0.0247829,-0.995437
1775117527645744,-0.0923938,-0.0241016,-0.995431
1775117527665744,-0.0929484,-0.0240095,-0.995381
1775117527685739,-0.0930634,-0.0239302,-0.995373
1775117527705747,-0.0923224,-0.0240932,-0.995438
1775117527725743,-0.0926816,-0.0235897,-0.995416
1775117527745743,-0.0924752,-0.024252,-0.99542
1775117527765735,-0.0925609,-0.0240217,-0.995417
1775117527785736,-0.0934363,-0.0243369,-0.995328
1775117527805953,-0.0926031,-0.0243073,-0.995406
1775117527825743,-0.0930759,-0.0246817,-0.995353
1775117527845739,-0.0928243,-0.0242721,-0.995387
1775117527865731,-0.0921943,-0.0250315,-0.995426
1775117527885730,-0.0926016,-0.0244158,-0.995404
1775117527905728,-0.0933403,-0.0245458,-0.995332
1775117527925729,-0.0919053,-0.0250243,-0.995453
1775117527945862,-0.0926476,-0.0240024,-0.99541
1775117527965729,-0.0922653,-0.0246516,-0.995429
1775117527985734,-0.092607,-0.0241628,-0.99541
1775117528005736,-0.0927571,-0.0245141,-0.995387
1775117528025733,-0.0926744,-0.0241774,-0.995403
1775117528045737,-0.0927529,-0.0241544,-0.995396
1775117528065745,-0.0934757,-0.0246358,-0.995317
1775117528085760,-0.09307,-0.0241469,-0.995367
1775117528105738,-0.0925324,-0.0249553,-0.995397
1775117528125736,-0.092462,-0.0244597,-0.995416
1775117528145748,-0.0925798,-0.0240569,-0.995415
1775117528165802,-0.0928208,-0.0243175,-0.995386
1775117528185774,-0.0923067,-0.0249242,-0.995419
1775117528205736,-0.0923341,-0.024461,-0.995428
1775117528225732,-0.0921344,-0.0241188,-0.995454
1775117528245732,-0.0921687,-0.0246141,-0.995439
1775117528265728,-0.0920259,-0.0249487,-0.995444
1775117528285731,-0.0930914,-0.0243715,-0.995359
1775117528305731,-0.0923136,-0.0244093,-0.995431
1775117528325751,-0.0926276,-0.0248124,-0.995392
1775117528345730,-0.0926125,-0.0242575,-0.995407
1775117528365770,-0.0934451,-0.0243276,-0.995327
1775117528385734,-0.0931141,-0.0242665,-0.99536
1775117528405736,-0.0925671,-0.0244741,-0.995406
1775117528425741,-0.0934969,-0.0236452,-0.995339
1775117528445730,-0.0932661,-0.0249582,-0.995328
1775117528465729,-0.092537,-0.0237845,-0.995425
1775117528485733,-0.093135,-0.0242458,-0.995358
1775117528505734,-0.0937848,-0.0231291,-0.995324
1775117528525731,-0.0926783,-0.024447,-0.995396
1775117528545733,-0.0928716,-0.0244711,-0.995377
1775117528565733,-0.0930047,-0.0252661,-0.995345
1775117528585734,-0.0929672,-0.0240154,-0.99538
1775117528605732,-0.0919237,-0.02455,-0.995463
1775117528625732,-0.0933763,-0.0244256,-0.995331
1775117528645743,-0.0926657,-0.0241417,-0.995405
1775117528665784,-0.0927341,-0.0243511,-0.995393
1775117528685735,-0.0929641,-0.0246122,-0.995365
1775117528705742,-0.0930315,-0.0243733,-0.995365
1775117528725738,-0.0929134,-0.0242453,-0.995379
1775117528745743,-0.0925898,-0.0245333,-0.995402
1775117528765734,-0.0917828,-0.0247651,-0.995471
1775117528785742,-0.0922656,-0.0244328,-0.995435
1775117528805741,-0.0929615,-0.0246204,-0.995365
1775117528825742,-0.0921116,-0.0243996,-0.99545
1775117528845745,-0.0922714,-0.024867,-0.995423
1775117528865740,-0.0918288,-0.025147,-0.995457
1775117528885733,-0.0921031,-0.024031,-0.995459
1775117528905732,-0.0921481,-0.024384,-0.995447
1775117528925738,-0.0933305,-0.0242063,-0.995341
1775117528945744,-0.0929437,-0.0236751,-0.99539
1775117528965774,-0.0926474,-0.0244597,-0.995399
1775117528985750,-0.092601,-0.0243582,-0.995405
1775117529005758,-0.0931648,-0.0243675,-0.995352
1775117529025745,-0.0936593,-0.023614,-0.995324
1775117529045735,-0.0924644,-0.0240919,-0.995424
1775117529065746,-0.0927019,-0.02435,-0.995396
1775117529085760,-0.0931147,-0.0243719,-0.995357
1775117529105749,-0.0923619,-0.0239941,-0.995436
1775117529125744,-0.0933617,-0.0234157,-0.995357
1775117529145742,-0.0935305,-0.0237745,-0.995333
1775117529165736,-0.0926277,-0.024109,-0.995409
1775117529185745,-0.0929935,-0.0237575,-0.995383
1775117529205768,-0.0927905,-0.0239943,-0.995397
1775117529259114,-0.0921606,-0.0245615,-0.995441
1775117529276786,-0.0924482,-0.0240626,-0.995427
1775117529277900,-0.0924482,-0.0240626,-0.995427
1775117529285733,-0.0928512,-0.0240658,-0.995389
1775117529305740,-0.0925701,-0.0238401,-0.995421
1775117529325741,-0.0921487,-0.0244978,-0.995444
1775117529345738,-0.0929973,-0.0245111,-0.995365
1775117529365735,-0.0923645,-0.0254257,-0.995401
1775117529385736,-0.0930344,-0.0236639,-0.995382
1775117529405738,-0.0927541,-0.0241928,-0.995395
1775117529425741,-0.0929509,-0.0239305,-0.995383
1775117529445737,-0.0927092,-0.0246418,-0.995388
1775117529465739,-0.0925175,-0.0244501,-0.995411
1775117529485729,-0.0930197,-0.0247653,-0.995356
1775117529505735,-0.0930572,-0.0239184,-0.995373
1775117529525745,-0.0924077,-0.0250025,-0.995407
1775117529545738,-0.0929042,-0.0238817,-0.995389
1775117529565737,-0.0930927,-0.0243756,-0.995359
1775117529585742,-0.0923598,-0.024164,-0.995432
1775117529605742,-0.0916413,-0.0250255,-0.995478
1775117529625738,-0.0933715,-0.0241003,-0.99534
1775117529645744,-0.0933089,-0.0248858,-0.995326
1775117529665742,-0.0924577,-0.024773,-0.995408
1775117529685745,-0.093068,-0.0237257,-0.995377
1775117529705748,-0.092574,-0.0240944,-0.995414
1775117529725738,-0.0929958,-0.0245743,-0.995363
1775117529745742,-0.0921103,-0.0244611,-0.995448
1775117529765733,-0.0926921,-0.0247304,-0.995388
1775117529785735,-0.0929037,-0.0242303,-0.99538
1775117529805742,-0.0923889,-0.0247873,-0.995414
1775117529825728,-0.092997,-0.0246579,-0.995361
1775117529845735,-0.0930695,-0.0242983,-0.995363
1775117529865745,-0.0925519,-0.024704,-0.995401
1775117529885734,-0.0923786,-0.0244201,-0.995424
1775117529905739,-0.0924128,-0.0240521,-0.99543
1775117529925743,-0.0930923,-0.0241947,-0.995363
1775117529945795,-0.091983,-0.0250913,-0.995444
1775117529965743,-0.092369,-0.0239955,-0.995436
1775117529985734,-0.0931317,-0.0243613,-0.995356
1775117530005740,-0.0928892,-0.0245935,-0.995373
1775117530025738,-0.0924503,-0.0250276,-0.995403
1775117530045733,-0.092765,-0.024336,-0.995391
1775117530065736,-0.0925824,-0.0244076,-0.995406
1775117530085729,-0.0923696,-0.0242114,-0.99543
1775117530105743,-0.0922866,-0.024531,-0.99543
1775117530125741,-0.09216,-0.0242725,-0.995448
1775117530145739,-0.0935551,-0.0242253,-0.995319
1775117530165744,-0.0937501,-0.0235516,-0.995317
1775117530185743,-0.0924077,-0.0238337,-0.995436
1775117530205736,-0.091849,-0.0249218,-0.995461
1775117530225729,-0.0934685,-0.0238337,-0.995337
1775117530245733,-0.0933643,-0.0241397,-0.995339
1775117530265733,-0.0931906,-0.0236202,-0.995368
1775117530285735,-0.092649,-0.0244271,-0.995399
1775117530305743,-0.0925173,-0.0244251,-0.995411
1775117530325744,-0.0920576,-0.0243711,-0.995455
1775117530345741,-0.0928506,-0.0248175,-0.995371
1775117530365732,-0.0926662,-0.0242029,-0.995403
1775117530385731,-0.0931599,-0.0241724,-0.995358
1775117530405731,-0.0926219,-0.0240485,-0.995411
1775117530425730,-0.0925097,-0.0242888,-0.995415
1775117530445743,-0.0930675,-0.0243002,-0.995363
1775117530465737,-0.0921558,-0.0244076,-0.995445
1775117530485734,-0.0930465,-0.0243828,-0.995363
1775117530505739,-0.0926858,-0.0237503,-0.995412
1775117530525739,-0.0931623,-0.0241011,-0.995359
1775117530545738,-0.0932033,-0.0236806,-0.995365
1775117530565740,-0.092703,-0.0247496,-0.995386
1775117530585862,-0.0923686,-0.0239679,-0.995436
1775117530635844,-0.0927994,-0.0234974,-0.995408
1775117530647756,-0.0922989,-0.02438,-0.995433
1775117530648816,-0.0923037,-0.0243086,-0.995434
1775117530665740,-0.0929548,-0.0237887,-0.995386
1775117530685870,-0.092618,-0.024544,-0.995399
1775117530705737,-0.0926386,-0.0242046,-0.995406
1775117530725856,-0.0926246,-0.0242671,-0.995405
1775117530745736,-0.0928785,-0.0241176,-0.995385
1775117530765733,-0.0926413,-0.0242192,-0.995405
1775117530785729,-0.0931684,-0.0229012,-0.995387
1775117530805731,-0.0929451,-0.0227637,-0.995411
1775117530825734,-0.0929064,-0.0228881,-0.995412
1775117530845742,-0.0930924,-0.0226281,-0.9954
1775117530865738,-0.0931594,-0.0214818,-0.995419
1775117530885739,-0.093028,-0.0224687,-0.99541
1775117530905741,-0.0928517,-0.0217519,-0.995442
1775117530925737,-0.0937857,-0.0214287,-0.995362
1775117530945736,-0.0933514,-0.0206464,-0.995419
1775117530965735,-0.0931592,-0.0190171,-0.99547
1775117530985735,-0.0917998,-0.0190104,-0.995596
1775117531005733,-0.0902176,-0.0191798,-0.995737
1775117531025733,-0.0874846,-0.0256435,-0.995836
1775117531045736,-0.0886618,-0.022333,-0.995811
1775117531065790,-0.0883485,-0.0214077,-0.99586
1775117531085765,-0.0883114,-0.021438,-0.995862
1775117531105732,-0.0865684,-0.0203922,-0.996037
1775117531125737,-0.0857816,-0.0179179,-0.996153
1775117531145735,-0.0858386,-0.0184787,-0.996138
1775117531165739,-0.086647,-0.0172021,-0.996091
1775117531185739,-0.0853643,-0.016836,-0.996208
1775117531205744,-0.0863864,-0.0170213,-0.996116
1775117531225746,-0.0854773,-0.0180827,-0.996176
1775117531245916,-0.0854773,-0.0180827,-0.996176
1775117531265731,-0.0818665,-0.0186909,-0.996468
1775117531285736,-0.0811914,-0.020201,-0.996494
1775117531305733,-0.0822193,-0.0185858,-0.996441
1775117531325731,-0.08246,-0.0156557,-0.996471
1775117531345729,-0.0823451,-0.0156659,-0.996481
1775117531365736,-0.0814217,-0.0157118,-0.996556
1775117531385731,-0.0797406,-0.0158487,-0.99669
1775117531405729,-0.0798313,-0.0152817,-0.996691
1775117531425729,-0.0792211,-0.0159856,-0.996729
1775117531445730,-0.0795582,-0.0141716,-0.996729
1775117531465730,-0.0793838,-0.0157986,-0.996719
1775117531485742,-0.0784807,-0.0164741,-0.99678
1775117531505748,-0.0767753,-0.0177201,-0.996891
1775117531525730,-0.0770275,-0.0178802,-0.996869
1775117531545734,-0.0770672,-0.0191657,-0.996842
1775117531565731,-0.0773689,-0.0177445,-0.996845
1775117531585741,-0.0763466,-0.0173698,-0.99693
1775117531605733,-0.0754959,-0.017375,-0.996995
1775117531625739,-0.0753162,-0.0176497,-0.997003
1775117531645731,-0.0734911,-0.0176769,-0.997139
1775117531665735,-0.0727444,-0.017365,-0.997199
1775117531685738,-0.0725762,-0.0161826,-0.997232
1775117531705732,-0.0731384,-0.015057,-0.997208
1775117531725734,-0.0713597,-0.0161334,-0.99732
1775117531745732,-0.0709242,-0.0158928,-0.997355
1775117531765731,-0.0715033,-0.0150094,-0.997327
1775117531785731,-0.06951,-0.0162033,-0.99745
1775117531805736,-0.0702055,-0.0137929,-0.997437
1775117531825734,-0.0675339,-0.0157798,-0.997592
1775117531845752,-0.0677118,-0.0142273,-0.997603
1775117531865735,-0.0674262,-0.0137296,-0.99763
1775117531885867,-0.0648983,-0.0153626,-0.997774
1775117531935502,-0.06312,-0.0124204,-0.997929
1775117531955588,-0.0617084,-0.012602,-0.998015
1775117531956627,-0.0617084,-0.012602,-0.998015
1775117531965738,-0.0578327,-0.0172834,-0.998177
1775117531985732,-0.0567132,-0.0182694,-0.998223
1775117532005812,-0.0582822,-0.0143066,-0.998198
1775117532025737,-0.0606555,-0.0105678,-0.998103
1775117532045740,-0.0592605,-0.0117148,-0.998174
1775117532065737,-0.0552725,-0.0133186,-0.998382
1775117532085734,-0.0592249,-0.0105657,-0.998189
1775117532105747,-0.0574534,-0.0136294,-0.998255
1775117532125744,-0.059954,-0.0108604,-0.998142
1775117532145740,-0.058001,-0.0122454,-0.998241
1775117532165745,-0.0554137,-0.0145011,-0.998358
1775117532185743,-0.0568637,-0.0130004,-0.998297
1775117532205744,-0.0601179,-0.007554,-0.998163
1775117532225737,-0.0611169,-0.00449164,-0.998121
1775117532245744,-0.0586732,-0.00859864,-0.99824
1775117532265739,-0.0583156,-0.00892289,-0.998258
1775117532285741,-0.0519382,-0.0155442,-0.998529
1775117532305731,-0.0525595,-0.0146983,-0.99851
1775117532325731,-0.0543333,-0.00905878,-0.998482
1775117532345734,-0.0597743,-0.00364588,-0.998205
1775117532365735,-0.0555731,-0.00511879,-0.998442
1775117532385736,-0.0468642,-0.0148263,-0.998791
1775117532405732,-0.0476452,-0.0116709,-0.998796
1775117532425733,-0.0455436,-0.0147881,-0.998853
1775117532445735,-0.0466002,-0.0140617,-0.998815
1775117532465733,-0.0456693,-0.0122022,-0.998882
1775117532485734,-0.0467918,-0.0121359,-0.998831
1775117532505773,-0.0459908,-0.0121957,-0.998867
1775117532525734,-0.0468019,-0.0124887,-0.998826
1775117532545733,-0.0476114,-0.0118061,-0.998796
1775117532565734,-0.0474915,-0.0125893,-0.998792
1775117532585734,-0.0466565,-0.0132939,-0.998823
1775117532605739,-0.0481381,-0.0135828,-0.998748
1775117532625742,-0.0460785,-0.0133735,-0.998848
1775117532645740,-0.0468428,-0.0136347,-0.998809
1775117532665736,-0.0482448,-0.0135578,-0.998744
1775117532685734,-0.0473162,-0.0135979,-0.998787
1775117532705732,-0.0483242,-0.0132903,-0.998743
1775117532725730,-0.0481433,-0.0138763,-0.998744
1775117532745734,-0.0485113,-0.0132973,-0.998734
1775117532765730,-0.0481204,-0.0133487,-0.998752
1775117532785730,-0.0483363,-0.0135445,-0.998739
1775117532805739,-0.0480959,-0.013593,-0.99875
1775117532825755,-0.0485651,-0.0133245,-0.998731
1775117532845739,-0.0481122,-0.0132583,-0.998754
1775117532865743,-0.0472646,-0.0136794,-0.998789
1775117532885738,-0.0478477,-0.0124212,-0.998777
1775117532905738,-0.0485377,-0.012078,-0.998748
1775117532925740,-0.0479293,-0.0125636,-0.998772
1775117532945734,-0.048008,-0.0124998,-0.998769
1775117532965740,-0.0485,-0.0127507,-0.998742
1775117532985734,-0.0476649,-0.0126649,-0.998783
1775117533005740,-0.0487198,-0.0132002,-0.998725
1775117533025750,-0.0486035,-0.0122356,-0.998743
1775117533045738,-0.0493588,-0.0120208,-0.998709
1775117533065737,-0.0474008,-0.0141521,-0.998776
1775117533085736,-0.0481518,-0.0122058,-0.998765
1775117533105738,-0.0478429,-0.0130551,-0.99877
1775117533125740,-0.0474141,-0.0133713,-0.998786
1775117533145747,-0.0475648,-0.0131518,-0.998782
1775117533165728,-0.0474514,-0.0135481,-0.998782
1775117533185738,-0.0477245,-0.0122318,-0.998786
1775117533205734,-0.0474741,-0.0126028,-0.998793
1775117533225736,-0.0477262,-0.0121631,-0.998786
1775117533245740,-0.0475174,-0.0119323,-0.998799
1775117533265734,-0.04722,-0.0122288,-0.99881
1775117533285738,-0.0474445,-0.0133525,-0.998785
1775117533305734,-0.0477272,-0.0119658,-0.998789
1775117533325731,-0.0468704,-0.0130563,-0.998816
1775117533345742,-0.0481533,-0.0122026,-0.998765
1775117533365732,-0.0472922,-0.0124975,-0.998803
1775117533385737,-0.0470228,-0.0122796,-0.998818
1775117533405733,-0.0473376,-0.0119105,-0.998808
1775117533425731,-0.0464856,-0.0125399,-0.99884
1775117533445741,-0.0469625,-0.0121355,-0.998823
1775117533465731,-0.0463364,-0.0118025,-0.998856
1775117533485729,-0.04716,-0.0114037,-0.998822
1775117533505734,-0.0470067,-0.0119033,-0.998824
1775117533525734,-0.0469271,-0.0115634,-0.998831
1775117533545737,-0.0471334,-0.0119432,-0.998817
1775117533565742,-0.0476326,-0.0123511,-0.998789
1775117533585739,-0.0468477,-0.0125099,-0.998824
1775117533605739,-0.0479655,-0.0122761,-0.998774
1775117533625742,-0.0478654,-0.0114869,-0.998788
1775117533645742,-0.0473557,-0.0129161,-0.998795
1775117533665746,-0.0479992,-0.0133409,-0.998758
1775117533685742,-0.0474004,-0.0111678,-0.998814
1775117533705754,-0.047008,-0.0124443,-0.998817
1775117533725746,-0.047503,-0.0123047,-0.998795
1775117533745741,-0.0465684,-0.0119664,-0.998843
1775117533765738,-0.0480021,-0.0130158,-0.998762
1775117533785700,-0.0478265,-0.0116524,-0.998788
1775117533805749,-0.0447869,-0.0103838,-0.998943
1775117533825731,-0.0447413,-0.0104381,-0.998944
1775117533845776,-0.0448132,-0.0106584,-0.998939
1775117533865740,-0.0442847,-0.0101761,-0.998967
1775117533885737,-0.0445931,-0.0097668,-0.998957
1775117533905737,-0.0440578,-0.0105612,-0.998973
1775117533925735,-0.0436844,-0.0106099,-0.998989
1775117533945731,-0.046146,-0.0118089,-0.998865
1775117533965733,-0.0455445,-0.0123536,-0.998886
1775117533985746,-0.0462315,-0.0123847,-0.998854
1775117534005745,-0.04099,-0.0111166,-0.999098
1775117534025735,-0.0428122,-0.0134002,-0.998993
1775117534045744,-0.0438457,-0.0130549,-0.998953
1775117534065738,-0.0425547,-0.0126955,-0.999013
1775117534085733,-0.044016,-0.0132115,-0.998943
1775117534105733,-0.042387,-0.0120045,-0.999029
1775117534125743,-0.041656,-0.0127754,-0.99905
1775117534145734,-0.0415027,-0.012179,-0.999064
1775117534165735,-0.0400649,-0.0120826,-0.999124
1775117534185737,-0.0402616,-0.0140229,-0.999091
1775117534205748,-0.0399576,-0.0128971,-0.999118
1775117534225747,-0.0384963,-0.0140817,-0.99916
1775117534245746,-0.0386887,-0.0135866,-0.999159
1775117534265739,-0.0389393,-0.0115425,-0.999175
1775117534285740,-0.0408798,-0.0111071,-0.999102
1775117534305739,-0.0386005,-0.0121236,-0.999181
1775117534325734,-0.0369599,-0.0101444,-0.999265
1775117534345732,-0.036997,-0.00658054,-0.999294
1775117534365728,-0.0358285,-0.00965947,-0.999311
1775117534385737,-0.0318185,-0.00854761,-0.999457
1775117534405731,-0.0319965,-0.00699666,-0.999463
1775117534425732,-0.0307516,-0.0076463,-0.999498
1775117534445728,-0.0306893,-0.00556654,-0.999513
1775117534465732,-0.0274886,-0.00521219,-0.999609
1775117534485734,-0.0291535,-0.00549082,-0.99956
1775117534505767,-0.0315657,-0.00465702,-0.999491
1775117534525773,-0.0306617,-0.00456344,-0.999519
1775117534545730,-0.0346959,-0.0024363,-0.999395
1775117534565730,-0.0370706,-0.00131988,-0.999312
1775117534585734,-0.0406714,-0.00128996,-0.999172
1775117534605733,-0.0425547,0.0002007,-0.999094
1775117534625744,-0.0442239,0.00108074,-0.999021
1775117534645741,-0.0446273,0.00264298,-0.999
1775117534665740,-0.0425473,0.00322852,-0.999089
1775117534685736,-0.0437017,0.00385361,-0.999037
1775117534705734,-0.0438878,0.0053433,-0.999022
1775117534725734,-0.0411669,0.00452255,-0.999142
1775117534745737,-0.0410324,0.0049991,-0.999145
1775117534765737,-0.0433122,0.00374148,-0.999055
1775117534785731,-0.04494,0.00284644,-0.998986
1775117534805745,-0.0454552,0.00228312,-0.998964
1775117534825739,-0.0486631,0.00446992,-0.998805
1775117534845741,-0.0481627,0.00323213,-0.998834
1775117534865742,-0.0486716,0.00182553,-0.998813
1775117534885743,-0.0495881,0.00223826,-0.998767
1775117534905741,-0.05038,0.0012344,-0.998729
1775117534925738,-0.0519851,0.00140235,-0.998647
1775117534945734,-0.0500659,0.000143355,-0.998746
1775117534965734,-0.0517538,0.00100323,-0.998659
1775117534985732,-0.0521431,0.00203406,-0.998638
1775117535005737,-0.0488668,0.00255299,-0.998802
1775117535025736,-0.0492723,0.00378139,-0.998778
1775117535045731,-0.0507988,0.00461635,-0.998698
1775117535065730,-0.0501213,0.00444345,-0.998733
1775117535085729,-0.0508508,0.00611152,-0.998688
1775117535105736,-0.0500207,0.00650368,-0.998727
1775117535125738,-0.0476667,0.00676793,-0.99884
1775117535145736,-0.047817,0.00620707,-0.998837
1775117535165734,-0.0464603,0.0066365,-0.998898
1775117535185734,-0.0465359,0.00727877,-0.99889
1775117535205735,-0.0468683,0.0063947,-0.998881
1775117535225739,-0.0473861,0.00896516,-0.998836
1775117535245729,-0.0449619,0.0073951,-0.998961
1775117535265733,-0.0434446,0.00859123,-0.999019
1775117535285735,-0.0412365,0.00943047,-0.999105
1775117535305733,-0.0408159,0.00897832,-0.999126
1775117535325731,-0.0426164,0.0112681,-0.999028
1775117535345729,-0.0413524,0.0108791,-0.999085
1775117535365727,-0.0418614,0.0105718,-0.999067
1775117535385727,-0.0404719,0.0107095,-0.999123
1775117535405730,-0.0413798,0.0109294,-0.999084
1775117535425728,-0.0411985,0.0119091,-0.99908
1775117535445728,-0.040498,0.0132312,-0.999092
1775117535465728,-0.0398835,0.0146306,-0.999097
1775117535485731,-0.0402177,0.0157586,-0.999067
1775117535505709,-0.0389962,0.0157157,-0.999116
1775117535525729,-0.0380495,0.0104742,-0.999221
1775117535545728,-0.0379715,0.0111541,-0.999217
1775117535565727,-0.0386809,0.0113203,-0.999187
1775117535585728,-0.0398797,0.0115034,-0.999138
1775117535605731,-0.0382651,0.011942,-0.999196
1775117535625729,-0.039228,0.0120043,-0.999158
1775117535645730,-0.0393343,0.012494,-0.999148
1775117535665728,-0.0392006,0.0100856,-0.99918
1775117535685730,-0.0382158,0.0087869,-0.999231
1775117535705734,-0.0370955,0.00851679,-0.999275
1775117535725733,-0.0375137,0.00882564,-0.999257
1775117535745729,-0.0371547,0.00925473,-0.999267
1775117535765729,-0.0349279,0.00972056,-0.999343
1775117535785727,-0.0348029,0.0099386,-0.999345
1775117535805729,-0.036796,0.0111567,-0.999261
1775117535825730,-0.0355141,0.00993941,-0.99932
1775117535845728,-0.0321321,0.00601479,-0.999466
1775117535865729,-0.0318436,0.00500427,-0.99948
1775117535885770,-0.0333869,0.00505909,-0.99943
1775117535905726,-0.0341458,0.0063682,-0.999397
1775117535925725,-0.0348624,0.00697928,-0.999368
1775117535945727,-0.0336116,0.00490984,-0.999423
1775117535965727,-0.0358643,0.00684012,-0.999333
1775117535985728,-0.0360911,0.00475502,-0.999337
1775117536005731,-0.0371697,0.00581125,-0.999292
1775117536025732,-0.0367304,0.00546868,-0.99931
1775117536045731,-0.0380282,0.00516548,-0.999263
1775117536065731,-0.0383319,0.00359371,-0.999259
1775117536085753,-0.038545,0.00367878,-0.99925
1775117536105731,-0.0397053,0.00389271,-0.999204
1775117536125727,-0.0398689,0.00412297,-0.999196
1775117536145733,-0.0413726,0.00439797,-0.999134
1775117536165731,-0.0410114,0.00294285,-0.999154
1775117536185729,-0.0400381,0.00182928,-0.999196
1775117536205729,-0.041155,0.00163156,-0.999151
1775117536225731,-0.0448728,0.00340105,-0.998987
1775117536245728,-0.0460217,0.00268697,-0.998937
1775117536265726,-0.046051,0.00041406,-0.998939
1775117536285727,-0.0459697,-0.00125918,-0.998942
1775117536305729,-0.0510679,0.00156576,-0.998694
1775117536325729,-0.0455439,-0.00285513,-0.998958
1775117536345725,-0.0465721,-0.00323613,-0.99891
1775117536365729,-0.0473876,-0.00174519,-0.998875
1775117536385727,-0.048567,-0.00175803,-0.998818
1775117536405726,-0.0520745,0.00245959,-0.99864
1775117536425726,-0.0521128,0.000492523,-0.998641
1775117536445728,-0.058049,0.00856702,-0.998277
1775117536465727,-0.0579373,0.00961052,-0.998274
1775117536485748,-0.0574831,0.00578681,-0.99833
1775117536505772,-0.0584791,0.00773387,-0.998259
1775117536525732,-0.0630809,0.0100239,-0.997958
1775117536545729,-0.0645218,0.011829,-0.997846
1775117536565732,-0.0628049,0.0090601,-0.997985
1775117536585730,-0.0532664,0.00353614,-0.998574
1775117536605727,-0.0534551,0.00189142,-0.998568
1775117536625728,-0.051348,0.00119679,-0.99868
1775117536645728,-0.0532702,0.00382686,-0.998573
1775117536665728,-0.0557621,0.00550103,-0.998429
1775117536685729,-0.0532247,0.00519888,-0.998569
1775117536705729,-0.0549743,0.00568573,-0.998472
1775117536725730,-0.0524919,0.00430315,-0.998612
1775117536745725,-0.0532206,0.00382841,-0.998575
1775117536765729,-0.0547984,0.00331595,-0.998492
1775117536785733,-0.0526581,0.0025659,-0.998609
1775117536805728,-0.0556457,0.00569684,-0.998434
1775117536825729,-0.0561805,0.00539275,-0.998406
1775117536845728,-0.0568324,0.00630958,-0.998364
1775117536865727,-0.0553044,0.00428281,-0.99846
1775117536885749,-0.055317,0.00387173,-0.998461
1775117536905727,-0.0539038,0.00495123,-0.998534
1775117536925950,-0.0520358,0.00292152,-0.998641
1775117536945734,-0.0507863,0.00427279,-0.9987
1775117536965729,-0.0516417,0.00441943,-0.998656
1775117536985728,-0.0549445,0.00384483,-0.998482
1775117537005729,-0.0521136,0.00373096,-0.998634
1775117537025729,-0.0518416,0.00487733,-0.998643
1775117537045729,-0.0506668,0.00418687,-0.998707
1775117537065728,-0.0505835,0.00417623,-0.998711
1775117537085727,-0.0502486,0.00480305,-0.998725
1775117537105750,-0.0492509,0.00576547,-0.99877
1775117537125729,-0.04703,0.00434862,-0.998884
1775117537145729,-0.0474327,0.00596681,-0.998857
1775117537165728,-0.0461067,0.00480364,-0.998925
1775117537185728,-0.0461161,0.00477152,-0.998925
1775117537205727,-0.0452077,0.0038919,-0.99897
1775117537225728,-0.0432815,0.00416293,-0.999054
1775117537245740,-0.0415807,0.00464342,-0.999124
1775117537265734,-0.0409153,0.00542274,-0.999148
1775117537285728,-0.0421625,0.0068144,-0.999088
1775117537305731,-0.0401668,0.00645429,-0.999172
1775117537325734,-0.0389106,0.00620166,-0.999223
1775117537345728,-0.0386108,0.00575673,-0.999238
1775117537365727,-0.0379583,0.00595582,-0.999262
1775117537385727,-0.0377584,0.00653446,-0.999266
1775117537405731,-0.0389376,0.00820049,-0.999208
1775117537425730,-0.039187,0.0075817,-0.999203
1775117537445730,-0.0373671,0.00827755,-0.999267
1775117537465729,-0.0374502,0.00790634,-0.999267
1775117537485726,-0.0383985,0.00905384,-0.999221
1775117537505726,-0.0382302,0.0105293,-0.999213
1775117537525727,-0.0389541,0.0109947,-0.999181
1775117537545750,-0.03908,0.011235,-0.999173
1775117537565750,-0.0368999,0.0105587,-0.999263
1775117537585729,-0.0369137,0.0105592,-0.999263
1775117537605707,-0.0368542,0.011479,-0.999255
1775117537625730,-0.0353048,0.0115598,-0.99931
1775117537645729,-0.0360467,0.0116923,-0.999282
1775117537665731,-0.0344926,0.0105354,-0.999349
1775117537685730,-0.0325441,0.00756054,-0.999442
1775117537705730,-0.0329119,0.0072343,-0.999432
1775117537725731,-0.0334502,0.00768528,-0.999411
1775117537745729,-0.0324073,0.00703994,-0.99945
1775117537765736,-0.0316518,0.00681007,-0.999476
1775117537785730,-0.0312646,0.00818426,-0.999478
1775117537805729,-0.031199,0.00839245,-0.999478
1775117537825730,-0.0313794,0.0090636,-0.999466
1775117537845729,-0.0310208,0.00800657,-0.999487
1775117537865730,-0.0291902,0.00857072,-0.999537
1775117537885736,-0.0296878,0.00805185,-0.999527
1775117537905734,-0.0296419,0.00614779,-0.999542
1775117537925735,-0.0293986,0.0065411,-0.999546
1775117537945733,-0.0291388,0.00538556,-0.999561
1775117537965731,-0.0298132,0.00427666,-0.999546
1775117537985732,-0.0290409,0.00306737,-0.999574
1775117538005731,-0.0293371,0.00261826,-0.999566
1775117538025823,-0.0315217,0.0036211,-0.999497
1775117538045729,-0.0303808,0.00372713,-0.999531
1775117538065728,-0.0305098,0.00274273,-0.999531
1775117538085727,-0.0316417,0.00391754,-0.999492
1775117538105727,-0.0327572,0.00191624,-0.999462
1775117538125728,-0.0420163,0.00949618,-0.999072
1775117538145729,-0.0379958,0.0065188,-0.999257
1775117538165731,-0.038731,0.00662913,-0.999228
1775117538185729,-0.0410628,0.00675062,-0.999134
1775117538205731,-0.0397674,0.00502736,-0.999196
1775117538225728,-0.0394923,0.00342403,-0.999214
1775117538245729,-0.0388145,0.00168086,-0.999245
1775117538265727,-0.0360047,-0.000989019,-0.999351
1775117538285729,-0.0340384,-0.00374048,-0.999414
1775117538305728,-0.0407617,0.00161664,-0.999168
1775117538325729,-0.0413368,0.00173245,-0.999144
1775117538345734,-0.0439272,0.00527128,-0.999021
1775117538365729,-0.0447858,0.00461572,-0.998986
1775117538385733,-0.0454093,0.00425793,-0.998959
1775117538405732,-0.0470881,0.00558013,-0.998875
1775117538425730,-0.0457285,0.00403317,-0.998946
1775117538445733,-0.0464726,0.00333391,-0.998914
1775117538465732,-0.046477,0.00358995,-0.998913
1775117538485731,-0.0448604,0.00224442,-0.998991
1775117538505729,-0.0445765,0.00125684,-0.999005
1775117538525756,-0.0433398,0.000259677,-0.99906
1775117538545777,-0.0447577,0.00102802,-0.998997
1775117538565734,-0.0478193,0.000298456,-0.998856
1775117538585735,-0.0462523,-0.000122432,-0.99893
1775117538605736,-0.0484181,0.000330165,-0.998827
1775117538625732,-0.0470011,0.000276599,-0.998895
1775117538645729,-0.0483365,0.000931685,-0.998831
1775117538665729,-0.0476627,0.00188426,-0.998862
1775117538685728,-0.0509098,0.00280078,-0.998699
1775117538705727,-0.0506605,0.00250099,-0.998713
1775117538725728,-0.0510808,0.00292621,-0.99869
1775117538745751,-0.0501057,0.00297832,-0.998739
1775117538765754,-0.0518393,0.00449246,-0.998645
1775117538785730,-0.0533506,0.0035442,-0.99857
1775117538805774,-0.052295,0.00229012,-0.998629
1775117538825731,-0.0537565,0.00288958,-0.99855
1775117538845731,-0.0509231,0.00105643,-0.998702
1775117538865730,-0.0517759,0.0021081,-0.998657
1775117538885731,-0.0541764,0.00398301,-0.998523
1775117538905727,-0.0516969,0.003413,-0.998657
1775117538925730,-0.0516544,0.00455759,-0.998655
1775117538945730,-0.0516178,0.00530695,-0.998653
1775117538965729,-0.0504303,0.00548761,-0.998713
1775117538985727,-0.0503393,0.00480483,-0.998721
1775117539005728,-0.048891,0.00430595,-0.998795
1775117539025729,-0.0468604,0.00447901,-0.998891
1775117539045728,-0.0489306,0.00351702,-0.998796
1775117539065728,-0.0481756,0.0032084,-0.998834
1775117539085733,-0.0468638,0.00369857,-0.998894
1775117539105732,-0.0448391,0.00390488,-0.998987
1775117539125733,-0.0439312,0.00519152,-0.999021
1775117539145732,-0.0436224,0.00639699,-0.999028
1775117539165729,-0.0455461,0.00508616,-0.998949
1775117539185731,-0.04455,0.00470074,-0.998996
1775117539205732,-0.043367,0.00564539,-0.999043
1775117539225732,-0.0410248,0.00693891,-0.999134
1775117539245739,-0.040181,0.00539597,-0.999178
1775117539265736,-0.0395578,0.00423407,-0.999208
1775117539285740,-0.0460231,0.00400969,-0.998932
1775117539305731,-0.0462586,0.00436288,-0.99892
1775117539325732,-0.0454918,0.00481112,-0.998953
1775117539345733,-0.0449138,0.0051083,-0.998978
1775117539365730,-0.0432184,0.00528432,-0.999052
1775117539385731,-0.0425597,0.00254979,-0.999091
1775117539405730,-0.0421708,0.00237776,-0.999108
1775117539425730,-0.0422256,0.0028422,-0.999104
1775117539445731,-0.0422524,0.00329186,-0.999102
1775117539465732,-0.0398879,0.00351059,-0.999198
1775117539485735,-0.0396049,0.00342484,-0.99921
1775117539505734,-0.0391498,0.00363182,-0.999227
1775117539525734,-0.0382951,0.0044656,-0.999256
1775117539545732,-0.0384877,0.00325196,-0.999254
1775117539565731,-0.0368362,0.0037877,-0.999314
1775117539585730,-0.0395252,0.00308936,-0.999214
1775117539605731,-0.0364035,0.00361761,-0.999331
1775117539625730,-0.034923,0.00357302,-0.999384
1775117539645731,-0.0358413,0.00242614,-0.999355
1775117539665731,-0.034903,0.00214095,-0.999388
1775117539685727,-0.0345733,0.00190599,-0.9994
1775117539705728,-0.0346336,0.0015572,-0.999399
1775117539725754,-0.0341332,0.000962372,-0.999417
1775117539745732,-0.0333465,0.00104927,-0.999443
1775117539765730,-0.0326451,-2.26601e-07,-0.999467
1775117539785728,-0.0323443,0.000430156,-0.999477
1775117539805732,-0.030618,0.000232858,-0.999531
1775117539825728,-0.0301446,0.0007459,-0.999545
1775117539845740,-0.0299912,0.00110601,-0.99955
1775117539865728,-0.0308228,0.000119706,-0.999525
1775117539885728,-0.030076,0.00171489,-0.999546
1775117539905729,-0.0303269,0.00181426,-0.999538
1775117539925736,-0.0304159,0.00110094,-0.999537
1775117539945736,-0.0307719,0.000877188,-0.999526
1775117539965734,-0.0303286,0.000217466,-0.99954
1775117539985735,-0.0308716,0.000181837,-0.999523
1775117540005733,-0.0305691,0.00017747,-0.999533
1775117540025734,-0.0312647,0.000354126,-0.999511
1775117540045733,-0.0322754,-0.00196494,-0.999477
1775117540065730,-0.0325946,-0.000664122,-0.999468
1775117540085735,-0.0324958,-0.000285144,-0.999472
1775117540105733,-0.0313961,0.000997694,-0.999507
1775117540125732,-0.0311392,0.0003511,-0.999515
1775117540145732,-0.0315813,-0.000142791,-0.999501
1775117540165732,-0.0321566,-0.000693337,-0.999483
1775117540185731,-0.0327624,-0.00122367,-0.999462
1775117540205734,-0.0326572,-0.000876577,-0.999466
1775117540225735,-0.031409,-0.000885434,-0.999506
1775117540245729,-0.0319079,-0.000519268,-0.999491
1775117540265731,-0.03358,-0.000180652,-0.999436
1775117540285736,-0.0342642,-0.000772077,-0.999413
1775117540305732,-0.0329696,-0.00170248,-0.999455
1775117540325731,-0.0357112,-0.0006372,-0.999362
1775117540345728,-0.0359066,-0.000853933,-0.999355
1775117540365728,-0.0386228,0.00131376,-0.999253
1775117540385728,-0.036285,0.000273789,-0.999341
1775117540405727,-0.0395086,0.00111461,-0.999219
1775117540425727,-0.0397404,0.00118036,-0.999209
1775117540445732,-0.0398413,0.000588784,-0.999206
1775117540465728,-0.0394264,0.0016794,-0.999221
1775117540485728,-0.0400846,0.00103957,-0.999196
1775117540505727,-0.042425,0.00198419,-0.999098
1775117540525728,-0.0422576,0.00178937,-0.999105
1775117540545727,-0.0428465,0.00186341,-0.99908
1775117540565845,-0.0439891,0.00237523,-0.999029
1775117540585732,-0.0445108,0.00246683,-0.999006
1775117540605761,-0.0443242,0.00283804,-0.999013
1775117540625736,-0.0461943,0.00314667,-0.998928
1775117540645727,-0.0456339,0.00187695,-0.998956
1775117540665727,-0.047478,0.00293741,-0.998868
1775117540685728,-0.0480255,0.00337962,-0.99884
1775117540705727,-0.0468833,0.00299845,-0.998896
1775117540725761,-0.0463345,0.0032278,-0.998921
1775117540745733,-0.047108,0.00224311,-0.998887
1775117540765744,-0.0505152,0.00429136,-0.998714
1775117540785733,-0.0495005,0.00363542,-0.998767
1775117540805735,-0.0497617,0.00443424,-0.998751
1775117540825735,-0.0506643,0.00398535,-0.998708
1775117540845728,-0.0478817,0.00476797,-0.998842
1775117540865732,-0.0489917,0.00581159,-0.998782
1775117540885730,-0.044595,0.00106031,-0.999005
1775117540905690,-0.0475123,0.00195328,-0.998869
1775117540925739,-0.0456066,0.00162613,-0.998958
1775117540945735,-0.0458899,0.00190033,-0.998945
1775117540965733,-0.0456628,0.00360134,-0.99895
1775117540985730,-0.0454552,0.00383672,-0.998959
1775117541005732,-0.045167,0.00413487,-0.998971
1775117541025730,-0.045222,0.00505588,-0.998964
1775117541045770,-0.0432164,0.00377097,-0.999059
1775117541065728,-0.0449353,0.0032208,-0.998985
1775117541085728,-0.0433766,0.00269893,-0.999055
1775117541105726,-0.0458482,0.00299521,-0.998944
1775117541125729,-0.0466661,0.00370392,-0.998904
1775117541145727,-0.044163,0.00349647,-0.999018
1775117541165727,-0.046985,0.00447711,-0.998886
1775117541185731,-0.0445609,0.0044074,-0.998997
1775117541205731,-0.045199,0.00401973,-0.99897
1775117541225729,-0.0437466,0.00429804,-0.999033
1775117541245736,-0.0436185,0.00449938,-0.999038
1775117541265730,-0.0420935,0.00320722,-0.999109
1775117541285731,-0.0410894,0.0036066,-0.999149
1775117541305731,-0.0399135,0.00400816,-0.999195
1775117541325732,-0.0391377,0.00412469,-0.999225
1775117541345729,-0.0388401,0.00423299,-0.999236
1775117541365734,-0.0428247,0.00170659,-0.999081
1775117541385731,-0.043165,0.000831618,-0.999068
1775117541405730,-0.0431073,0.00250579,-0.999067
1775117541425734,-0.0423125,0.00149487,-0.999103
1775117541445731,-0.0411356,0.0015753,-0.999152
1775117541465733,-0.0415697,0.00202835,-0.999134
1775117541485730,-0.0391811,0.0013269,-0.999231
1775117541505734,-0.0405042,0.00220677,-0.999177
1775117541525735,-0.0363976,0.00519432,-0.999324
1775117541545733,-0.0360529,0.00483487,-0.999338
1775117541565730,-0.0357161,0.00358731,-0.999356
1775117541585731,-0.0345904,0.00393732,-0.999394
1775117541605731,-0.0348274,0.00356768,-0.999387
1775117541625731,-0.036241,0.00429527,-0.999334
1775117541645735,-0.0383433,0.00209152,-0.999262
1775117541665732,-0.0365443,0.0020507,-0.99933
1775117541685731,-0.0365146,0.0020962,-0.999331
1775117541705732,-0.0334547,0.00197715,-0.999438
1775117541725731,-0.0328431,0.00109468,-0.99946
1775117541745733,-0.0335559,0.00178211,-0.999435
1775117541765798,-0.0320061,6.88464e-05,-0.999488
1775117541785736,-0.0321909,0.00068668,-0.999482
1775117541805735,-0.0340231,0.0018563,-0.999419
1775117541825732,-0.0329611,0.00151302,-0.999455
1775117541845764,-0.0329673,0.0017731,-0.999455
1775117541865736,-0.0326647,0.000749646,-0.999466
1775117541885733,-0.0318158,0.00048992,-0.999494
1775117541905733,-0.0322666,0.00167971,-0.999478
1775117541925730,-0.0332528,0.000155209,-0.999447
1775117541945748,-0.0307823,-0.00107994,-0.999526
1775117541965726,-0.0303809,0.00088963,-0.999538
1775117541985728,-0.0298273,0.00109703,-0.999554
1775117542005732,-0.0299145,0.000574932,-0.999552
1775117542025728,-0.0299788,0.000139578,-0.999551
1775117542045728,-0.0295529,-0.000548925,-0.999563
1775117542065758,-0.0286905,-0.000823887,-0.999588
1775117542085728,-0.0297477,-0.00148028,-0.999556
1775117542105755,-0.0296683,-0.000828228,-0.999559
1775117542125754,-0.0295818,-0.00240888,-0.999559
1775117542145728,-0.029791,-0.000588392,-0.999556
1775117542165728,-0.0304411,-0.000899999,-0.999536
1775117542185729,-0.0299445,-0.000925452,-0.999551
1775117542205728,-0.0318483,-0.000622109,-0.999493
1775117542225729,-0.0303495,-0.00112437,-0.999539
1775117542245733,-0.0304902,-0.0014636,-0.999534
1775117542265735,-0.0315464,-0.000599769,-0.999502
1775117542285730,-0.0320483,-0.000337882,-0.999486
1775117542305730,-0.0324579,-0.000444686,-0.999473
1775117542325730,-0.0325095,-0.00098631,-0.999471
1775117542345755,-0.032956,-0.000839265,-0.999456
1775117542365727,-0.0334066,-0.000718116,-0.999442
1775117542385726,-0.0327268,-0.000651336,-0.999464
1775117542405728,-0.0348249,-0.000312286,-0.999393
1775117542425729,-0.0365236,0.000434516,-0.999333
1775117542445749,-0.0350308,0.000486285,-0.999386
1775117542465727,-0.0349656,-0.000149441,-0.999389
1775117542485728,-0.0341456,-0.000137309,-0.999417
1775117542505727,-0.0358238,0.000679424,-0.999358
1775117542525728,-0.0346494,-0.000158538,-0.9994
1775117542545728,-0.0350154,0.000548943,-0.999387
1775117542565727,-0.0361278,0.000606172,-0.999347
1775117542585729,-0.0359659,0.000498957,-0.999353
1775117542605734,-0.0353289,0.000600109,-0.999376
1775117542625731,-0.0354564,0.000385446,-0.999371
1775117542645728,-0.0356265,-2.50387e-05,-0.999365
1775117542665733,-0.0356016,-0.000579826,-0.999366
1775117542685728,-0.0369742,7.73187e-05,-0.999316
1775117542705755,-0.0377115,-0.000417146,-0.999289
1775117542725727,-0.0379843,0.000693914,-0.999278
1775117542745727,-0.0375337,0.000953207,-0.999295
1775117542765727,-0.0400978,0.0014325,-0.999195
1775117542785728,-0.0390082,0.00230001,-0.999236
1775117542805727,-0.0408352,0.00305693,-0.999161
1775117542825730,-0.0418041,0.00236788,-0.999123
1775117542845727,-0.0419157,0.000959449,-0.999121
1775117542865743,-0.0419038,0.0008841,-0.999121
1775117542885728,-0.0419248,0.000731372,-0.999121
1775117542905800,-0.0431165,0.00137452,-0.999069
1775117542925759,-0.043349,0.00300714,-0.999055
1775117542945729,-0.0448436,0.00332835,-0.998988
1775117542965732,-0.0445545,0.00204961,-0.999005
1775117542985727,-0.0446744,0.00276691,-0.998998
1775117543005728,-0.0453849,0.0015998,-0.998968
1775117543025730,-0.0465474,0.00289232,-0.998912
1775117543045730,-0.0462681,0.00347248,-0.998923
1775117543065730,-0.0468295,0.00454612,-0.998893
1775117543085751,-0.0470923,0.00419161,-0.998882
1775117543105740,-0.0495595,0.00451812,-0.998761
1775117543125728,-0.0485299,0.00301564,-0.998817
1775117543145729,-0.0467709,0.00276425,-0.998902
1775117543165728,-0.0476394,0.00332381,-0.998859
1775117543185728,-0.0469679,0.000950002,-0.998896
1775117543205728,-0.0467927,0.00108744,-0.998904
1775117543225728,-0.0471744,0.00153995,-0.998885
1775117543245753,-0.0468339,0.00217231,-0.9989
1775117543265729,-0.0467615,0.00200108,-0.998904
1775117543285728,-0.0465598,0.0019086,-0.998914
1775117543305730,-0.0460556,0.00212588,-0.998937
1775117543325728,-0.0461229,0.00260141,-0.998932
1775117543345731,-0.0465284,0.00184065,-0.998915
1775117543365728,-0.0463646,0.00220952,-0.998922
1775117543385727,-0.0467777,0.0022424,-0.998903
1775117543405728,-0.0465559,0.00225356,-0.998913
1775117543425729,-0.0462503,0.0021607,-0.998928
1775117543445738,-0.044701,0.00194065,-0.998999
1775117543465730,-0.0439561,0.00153719,-0.999032
1775117543485730,-0.0437424,0.00119278,-0.999042
1775117543505730,-0.0437462,0.000737105,-0.999042
1775117543525760,-0.0445254,0.00160107,-0.999007
1775117543545809,-0.0443873,0.00141396,-0.999013
1775117543565735,-0.0439109,0.0012353,-0.999035
1775117543585734,-0.0427174,0.00167687,-0.999086
1775117543605735,-0.0425359,0.00288072,-0.999091
1775117543625736,-0.0416228,0.0025212,-0.99913
1775117543645733,-0.04119,0.00252907,-0.999148
1775117543665731,-0.0395841,0.00192563,-0.999214
1775117543685735,-0.039696,0.0024695,-0.999209
1775117543705732,-0.0390969,0.00178975,-0.999234
1775117543725733,-0.0387262,0.00177755,-0.999248
1775117543745731,-0.0381656,0.000878228,-0.999271
1775117543765730,-0.0392012,0.00154476,-0.99923
1775117543785729,-0.0383176,0.000902462,-0.999265
1775117543805732,-0.0393069,0.00195098,-0.999225
1775117543825742,-0.0357989,-0.000190167,-0.999359
1775117543845734,-0.033941,-0.00092101,-0.999423
1775117543865734,-0.0327235,6.46046e-05,-0.999464
1775117543885732,-0.03241,-0.000956249,-0.999474
1775117543905731,-0.0323001,-0.000825474,-0.999478
1775117543925730,-0.0335702,0.000470861,-0.999436
1775117543945730,-0.0325518,-0.000524466,-0.99947
1775117543965733,-0.0324214,-0.000806071,-0.999474
1775117543985733,-0.033164,-0.00096615,-0.999449
1775117544005736,-0.0315123,-0.00114188,-0.999503
1775117544025737,-0.0333262,-0.000758447,-0.999444
1775117544045730,-0.0321118,-0.00129744,-0.999483
1775117544065731,-0.0324905,-0.00158892,-0.999471
1775117544085739,-0.0319784,0.000212874,-0.999489
1775117544105750,-0.0331536,0.000285152,-0.99945
1775117544125746,-0.0320743,-0.00050293,-0.999485
1775117544145733,-0.0324384,-0.000277121,-0.999474
1775117544165732,-0.0320588,-0.00090425,-0.999486
1775117544185732,-0.0321122,-0.000636023,-0.999484
1775117544205732,-0.0320207,0.000327302,-0.999487
1775117544225731,-0.0316065,7.65655e-05,-0.9995
1775117544245733,-0.0317509,-0.000224896,-0.999496
1775117544265733,-0.0317161,-0.000451245,-0.999497
1775117544285730,-0.0317407,-7.65554e-05,-0.999496
1775117544305740,-0.0316531,-0.000526996,-0.999499
1775117544325731,-0.0315398,-6.17944e-05,-0.999502
1775117544345736,-0.0318379,-0.000272019,-0.999493
1775117544365732,-0.0314739,-0.000317054,-0.999505
1775117544385729,-0.0319882,0.000286055,-0.999488
1775117544405732,-0.0305789,-0.000420236,-0.999532
1775117544425728,-0.0312294,0.00023371,-0.999512
1775117544445730,-0.0314117,-0.000559757,-0.999506
1775117544465731,-0.0316236,6.19547e-05,-0.9995
1775117544485733,-0.030813,-0.0011449,-0.999525
1775117544505731,-0.0315301,-0.000494935,-0.999503
1775117544525732,-0.0315433,0.000983147,-0.999502
1775117544545731,-0.0318605,0.000402742,-0.999492
1775117544565735,-0.032776,0.000370325,-0.999463
1775117544585728,-0.0324061,0.00188627,-0.999473
1775117544605730,-0.0336963,0.00129131,-0.999431
1775117544625729,-0.0333325,0.00132229,-0.999443
1775117544645735,-0.0332071,0.00113325,-0.999448
1775117544665733,-0.0332734,6.87594e-05,-0.999446
1775117544685730,-0.0338053,0.00113606,-0.999428
1775117544705731,-0.0346328,0.00193587,-0.999398
1775117544725739,-0.0353571,0.00186151,-0.999373
1775117544745743,-0.0360263,0.00205903,-0.999349
1775117544765742,-0.0369406,0.00209307,-0.999315
1775117544785732,-0.0369098,0.00314614,-0.999314
1775117544805735,-0.035548,0.000852738,-0.999368
1775117544825767,-0.0354446,0.0009255,-0.999371
1775117544845732,-0.0398498,0.00137591,-0.999205
1775117544865731,-0.0367656,0.00117838,-0.999323
1775117544885729,-0.0380853,0.00282514,-0.99927
1775117544905728,-0.0386356,0.00338014,-0.999248
1775117544925727,-0.0393984,0.00386426,-0.999216
1775117544945732,-0.0367716,0.00140653,-0.999323
1775117544965728,-0.0399778,0.00208049,-0.999198
1775117544985731,-0.0396507,0.000692045,-0.999213
1775117545005730,-0.0396575,0.00170418,-0.999212
1775117545025730,-0.0422027,0.00201819,-0.999107
1775117545045729,-0.0439127,0.00313011,-0.99903
1775117545065728,-0.0440662,0.00381529,-0.999021
1775117545085729,-0.0448595,0.00348901,-0.998987
1775117545105726,-0.0446273,0.0034943,-0.998998
1775117545125727,-0.0445353,0.00287573,-0.999004
1775117545145726,-0.0427157,0.0019213,-0.999085
1775117545165730,-0.0444563,0.00229337,-0.999009
1775117545185729,-0.044605,0.00220366,-0.999002
1775117545205731,-0.0450324,0.00233817,-0.998983
1775117545225734,-0.0451326,0.000968398,-0.998981
1775117545245740,-0.0451991,0.00116932,-0.998977
1775117545265731,-0.0463441,0.000991127,-0.998925
1775117545285729,-0.04638,0.00126502,-0.998923
1775117545305733,-0.045941,0.000945154,-0.998944
1775117545325732,-0.045937,0.00125341,-0.998944
1775117545345731,-0.0462736,0.00127122,-0.998928
1775117545365739,-0.0462441,0.000738337,-0.99893
1775117545385731,-0.0456884,0.000711029,-0.998955
1775117545405731,-0.0470149,0.00187754,-0.998892
1775117545425732,-0.0462871,0.000451299,-0.998928
1775117545445730,-0.047218,0.00153393,-0.998883
1775117545465732,-0.0461035,0.00147007,-0.998936
1775117545485731,-0.0474245,0.00198081,-0.998873
1775117545505728,-0.0458427,0.00217411,-0.998946
1775117545525801,-0.0453109,0.00118697,-0.998972
1775117545545733,-0.0463902,0.00381655,-0.998916
1775117545565731,-0.046203,0.00427823,-0.998923
1775117545585733,-0.0458971,0.0034795,-0.99894
1775117545605731,-0.046804,0.0028301,-0.9989
1775117545625729,-0.04635,0.00333253,-0.99892
1775117545645730,-0.0461206,0.00296647,-0.998931
1775117545665732,-0.0456036,0.000798648,-0.998959
1775117545685728,-0.0450649,0.0010523,-0.998984
1775117545705729,-0.0447378,0.000971224,-0.998998
1775117545725728,-0.0449407,0.000512116,-0.99899
1775117545745729,-0.045807,0.00217357,-0.998948
1775117545765728,-0.0442859,0.00232176,-0.999016
1775117545785730,-0.0435249,0.00174962,-0.999051
1775117545805729,-0.0437062,0.00160074,-0.999043
1775117545825729,-0.0426205,0.000537186,-0.999091
1775117545845732,-0.0415034,0.000215788,-0.999138
1775117545865735,-0.0404181,0.000605218,-0.999183
1775117545885730,-0.0389143,-0.000170065,-0.999243
1775117545905728,-0.0405912,0.00200412,-0.999174
1775117545925730,-0.0397356,0.00151323,-0.999209
1775117545945730,-0.0394794,0.00112069,-0.99922
1775117545965729,-0.037431,0.000541903,-0.999299
1775117545985724,-0.0364474,0.000526311,-0.999335
1775117546005725,-0.0359468,0.000204372,-0.999354
1775117546025724,-0.0356315,0.00019414,-0.999365
1775117546045727,-0.0351102,-0.00235001,-0.999381
1775117546065729,-0.0345846,-0.00159195,-0.999401
1775117546085729,-0.0353107,-0.000580527,-0.999376
1775117546105725,-0.0333765,-0.00049475,-0.999443
1775117546125726,-0.0343361,-0.000685705,-0.99941
1775117546145725,-0.0334641,-0.000360629,-0.99944
1775117546165732,-0.0338251,-0.000112906,-0.999428
1775117546185729,-0.0333928,5.45708e-05,-0.999442
1775117546205729,-0.0326134,-0.000300385,-0.999468
1775117546225728,-0.0330707,-0.000551349,-0.999453
1775117546245728,-0.0323861,-0.000582775,-0.999475
1775117546265727,-0.033887,-0.000486188,-0.999426
1775117546285725,-0.0331779,-0.000221303,-0.999449
1775117546305728,-0.0320092,2.63756e-05,-0.999488
1775117546325728,-0.031229,0.000119742,-0.999512
1775117546345728,-0.030957,-6.28335e-05,-0.999521
1775117546365735,-0.0315863,1.446e-05,-0.999501
1775117546385726,-0.0313522,-0.000335377,-0.999508
1775117546405730,-0.0314241,0.000268201,-0.999506
1775117546425726,-0.0299703,0.000597934,-0.999551
1775117546445733,-0.0296978,0.00103744,-0.999558
1775117546465729,-0.0300335,0.00102478,-0.999548
1775117546485728,-0.0303287,0.00169107,-0.999539
1775117546505728,-0.0306476,0.000720386,-0.99953
1775117546525726,-0.0300969,0.000578119,-0.999547
1775117546545726,-0.0294598,0.000263249,-0.999566
1775117546565727,-0.0280935,0.000351661,-0.999605
1775117546585726,-0.027579,0.000758922,-0.999619
1775117546605730,-0.0278467,0.00261746,-0.999609
1775117546625731,-0.0294089,-0.000214572,-0.999567
1775117546645730,-0.0297801,0.000381656,-0.999556
1775117546665736,-0.0306112,0.000985528,-0.999531
1775117546685725,-0.029749,0.000938027,-0.999557
1775117546705727,-0.0304959,0.00170061,-0.999533
1775117546725725,-0.0302551,0.00172157,-0.999541
1775117546745728,-0.0340557,0.00311966,-0.999415
1775117546765725,-0.0334103,0.00273727,-0.999438
1775117546785726,-0.0320027,0.00172765,-0.999486
1775117546805727,-0.0313939,0.00173182,-0.999506
1775117546825727,-0.0303812,0.00196693,-0.999536
1775117546845726,-0.0324582,0.00178669,-0.999471
1775117546865732,-0.033155,0.00119826,-0.99945
1775117546885727,-0.0339869,0.00138957,-0.999421
1775117546905766,-0.0340565,0.00264818,-0.999416
1775117546925730,-0.0359921,0.00249408,-0.999349
1775117546945731,-0.0364718,0.0022998,-0.999332
1775117546965727,-0.0382938,0.0032332,-0.999261
1775117546985729,-0.0364642,0.00120515,-0.999334
1775117547005727,-0.0372741,0.00170694,-0.999304
1775117547025729,-0.0378718,0.00158206,-0.999281
1775117547045731,-0.0403444,0.0017831,-0.999184
1775117547065730,-0.0404048,0.00055303,-0.999183
1775117547085727,-0.0392507,0.00216452,-0.999227
1775117547105725,-0.0395351,0.0021547,-0.999216
1775117547125729,-0.0398619,0.00238678,-0.999202
1775117547145727,-0.0414994,0.00249652,-0.999135
1775117547165727,-0.0426819,0.00313765,-0.999084
1775117547185726,-0.0435118,0.00303588,-0.999048
1775117547205728,-0.0429415,0.00271274,-0.999074
1775117547225725,-0.0437158,0.00232893,-0.999041
1775117547245727,-0.0437943,0.00301959,-0.999036
1775117547265725,-0.0450753,0.00234109,-0.998981
1775117547285726,-0.0459565,0.00293879,-0.998939
1775117547305726,-0.04853,0.00342974,-0.998816
1775117547325726,-0.0466907,0.00395792,-0.998902
1775117547345730,-0.0477183,0.00422781,-0.998852
1775117547365729,-0.047892,0.00342845,-0.998847
1775117547385725,-0.0481365,0.00359367,-0.998834
1775117547405724,-0.048479,0.00387373,-0.998817
1775117547425726,-0.0473818,0.0030312,-0.998872
1775117547445724,-0.0476614,0.00272678,-0.99886
1775117547465726,-0.0486876,0.00313495,-0.998809
1775117547485728,-0.0487273,0.00305953,-0.998807
1775117547505727,-0.0488697,0.0043635,-0.998796
1775117547525727,-0.0491353,0.00455064,-0.998782
1775117547545728,-0.0485786,0.00414471,-0.998811
1775117547565729,-0.0497973,0.00516171,-0.998746
1775117547585727,-0.0495364,0.00470658,-0.998761
1775117547605725,-0.0504472,0.00403489,-0.998719
1775117547625726,-0.0513559,0.0044006,-0.998671
1775117547645735,-0.0513832,0.00433528,-0.99867
1775117547665727,-0.051539,0.00445143,-0.998661
1775117547685726,-0.0502113,0.00412545,-0.99873
1775117547705726,-0.0495969,0.00389447,-0.998762
1775117547725725,-0.0515205,0.00396634,-0.998664
1775117547745726,-0.0529816,0.00391856,-0.998588
1775117547765724,-0.0515072,0.00465982,-0.998662
1775117547785726,-0.0526423,0.00426192,-0.998604
1775117547805725,-0.0507326,0.00421843,-0.998703
1775117547825728,-0.052036,0.00620658,-0.998626
1775117547845728,-0.0517967,0.00515207,-0.998644
1775117547865733,-0.0483715,0.00491195,-0.998817
1775117547885741,-0.0475312,0.00413025,-0.998861
1775117547905729,-0.048285,0.0034981,-0.998827
1775117547925727,-0.0474219,0.00347602,-0.998869
1775117547945730,-0.0469275,0.0031371,-0.998893
1775117547965727,-0.046456,0.00204224,-0.998918
1775117547985729,-0.046125,0.0025116,-0.998933
1775117548005727,-0.0444256,0.00184554,-0.999011
1775117548025790,-0.0437874,0.00203155,-0.999039
1775117548045729,-0.0430598,0.00214859,-0.99907
1775117548065732,-0.0428891,0.00163634,-0.999078
1775117548085728,-0.0426293,0.00208017,-0.999089
1775117548105729,-0.0432163,0.00239024,-0.999063
1775117548125730,-0.0425241,0.00246462,-0.999092
1775117548145730,-0.0407304,0.00237898,-0.999167
1775117548165731,-0.0406677,0.00121202,-0.999172
1775117548185732,-0.0415997,0.00156805,-0.999133
1775117548205730,-0.0406956,0.00109075,-0.999171
1775117548225728,-0.0405582,0.00126724,-0.999176
1775117548245727,-0.0398463,0.00139477,-0.999205
1775117548265727,-0.0404222,0.00237321,-0.99918
1775117548285760,-0.039577,0.00154696,-0.999215
1775117548305734,-0.0384458,0.00171516,-0.999259
1775117548325732,-0.0368892,0.00288375,-0.999315
1775117548345775,-0.0369886,0.00142841,-0.999315
1775117548365732,-0.036638,0.00161311,-0.999327
1775117548385733,-0.0357744,0.00158011,-0.999359
1775117548405728,-0.0352961,0.00117099,-0.999376
1775117548425733,-0.0352815,0.00153715,-0.999376
1775117548445731,-0.034703,0.00142284,-0.999397
1775117548465732,-0.0341119,0.00120117,-0.999417
1775117548485727,-0.0332726,0.000794583,-0.999446
1775117548505739,-0.0327475,0.0011766,-0.999463
1775117548525729,-0.0318914,0.000998013,-0.999491
1775117548545730,-0.031068,0.000651985,-0.999517
1775117548565784,-0.0305903,0.000624389,-0.999532
1775117548585732,-0.0303401,0.000189117,-0.99954
1775117548605790,-0.0288242,-0.000101478,-0.999584
1775117548625735,-0.0286938,2.85609e-05,-0.999588
1775117548645728,-0.0286909,0.000143423,-0.999588
1775117548665732,-0.0303197,0.000916626,-0.99954
1775117548685730,-0.0299441,0.00111518,-0.999551
1775117548705783,-0.0292253,0.00119142,-0.999572
1775117548725729,-0.0289569,0.00127269,-0.99958
1775117548745731,-0.029558,0.000198726,-0.999563
1775117548765725,-0.0295647,0.000119998,-0.999563
1775117548785725,-0.029346,0.00111752,-0.999569
1775117548805729,-0.0296224,0.00158667,-0.99956
1775117548825727,-0.0294292,0.00168214,-0.999565
1775117548845729,-0.0291497,-0.000106662,-0.999575
1775117548865728,-0.03042,-0.000510355,-0.999537
1775117548885730,-0.0311334,0.000399095,-0.999515
1775117548905761,-0.0315714,-0.000616647,-0.999501
1775117548925728,-0.0311629,0.000608428,-0.999514
1775117548945788,-0.0317161,0.00108021,-0.999496
1775117548965728,-0.0321491,0.00150174,-0.999482
1775117548985727,-0.0332035,0.00184946,-0.999447
1775117549005730,-0.0331698,0.00194408,-0.999448
1775117549025728,-0.0344982,0.00282807,-0.999401
1775117549045756,-0.0353951,0.00304466,-0.999369
1775117549065730,-0.0366789,0.00378816,-0.99932
1775117549085726,-0.0358412,0.00259305,-0.999354
1775117549105756,-0.0348224,0.00269732,-0.99939
1775117549125726,-0.0365875,0.00326982,-0.999325
1775117549145731,-0.0368971,0.0038175,-0.999312
1775117549165728,-0.0374674,0.00412167,-0.999289
1775117549185728,-0.0377343,0.00330787,-0.999282
1775117549205726,-0.0368983,0.00351144,-0.999313
1775117549225727,-0.0388825,0.00421844,-0.999235
1775117549245724,-0.0376253,0.00360036,-0.999285
1775117549265726,-0.0374601,0.00496341,-0.999286
1775117549285725,-0.037974,0.00546336,-0.999264
1775117549305728,-0.0422058,0.0065591,-0.999087
1775117549325728,-0.040611,0.00615597,-0.999156
1775117549345743,-0.0409009,0.00697811,-0.999139
1775117549365735,-0.0410865,0.00665533,-0.999133
1775117549385735,-0.0420652,0.00661303,-0.999093
1775117549405733,-0.0425217,0.00602568,-0.999077
1775117549425734,-0.0426733,0.00588408,-0.999072
1775117549445731,-0.043894,0.0057929,-0.999019
1775117549465729,-0.0457472,0.00640574,-0.998933
1775117549485730,-0.0438587,0.00639521,-0.999017
1775117549505728,-0.0438916,0.00704125,-0.999011
1775117549525731,-0.0449388,0.00631371,-0.99897
1775117549545729,-0.0452801,0.00780709,-0.998944
1775117549565731,-0.0449591,0.00853522,-0.998952
1775117549585731,-0.0451308,0.00855112,-0.998944
1775117549605732,-0.0448813,0.00853415,-0.998956
1775117549625728,-0.0457008,0.00859092,-0.998918
1775117549645729,-0.0453266,0.00818469,-0.998939
1775117549665731,-0.0454145,0.00841339,-0.998933
1775117549685732,-0.0454962,0.00832067,-0.99893
1775117549705731,-0.0470693,0.00964138,-0.998845
1775117549725733,-0.0479042,0.00892233,-0.998812
1775117549745732,-0.0479118,0.0089185,-0.998812
1775117549765727,-0.0472944,0.00730246,-0.998854
1775117549785725,-0.0469633,0.00684088,-0.998873
1775117549805746,-0.0484551,0.00730973,-0.998799
1775117549825739,-0.0450605,0.00659054,-0.998963
1775117549845753,-0.0457408,0.00659128,-0.998932
1775117549865729,-0.044597,0.0061176,-0.998986
1775117549885729,-0.0435359,0.0061937,-0.999033
1775117549905730,-0.0437456,0.00651571,-0.999021
1775117549925733,-0.0425256,0.00664957,-0.999073
1775117549945747,-0.0420697,0.00580909,-0.999098
1775117549965748,-0.0414395,0.00627969,-0.999121
1775117549985726,-0.0413424,0.00620542,-0.999126
1775117550005725,-0.040905,0.00577596,-0.999146
1775117550025726,-0.0420722,0.00597244,-0.999097
1775117550045726,-0.0415189,0.00599023,-0.99912
1775117550065747,-0.0400009,0.0050093,-0.999187
1775117550085726,-0.0400009,0.0050093,-0.999187
1775117550105726,-0.0400009,0.0050093,-0.999187
1775117550125728,-0.0383575,0.00450398,-0.999254
1775117550145726,-0.0385854,0.00274648,-0.999252
1775117550165727,-0.0378362,0.00226827,-0.999281
1775117550185725,-0.0368879,0.00181683,-0.999318
1775117550205727,-0.0363307,0.0019855,-0.999338
1775117550225727,-0.0335706,0.000997419,-0.999436
1775117550245727,-0.0313929,0.00105036,-0.999507
1775117550265749,-0.0294477,0.000559274,-0.999566
1775117550285725,-0.029275,0.000429164,-0.999571
1775117550305750,-0.0289687,0.000564766,-0.99958
1775117550325727,-0.0282592,0.000892784,-0.9996
1775117550345727,-0.0272746,-0.00135419,-0.999627
1775117550365727,-0.0281113,-0.000885053,-0.999604
1775117550385731,-0.0275815,-0.000993227,-0.999619
1775117550405730,-0.0272773,-0.000288681,-0.999628
1775117550425726,-0.0272461,-0.000445325,-0.999629
1775117550445725,-0.0256598,-0.0010667,-0.99967
1775117550465749,-0.0253476,-0.00163144,-0.999677
1775117550485725,-0.0243162,-0.000651277,-0.999704
1775117550505724,-0.0244802,-0.00152904,-0.999699
1775117550525748,-0.0231844,-0.00199779,-0.999729
1775117550545748,-0.0230146,-0.00296102,-0.999731
1775117550565725,-0.0224351,-0.00175838,-0.999747
1775117550585726,-0.0220889,-0.00189063,-0.999754
1775117550605733,-0.0216333,-0.00369671,-0.999759
1775117550625728,-0.0202017,-0.00350682,-0.99979
1775117550645731,-0.0203025,-0.00373088,-0.999787
1775117550665728,-0.0192176,-0.00383815,-0.999808
1775117550685729,-0.0202875,-0.00341317,-0.999788
1775117550705733,-0.0179682,-0.00268867,-0.999835
1775117550725731,-0.0186362,-0.00232702,-0.999824
1775117550745728,-0.0179745,-0.00271449,-0.999835
1775117550765729,-0.0183422,-0.00307854,-0.999827
1775117550785730,-0.0176178,-0.00345832,-0.999839
1775117550805732,-0.0179711,-0.00296102,-0.999834
1775117550825728,-0.017822,-0.00229672,-0.999839
1775117550845730,-0.0195256,-0.00195319,-0.999807
1775117550865728,-0.0198291,-0.00170525,-0.999802
1775117550885731,-0.0193915,-0.00395124,-0.999804
1775117550905735,-0.0184629,-0.00167898,-0.999828
1775117550925735,-0.0187158,-0.00200888,-0.999823
1775117550945739,-0.0194684,-0.0028763,-0.999806
1775117550965733,-0.0210646,-0.00134465,-0.999777
1775117550985734,-0.0211175,-0.0020562,-0.999775
1775117551005731,-0.0196313,-0.00216737,-0.999805
1775117551025733,-0.0221101,-0.002164,-0.999753
1775117551045729,-0.0222607,-0.00260074,-0.999749
1775117551065736,-0.0252566,-0.000956067,-0.999681
1775117551085728,-0.0243402,-0.00222349,-0.999701
1775117551105729,-0.0253564,-0.00198607,-0.999677
1775117551125733,-0.0228147,-0.00391889,-0.999732
1775117551145730,-0.0242003,-0.00248437,-0.999704
1775117551165730,-0.0240899,-0.0031243,-0.999705
1775117551185733,-0.0208668,-0.00468588,-0.999771
1775117551205729,-0.0175701,-0.00545272,-0.999831
1775117551225730,-0.0184269,-0.00287654,-0.999826
1775117551245731,-0.0197228,-0.00323915,-0.9998
1775117551265732,-0.0187389,-0.00268644,-0.999821
1775117551285730,-0.0184339,-0.0031965,-0.999825
1775117551305731,-0.018427,-0.00459121,-0.99982
1775117551325730,-0.0177865,-0.00350405,-0.999836
1775117551345731,-0.0168999,-0.00152595,-0.999856
1775117551365730,-0.0161362,-0.00184615,-0.999868
1775117551385736,-0.0161462,-0.00339129,-0.999864
1775117551405733,-0.0146881,-0.0021831,-0.99989
1775117551425733,-0.0160151,-0.0021198,-0.99987
1775117551445734,-0.0218749,-0.00249245,-0.999758
1775117551465728,-0.0247839,-0.00322493,-0.999688
1775117551485729,-0.0245752,-0.00251988,-0.999695
1775117551505729,-0.0235332,-0.0028556,-0.999719
1775117551525729,-0.0250421,-0.00278205,-0.999683
1775117551545734,-0.0264042,-0.00193051,-0.999649
1775117551565730,-0.0245824,-0.00163456,-0.999696
1775117551585730,-0.0277489,-0.0021512,-0.999613
1775117551605732,-0.0278154,-0.000630192,-0.999613
1775117551625727,-0.0273696,-9.43787e-06,-0.999625
1775117551645728,-0.0272933,-0.00147663,-0.999626
1775117551665753,-0.0285476,-0.00102173,-0.999592
1775117551685727,-0.0280679,0.000439048,-0.999606
1775117551705727,-0.0287714,0.00116236,-0.999585
1775117551725728,-0.0301739,0.00101746,-0.999544
1775117551745725,-0.0306321,0.00191414,-0.999529
1775117551765727,-0.0336255,0.00139485,-0.999434
1775117551785726,-0.0348496,0.00269465,-0.999389
1775117551805726,-0.0347176,0.00195933,-0.999395
1775117551825724,-0.0376339,0.00393861,-0.999284
1775117551845725,-0.0390411,0.00431658,-0.999228
1775117551865725,-0.0389542,0.00362735,-0.999234
1775117551885728,-0.0394031,0.00457251,-0.999213
1775117551905727,-0.0435588,0.00265842,-0.999047
1775117551925729,-0.0427842,0.0034474,-0.999078
1775117551945728,-0.0423074,0.00461066,-0.999094
1775117551965732,-0.0453695,0.00304012,-0.998966
1775117551985726,-0.0444429,0.00522029,-0.998998
1775117552005728,-0.044456,0.00472448,-0.999
1775117552025725,-0.0440412,0.00432685,-0.99902
1775117552045750,-0.0459382,0.00394841,-0.998936
1775117552065730,-0.0497464,0.00365721,-0.998755
1775117552085728,-0.0470356,0.00373761,-0.998886
1775117552105727,-0.0484111,0.00601464,-0.998809
1775117552125727,-0.0477246,0.00626875,-0.998841
1775117552145730,-0.0488611,0.0052612,-0.998792
1775117552165727,-0.0469331,0.00669543,-0.998876
1775117552185725,-0.0482071,0.00593524,-0.99882
1775117552205727,-0.0509157,0.00625943,-0.998683
1775117552225727,-0.0481257,0.00658898,-0.99882
1775117552245728,-0.0495954,0.00710981,-0.998744
1775117552265761,-0.0510557,0.00616131,-0.998677
1775117552285732,-0.0508831,0.00669165,-0.998682
1775117552305729,-0.0505036,0.00723626,-0.998698
1775117552325729,-0.0486148,0.00788003,-0.998787
1775117552345725,-0.0482083,0.00767081,-0.998808
1775117552365729,-0.0480433,0.00768924,-0.998816
1775117552385756,-0.0486408,0.00689032,-0.998793
1775117552405758,-0.0478731,0.00640636,-0.998833
1775117552425729,-0.0457772,0.006203,-0.998932
1775117552445726,-0.046656,0.0061873,-0.998892
1775117552465724,-0.0432546,0.00659945,-0.999042
1775117552485727,-0.0414266,0.00666666,-0.999119
1775117552505725,-0.0415091,0.0061327,-0.999119
1775117552525728,-0.0412625,0.0058366,-0.999131
1775117552545724,-0.0418906,0.00552154,-0.999107
1775117552565726,-0.0416532,0.00519521,-0.999119
1775117552585724,-0.0397073,0.00602263,-0.999193
1775117552605728,-0.0390424,0.00549279,-0.999222
1775117552625725,-0.038758,0.00541656,-0.999234
1775117552645726,-0.0378507,0.00577153,-0.999267
1775117552665727,-0.0379811,0.00596235,-0.999261
1775117552685727,-0.0376016,0.00457402,-0.999282
1775117552705727,-0.0352929,0.00411921,-0.999369
1775117552725732,-0.0364521,0.00446228,-0.999325
1775117552745733,-0.0353621,0.00424603,-0.999366
1775117552765731,-0.0334544,0.00230932,-0.999438
1775117552785728,-0.0336107,0.00256975,-0.999432
1775117552805729,-0.0344544,0.00153926,-0.999405
1775117552825729,-0.0330996,0.00347855,-0.999446
1775117552845729,-0.032716,0.00239106,-0.999462
1775117552865727,-0.0303817,0.0016873,-0.999537
1775117552885729,-0.030404,0.0012042,-0.999537
1775117552905730,-0.0295241,0.00185134,-0.999562
1775117552925729,-0.0296974,0.00173844,-0.999557
1775117552945728,-0.0290393,0.000432867,-0.999578
1775117552965729,-0.0277141,-0.000335042,-0.999616
1775117552985728,-0.0275837,0.000921418,-0.999619
1775117553005727,-0.0271591,0.000457863,-0.999631
1775117553025726,-0.0293016,0.000873121,-0.99957
1775117553045727,-0.0288122,0.000534446,-0.999585
1775117553065728,-0.0293642,3.9689e-05,-0.999569
1775117553085730,-0.0291826,0.00177884,-0.999573
1775117553105731,-0.0283082,0.00115699,-0.999599
1775117553125731,-0.0269314,0.000845066,-0.999637
1775117553145730,-0.0260171,0.00106433,-0.999661
1775117553165733,-0.0240256,0.000826108,-0.999711
1775117553185730,-0.0240364,0.00119878,-0.99971
1775117553205732,-0.0237629,0.00131255,-0.999717
1775117553225731,-0.0230214,0.000756455,-0.999735
1775117553245732,-0.0234239,-0.000948516,-0.999725
1775117553265728,-0.0218494,0.000133899,-0.999761
1775117553285736,-0.0210555,0.000224373,-0.999778
1775117553305731,-0.0210542,-0.000145654,-0.999778
1775117553325730,-0.0224605,0.00013747,-0.999748
1775117553345741,-0.0230726,0.000724827,-0.999734
1775117553365731,-0.0244564,0.00142978,-0.9997
1775117553385728,-0.0274454,0.000992968,-0.999623
1775117553405731,-0.0286699,0.00198237,-0.999587
1775117553425737,-0.0305831,0.00335418,-0.999527
1775117553445731,-0.0309894,0.00306447,-0.999515
1775117553465732,-0.0316734,0.00486437,-0.999486
1775117553485733,-0.0326898,0.00508918,-0.999453
1775117553505731,-0.0317482,0.0048801,-0.999484
1775117553525734,-0.0308012,0.00489148,-0.999514
1775117553545730,-0.0317186,0.00424429,-0.999488
1775117553565765,-0.0314066,0.00542576,-0.999492
1775117553585733,-0.0325947,0.0044889,-0.999459
1775117553605734,-0.0392288,0.00517981,-0.999217
1775117553625731,-0.0404544,0.0041979,-0.999173
1775117553645735,-0.0399949,0.00669513,-0.999177
1775117553665733,-0.0398602,0.00701746,-0.999181
1775117553685736,-0.0405937,0.00736522,-0.999149
1775117553705731,-0.0425054,0.00713381,-0.999071
1775117553725731,-0.03962,0.00891424,-0.999175
1775117553745730,-0.0432272,0.00742538,-0.999038
1775117553765730,-0.0427823,0.0091769,-0.999042
1775117553785728,-0.0434278,0.00916059,-0.999015
1775117553805730,-0.0453028,0.00818284,-0.99894
1775117553825730,-0.0467069,0.00784462,-0.998878
1775117553845734,-0.0469836,0.00915483,-0.998854
1775117553865733,-0.0475231,0.00894787,-0.99883
1775117553885786,-0.0481529,0.00886423,-0.998801
1775117553905731,-0.0495503,0.00897789,-0.998731
1775117553925734,-0.0488536,0.00866415,-0.998768
1775117553945733,-0.0474407,0.00953126,-0.998829
1775117553965728,-0.050962,0.00874944,-0.998662
1775117553985726,-0.0499633,0.00815586,-0.998718
1775117554005725,-0.0509115,0.00841374,-0.998668
1775117554025725,-0.0508189,0.00740261,-0.99868
1775117554045725,-0.0478886,0.00842675,-0.998817
1775117554065724,-0.0443454,0.00834791,-0.998981
1775117554085726,-0.0449743,0.00817997,-0.998955
1775117554105725,-0.0482895,0.00880589,-0.998795
1775117554125725,-0.0457659,0.00935976,-0.998908
1775117554145724,-0.0460405,0.0108998,-0.99888
1775117554165725,-0.0445373,0.00926134,-0.998965
1775117554185727,-0.0439185,0.00806115,-0.999003
1775117554205725,-0.0435906,0.00828529,-0.999015
1775117554225724,-0.0423529,0.00350436,-0.999097
1775117554245725,-0.0403462,0.00466552,-0.999175
1775117554265728,-0.0382933,0.00463057,-0.999256
1775117554285727,-0.0374171,0.00507332,-0.999287
1775117554305727,-0.0368136,0.0061128,-0.999303
1775117554325726,-0.0441339,0.00463519,-0.999015
1775117554345726,-0.0440718,0.00367908,-0.999022
1775117554365698,-0.0411028,0.00508216,-0.999142
1775117554385727,-0.0419926,0.00485378,-0.999106
1775117554405729,-0.0409339,0.00303059,-0.999157
1775117554425729,-0.0401863,0.00475994,-0.999181
1775117554445726,-0.0368303,-0.000356648,-0.999321
1775117554465725,-0.0333689,0.00153348,-0.999442
1775117554485726,-0.0400821,0.00169287,-0.999195
1775117554505727,-0.0397914,0.0022743,-0.999205
1775117554525727,-0.0404829,0.00152591,-0.999179
1775117554545736,-0.0380823,0.00176844,-0.999273
1775117554565727,-0.0392621,0.000517324,-0.999229
1775117554585730,-0.0405856,-0.00126226,-0.999175
1775117554605725,-0.0437014,-0.000288147,-0.999045
1775117554625727,-0.0390924,-0.00351627,-0.999229
1775117554645726,-0.038712,-0.0026812,-0.999247
1775117554665725,-0.039143,-0.00280229,-0.99923
1775117554685725,-0.0392453,-0.00392651,-0.999222
1775117554705728,-0.0378273,-0.00475431,-0.999273
1775117554725727,-0.0344843,-0.00427844,-0.999396
1775117554745727,-0.0341829,-0.00397575,-0.999408
1775117554765727,-0.0357827,-0.0028838,-0.999355
1775117554785727,-0.0332911,-0.00364312,-0.999439
1775117554805728,-0.0370118,-0.00396574,-0.999307
1775117554825727,-0.0341728,-0.00609632,-0.999397
1775117554845726,-0.0340069,-0.00593079,-0.999404
1775117554865732,-0.0313561,-0.00589901,-0.999491
1775117554885730,-0.0314054,-0.00608207,-0.999488
1775117554905728,-0.0286807,-0.00576165,-0.999572
1775117554925731,-0.0230747,-0.00703903,-0.999709
1775117554945734,-0.0283256,-0.00430195,-0.999589
1775117554965732,-0.0278168,-0.00425548,-0.999604
1775117554985729,-0.0271984,-0.00314697,-0.999625
1775117555005806,-0.0249243,-0.0025411,-0.999686
1775117555025730,-0.0257022,-0.00210209,-0.999667
1775117555045727,-0.0247645,-0.00268393,-0.99969
1775117555065731,-0.0209215,-0.00187495,-0.999779
1775117555085727,-0.020985,-0.000786987,-0.999779
1775117555105727,-0.0231004,-0.000207788,-0.999733
1775117555125727,-0.0210143,0.000112642,-0.999779
1775117555145739,-0.0221197,0.000630249,-0.999755
1775117555165729,-0.0214113,0.00122618,-0.99977
1775117555185727,-0.0222148,0.00104751,-0.999753
1775117555205729,-0.0236715,0.00192346,-0.999718
1775117555225727,-0.0226163,0.00244867,-0.999741
1775117555245729,-0.0234534,0.00374577,-0.999718
1775117555265726,-0.0260343,0.00466434,-0.99965
1775117555285763,-0.0267896,0.00587237,-0.999624
1775117555305729,-0.0261563,0.00554234,-0.999643
1775117555325728,-0.0296045,0.00747067,-0.999534
1775117555345728,-0.0319989,0.00681796,-0.999465
1775117555365730,-0.0327286,0.00751591,-0.999436
1775117555385728,-0.0347354,0.00709503,-0.999371
1775117555405734,-0.0358813,0.00882657,-0.999317
1775117555425733,-0.0355635,0.00950075,-0.999322
1775117555445732,-0.0361977,0.00870917,-0.999307
1775117555465738,-0.0386067,0.0104285,-0.9992
1775117555485730,-0.0397773,0.00996756,-0.999159
1775117555505730,-0.0428255,0.0110861,-0.999021
1775117555525729,-0.0463615,0.0117013,-0.998856
1775117555545731,-0.0485636,0.0105464,-0.998764
1775117555565728,-0.0500001,0.0110304,-0.998688
1775117555585729,-0.048487,0.012063,-0.998751
1775117555605729,-0.0461309,0.0135699,-0.998843
1775117555625730,-0.0432157,0.0133995,-0.998976
1775117555645728,-0.0413265,0.0124181,-0.999069
1775117555665745,-0.038786,0.0122655,-0.999172
1775117555685736,-0.0370629,0.0105735,-0.999257
1775117555705729,-0.0399391,0.0109071,-0.999143
1775117555725726,-0.0397915,0.0106052,-0.999152
1775117555745810,-0.0383656,0.00925635,-0.999221
1775117555765729,-0.0363681,0.0090038,-0.999298
1775117555785726,-0.0358654,0.00880249,-0.999318
1775117555805725,-0.0341108,0.0095942,-0.999372
1775117555825747,-0.0367547,0.0106587,-0.999267
1775117555845727,-0.0351208,0.00927779,-0.99934
1775117555865727,-0.0334519,0.00931895,-0.999397
1775117555885727,-0.0331142,0.0089389,-0.999412
1775117555905729,-0.0320147,0.00707525,-0.999462
1775117555925730,-0.0299119,0.00717002,-0.999527
1775117555945728,-0.0276639,0.00686897,-0.999594
1775117555965731,-0.0346749,0.00576027,-0.999382
1775117555985729,-0.0346431,0.00450546,-0.99939
1775117556005728,-0.0316905,0.0040102,-0.99949
1775117556025730,-0.0329852,0.00344125,-0.99945
1775117556045728,-0.0327233,0.00459503,-0.999454
1775117556065731,-0.0331939,0.00412261,-0.99944
1775117556085730,-0.0326485,0.00384635,-0.999459
1775117556105732,-0.0227634,-0.000850583,-0.999741
1775117556125727,-0.0343547,0.00273442,-0.999406
1775117556145760,-0.0307416,-0.00125517,-0.999527
1775117556165727,-0.0335219,0.000182953,-0.999438
1775117556185727,-0.0364617,-0.000289604,-0.999335
1775117556205726,-0.0387387,-0.00135994,-0.999248
1775117556225727,-0.0376111,-0.00179101,-0.999291
1775117556245726,-0.0411234,-0.00149752,-0.999153
1775117556265727,-0.0427253,-0.00279442,-0.999083
1775117556285726,-0.0411586,-0.00153512,-0.999151
1775117556305727,-0.0356104,-0.000476382,-0.999366
1775117556325725,-0.036196,-0.00197815,-0.999343
1775117556345730,-0.0340881,-0.00160426,-0.999418
1775117556365729,-0.0413462,-0.00429562,-0.999136
1775117556385725,-0.0368037,-0.00218913,-0.99932
1775117556405726,-0.0369595,-0.0046521,-0.999306
1775117556425727,-0.0386989,-0.00271166,-0.999247
1775117556445727,-0.0354057,-0.00124022,-0.999372
1775117556465726,-0.0368899,-0.0021935,-0.999317
1775117556485728,-0.036341,-0.00170514,-0.999338
1775117556505727,-0.0372819,-0.00186041,-0.999303
1775117556525726,-0.0358752,-0.000656429,-0.999356
1775117556545726,-0.0352552,-0.0021134,-0.999376
1775117556565726,-0.0339022,-0.00120028,-0.999424
1775117556585724,-0.032707,-0.00136846,-0.999464
1775117556605724,-0.0306556,-0.00230845,-0.999527
1775117556625725,-0.0300308,-0.000526958,-0.999549
1775117556645725,-0.0284967,-0.00072117,-0.999594
1775117556665724,-0.0289635,-0.00314576,-0.999576
1775117556685754,-0.0291564,0.000249453,-0.999575
1775117556705726,-0.0313257,0.0006758,-0.999509
1775117556725727,-0.0317081,2.42998e-05,-0.999497
1775117556745728,-0.0344209,-0.00221951,-0.999405
1775117556765752,-0.0320633,-0.00230218,-0.999483
1775117556785726,-0.0348542,0.000546482,-0.999392
1775117556805726,-0.0342628,0.000925334,-0.999412
1775117556825731,-0.0339582,0.00159796,-0.999422
1775117556845729,-0.0348518,0.00335812,-0.999387
1775117556865730,-0.0356168,0.00318918,-0.99936
1775117556885731,-0.0362856,0.00414783,-0.999333
1775117556905729,-0.0363884,0.0056788,-0.999322
1775117556925731,-0.0374718,0.00427405,-0.999289
1775117556945740,-0.0386514,0.0061758,-0.999234
1775117556965733,-0.0397403,0.00530223,-0.999196
1775117556985733,-0.0403933,0.00570638,-0.999168
1775117557005725,-0.0426869,0.00594139,-0.999071
1775117557025730,-0.0392716,0.00500644,-0.999216
1775117557045752,-0.040666,0.00559028,-0.999157
1775117557065728,-0.0401637,0.00559039,-0.999177
1775117557085710,-0.0397636,0.00550131,-0.999194
1775117557105756,-0.0379761,0.0069965,-0.999254
1775117557125746,-0.0355315,0.0067785,-0.999346
1775117557145757,-0.0369729,0.00670381,-0.999294
1775117557165727,-0.034367,0.00584694,-0.999392
1775117557185726,-0.032082,0.00730957,-0.999459
1775117557205726,-0.0356969,0.00767772,-0.999333
1775117557225726,-0.0356912,0.00873941,-0.999325
1775117557245727,-0.0320204,0.00678106,-0.999464
1775117557265726,-0.0309585,0.0061862,-0.999502
1775117557285726,-0.0259492,0.00798314,-0.999631
1775117557305750,-0.0249679,0.00670982,-0.999666
1775117557325726,-0.0238404,0.00508134,-0.999703
1775117557345729,-0.0241484,0.00532446,-0.999694
1775117557365753,-0.0229043,0.00675825,-0.999715
1775117557385727,-0.0230431,0.00378791,-0.999727
1775117557405728,-0.0217383,0.00425061,-0.999755
1775117557425758,-0.0212439,0.00654021,-0.999753
1775117557445728,-0.0217128,0.00551494,-0.999749
1775117557465727,-0.0235046,0.00674637,-0.999701
1775117557485729,-0.0239707,0.00863276,-0.999675
1775117557505729,-0.0247945,0.00742395,-0.999665
1775117557525731,-0.0283228,0.00651595,-0.999578
1775117557545736,-0.0289844,0.00528875,-0.999566
1775117557565727,-0.0298955,0.00575758,-0.999536
1775117557585726,-0.0310226,0.00497517,-0.999506
1775117557605727,-0.0311433,0.00591625,-0.999497
1775117557625726,-0.0314605,0.00618064,-0.999486
1775117557645726,-0.0315496,0.00257147,-0.999499
1775117557665752,-0.0316241,0.00631012,-0.99948
1775117557685725,-0.0318953,0.00486019,-0.999479
1775117557705728,-0.0304977,0.00436109,-0.999525
1775117557725728,-0.0301654,0.00391273,-0.999537
1775117557745725,-0.0311314,0.00441793,-0.999506
1775117557765727,-0.029118,0.00369729,-0.999569
1775117557785725,-0.0293109,0.00477032,-0.999559
1775117557805728,-0.0284928,0.00329585,-0.999589
1775117557825727,-0.0288014,0.00322313,-0.99958
1775117557845728,-0.0293002,0.0022473,-0.999568
1775117557865728,-0.0304354,0.0019385,-0.999535
1775117557885757,-0.0300444,0.00246292,-0.999546
1775117557905725,-0.0304179,0.00341457,-0.999531
1775117557925728,-0.0301466,0.00225251,-0.999543
1775117557945728,-0.0282408,0.00318492,-0.999596
1775117557965736,-0.0308871,0.00223713,-0.99952
1775117557985732,-0.0296719,0.00198467,-0.999558
1775117558005728,-0.0311095,0.00163272,-0.999515
1775117558025732,-0.0308584,0.00258584,-0.99952
1775117558045726,-0.0319174,0.00119351,-0.99949
1775117558065729,-0.0321948,0.00141318,-0.999481
1775117558085726,-0.0320283,0.00242533,-0.999484
1775117558105749,-0.0310223,0.00143466,-0.999518
1775117558125725,-0.0322426,0.00117406,-0.999479
1775117558145776,-0.031872,0.00155008,-0.999491
1775117558165733,-0.0325809,0.00116575,-0.999468
1775117558185728,-0.034213,0.000709363,-0.999414
1775117558205728,-0.0333672,0.000719617,-0.999443
1775117558225727,-0.0330097,0.000505384,-0.999455
1775117558245729,-0.0347187,0.00057231,-0.999397
1775117558265727,-0.0338884,0.000658381,-0.999425
1775117558285729,-0.0374616,0.00333824,-0.999292
1775117558305754,-0.0388892,0.00469522,-0.999232
1775117558325727,-0.0383172,0.00297768,-0.999261
1775117558345728,-0.0382293,0.00188324,-0.999267
1775117558365727,-0.036772,0.00236325,-0.999321
1775117558385727,-0.0366411,0.00213771,-0.999326
1775117558405727,-0.0399158,0.0012556,-0.999202
1775117558425800,-0.0396232,0.00140109,-0.999214
1775117558445741,-0.0418653,0.00105534,-0.999123
1775117558465729,-0.0405621,0.00111981,-0.999176
1775117558485732,-0.0405176,0.00158794,-0.999178
1775117558505727,-0.0361565,0.00181855,-0.999344
1775117558525727,-0.0395904,0.00286318,-0.999212
1775117558545727,-0.0397889,0.00216752,-0.999206
1775117558565724,-0.0396554,0.00213021,-0.999211
1775117558585728,-0.042115,0.000740509,-0.999112
1775117558605725,-0.0426816,0.00284503,-0.999085
1775117558625725,-0.0433034,0.00288467,-0.999058
1775117558645726,-0.0432037,0.00187984,-0.999065
1775117558665726,-0.0457192,0.00155955,-0.998953
1775117558685731,-0.0459406,0.00224683,-0.998942
1775117558705749,-0.044522,0.00210231,-0.999006
1775117558725726,-0.0463112,0.000810711,-0.998927
1775117558745749,-0.0464294,0.00152431,-0.99892
1775117558765727,-0.0493235,0.000277412,-0.998783
1775117558785767,-0.0487176,0.000564112,-0.998812
1775117558805727,-0.0490677,0.000824441,-0.998795
1775117558825729,-0.0504758,0.000813822,-0.998725
1775117558845727,-0.0505526,0.000450465,-0.998721
1775117558865755,-0.0484659,0.000573562,-0.998825
1775117558885726,-0.0496826,0.000520919,-0.998765
1775117558905725,-0.0483617,0.000546539,-0.99883
1775117558925726,-0.0479632,0.000573934,-0.998849
1775117558945725,-0.0482204,0.000710115,-0.998836
1775117558965735,-0.0472535,0.00253243,-0.99888
1775117558985729,-0.0482709,0.00124237,-0.998834
1775117559005728,-0.0470459,0.00332188,-0.998887
1775117559025726,-0.0460744,0.00342221,-0.998932
1775117559045728,-0.0441181,0.0039805,-0.999018
1775117559065733,-0.0472504,0.00381765,-0.998876
1775117559085762,-0.0479036,0.00193423,-0.99885
1775117559105728,-0.0466858,0.00323932,-0.998904
1775117559125726,-0.0461325,0.00354559,-0.998929
1775117559145725,-0.0482656,0.00356026,-0.998828
1775117559165727,-0.0467951,0.00440841,-0.998895
1775117559185746,-0.0485951,0.00322879,-0.998813
1775117559205751,-0.0469017,0.00449867,-0.998889
1775117559225725,-0.0456876,0.00530246,-0.998942
1775117559245725,-0.046997,0.00465276,-0.998884
1775117559265725,-0.0446088,0.00629456,-0.998985
1775117559285726,-0.0436733,0.00625218,-0.999026
1775117559305748,-0.0426957,0.00618411,-0.999069
1775117559325726,-0.0435962,0.00568063,-0.999033
1775117559345724,-0.0429287,0.00607242,-0.99906
1775117559365725,-0.0434479,0.00592424,-0.999038
1775117559385725,-0.0446123,0.00486319,-0.998993
1775117559405728,-0.040671,0.00610939,-0.999154
1775117559425741,-0.0403029,0.00593083,-0.99917
1775117559445737,-0.0398847,0.0061612,-0.999185
1775117559465730,-0.0369889,0.00403947,-0.999308
1775117559485735,-0.0372216,0.00565656,-0.999291
1775117559505729,-0.0346806,0.00464699,-0.999388
1775117559525730,-0.033312,0.00511796,-0.999432
1775117559545727,-0.0333167,0.00467024,-0.999434
1775117559565729,-0.0334727,0.00371705,-0.999433
1775117559585733,-0.0322894,0.00508712,-0.999466
1775117559605727,-0.0309491,0.00419791,-0.999512
1775117559625730,-0.0314078,0.0030453,-0.999502
1775117559645730,-0.0333906,0.00381342,-0.999435
1775117559665730,-0.0330735,0.00626756,-0.999433
1775117559685733,-0.0302383,0.00438609,-0.999533
1775117559705728,-0.0305724,0.00501173,-0.99952
1775117559725731,-0.0309542,0.00556346,-0.999505
1775117559745737,-0.0310488,0.0045952,-0.999507
1775117559765731,-0.0308438,0.0051645,-0.999511
1775117559785733,-0.030557,0.00446397,-0.999523
1775117559805728,-0.0278634,0.000759778,-0.999611
1775117559825732,-0.030324,0.00254498,-0.999537
1775117559845729,-0.0304304,0.00261849,-0.999533
1775117559865729,-0.0278233,0.00218425,-0.99961
1775117559885727,-0.0285069,0.00182014,-0.999592
1775117559905735,-0.0287542,0.00244566,-0.999584
1775117559925729,-0.0290961,0.00279645,-0.999573
1775117559945733,-0.0282863,0.00300836,-0.999595
1775117559965731,-0.0283149,0.00240207,-0.999596
1775117559985738,-0.0273453,0.00196927,-0.999624
1775117560005734,-0.0274975,0.00151054,-0.999621
1775117560025732,-0.0281022,0.00170402,-0.999604
1775117560045732,-0.0281459,1.51983e-05,-0.999604
1775117560065730,-0.0287286,0.000294695,-0.999587
1775117560085731,-0.0278992,-2.12621e-05,-0.999611
1775117560105727,-0.0289738,0.000224904,-0.99958
1775117560125730,-0.0287971,0.000851864,-0.999585
1775117560145728,-0.0272171,0.000295243,-0.99963
1775117560165732,-0.0290461,0.00031217,-0.999578
1775117560185728,-0.0293005,0.000420558,-0.999571
1775117560205735,-0.0299514,-0.00022635,-0.999551
1775117560225728,-0.0299638,-0.000741444,-0.999551
1775117560245731,-0.0299797,-0.00165122,-0.999549
1775117560265728,-0.0305412,-0.000155714,-0.999533
1775117560285734,-0.0294994,-0.000567256,-0.999565
1775117560305735,-0.0288158,-0.000134688,-0.999585
1775117560325732,-0.0304398,-7.70673e-05,-0.999537
1775117560345730,-0.0305802,-0.000469389,-0.999532
1775117560365767,-0.0305206,0.000325819,-0.999534
1775117560385731,-0.0293379,-0.000172779,-0.99957
1775117560405733,-0.0325522,0.000884036,-0.99947
1775117560425732,-0.0305919,0.00072766,-0.999532
1775117560445733,-0.0318779,-0.000296476,-0.999492
1775117560465733,-0.0328049,-0.000659808,-0.999462
1775117560485731,-0.0351433,0.00141548,-0.999381
1775117560505734,-0.0362157,0.000832935,-0.999344
1775117560525736,-0.0378088,0.0019788,-0.999283
1775117560545731,-0.0383866,0.00177747,-0.999261
1775117560565735,-0.038768,0.00228884,-0.999246
1775117560585728,-0.0389639,0.00271593,-0.999237
1775117560605731,-0.0381954,0.00253889,-0.999267
1775117560625728,-0.0378228,0.0020578,-0.999282
1775117560645734,-0.0386628,0.0022694,-0.99925
1775117560665730,-0.0400982,0.000726283,-0.999195
1775117560685732,-0.0411152,0.000237551,-0.999154
1775117560705729,-0.0417999,0.00183374,-0.999124
1775117560725731,-0.0413421,0.00216192,-0.999143
1775117560745728,-0.0411727,0.00197981,-0.99915
1775117560765730,-0.0410322,0.00158491,-0.999157
1775117560785728,-0.0413589,0.00117254,-0.999144
1775117560805737,-0.0421341,0.00171926,-0.99911
1775117560825729,-0.0412231,0.00201589,-0.999148
1775117560845730,-0.0432182,0.00138848,-0.999065
1775117560865728,-0.0426792,0.00245827,-0.999086
1775117560885733,-0.0427452,0.0021532,-0.999084
1775117560905731,-0.0420891,0.00287472,-0.99911
1775117560925729,-0.040851,0.00276645,-0.999161
1775117560945732,-0.042353,0.00318885,-0.999098
1775117560965730,-0.0450193,0.00670199,-0.998964
1775117560985732,-0.0446238,0.00345735,-0.998998
1775117561005736,-0.0450151,0.00257268,-0.998983
1775117561025732,-0.04409,0.00294523,-0.999023
1775117561045729,-0.0443546,0.00222104,-0.999013
1775117561065732,-0.045761,0.00412915,-0.998944
1775117561085731,-0.0458805,0.00492635,-0.998935
1775117561105738,-0.0450643,0.00284767,-0.99898
1775117561125732,-0.0445813,0.00374245,-0.998999
1775117561145729,-0.045883,0.00523013,-0.998933
1775117561165728,-0.0424383,0.00546353,-0.999084
1775117561185730,-0.0429789,0.00472579,-0.999065
1775117561205727,-0.0441254,0.00596239,-0.999008
1775117561225730,-0.0431637,0.00433839,-0.999059
1775117561245728,-0.0447086,0.00542132,-0.998985
1775117561265729,-0.0450882,0.00441222,-0.998973
1775117561285732,-0.0431478,0.00301068,-0.999064
1775117561305731,-0.0424034,0.00598066,-0.999083
1775117561325729,-0.0424544,0.00520078,-0.999085
1775117561345731,-0.0408692,0.00442028,-0.999155
1775117561365731,-0.0397521,0.00447425,-0.9992
1775117561385733,-0.0389302,0.00370242,-0.999235
1775117561405731,-0.0395082,0.00251915,-0.999216
1775117561425733,-0.040068,0.00384484,-0.99919
1775117561445735,-0.0382678,0.00522036,-0.999254
1775117561465740,-0.0375128,0.00429871,-0.999287
1775117561485735,-0.0362251,0.00334174,-0.999338
1775117561505729,-0.0362566,0.00345791,-0.999337
1775117561525729,-0.0366775,0.00413671,-0.999319
1775117561545731,-0.0350003,0.00431799,-0.999378
1775117561565727,-0.0345535,0.00314109,-0.999398
1775117561585749,-0.0336278,0.00331519,-0.999429
1775117561605727,-0.0348375,0.00400902,-0.999385
1775117561625725,-0.035187,0.00427046,-0.999372
1775117561645724,-0.0349329,0.00476341,-0.999378
1775117561665725,-0.0346407,0.00381616,-0.999393
1775117561685725,-0.0330694,0.00369658,-0.999446
1775117561705726,-0.0321708,0.00284128,-0.999478
1775117561725727,-0.0314441,0.00234438,-0.999503
1775117561745726,-0.0330493,0.00366598,-0.999447
1775117561765726,-0.0306104,0.00195344,-0.999529
1775117561785729,-0.031962,0.0032942,-0.999484
1775117561805731,-0.0317572,0.00204452,-0.999494
1775117561825728,-0.0307203,0.00189041,-0.999526
1775117561845733,-0.0316245,0.00305019,-0.999495
1775117561865730,-0.0320266,0.00240265,-0.999484
1775117561885732,-0.0322075,0.00232437,-0.999479
1775117561905732,-0.0303124,0.00177729,-0.999539
1775117561925733,-0.028556,0.00141471,-0.999591
1775117561945731,-0.029111,-0.000544573,-0.999576
1775117561965730,-0.0271746,0.00124769,-0.99963
1775117561985731,-0.0271388,-0.000611707,-0.999631
1775117562005735,-0.0270766,-0.00030866,-0.999633
1775117562025735,-0.0282773,-0.00120028,-0.999599
1775117562045732,-0.0287296,-0.000570135,-0.999587
1775117562065728,-0.0274242,-0.00142585,-0.999623
1775117562085729,-0.0270404,-0.00201609,-0.999632
1775117562105727,-0.0246676,-0.00200444,-0.999694
1775117562125731,-0.0262034,-0.0006,-0.999656
1775117562145725,-0.0251379,-0.00167515,-0.999683
1775117562165726,-0.0238054,-0.000660428,-0.999716
1775117562185728,-0.0245853,0.000221799,-0.999698
1775117562205729,-0.0249467,-0.00104948,-0.999688
1775117562225726,-0.023597,-0.0017263,-0.99972
1775117562245733,-0.023948,-0.00138354,-0.999712
1775117562265730,-0.0251381,-0.0018342,-0.999682
1775117562285731,-0.025844,-0.000479669,-0.999666
1775117562305726,-0.0238899,-0.00111013,-0.999714
1775117562325742,-0.0230977,-0.00139846,-0.999732
1775117562345726,-0.022941,-0.00100289,-0.999736
1775117562365728,-0.0290411,0.000464319,-0.999578
1775117562385727,-0.0274232,0.000477296,-0.999624
1775117562405731,-0.0276078,0.00155795,-0.999618
1775117562425726,-0.0284427,0.00253488,-0.999592
1775117562445734,-0.0276952,0.00119156,-0.999616
1775117562465734,-0.0281162,3.79618e-05,-0.999605
1775117562485727,-0.0288186,0.00118961,-0.999584
1775117562505728,-0.0292068,0.000195091,-0.999573
1775117562525729,-0.0299203,-0.000246916,-0.999552
1775117562545730,-0.0310758,0.000259023,-0.999517
1775117562565730,-0.0319831,0.00158958,-0.999487
1775117562585726,-0.031542,0.00149747,-0.999501
1775117562605728,-0.0315701,-0.000364916,-0.999501
1775117562625729,-0.032109,0.000475867,-0.999484
1775117562645726,-0.0328462,0.0010146,-0.99946
1775117562665727,-0.0325391,0.00130011,-0.99947
1775117562685730,-0.0335385,0.00185085,-0.999436
1775117562705725,-0.0360334,0.00113321,-0.99935
1775117562725727,-0.0340669,0.00241077,-0.999417
1775117562745731,-0.0348981,0.00270681,-0.999387
1775117562765729,-0.0334297,0.00462375,-0.99943
1775117562785725,-0.0348168,0.00428151,-0.999385
1775117562805727,-0.0363653,0.0025505,-0.999335
1775117562825702,-0.0381141,0.00339171,-0.999268
1775117562845726,-0.0397379,0.0037088,-0.999203
1775117562865725,-0.0403917,0.00236943,-0.999181
1775117562885730,-0.0409533,0.00228563,-0.999158
1775117562905728,-0.0388452,0.00377794,-0.999238
1775117562925727,-0.0393621,0.00371466,-0.999218
1775117562945726,-0.0405478,0.00537659,-0.999163
1775117562965727,-0.0397883,0.00277285,-0.999204
1775117562985726,-0.0397161,0.00559699,-0.999195
1775117563005730,-0.041488,0.00421339,-0.99913
1775117563025727,-0.039849,0.00401514,-0.999198
1775117563045732,-0.0404157,0.00330279,-0.999177
1775117563065729,-0.0419252,0.00530039,-0.999107
1775117563085728,-0.0427023,0.0051633,-0.999074
1775117563105727,-0.0430798,0.0043038,-0.999062
1775117563125729,-0.0439979,0.00428969,-0.999022
1775117563145727,-0.0447739,0.00407108,-0.998989
1775117563165726,-0.0432725,0.00462997,-0.999053
1775117563185725,-0.0430766,0.00510819,-0.999059
1775117563205725,-0.0426377,0.00454779,-0.99908
1775117563225725,-0.044168,0.00551112,-0.999009
1775117563245730,-0.0417782,0.00518361,-0.999113
1775117563265727,-0.0415541,0.00546452,-0.999121
1775117563285730,-0.0418624,0.00443224,-0.999114
1775117563305726,-0.0437042,0.00522727,-0.999031
1775117563325727,-0.0419867,0.0066204,-0.999096
1775117563345727,-0.040835,0.00505788,-0.999153
1775117563365727,-0.0413645,0.00424043,-0.999135
1775117563385725,-0.0429047,0.00583029,-0.999062
1775117563405726,-0.042509,0.0052583,-0.999082
1775117563425725,-0.0430517,0.00473564,-0.999062
1775117563445735,-0.0425672,0.00527575,-0.99908
1775117563465732,-0.040937,0.00504876,-0.999149
1775117563485728,-0.0410346,0.00489676,-0.999146
1775117563505729,-0.0413079,0.00589651,-0.999129
1775117563525738,-0.0409252,0.00536419,-0.999148
1775117563545728,-0.0402279,0.00393874,-0.999183
1775117563565730,-0.0418676,0.0046412,-0.999112
1775117563585751,-0.0400955,0.0039757,-0.999188
1775117563605807,-0.0390025,0.00410827,-0.999231
1775117563625727,-0.0410211,0.0041423,-0.99915
1775117563645725,-0.0385474,0.0036282,-0.99925
1775117563665725,-0.0391039,0.00362928,-0.999229
1775117563685725,-0.0387219,0.00329698,-0.999245
1775117563705727,-0.0389391,0.00293678,-0.999237
1775117563725729,-0.0375126,0.00223229,-0.999294
1775117563745731,-0.0371049,0.00217455,-0.999309
1775117563765726,-0.0379256,0.00391099,-0.999273
1775117563785727,-0.0380203,0.00354361,-0.999271
1775117563805724,-0.0344146,0.00156365,-0.999406
1775117563825726,-0.0356168,0.00344452,-0.99936
1775117563845725,-0.034902,0.0021938,-0.999388
1775117563865731,-0.0339775,0.00330347,-0.999417
1775117563885728,-0.0351854,0.000162282,-0.999381
1775117563905726,-0.0338434,-0.00156038,-0.999426
1775117563925727,-0.0323667,-0.000509854,-0.999476
1775117563945724,-0.0333777,0.000431029,-0.999443
1775117563965728,-0.0313821,-0.00194249,-0.999506
1775117563985726,-0.0308486,-0.00118037,-0.999523
1775117564005728,-0.0308258,-0.00115673,-0.999524
1775117564025725,-0.0294139,-0.0018374,-0.999566
1775117564045728,-0.0288865,-0.00169801,-0.999581
1775117564065732,-0.0274176,-0.00118144,-0.999623
1775117564085726,-0.0272522,-0.000866989,-0.999628
1775117564105727,-0.0278187,-0.00073755,-0.999613
1775117564125727,-0.0278578,-0.000399678,-0.999612
1775117564145728,-0.0266881,-0.00105513,-0.999643
1775117564165727,-0.0256854,-0.00120759,-0.999669
1775117564185725,-0.0262438,-0.00197691,-0.999654
1775117564205726,-0.0255544,-0.00256886,-0.99967
1775117564225724,-0.026268,-0.00196023,-0.999653
1775117564245725,-0.0249635,-0.00204234,-0.999686
1775117564265725,-0.0243935,-0.000111969,-0.999702
1775117564285844,-0.0295506,0.000431453,-0.999563
1775117564305727,-0.0281506,0.000734494,-0.999603
1775117564325726,-0.0271979,0.00118558,-0.999629
1775117564345725,-0.0269453,0.00184334,-0.999635
1775117564365726,-0.0265428,0.00191321,-0.999646
1775117564385724,-0.0275267,0.000618831,-0.999621
1775117564405724,-0.0264283,0.000745334,-0.99965
1775117564425724,-0.0269395,0.000157554,-0.999637
1775117564445725,-0.028275,-0.00111383,-0.9996
1775117564465727,-0.0283939,-0.000966023,-0.999596
1775117564485734,-0.0273543,-0.00068974,-0.999626
1775117564505731,-0.0282331,-0.000262745,-0.999601
1775117564525731,-0.0291462,0.000365656,-0.999575
1775117564545734,-0.0286359,0.00047888,-0.99959
1775117564565730,-0.0293934,0.00121928,-0.999567
1775117564585690,-0.0289166,0.00114044,-0.999581
1775117564605727,-0.0290521,0.00165168,-0.999577
1775117564625725,-0.0296813,0.00185916,-0.999558
1775117564645732,-0.0292263,0.0019771,-0.999571
1775117564665724,-0.0269835,0.00381652,-0.999629
1775117564685726,-0.0273846,0.00378844,-0.999618
1775117564705725,-0.0294185,0.00421351,-0.999558
1775117564725734,-0.0302506,0.00335722,-0.999537
1775117564745728,-0.0300704,0.00463458,-0.999537
1775117564765728,-0.0295283,0.00442617,-0.999554
1775117564785726,-0.0302895,0.00476465,-0.99953
1775117564805727,-0.0302324,0.00455096,-0.999533
1775117564825726,-0.0323553,0.00460659,-0.999466
1775117564845728,-0.0327052,0.0043328,-0.999456
1775117564865726,-0.0332181,0.00426749,-0.999439
1775117564885727,-0.0339547,0.00433189,-0.999414
1775117564905728,-0.0347477,0.00391871,-0.999388
1775117564925729,-0.0355573,0.00410292,-0.999359
1775117564945729,-0.0340311,0.00498866,-0.999408
1775117564965733,-0.0360138,0.00558404,-0.999336
1775117564985726,-0.0371308,0.0056575,-0.999294
1775117565005727,-0.0344732,0.00444844,-0.999396
1775117565025728,-0.037088,0.00494082,-0.9993
1775117565045729,-0.0378871,0.00460227,-0.999271
1775117565065734,-0.0382152,0.00434768,-0.99926
1775117565085733,-0.0379625,0.0043243,-0.99927
1775117565105735,-0.0355832,0.00530375,-0.999353
1775117565125735,-0.0364061,0.00516612,-0.999324
1775117565145734,-0.0355079,0.00264276,-0.999366
1775117565165732,-0.0364919,0.00278559,-0.99933
1775117565185732,-0.0374176,0.00280959,-0.999296
1775117565205729,-0.0378143,0.00379663,-0.999278
1775117565225730,-0.0380411,0.00517421,-0.999263
1775117565245730,-0.0402083,0.00479274,-0.99918
1775117565265731,-0.0402484,0.00429252,-0.99918
1775117565285730,-0.0388934,0.0059818,-0.999225
1775117565305730,-0.0379868,0.00816072,-0.999245
1775117565325731,-0.0383988,0.00800534,-0.99923
1775117565345732,-0.0394997,0.00701774,-0.999195
1775117565365730,-0.0416431,0.0049381,-0.99912
1775117565385729,-0.041506,0.00428797,-0.999129
1775117565405729,-0.0399959,0.00733846,-0.999173
1775117565425728,-0.0397693,0.00806602,-0.999176
1775117565445728,-0.0403532,0.0066755,-0.999163
1775117565465737,-0.0400025,0.00787119,-0.999169
1775117565485737,-0.0401121,0.00726792,-0.999169
1775117565505729,-0.0403462,0.00666662,-0.999164
1775117565525742,-0.0401873,0.00622089,-0.999173
1775117565545731,-0.0402916,0.00668755,-0.999166
1775117565565731,-0.0407618,0.00532112,-0.999155
1775117565585732,-0.0419185,0.00343813,-0.999115
1775117565605730,-0.0415818,0.00458644,-0.999125
1775117565625733,-0.0431977,0.00431993,-0.999057
1775117565645728,-0.0405238,0.00263367,-0.999175
1775117565665735,-0.0416091,0.00281679,-0.99913
1775117565685739,-0.0408888,0.0038971,-0.999156
1775117565705729,-0.0419722,0.00414458,-0.99911
1775117565725731,-0.0395502,0.00187932,-0.999216
1775117565745729,-0.0411246,0.00262593,-0.999151
1775117565765732,-0.0401091,0.00343401,-0.999189
1775117565785730,-0.0402525,0.00357746,-0.999183
1775117565805734,-0.0405478,0.00156337,-0.999176
1775117565825729,-0.0396587,4.07866e-05,-0.999213
1775117565845729,-0.038852,-0.000562749,-0.999245
1775117565865729,-0.0374903,-0.000775212,-0.999297
1775117565885733,-0.0370751,-0.000817285,-0.999312
1775117565905734,-0.0356826,-0.00184568,-0.999361
1775117565925731,-0.0350401,-0.00159605,-0.999385
1775117565945729,-0.0349922,-0.00131744,-0.999387
1775117565965729,-0.0342809,-0.00115458,-0.999412
1775117565985766,-0.0342972,-0.000574286,-0.999412
1775117566005729,-0.0327972,-0.00072866,-0.999462
1775117566025728,-0.0332568,-0.000363968,-0.999447
1775117566045730,-0.0353572,0.000374742,-0.999375
1775117566065731,-0.034867,-7.39181e-05,-0.999392
1775117566085740,-0.0342923,-0.000740366,-0.999412
1775117566105733,-0.0327672,0.000289203,-0.999463
1775117566125732,-0.0323191,0.000570559,-0.999477
1775117566145729,-0.0319736,0.00138295,-0.999488
1775117566165731,-0.0340075,-0.000169505,-0.999422
1775117566185732,-0.0325437,3.97062e-05,-0.99947
1775117566205728,-0.0326913,-0.000141056,-0.999465
1775117566225730,-0.0308214,0.0012352,-0.999524
1775117566245728,-0.0307212,0.000214637,-0.999528
1775117566265730,-0.0272097,0.000499581,-0.99963
1775117566285741,-0.0299671,0.000750062,-0.999551
1775117566305731,-0.027468,-0.000206935,-0.999623
1775117566325730,-0.0292786,0.00139895,-0.99957
1775117566345730,-0.0248375,-0.0010158,-0.999691
1775117566365728,-0.0279213,0.00159612,-0.999609
1775117566385729,-0.0285757,0.000866339,-0.999591
1775117566405728,-0.0285021,0.00117689,-0.999593
1775117566425732,-0.0284155,0.00198667,-0.999594
1775117566445729,-0.0281137,0.0017946,-0.999603
1775117566465734,-0.0279039,0.00216232,-0.999608
1775117566485734,-0.0277541,0.00220661,-0.999612
1775117566505729,-0.0283049,0.00273365,-0.999596
1775117566525728,-0.0308068,0.0020098,-0.999523
1775117566545736,-0.0313237,0.0021714,-0.999507
1775117566565732,-0.0301842,0.00205172,-0.999542
1775117566585730,-0.0301921,0.00202498,-0.999542
1775117566605733,-0.0279058,0.00418978,-0.999602
1775117566625728,-0.0282924,0.0043254,-0.99959
1775117566645729,-0.0282079,0.00422061,-0.999593
1775117566665731,-0.0286142,0.00445119,-0.999581
1775117566685732,-0.0285649,0.00405003,-0.999584
1775117566705730,-0.0281542,0.00426167,-0.999595
1775117566725731,-0.0281176,0.00451838,-0.999594
1775117566745729,-0.0283614,0.00446212,-0.999588
1775117566765734,-0.0285208,0.00408115,-0.999585
1775117566785730,-0.0286123,0.00399822,-0.999583
1775117566805732,-0.0296728,0.004395,-0.99955
1775117566825730,-0.0301845,0.00424919,-0.999535
1775117566845732,-0.0286253,0.00300451,-0.999586
1775117566865728,-0.0310714,0.00377985,-0.99951
1775117566885736,-0.0320997,0.00478504,-0.999473
1775117566905729,-0.027985,0.00535061,-0.999594
1775117566925730,-0.0306285,0.00314464,-0.999526
1775117566945720,-0.0304163,0.00666722,-0.999515
1775117566965733,-0.028799,0.00526477,-0.999571
1775117566985728,-0.0306218,0.00412406,-0.999523
1775117567005734,-0.0312243,0.00382532,-0.999505
1775117567025731,-0.033026,0.00386959,-0.999447
1775117567045734,-0.0330618,0.0037003,-0.999446
1775117567065737,-0.0334221,0.00379617,-0.999434
1775117567085738,-0.0331762,0.0048182,-0.999438
1775117567105730,-0.0346991,0.004747,-0.999387
1775117567125732,-0.0348459,0.00441235,-0.999383
1775117567145727,-0.0354279,0.00466883,-0.999361
1775117567165732,-0.03582,0.00420745,-0.999349
1775117567185729,-0.0366172,0.00396627,-0.999321
1775117567205729,-0.0362927,0.00425514,-0.999332
1775117567225727,-0.0343493,0.00411531,-0.999401
1775117567245730,-0.0346252,0.00295129,-0.999396
1775117567265727,-0.0352757,0.002845,-0.999374
1775117567285730,-0.0366504,0.00304369,-0.999324
1775117567305728,-0.0373621,0.00245057,-0.999299
1775117567325730,-0.0361025,0.00423335,-0.999339
1775117567345729,-0.0359733,0.0041047,-0.999344
1775117567365730,-0.0382151,0.00413499,-0.999261
1775117567385731,-0.0388692,0.00411896,-0.999236
1775117567405733,-0.0404614,0.00456061,-0.999171
1775117567425729,-0.041118,0.00258719,-0.999151
1775117567445731,-0.0419567,0.00348944,-0.999113
1775117567465735,-0.0411451,0.0045276,-0.999143
1775117567485737,-0.0428124,0.00321442,-0.999078
1775117567505738,-0.042642,0.00393347,-0.999083
1775117567525730,-0.0433409,0.00364517,-0.999054
1775117567545731,-0.0415407,0.00505453,-0.999124
1775117567565738,-0.0420935,0.00185388,-0.999112
1775117567585737,-0.0418056,0.00248156,-0.999123
1775117567605734,-0.0420487,0.00173963,-0.999114
1775117567625733,-0.042247,0.00204628,-0.999105
1775117567645731,-0.0414595,0.00127738,-0.999139
1775117567665731,-0.0415509,0.00130529,-0.999136
1775117567685729,-0.0418266,0.00149294,-0.999124
1775117567705730,-0.0422872,0.0003998,-0.999105
1775117567725735,-0.0416982,4.39932e-05,-0.99913
1775117567745731,-0.0419403,0.000197628,-0.99912
1775117567765728,-0.0419244,0.000212214,-0.999121
1775117567785731,-0.0415885,-0.000549995,-0.999135
1775117567805732,-0.0413111,-0.000769597,-0.999146
1775117567825731,-0.0406248,-0.000829663,-0.999174
1775117567845730,-0.0412121,-0.000588556,-0.99915
1775117567865729,-0.0406897,-0.00145629,-0.999171
1775117567885728,-0.0401005,-0.000844756,-0.999195
1775117567905730,-0.0383868,-0.00149148,-0.999262
1775117567925730,-0.0379358,-0.00134194,-0.999279
1775117567945731,-0.0379816,-0.00123402,-0.999278
1775117567965730,-0.0376012,-0.00106738,-0.999292
1775117567985728,-0.0371321,-0.000976135,-0.99931
1775117568005729,-0.0364468,-0.000704177,-0.999335
1775117568025734,-0.0352548,-0.000623185,-0.999378
1775117568045729,-0.034358,-0.000689441,-0.999409
1775117568065727,-0.0351126,-0.000995258,-0.999383
1775117568085730,-0.0359936,-0.000821493,-0.999352
1775117568105752,-0.0347235,-0.000275477,-0.999397
1775117568125730,-0.0374945,0.000526076,-0.999297
1775117568145728,-0.0362567,0.000614589,-0.999342
1775117568165752,-0.0367633,-0.000332251,-0.999324
1775117568185730,-0.0359606,-5.54139e-05,-0.999353
1775117568205733,-0.0349665,-0.000967879,-0.999388
1775117568225730,-0.0341295,0.00027596,-0.999417
1775117568245731,-0.0335745,0.000547686,-0.999436
1775117568265729,-0.0327544,0.00134959,-0.999463
1775117568285732,-0.0321647,0.00114295,-0.999482
1775117568305731,-0.0313285,0.000996858,-0.999509
1775117568325733,-0.0325098,0.000106255,-0.999471
1775117568345730,-0.0319828,0.00035713,-0.999488
1775117568365731,-0.0303986,0.000709933,-0.999538
1775117568385729,-0.0290512,0.000753599,-0.999578
1775117568405730,-0.0307086,0.0026749,-0.999525
1775117568425729,-0.0273058,0.00254492,-0.999624
1775117568445735,-0.0300335,0.00373085,-0.999542
1775117568465732,-0.0300705,0.00261254,-0.999544
1775117568485734,-0.0308193,0.00315019,-0.99952
1775117568505733,-0.0298994,0.00211846,-0.999551
1775117568525729,-0.0304778,0.00405557,-0.999527
1775117568545736,-0.0286979,0.00352702,-0.999582
1775117568565737,-0.0293024,0.00419482,-0.999562
1775117568585730,-0.0290994,0.00406599,-0.999568
1775117568605730,-0.0289613,0.00392466,-0.999573
1775117568625730,-0.029624,0.0054326,-0.999546
1775117568645729,-0.0292299,0.00508366,-0.99956
1775117568665729,-0.0292511,0.00530811,-0.999558
1775117568685737,-0.028591,0.00528364,-0.999577
1775117568705729,-0.0292998,0.00658343,-0.999549
1775117568725729,-0.0271557,0.00469451,-0.99962
1775117568745728,-0.0259745,0.00258257,-0.999659
1775117568765732,-0.0239143,0.00333593,-0.999708
1775117568785728,-0.0256345,0.00247404,-0.999668
1775117568805730,-0.0263171,0.0035356,-0.999647
1775117568825726,-0.0244689,0.00401448,-0.999693
1775117568845725,-0.0249954,0.00373565,-0.999681
1775117568865745,-0.0241719,0.00445517,-0.999698
1775117568885726,-0.0237848,0.0050954,-0.999704
1775117568905725,-0.0248214,0.00277673,-0.999688
1775117568925725,-0.0238294,0.00374411,-0.999709
1775117568945744,-0.0262042,0.00374488,-0.99965
1775117568965724,-0.0269587,0.00366087,-0.99963
1775117568985724,-0.0270529,0.00349424,-0.999628
1775117569005724,-0.0272828,0.00481716,-0.999616
1775117569025724,-0.0294353,0.00387964,-0.999559
1775117569045726,-0.0288903,0.00282324,-0.999579
1775117569065725,-0.028575,0.00383879,-0.999584
1775117569085725,-0.0299837,0.00356998,-0.999544
1775117569105731,-0.0316067,0.00383908,-0.999493
1775117569125728,-0.0329306,0.0041952,-0.999449
1775117569145725,-0.0316507,0.00371979,-0.999492
1775117569165724,-0.0320194,0.00344317,-0.999481
1775117569185726,-0.0325901,0.00317444,-0.999464
1775117569205726,-0.0338268,0.0044455,-0.999418
1775117569225726,-0.0354004,0.0047349,-0.999362
1775117569245724,-0.0334103,0.00510147,-0.999429
1775117569265726,-0.033689,0.00543796,-0.999418
1775117569285731,-0.0356461,0.00467046,-0.999354
1775117569305727,-0.0342805,0.00340779,-0.999406
1775117569325726,-0.0331677,0.00263025,-0.999446
1775117569345744,-0.0345392,0.00254121,-0.9994
1775117569365724,-0.0352984,0.00150904,-0.999376
1775117569385745,-0.036903,0.00155409,-0.999318
1775117569405724,-0.0378037,0.00177705,-0.999284
1775117569425726,-0.0393924,0.00206546,-0.999222
1775117569445724,-0.0382265,0.00351022,-0.999263
1775117569465725,-0.0379661,0.00227871,-0.999276
1775117569485725,-0.0389181,0.00219659,-0.99924
1775117569505727,-0.0388049,0.00223999,-0.999244
1775117569525747,-0.039644,0.00228169,-0.999211
1775117569545726,-0.0413249,0.00265394,-0.999142
1775117569565731,-0.0404556,0.00284039,-0.999177
1775117569585733,-0.0391654,0.00260194,-0.999229
1775117569605726,-0.0400195,0.0025387,-0.999196
1775117569625726,-0.0399762,0.0029516,-0.999196
1775117569645728,-0.0414805,0.00253891,-0.999136
1775117569665724,-0.0385798,0.00112503,-0.999255
1775117569685727,-0.0382347,3.78668e-05,-0.999269
1775117569705725,-0.0384516,0.000193865,-0.99926
1775117569725732,-0.0402944,-0.000535791,-0.999188
1775117569745729,-0.0400236,0.000758228,-0.999198
1775117569765731,-0.0410819,-0.000230312,-0.999156
1775117569785730,-0.0408428,-0.000181696,-0.999166
1775117569805732,-0.0412188,-0.000251869,-0.99915
1775117569825728,-0.0414329,-0.000191956,-0.999141
1775117569845733,-0.0412669,-0.000144662,-0.999148
1775117569865730,-0.0414745,-9.584e-05,-0.99914
1775117569885731,-0.0410012,-0.000223665,-0.999159
1775117569905730,-0.0408573,-0.00021899,-0.999165
1775117569925730,-0.0410011,9.13579e-05,-0.999159
1775117569945729,-0.041133,0.000324497,-0.999154
1775117569965729,-0.0409162,0.00050499,-0.999162
1775117569985728,-0.0406144,0.000512571,-0.999175
1775117570005731,-0.0396657,-0.000281253,-0.999213
1775117570025728,-0.040512,0.000869599,-0.999179
1775117570045730,-0.0400053,0.000792292,-0.999199
1775117570065728,-0.0390804,0.000748619,-0.999236
1775117570085732,-0.0389617,0.000627203,-0.999241
1775117570105733,-0.0383516,0.000568718,-0.999264
1775117570125733,-0.0377702,0.000566712,-0.999286
1775117570145734,-0.0380032,0.000584535,-0.999277
1775117570165735,-0.0416761,0.00208327,-0.999129
1775117570185732,-0.0398029,0.00190502,-0.999206
1775117570205782,-0.0397967,0.000611233,-0.999208
1775117570225727,-0.0381285,0.00154128,-0.999272
1775117570245733,-0.0382995,0.00122655,-0.999266
1775117570265728,-0.0389572,0.0013975,-0.99924
1775117570285733,-0.0376621,0.00134847,-0.99929
1775117570305766,-0.0369892,0.00153659,-0.999314
1775117570325729,-0.0352124,0.00137417,-0.999379
1775117570345730,-0.0356227,0.0023932,-0.999362
1775117570365731,-0.0338774,0.0030723,-0.999421
1775117570385730,-0.0328791,0.00311218,-0.999454
1775117570405731,-0.0327379,0.00299731,-0.999459
1775117570425728,-0.0350941,0.00444935,-0.999374
1775117570445729,-0.0316759,0.00199712,-0.999496
1775117570465729,-0.0347553,0.00367364,-0.999389
1775117570485734,-0.0301885,0.00221988,-0.999542
1775117570505735,-0.0315873,0.00298735,-0.999497
1775117570525732,-0.0288699,0.00329983,-0.999578
1775117570545732,-0.030686,0.00308116,-0.999524
1775117570565735,-0.0318114,0.00319118,-0.999489
1775117570585741,-0.0305532,0.00324892,-0.999528
1775117570605732,-0.0304393,0.00327861,-0.999531
1775117570625728,-0.0297501,0.00277464,-0.999554
1775117570645729,-0.0289744,0.00259689,-0.999577
1775117570665728,-0.028283,0.00279546,-0.999596
1775117570685729,-0.0281165,0.00407225,-0.999596
1775117570705727,-0.0270649,0.00408343,-0.999625
1775117570725728,-0.027603,0.00412035,-0.99961
1775117570745729,-0.0259319,0.00190454,-0.999662
1775117570765736,-0.0260862,0.0029649,-0.999655
1775117570785735,-0.0261296,0.00290987,-0.999654
1775117570805733,-0.0272243,0.00431594,-0.99962
1775117570825732,-0.0257325,0.00375153,-0.999662
1775117570845739,-0.0263266,0.00427556,-0.999644
1775117570865731,-0.025002,0.00346778,-0.999681
1775117570885731,-0.0250773,0.00370387,-0.999679
1775117570905728,-0.0249018,0.00341721,-0.999684
1775117570925730,-0.0245408,0.00337648,-0.999693
1775117570945731,-0.024611,0.0033063,-0.999692
1775117570965732,-0.025108,0.00332109,-0.999679
1775117570985729,-0.0265905,0.0038314,-0.999639
1775117571005733,-0.0264327,0.00309879,-0.999646
1775117571025768,-0.0264999,0.00297666,-0.999644
1775117571045733,-0.0266692,0.00350862,-0.999638
1775117571065733,-0.0268849,0.0029419,-0.999634
1775117571085731,-0.0264147,0.00297317,-0.999647
1775117571105732,-0.0290233,0.00391965,-0.999571
1775117571125731,-0.0285509,0.00319519,-0.999587
1775117571145728,-0.0293491,0.00314579,-0.999564
1775117571165729,-0.0303351,0.00375741,-0.999533
1775117571185732,-0.0278857,0.00392397,-0.999603
1775117571205733,-0.0290916,0.00401625,-0.999569
1775117571225731,-0.0299557,0.00415514,-0.999543
1775117571245729,-0.0310622,0.00449423,-0.999507
1775117571265731,-0.0310973,0.0047383,-0.999505
1775117571285730,-0.031764,0.00442643,-0.999486
1775117571305744,-0.0328806,0.00307766,-0.999455
1775117571325729,-0.0307578,0.00405727,-0.999519
1775117571345730,-0.029838,0.00323444,-0.99955
1775117571365736,-0.0309426,0.00172819,-0.99952
1775117571385730,-0.0331229,0.00320089,-0.999446
1775117571405732,-0.031491,0.000868734,-0.999504
1775117571425731,-0.0328624,0.00192691,-0.999458
1775117571445731,-0.0335445,0.00150301,-0.999436
1775117571465688,-0.0337374,0.00133584,-0.99943
1775117571485742,-0.0351511,0.00142838,-0.999381
1775117571505738,-0.0357458,0.00145533,-0.99936
1775117571525731,-0.0372754,0.00176687,-0.999303
1775117571545732,-0.037799,0.00156477,-0.999284
1775117571565731,-0.0377299,0.00302922,-0.999283
1775117571585736,-0.0386965,0.00353952,-0.999245
1775117571605733,-0.0376146,0.0019886,-0.99929
1775117571625733,-0.0347002,0.00024632,-0.999398
1775117571645738,-0.03681,-0.000609575,-0.999322
1775117571665729,-0.03698,-0.000500815,-0.999316
1775117571685729,-0.0383344,-0.000392988,-0.999265
1775117571705728,-0.0366338,-0.000833459,-0.999328
1775117571725727,-0.0382167,-0.000191189,-0.999269
1775117571745730,-0.0378228,0.000834204,-0.999284
1775117571765726,-0.0388932,0.000320881,-0.999243
1775117571785729,-0.0378946,0.00148241,-0.999281
1775117571805746,-0.0383954,0.0015617,-0.999261
1775117571825728,-0.0397004,0.000647709,-0.999211
1775117571845744,-0.0402536,0.000765853,-0.999189
1775117571865726,-0.0404603,0.000609163,-0.999181
1775117571885727,-0.0408968,0.000659518,-0.999163
1775117571905726,-0.0404054,0.000551484,-0.999183
1775117571925729,-0.0406978,0.000556309,-0.999171
1775117571945727,-0.0404647,0.00048767,-0.999181
1775117571965734,-0.0406521,0.000519481,-0.999173
1775117571985726,-0.0406605,0.00072474,-0.999173
1775117572005729,-0.0405205,0.000706881,-0.999178
1775117572025726,-0.0404192,0.000626146,-0.999183
1775117572045727,-0.0404686,0.000787104,-0.99918
1775117572065725,-0.0393351,0.00193931,-0.999224
1775117572085727,-0.0395689,0.00159427,-0.999216
1775117572105750,-0.0394428,0.00165122,-0.99922
1775117572125730,-0.039585,0.000218259,-0.999216
1775117572145743,-0.039349,0.00022039,-0.999226
1775117572165729,-0.0396138,0.000445498,-0.999215
1775117572185730,-0.0388364,4.54636e-05,-0.999246
1775117572205728,-0.0396462,0.000971416,-0.999213
1775117572225730,-0.0384382,0.0013865,-0.99926
1775117572245731,-0.0382873,0.00143104,-0.999266
1775117572265730,-0.0384623,0.00132327,-0.999259
1775117572285731,-0.0383803,0.00263447,-0.99926
1775117572305729,-0.0408054,0.00299662,-0.999163
1775117572325731,-0.0401462,0.00285653,-0.99919
1775117572345729,-0.0395574,0.0027839,-0.999213
1775117572365730,-0.0384086,0.0025971,-0.999259
1775117572385728,-0.0379162,0.00258261,-0.999278
1775117572405729,-0.0372356,0.00295605,-0.999302
1775117572425731,-0.036421,0.00256972,-0.999333
1775117572445728,-0.0351899,0.0036922,-0.999374
1775117572465729,-0.0346325,0.00358251,-0.999394
1775117572485732,-0.03324,0.00354453,-0.999441
1775117572505740,-0.0341127,0.0045306,-0.999408
1775117572525727,-0.0338853,0.0048807,-0.999414
1775117572545730,-0.0320339,0.0035449,-0.99948
1775117572565732,-0.0338846,0.0037543,-0.999419
1775117572585727,-0.0335789,0.0037324,-0.999429
1775117572605729,-0.0334884,0.00377493,-0.999432
1775117572625727,-0.0334268,0.00433634,-0.999432
1775117572645728,-0.0324797,0.00433334,-0.999463
1775117572665727,-0.0318289,0.00428869,-0.999484
1775117572685726,-0.031343,0.00529932,-0.999495
1775117572705725,-0.0310519,0.00520592,-0.999504
1775117572725725,-0.0305252,0.00366864,-0.999527
1775117572745728,-0.0298631,0.00353608,-0.999548
1775117572765724,-0.0306182,0.0035972,-0.999525
1775117572785726,-0.0303326,0.00317435,-0.999535
1775117572805727,-0.0286892,0.00225088,-0.999586
1775117572825727,-0.0283305,0.00380218,-0.999591
1775117572845727,-0.0279903,0.00370274,-0.999601
1775117572865725,-0.0278095,0.00334211,-0.999608
1775117572885725,-0.0264493,0.00258042,-0.999647
1775117572905728,-0.0271003,0.00335624,-0.999627
1775117572925725,-0.0256929,0.00269352,-0.999666
1775117572945726,-0.026887,0.00333427,-0.999633
1775117572965732,-0.0268322,0.00352563,-0.999634
1775117572985729,-0.027425,0.00423119,-0.999615
1775117573005730,-0.0264018,0.0034805,-0.999645
1775117573025728,-0.0267886,0.0041385,-0.999633
1775117573045729,-0.0274643,0.00336331,-0.999617
1775117573065729,-0.0267194,0.0032372,-0.999638
1775117573085728,-0.0265048,0.00315559,-0.999644
1775117573105730,-0.0268051,0.00334056,-0.999635
1775117573125734,-0.0268962,0.0031602,-0.999633
1775117573145735,-0.0272207,0.0032472,-0.999624
1775117573165738,-0.0275004,0.00318641,-0.999617
1775117573185730,-0.0271637,0.00174187,-0.999629
1775117573205734,-0.0278577,0.00330412,-0.999606
1775117573225729,-0.0286565,0.00322133,-0.999584
1775117573245733,-0.0292805,0.00352465,-0.999565
1775117573265730,-0.0295701,0.00349243,-0.999557
1775117573285730,-0.0292923,0.00394601,-0.999563
1775117573305732,-0.0299648,0.00405929,-0.999543
1775117573325729,-0.0311693,0.00393386,-0.999506
1775117573345730,-0.0281174,0.00223407,-0.999602
1775117573365733,-0.0273479,0.00106619,-0.999625
1775117573385730,-0.0287134,0.000368241,-0.999588
1775117573405729,-0.0287852,0.000421675,-0.999586
1775117573425744,-0.0285251,0.00146162,-0.999592
1775117573445730,-0.0283371,0.00163179,-0.999597
1775117573465730,-0.0292537,0.0017572,-0.99957
1775117573485736,-0.0300279,0.00127209,-0.999548
1775117573505736,-0.0306461,0.00142437,-0.999529
1775117573525731,-0.0318232,0.00152043,-0.999492
1775117573545732,-0.0327029,0.00182198,-0.999463
1775117573565728,-0.0331188,0.00201141,-0.999449
1775117573585729,-0.0359583,0.00208211,-0.999351
1775117573605735,-0.0342986,0.0017827,-0.99941
1775117573625733,-0.0349586,0.000798844,-0.999388
1775117573645740,-0.035874,-6.86741e-05,-0.999356
1775117573665726,-0.0368074,-0.000817205,-0.999322
1775117573685726,-0.0368487,-0.0011844,-0.99932
1775117573705749,-0.0335404,-0.000620553,-0.999437
1775117573725731,-0.0369243,0.000665789,-0.999318
1775117573745730,-0.0343993,-0.000533953,-0.999408
1775117573765737,-0.0351158,-0.000518148,-0.999383
1775117573785729,-0.0358221,-0.000785026,-0.999358
1775117573805730,-0.036275,-0.000383647,-0.999342
1775117573825729,-0.0369208,-0.000436408,-0.999318
1775117573845728,-0.0369593,-0.000187592,-0.999317
1775117573865731,-0.0377548,-0.000244859,-0.999287
1775117573885730,-0.0375706,-0.000452235,-0.999294
1775117573905731,-0.0369838,0.000971438,-0.999315
1775117573925731,-0.0384962,-0.000181793,-0.999259
1775117573945732,-0.0378228,0.00131939,-0.999284
1775117573965730,-0.0382153,0.000739334,-0.999269
1775117573985732,-0.0378489,0.00115075,-0.999283
1775117574005734,-0.0385982,0.000602747,-0.999255
1775117574025730,-0.0391455,0.00105097,-0.999233
1775117574045729,-0.0383207,0.00122737,-0.999265
1775117574065730,-0.0378373,0.00104314,-0.999283
1775117574085728,-0.038959,0.00060672,-0.999241
1775117574105729,-0.0386013,0.000584742,-0.999255
1775117574125728,-0.0396587,0.000602511,-0.999213
1775117574145730,-0.0416584,-0.000104525,-0.999132
1775117574165728,-0.0387676,0.000261482,-0.999248
1775117574185731,-0.0402792,0.00205603,-0.999186
1775117574205734,-0.0402264,0.00216958,-0.999188
1775117574225731,-0.0412933,0.00351921,-0.999141
1775117574245730,-0.0423067,0.0034959,-0.999099
1775117574265734,-0.0426961,0.00386498,-0.999081
1775117574285727,-0.0422581,0.0037842,-0.9991
1775117574305729,-0.0429886,0.00406622,-0.999067
1775117574325729,-0.0413301,0.00410856,-0.999137
1775117574345732,-0.0415844,0.00251406,-0.999132
1775117574365736,-0.0414413,0.00388807,-0.999133
1775117574385750,-0.0415642,0.00395634,-0.999128
1775117574405724,-0.0415458,0.00387401,-0.999129
1775117574425727,-0.040495,0.00262779,-0.999176
1775117574445726,-0.0388895,0.00348782,-0.999237
1775117574465727,-0.0392461,0.0038307,-0.999222
1775117574485726,-0.0381491,0.00367554,-0.999265
1775117574505731,-0.0374701,0.00323996,-0.999292
1775117574525729,-0.0379371,0.0049521,-0.999268
1775117574545727,-0.0378051,0.00479178,-0.999274
1775117574565728,-0.0351179,0.00293938,-0.999379
1775117574585727,-0.0356509,0.00383733,-0.999357
1775117574605728,-0.0350815,0.00391543,-0.999377
1775117574625692,-0.0340088,0.00524638,-0.999408
1775117574645737,-0.0344357,0.0046931,-0.999396
1775117574665733,-0.0340824,0.00394776,-0.999411
1775117574685732,-0.0353238,0.00403566,-0.999368
1775117574705733,-0.0344331,0.00396512,-0.999399
1775117574725731,-0.034223,0.00411271,-0.999406
1775117574745729,-0.0338546,0.00406501,-0.999419
1775117574765732,-0.0323142,0.00430311,-0.999468
1775117574785733,-0.0335516,0.00463149,-0.999426
1775117574805730,-0.032574,0.00438478,-0.99946
1775117574825728,-0.0334211,0.00606552,-0.999423
1775117574845730,-0.0314337,0.00434477,-0.999496
1775117574865732,-0.0311692,0.0028364,-0.99951
1775117574885731,-0.0309653,0.00421677,-0.999512
1775117574905729,-0.0303674,0.00275296,-0.999535
1775117574925733,-0.0299005,0.00251793,-0.99955
1775117574945729,-0.0292276,0.00261372,-0.999569
1775117574965738,-0.0295185,0.00274924,-0.99956
1775117574985731,-0.0296659,0.00269596,-0.999556
1775117575005734,-0.0294824,0.00284042,-0.999561
1775117575025733,-0.0297813,0.00440865,-0.999547
1775117575045733,-0.0285091,0.00275167,-0.99959
1775117575065732,-0.0287193,0.00287619,-0.999583
1775117575085733,-0.0286233,0.00255755,-0.999587
1775117575105731,-0.0295679,0.00398188,-0.999555
1775117575125731,-0.028619,0.00426198,-0.999581
1775117575145730,-0.0282989,0.00424019,-0.999591
1775117575165735,-0.0295883,0.00295514,-0.999558
1775117575185734,-0.0286648,0.00397015,-0.999581
1775117575205731,-0.0288175,0.0039642,-0.999577
1775117575225732,-0.030042,0.00333826,-0.999543
1775117575245731,-0.0310426,0.00262064,-0.999515
1775117575265735,-0.0289711,0.0042714,-0.999571
1775117575285730,-0.0286211,0.00380459,-0.999583
1775117575305731,-0.0267821,0.00175088,-0.99964
1775117575325734,-0.0294035,0.00265301,-0.999564
1775117575345745,-0.025224,0.00118401,-0.999681
1775117575365735,-0.029253,0.00296945,-0.999568
1775117575385730,-0.029156,0.00269441,-0.999571
1775117575405731,-0.0254328,0.000933366,-0.999676
1775117575425731,-0.0266743,6.79562e-05,-0.999644
1775117575445734,-0.0259976,-0.000176741,-0.999662
1775117575465734,-0.0274053,-2.34808e-05,-0.999624
1775117575485729,-0.0314906,0.00197527,-0.999502
1775117575505734,-0.0298551,0.00133653,-0.999553
1775117575525734,-0.0296821,0.00245292,-0.999556
1775117575545736,-0.0275287,0.00127764,-0.99962
1775117575565732,-0.02821,0.000944729,-0.999602
1775117575585732,-0.0316538,0.00200486,-0.999497
1775117575605730,-0.0325329,0.0018937,-0.999469
1775117575625730,-0.0301808,0.000759131,-0.999544
1775117575645733,-0.0307382,0.000773202,-0.999527
1775117575665730,-0.032373,0.000980788,-0.999475
1775117575685732,-0.0335067,0.00125398,-0.999438
1775117575705737,-0.033708,0.00125956,-0.999431
1775117575725731,-0.0333442,0.00132075,-0.999443
1775117575745729,-0.0337672,0.00133407,-0.999429
1775117575765728,-0.0340116,0.00133492,-0.999421
1775117575785727,-0.0352262,0.00151881,-0.999378
1775117575805727,-0.0360781,0.00140303,-0.999348
1775117575825728,-0.0364064,0.00263972,-0.999334
1775117575845728,-0.036779,0.00240987,-0.999321
1775117575865728,-0.0357722,0.00376308,-0.999353
1775117575885729,-0.0355765,0.00340586,-0.999361
1775117575905728,-0.0364286,0.00375943,-0.999329
1775117575925727,-0.0366963,0.00395252,-0.999319
1775117575945731,-0.0374919,0.00414971,-0.999288
1775117575965728,-0.0376102,0.00439611,-0.999283
1775117575985734,-0.0386491,0.00413605,-0.999244
1775117576005735,-0.0389629,0.00383758,-0.999233
1775117576025698,-0.0387097,0.0043289,-0.999241
1775117576045729,-0.0391214,0.00440533,-0.999225
1775117576065730,-0.0401568,0.00450322,-0.999183
1775117576085729,-0.0403332,0.00451963,-0.999176
1775117576105723,-0.0410287,0.00525481,-0.999144
1775117576125728,-0.0409956,0.00440328,-0.99915
1775117576145728,-0.0413944,0.00455585,-0.999132
1775117576165739,-0.0407561,0.0050008,-0.999157
1775117576185729,-0.0402161,0.00460591,-0.99918
1775117576205732,-0.0401637,0.00467516,-0.999182
1775117576225731,-0.0410779,0.00612488,-0.999137
1775117576245730,-0.0413117,0.00617786,-0.999127
1775117576265727,-0.0403615,0.00484435,-0.999173
1775117576285726,-0.0399465,0.00510519,-0.999189
1775117576305727,-0.0408048,0.00661153,-0.999145
1775117576325731,-0.0407059,0.00639348,-0.999151
1775117576345728,-0.0408128,0.00647735,-0.999146
1775117576365725,-0.0394452,0.00642658,-0.999201
1775117576385728,-0.0398076,0.00592085,-0.99919
1775117576405734,-0.0391521,0.0075792,-0.999205
1775117576425814,-0.0410993,0.00577826,-0.999138
1775117576445748,-0.041224,0.00586321,-0.999133
1775117576465736,-0.0403836,0.00656721,-0.999163
1775117576485734,-0.0394637,0.00647247,-0.9992
1775117576505731,-0.039148,0.00655106,-0.999212
1775117576525730,-0.0385225,0.00614906,-0.999239
1775117576545732,-0.0372689,0.00505785,-0.999292
1775117576565729,-0.0374671,0.0067022,-0.999275
1775117576585731,-0.036304,0.00617434,-0.999322
1775117576605734,-0.0365134,0.00666472,-0.999311
1775117576625729,-0.0376149,0.00414084,-0.999284
1775117576645733,-0.0376864,0.00433283,-0.99928
1775117576665736,-0.0364307,0.00445767,-0.999326
1775117576685732,-0.0366673,0.00422049,-0.999319
1775117576705730,-0.0366665,0.00437799,-0.999318
1775117576725730,-0.0354813,0.00473813,-0.999359
1775117576745730,-0.0362645,0.00390292,-0.999335
1775117576765735,-0.0348588,0.00397727,-0.999384
1775117576785730,-0.0312473,0.00694205,-0.999488
1775117576805730,-0.0339256,0.00385071,-0.999417
1775117576825730,-0.0329006,0.00386471,-0.999451
1775117576845731,-0.0317082,0.0037178,-0.99949
1775117576865733,-0.0327505,0.00411676,-0.999455
1775117576885733,-0.0304286,0.00365057,-0.99953
1775117576905732,-0.0306367,0.00357117,-0.999524
1775117576925731,-0.0342745,0.00512784,-0.999399
1775117576945732,-0.0306442,0.00381507,-0.999523
1775117576965733,-0.0331389,0.00511759,-0.999438
1775117576985733,-0.0325408,0.00496487,-0.999458
1775117577005730,-0.0306769,0.00290517,-0.999525
1775117577025732,-0.0283462,0.00338606,-0.999592
1775117577045732,-0.0311663,0.00455953,-0.999504
1775117577065733,-0.0318408,0.00256455,-0.99949
1775117577085738,-0.030705,0.00226235,-0.999526
1775117577105732,-0.0279369,0.00126049,-0.999609
1775117577125732,-0.0294332,0.00345423,-0.999561
1775117577145733,-0.0269549,0.00233492,-0.999634
1775117577165733,-0.0275275,0.00218645,-0.999619
1775117577185732,-0.0266557,0.00182124,-0.999643
1775117577205730,-0.0261332,0.00171614,-0.999657
1775117577225733,-0.0258565,0.00181724,-0.999664
1775117577245735,-0.029927,0.00341679,-0.999546
1775117577265732,-0.0294988,0.00293601,-0.999561
1775117577285766,-0.0293634,0.00305679,-0.999564
1775117577305733,-0.0253338,0.00144611,-0.999678
1775117577325734,-0.0286858,0.00240573,-0.999586
1775117577345735,-0.0296699,0.00149121,-0.999559
1775117577365736,-0.0296723,0.00143169,-0.999559
1775117577385731,-0.0292847,0.00127723,-0.99957
1775117577405734,-0.0260896,-0.000183782,-0.99966
1775117577425732,-0.0263778,-0.000266486,-0.999652
1775117577445734,-0.0265244,-0.000439806,-0.999648
1775117577465735,-0.0263926,-0.000612218,-0.999651
1775117577485731,-0.0251138,0.000621721,-0.999684
1775117577505732,-0.0255624,0.000475303,-0.999673
1775117577525734,-0.0256924,0.000374669,-0.99967
1775117577545736,-0.0249524,0.000260489,-0.999689
1775117577565735,-0.0254643,4.09657e-05,-0.999676
1775117577585733,-0.0262021,5.31934e-05,-0.999657
1775117577605730,-0.0264283,-1.39446e-05,-0.999651
1775117577625734,-0.0267443,-4.7802e-05,-0.999642
1775117577645730,-0.0265227,1.0869e-05,-0.999648
1775117577665740,-0.0271006,-0.000295538,-0.999633
1775117577685731,-0.0277804,-4.75918e-05,-0.999614
1775117577705730,-0.027871,-1.31129e-06,-0.999612
1775117577725731,-0.0283288,3.2014e-05,-0.999599
1775117577745731,-0.0290145,-0.000103367,-0.999579
1775117577765733,-0.0290432,-0.000196795,-0.999578
1775117577785730,-0.0298141,-0.000270084,-0.999555
1775117577805737,-0.0300777,-0.000396355,-0.999547
1775117577825732,-0.0304299,-0.000470973,-0.999537
1775117577845732,-0.0312369,-0.00023905,-0.999512
1775117577865732,-0.0317719,-4.94744e-05,-0.999495
1775117577885733,-0.0321188,0.000142728,-0.999484
1775117577905731,-0.0323711,-2.70055e-05,-0.999476
1775117577925730,-0.0336416,0.000523249,-0.999434
1775117577945729,-0.0335244,0.000175413,-0.999438
1775117577965745,-0.0346516,0.000574577,-0.999399
1775117577985737,-0.0332923,0.00162142,-0.999444
1775117578005731,-0.0355997,0.000821981,-0.999366
1775117578025730,-0.0347191,0.00199314,-0.999395
1775117578045732,-0.0373799,0.0011,-0.999301
1775117578065733,-0.0382735,0.00105847,-0.999267
1775117578085732,-0.0376804,0.00112814,-0.999289
1775117578105730,-0.0372482,0.00279958,-0.999302
1775117578125735,-0.0382777,0.00339284,-0.999261
1775117578145734,-0.0390735,0.00153338,-0.999235
1775117578165734,-0.0398925,0.00166852,-0.999203
1775117578185732,-0.0387872,0.0028339,-0.999243
1775117578205737,-0.0398646,0.00318755,-0.9992
1775117578225753,-0.0404824,0.00364911,-0.999174
1775117578245728,-0.0402685,0.00378982,-0.999182
1775117578265727,-0.0409102,0.00408314,-0.999154
1775117578285729,-0.0424889,0.00277391,-0.999093
1775117578305730,-0.0411999,0.00425881,-0.999142
1775117578325732,-0.0427242,0.00328367,-0.999082
1775117578345731,-0.0397651,0.0072633,-0.999183
1775117578365730,-0.0387004,0.00576518,-0.999234
1775117578385732,-0.0394792,0.00658763,-0.999199
1775117578405727,-0.0392663,0.00676153,-0.999206
1775117578425732,-0.040284,0.00817244,-0.999155
1775117578445730,-0.0390655,0.0066228,-0.999215
1775117578465742,-0.0393479,0.0070655,-0.999201
1775117578485731,-0.0395824,0.00728874,-0.99919
1775117578505731,-0.0387872,0.00734989,-0.99922
1775117578525732,-0.0389663,0.00764035,-0.999211
1775117578545741,-0.0387882,0.00772667,-0.999218
1775117578565744,-0.0384715,0.00775262,-0.99923
1775117578585729,-0.041149,0.00428282,-0.999144
1775117578605728,-0.0409677,0.00448372,-0.99915
1775117578625734,-0.0411517,0.00457377,-0.999142
1775117578645737,-0.0413113,0.00607943,-0.999128
1775117578665739,-0.039727,0.00437212,-0.999201
1775117578685737,-0.0400184,0.00448428,-0.999189
1775117578705733,-0.039504,0.00466637,-0.999209
1775117578725737,-0.0387032,0.00443896,-0.999241
1775117578745733,-0.0385249,0.00450867,-0.999247
1775117578765731,-0.0418312,0.00722114,-0.999099
1775117578785730,-0.0411303,0.00707166,-0.999129
1775117578805731,-0.0383293,0.00517052,-0.999252
1775117578825731,-0.0404098,0.00686246,-0.99916
1775117578845730,-0.0394333,0.00523083,-0.999209
1775117578865739,-0.0394859,0.00667555,-0.999198
1775117578885741,-0.03579,0.00537419,-0.999345
1775117578905739,-0.0355222,0.00496581,-0.999357
1775117578925732,-0.0351817,0.00549828,-0.999366
1775117578945732,-0.034267,0.00525312,-0.999399
1775117578965730,-0.0365273,0.0062141,-0.999313
1775117578985730,-0.0337494,0.00447109,-0.99942
1775117579005729,-0.0333882,0.00379757,-0.999435
1775117579025731,-0.0339238,0.002407,-0.999422
1775117579045732,-0.0354353,0.00449557,-0.999362
1775117579065738,-0.0345223,0.00562849,-0.999388
1775117579085736,-0.0351891,0.0043231,-0.999371
1775117579105730,-0.0318954,0.00246997,-0.999488
1775117579125727,-0.0314167,0.00244911,-0.999503
1775117579145726,-0.0308057,0.00245035,-0.999522
1775117579165735,-0.0304558,0.000898409,-0.999536
1775117579185731,-0.0332906,0.00206128,-0.999444
1775117579205730,-0.027731,0.0017427,-0.999614
1775117579225731,-0.0280882,0.00147573,-0.999604
1775117579245734,-0.0272122,0.00151986,-0.999629
1775117579265737,-0.0264586,0.000733166,-0.99965
1775117579285738,-0.026265,0.000984868,-0.999655
1775117579305733,-0.026018,0.000539433,-0.999661
1775117579325728,-0.0254772,0.000475293,-0.999675
1775117579345728,-0.0251526,0.000270286,-0.999684
1775117579365728,-0.024621,0.000203615,-0.999697
1775117579385727,-0.0266738,0.00156545,-0.999643
1775117579405732,-0.0260945,0.000220922,-0.999659
1775117579425731,-0.0260145,0.00110406,-0.999661
1775117579445733,-0.0269487,0.00208865,-0.999635
1775117579465733,-0.0264193,0.000954629,-0.99965
1775117579485745,-0.0270976,0.00212481,-0.999631
1775117579505733,-0.027241,0.00205729,-0.999627
1775117579525728,-0.0270669,0.00177791,-0.999632
1775117579545736,-0.027198,0.00169119,-0.999629
1775117579565731,-0.0273853,0.00185941,-0.999623
1775117579585732,-0.0271231,0.001552,-0.999631
1775117579605730,-0.0268951,0.00137749,-0.999637
1775117579625728,-0.026834,0.0012871,-0.999639
1775117579645728,-0.0265972,0.0012169,-0.999645
1775117579665727,-0.0275616,0.00147892,-0.999619
1775117579685724,-0.0276446,0.00135186,-0.999617
1775117579705728,-0.0270834,0.00131177,-0.999632
1775117579725726,-0.0279896,0.00149982,-0.999607
1775117579745728,-0.027601,0.00125742,-0.999618
1775117579765735,-0.0282939,0.00149742,-0.999599
1775117579785680,-0.0279954,0.00152558,-0.999607
1775117579805726,-0.0280917,0.0016021,-0.999604
1775117579825728,-0.0280885,0.00208079,-0.999603
1775117579845727,-0.02859,0.00202194,-0.999589
1775117579865727,-0.0287834,0.00191425,-0.999584
1775117579885728,-0.0291059,0.00184739,-0.999575
1775117579905728,-0.0300529,0.00213426,-0.999546
1775117579925727,-0.0290781,0.00199619,-0.999575
1775117579945726,-0.030418,0.00225362,-0.999535
1775117579965727,-0.0307773,0.00237252,-0.999523
1775117579985728,-0.0307145,0.000822612,-0.999528
1775117580005730,-0.0313669,0.00208366,-0.999506
1775117580025726,-0.0323311,0.00274713,-0.999473
1775117580045729,-0.0318598,0.0014569,-0.999491
1775117580065727,-0.0336226,0.00335733,-0.999429
1775117580085730,-0.0326668,0.00458755,-0.999456
1775117580105727,-0.0329989,0.00494575,-0.999443
1775117580125728,-0.0341016,0.002564,-0.999415
1775117580145727,-0.0319698,0.00473398,-0.999478
1775117580165727,-0.0344378,0.00367233,-0.9994
1775117580185728,-0.0342327,0.00410063,-0.999405
1775117580205728,-0.0342588,0.00447077,-0.999403
1775117580225728,-0.0347809,0.00497441,-0.999383
1775117580245728,-0.0355312,0.00481436,-0.999357
1775117580265732,-0.0358581,0.00456899,-0.999346
1775117580285733,-0.0372259,0.00523879,-0.999293
1775117580305730,-0.0370358,0.00557226,-0.999298
1775117580325728,-0.0370663,0.00554151,-0.999297
1775117580345727,-0.036885,0.00425283,-0.99931
1775117580365732,-0.0400981,0.00518579,-0.999182
1775117580385726,-0.0404228,0.00529159,-0.999169
1775117580405727,-0.039814,0.00481419,-0.999196
1775117580425730,-0.0389683,0.00454365,-0.99923
1775117580445729,-0.0374427,0.00387713,-0.999291
1775117580465689,-0.0400634,0.00523322,-0.999183
1775117580485729,-0.0408491,0.00538418,-0.999151
1775117580505728,-0.0395477,0.00488885,-0.999206
1775117580525727,-0.0383905,0.00415303,-0.999254
1775117580545730,-0.0384397,0.0036667,-0.999254
1775117580565727,-0.0387783,0.00459809,-0.999237
1775117580585727,-0.0376504,0.00245792,-0.999288
1775117580605726,-0.0384051,0.00368171,-0.999255
1775117580625726,-0.0436107,0.00407044,-0.99904
1775117580645730,-0.0383468,0.00316973,-0.999259
1775117580665734,-0.0383778,0.0033145,-0.999258
1775117580685731,-0.0393642,0.00231363,-0.999222
1775117580705728,-0.0386863,0.00359132,-0.999245
1775117580725727,-0.039628,0.00263362,-0.999211
1775117580745727,-0.0432111,0.00392947,-0.999058
1775117580765727,-0.0428132,0.00362181,-0.999077
1775117580785727,-0.0392265,0.00229846,-0.999228
1775117580805726,-0.0415061,0.00273227,-0.999135
1775117580825728,-0.0402233,0.00235906,-0.999188
1775117580845728,-0.0399554,0.00225573,-0.999199
1775117580865727,-0.0446852,0.00433955,-0.998992
1775117580885726,-0.0392375,0.00196497,-0.999228
1775117580905729,-0.039607,0.00230337,-0.999213
1775117580925754,-0.0441796,0.00437444,-0.999014
1775117580945728,-0.038457,0.00207106,-0.999258
1775117580965727,-0.0376648,0.00209448,-0.999288
1775117580985728,-0.0369796,0.00124446,-0.999315
1775117581005729,-0.03731,0.00161185,-0.999302
1775117581025730,-0.037713,0.00176833,-0.999287
1775117581045736,-0.0385085,0.00191523,-0.999256
1775117581065732,-0.0371941,0.00146469,-0.999307
1775117581085732,-0.0364429,0.00162547,-0.999334
1775117581105737,-0.0356638,0.00111716,-0.999363
1775117581125730,-0.0358167,0.0017271,-0.999357
1775117581145729,-0.0343792,0.00105144,-0.999408
1775117581165731,-0.034955,0.00150349,-0.999388
1775117581185730,-0.035121,0.00126495,-0.999382
1775117581205738,-0.034578,0.00175959,-0.9994
1775117581225731,-0.0339579,0.00132299,-0.999422
1775117581245733,-0.0343806,0.00156148,-0.999408
1775117581265738,-0.0335631,0.00130811,-0.999436
1775117581285750,-0.0330423,0.00133192,-0.999453
1775117581305734,-0.0291451,0.00123532,-0.999574
1775117581325736,-0.0299233,0.00154422,-0.999551
1775117581345748,-0.0289752,0.00115023,-0.999579
1775117581365733,-0.0279982,0.00174205,-0.999606
1775117581385731,-0.0294889,0.00254524,-0.999562
1775117581405731,-0.0296704,0.00269974,-0.999556
1775117581425730,-0.0275581,0.00315221,-0.999615
1775117581445730,-0.0284106,0.00220574,-0.999594
1775117581465731,-0.0282583,0.00193131,-0.999599
1775117581485731,-0.0301625,0.00144753,-0.999544
1775117581505730,-0.0299938,0.00147289,-0.999549
1775117581525736,-0.0299707,0.00178718,-0.999549
1775117581545734,-0.0298887,0.00213193,-0.999551
1775117581565732,-0.0301359,0.00225659,-0.999543
1775117581585735,-0.030951,0.00262708,-0.999517
1775117581605740,-0.030283,0.00260671,-0.999538
1775117581625728,-0.0304967,0.00287671,-0.999531
1775117581645727,-0.0295349,0.00252186,-0.999561
1775117581665728,-0.0296454,0.00261243,-0.999557
1775117581685735,-0.0271047,0.0028907,-0.999628
1775117581705731,-0.0292428,0.00302119,-0.999568
1775117581725730,-0.0293934,0.00290012,-0.999564
1775117581745729,-0.0286879,0.00295498,-0.999584
1775117581765731,-0.0288629,0.00295311,-0.999579
1775117581785728,-0.0287302,0.00279609,-0.999583
1775117581805731,-0.0291047,0.00329946,-0.999571
1775117581825728,-0.0291978,0.00318844,-0.999569
1775117581845727,-0.0297965,0.00296672,-0.999552
1775117581865729,-0.0307671,0.00302745,-0.999522
1775117581885729,-0.0304669,0.00315749,-0.999531
1775117581905729,-0.030308,0.00349743,-0.999534
1775117581925729,-0.0301823,0.00328803,-0.999539
1775117581945729,-0.0290627,0.00357432,-0.999571
1775117581965736,-0.0287125,0.00347165,-0.999582
1775117581985932,-0.0289481,0.00401685,-0.999573
1775117582005727,-0.0296005,0.00416519,-0.999553
1775117582025726,-0.0285136,0.00394554,-0.999586
1775117582045727,-0.028789,0.00410409,-0.999577
1775117582065728,-0.0271765,0.00383247,-0.999623
1775117582085727,-0.0279664,0.00367043,-0.999602
1775117582105726,-0.0294989,0.00353448,-0.999559
1775117582125762,-0.0287445,0.00374738,-0.99958
1775117582145734,-0.0298478,0.0049123,-0.999542
1775117582165736,-0.0299104,0.00500708,-0.99954
1775117582185734,-0.0294258,0.00342728,-0.999561
1775117582205731,-0.0290063,0.00417844,-0.99957
1775117582225732,-0.0302119,0.00396934,-0.999536
1775117582245732,-0.0291971,0.0044228,-0.999564
1775117582265728,-0.030466,0.00433875,-0.999526
1775117582285728,-0.0316596,0.00464458,-0.999488
1775117582305731,-0.0322876,0.00452809,-0.999468
1775117582325727,-0.0327017,0.00408484,-0.999457
1775117582345727,-0.0325619,0.00282154,-0.999466
1775117582365729,-0.0324665,0.00500897,-0.99946
1775117582385727,-0.0355734,0.00529473,-0.999353
1775117582405727,-0.0361097,0.00514066,-0.999335
1775117582425728,-0.0363083,0.0053944,-0.999326
1775117582445727,-0.0367482,0.00603245,-0.999306
1775117582465727,-0.0377916,0.00588815,-0.999268
1775117582485729,-0.0377634,0.00589138,-0.999269
1775117582505727,-0.0383603,0.00743407,-0.999236
1775117582525725,-0.0349021,0.00515297,-0.999377
1775117582545739,-0.0382692,0.00686174,-0.999244
1775117582565730,-0.0370456,0.00565721,-0.999298
1775117582585731,-0.0394396,0.00684655,-0.999199
1775117582605729,-0.0372496,0.00438022,-0.999296
1775117582625729,-0.0374138,0.00450474,-0.99929
1775117582645733,-0.0382876,0.00389867,-0.999259
1775117582665728,-0.0373158,0.0054858,-0.999288
1775117582685731,-0.0400576,0.00568158,-0.999181
1775117582705729,-0.0385496,0.00481708,-0.999245
1775117582725730,-0.0383963,0.00536449,-0.999248
1775117582745727,-0.0382841,0.00503976,-0.999254
1775117582765728,-0.0379747,0.00493921,-0.999266
1775117582785727,-0.0408449,0.00549528,-0.99915
1775117582805729,-0.0386694,0.00432024,-0.999243
1775117582825728,-0.038528,0.00404814,-0.999249
1775117582845729,-0.0376884,0.00396185,-0.999282
1775117582865728,-0.0373326,0.00380769,-0.999296
1775117582885729,-0.0366562,0.0035772,-0.999322
1775117582905733,-0.0372146,0.00369532,-0.9993
1775117582925731,-0.0382163,0.00352582,-0.999263
1775117582945732,-0.038141,0.00326463,-0.999267
1775117582965730,-0.0386251,0.00368158,-0.999247
1775117582985729,-0.0376364,0.00358972,-0.999285
1775117583005727,-0.03925,0.00404002,-0.999221
1775117583025737,-0.0378458,0.0025339,-0.99928
1775117583045732,-0.0378064,0.00245068,-0.999282
1775117583065728,-0.0371249,0.00314665,-0.999306
1775117583085729,-0.038476,0.00350311,-0.999253
1775117583105726,-0.0381561,0.0033638,-0.999266
1775117583125727,-0.0384307,0.00246997,-0.999258
1775117583145729,-0.0385272,0.00266854,-0.999254
1775117583165727,-0.0374427,0.00231151,-0.999296
1775117583185730,-0.0372094,0.0026249,-0.999304
1775117583205728,-0.0372379,0.00256949,-0.999303
1775117583225727,-0.0365118,0.00252692,-0.99933
1775117583245728,-0.0358008,0.00238968,-0.999356
1775117583265730,-0.0345444,0.00195974,-0.999401
1775117583285760,-0.0341834,0.00184366,-0.999414
1775117583305731,-0.0339888,0.00148805,-0.999421
1775117583325731,-0.0333789,0.00148156,-0.999442
1775117583345731,-0.0331331,0.00104145,-0.99945
1775117583365728,-0.0323679,0.000974295,-0.999476
1775117583385729,-0.0310979,0.000795058,-0.999516
1775117583405729,-0.0309769,0.00080309,-0.99952
1775117583425729,-0.0302888,0.00297944,-0.999537
1775117583445755,-0.0304274,0.00215848,-0.999535
1775117583465734,-0.0299202,0.00204688,-0.99955
1775117583485761,-0.029172,0.00405922,-0.999566
1775117583505728,-0.0301819,0.00245025,-0.999541
1775117583525728,-0.0287525,0.00280635,-0.999583
1775117583545730,-0.0300442,0.00145564,-0.999548
1775117583565729,-0.029714,0.000923469,-0.999558
1775117583585732,-0.0294477,0.00142622,-0.999565
1775117583605726,-0.0295403,0.000468466,-0.999563
1775117583625727,-0.0288746,0.000951783,-0.999583
1775117583645729,-0.0286863,0.00104377,-0.999588
1775117583665728,-0.028513,0.00108704,-0.999593
1775117583685730,-0.0286209,0.00190239,-0.999589
1775117583705729,-0.0281517,0.00216793,-0.999601
1775117583725728,-0.0282209,0.00317446,-0.999597
1775117583745728,-0.0283707,0.00354612,-0.999591
1775117583765754,-0.028735,0.00220966,-0.999585
1775117583785726,-0.0280879,0.00384452,-0.999598
1775117583805726,-0.0279822,0.00398337,-0.9996
1775117583825729,-0.027883,0.00406746,-0.999603
1775117583845726,-0.0267314,0.00421183,-0.999634
1775117583865730,-0.0262505,0.00457294,-0.999645
1775117583885731,-0.0261997,0.00466359,-0.999646
1775117583905727,-0.0261144,0.00478729,-0.999647
1775117583925729,-0.0263166,0.00389501,-0.999646
1775117583945727,-0.0266769,0.00396791,-0.999636
1775117583965750,-0.026702,0.00384298,-0.999636
1775117583985747,-0.0271136,0.00491397,-0.99962
1775117584005747,-0.0288172,0.00453997,-0.999574
1775117584025726,-0.0293645,0.0049891,-0.999556
1775117584045727,-0.0291155,0.00553809,-0.999561
1775117584065726,-0.0294286,0.00511659,-0.999554
1775117584085732,-0.0292355,0.00576118,-0.999556
1775117584105728,-0.0296305,0.00589657,-0.999544
1775117584125727,-0.0294135,0.00501906,-0.999555
1775117584145728,-0.0298455,0.00521617,-0.999541
1775117584165728,-0.0302049,0.00520754,-0.99953
1775117584185710,-0.0308407,0.00450091,-0.999514
1775117584205727,-0.0302952,0.00414261,-0.999532
1775117584225727,-0.0309212,0.00431285,-0.999513
1775117584245727,-0.030781,0.00367887,-0.999519
1775117584265730,-0.0334346,0.00468498,-0.99943
1775117584285730,-0.0334467,0.00423576,-0.999432
1775117584305730,-0.032799,0.0051258,-0.999449
1775117584325730,-0.0332081,0.00551433,-0.999433
1775117584345726,-0.0312302,0.00434125,-0.999503
1775117584365727,-0.0350283,0.00548896,-0.999371
1775117584385728,-0.0310867,0.00393739,-0.999509
1775117584405727,-0.0358503,0.00555197,-0.999342
1775117584425764,-0.036467,0.0056827,-0.999319
1775117584445732,-0.0367343,0.00536194,-0.999311
1775117584465734,-0.0341366,0.0039893,-0.999409
1775117584485732,-0.0375975,0.00495815,-0.999281
1775117584505729,-0.0356949,0.00386086,-0.999355
1775117584525730,-0.0383918,0.00434154,-0.999253
1775117584545729,-0.0364821,0.00491901,-0.999322
1775117584565739,-0.0364347,0.00294109,-0.999332
1775117584585739,-0.0374017,0.00435708,-0.999291
1775117584605731,-0.0367454,0.00352215,-0.999318
1775117584625734,-0.0374926,0.00466162,-0.999286
1775117584645732,-0.0392924,0.0041021,-0.999219
1775117584665732,-0.0395032,0.00545554,-0.999205
1775117584685733,-0.0392346,0.00433713,-0.999221
1775117584705731,-0.0394924,0.0059161,-0.999202
1775117584725732,-0.0408696,0.00464203,-0.999154
1775117584745731,-0.0402822,0.00404701,-0.99918
1775117584765796,-0.0406157,0.00437457,-0.999165
1775117584785733,-0.0404108,0.00415087,-0.999175
1775117584805735,-0.0410884,0.00415441,-0.999147
1775117584825732,-0.0420699,0.00372045,-0.999108
1775117584845731,-0.040908,0.00326517,-0.999158
1775117584865732,-0.0403116,0.00287706,-0.999183
1775117584885732,-0.0396059,0.00251167,-0.999212
1775117584905730,-0.0402667,0.00100177,-0.999188
1775117584925730,-0.0406252,0.00107688,-0.999174
1775117584945731,-0.0403068,0.00102337,-0.999187
1775117584965730,-0.0399427,0.000564612,-0.999202
1775117584985729,-0.0413521,0.00167925,-0.999143
1775117585005730,-0.0403844,0.00146328,-0.999183
1775117585025729,-0.0413659,0.00114962,-0.999143
1775117585045733,-0.0410753,0.00109289,-0.999155
1775117585065731,-0.0413936,0.00108691,-0.999142
1775117585085730,-0.0411659,0.00101388,-0.999152
1775117585105729,-0.0407641,0.000661762,-0.999169
1775117585125730,-0.0399056,0.00187404,-0.999202
1775117585145732,-0.0399248,0.00174394,-0.999201
1775117585165729,-0.0397291,0.000673902,-0.99921
1775117585185730,-0.0399589,0.000883712,-0.999201
1775117585205730,-0.0398629,0.000595031,-0.999205
1775117585225733,-0.0418931,0.00110671,-0.999121
1775117585245731,-0.0404019,0.000665644,-0.999183
1775117585265731,-0.0403438,0.000754669,-0.999186
1775117585285727,-0.0399372,0.000842706,-0.999202
1775117585305728,-0.0394531,0.00119107,-0.999221
1775117585325732,-0.039141,0.00101484,-0.999233
1775117585345738,-0.0382832,0.0010158,-0.999266
1775117585365736,-0.036617,0.00230698,-0.999327
1775117585385738,-0.0372198,0.00123205,-0.999306
1775117585405732,-0.0361727,0.00137851,-0.999345
1775117585425730,-0.0350647,0.00223875,-0.999383
1775117585445731,-0.0346175,0.00220355,-0.999398
1775117585465731,-0.0341199,0.00220886,-0.999415
1775117585485734,-0.0335014,0.00231629,-0.999436
1775117585505731,-0.0326371,0.00269022,-0.999464
1775117585525732,-0.0324883,0.00335967,-0.999466
1775117585545735,-0.0302541,0.00212192,-0.99954
1775117585565739,-0.0314173,0.0026714,-0.999503
1775117585585733,-0.0312663,0.00189231,-0.999509
1775117585605733,-0.0323401,0.000982605,-0.999476
1775117585625732,-0.0301918,0.00223129,-0.999542
1775117585645731,-0.0320901,0.000259547,-0.999485
1775117585665731,-0.0297745,0.0010568,-0.999556
1775117585685735,-0.0287508,0.00117972,-0.999586
1775117585705728,-0.0285722,0.00136873,-0.999591
1775117585725737,-0.0295813,0.00342626,-0.999557
1775117585745735,-0.0288013,0.00270296,-0.999582
1775117585765735,-0.0298158,0.00401731,-0.999547
1775117585785734,-0.0304279,0.0044938,-0.999527
1775117585805730,-0.0299277,0.00438785,-0.999542
1775117585825729,-0.0291553,0.00485389,-0.999563
1775117585845730,-0.0293231,0.00514452,-0.999557
1775117585865730,-0.0289787,0.005199,-0.999567
1775117585885730,-0.0293974,0.00546601,-0.999553
1775117585905732,-0.0288261,0.00357918,-0.999578
1775117585925734,-0.0292755,0.00361426,-0.999565
1775117585945733,-0.0286562,0.00570358,-0.999573
1775117585965740,-0.0294605,0.00493958,-0.999554
1775117585985733,-0.0322712,0.00586948,-0.999462
1775117586005734,-0.0282303,0.00338726,-0.999596
1775117586025735,-0.0290576,0.00480655,-0.999566
1775117586045731,-0.0288523,0.005128,-0.999571
1775117586065735,-0.0292183,0.00523117,-0.999559
1775117586085743,-0.0285162,0.00375759,-0.999586
1775117586105739,-0.0317471,0.00666269,-0.999474
1775117586125731,-0.0318599,0.00663747,-0.99947
1775117586145731,-0.0289098,0.00604891,-0.999564
1775117586165729,-0.0322963,0.00697724,-0.999454
1775117586185731,-0.0288617,0.00459069,-0.999573
1775117586205729,-0.0297276,0.00477839,-0.999547
1775117586225729,-0.0317341,0.00583606,-0.999479
1775117586245729,-0.0293537,0.00358087,-0.999563
1775117586265736,-0.0306922,0.00490425,-0.999517
1775117586285735,-0.0295167,0.0033507,-0.999559
1775117586305731,-0.0303847,0.00315405,-0.999533
1775117586325731,-0.0302835,0.00465276,-0.999531
1775117586345735,-0.0305553,0.00411769,-0.999525
1775117586365732,-0.0316495,0.00409941,-0.999491
1775117586385738,-0.030181,0.003969,-0.999537
1775117586405732,-0.033017,0.00468681,-0.999444
1775117586425730,-0.0331276,0.00434608,-0.999442
1775117586445731,-0.0299918,0.00350896,-0.999544
1775117586465729,-0.0340453,0.00453864,-0.99941
1775117586485837,-0.0340377,0.00444342,-0.999411
1775117586505803,-0.0309876,0.00277396,-0.999516
1775117586525734,-0.0319535,0.00266534,-0.999486
1775117586545734,-0.0325889,0.00251525,-0.999466
1775117586565735,-0.0332867,0.00269542,-0.999442
1775117586585737,-0.0329395,0.00335465,-0.999452
1775117586605731,-0.0338492,0.00313839,-0.999422
1775117586625732,-0.0344144,0.00301792,-0.999403
1775117586645727,-0.0347372,0.00308457,-0.999392
1775117586665730,-0.0367632,0.0029365,-0.99932
1775117586685732,-0.0360344,0.00372922,-0.999344
1775117586705730,-0.0361024,0.00361411,-0.999342
1775117586725729,-0.0369674,0.00403858,-0.999308
1775117586745728,-0.035918,0.00240642,-0.999352
1775117586765725,-0.036688,0.00389771,-0.999319
1775117586785727,-0.0377214,0.00406984,-0.99928
1775117586805728,-0.0387517,0.00393994,-0.999241
1775117586825727,-0.0385656,0.0036629,-0.999249
1775117586845727,-0.0392459,0.00354654,-0.999223
1775117586865732,-0.0399096,0.00339381,-0.999198
1775117586885732,-0.0400416,0.00352865,-0.999192
1775117586905731,-0.0418539,0.00224464,-0.999121
1775117586925765,-0.0411731,0.0014814,-0.999151
1775117586945732,-0.0406819,0.00115192,-0.999171
1775117586965734,-0.0403197,0.000649773,-0.999187
1775117586985734,-0.0408521,0.000588905,-0.999165
1775117587005730,-0.040378,0.0018316,-0.999183
1775117587025729,-0.0397966,0.00296607,-0.999203
1775117587045730,-0.0411129,0.00183004,-0.999153
1775117587065731,-0.0411122,0.00178044,-0.999153
1775117587085735,-0.041308,0.00169842,-0.999145
1775117587105735,-0.0417366,0.00171642,-0.999127
1775117587125730,-0.0397388,0.00281058,-0.999206
1775117587145731,-0.0411688,0.00142941,-0.999151
1775117587165730,-0.0410671,0.0014641,-0.999155
1775117587185730,-0.0410887,0.00150038,-0.999154
1775117587205732,-0.0412952,0.00167759,-0.999146
1775117587225730,-0.0405227,0.00154616,-0.999177
1775117587245733,-0.0404703,0.00168007,-0.999179
1775117587265736,-0.0400878,0.00173797,-0.999195
1775117587285739,-0.0404165,0.000726,-0.999183
1775117587305730,-0.0412936,0.000497369,-0.999147
1775117587325729,-0.0403861,-5.1349e-06,-0.999184
1775117587345737,-0.0420058,0.00157844,-0.999116
1775117587365742,-0.0412398,0.00174226,-0.999148
1775117587385732,-0.0403507,0.00193769,-0.999184
1775117587405733,-0.0393148,0.00225858,-0.999224
1775117587425730,-0.0384369,0.00321097,-0.999256
1775117587445767,-0.038313,0.00315771,-0.999261
1775117587465761,-0.0385436,0.00363839,-0.99925
1775117587485730,-0.0373124,0.00380833,-0.999296
1775117587505727,-0.0369015,0.00366091,-0.999312
1775117587525726,-0.0362928,0.00357224,-0.999335
1775117587545727,-0.0353745,0.00328826,-0.999369
1775117587565729,-0.035023,0.00278267,-0.999383
1775117587585730,-0.0342963,0.00312516,-0.999407
1775117587605754,-0.0337015,0.00301752,-0.999427
1775117587625727,-0.0337664,0.0026344,-0.999426
1775117587645729,-0.0337265,0.00263465,-0.999428
1775117587665691,-0.03334,0.00151925,-0.999443
1775117587685729,-0.0325308,0.00149951,-0.99947
1775117587705729,-0.0308454,0.00243673,-0.999521
1775117587725728,-0.0310487,0.00199607,-0.999516
1775117587745729,-0.0300596,0.00194425,-0.999546
1775117587765735,-0.0302833,0.00228949,-0.999539
1775117587785728,-0.030915,0.00293175,-0.999518
1775117587805726,-0.0309289,0.00292543,-0.999517
1775117587825751,-0.0302298,0.0030818,-0.999538
1775117587845748,-0.0292176,0.00305365,-0.999568
1775117587865725,-0.0288756,0.00298418,-0.999579
1775117587885728,-0.0294791,0.00311046,-0.999561
1775117587905729,-0.0308834,0.0042391,-0.999514
1775117587925728,-0.0284103,0.00282909,-0.999592
1775117587945728,-0.0299321,0.00338083,-0.999546
1775117587965727,-0.0287911,0.00493789,-0.999573
1775117587985727,-0.032193,0.00536492,-0.999467
1775117588005727,-0.0296948,0.00433377,-0.99955
1775117588025728,-0.0305607,0.00485905,-0.999521
1775117588045728,-0.0294671,0.00449408,-0.999556
1775117588065730,-0.0296681,0.00453819,-0.99955
1775117588085729,-0.0313388,0.00547908,-0.999494
1775117588105729,-0.0287896,0.00427877,-0.999576
1775117588125727,-0.0287745,0.00472594,-0.999575
1775117588145727,-0.0291485,0.0056167,-0.999559
1775117588165728,-0.0311342,0.00509975,-0.999502
1775117588185727,-0.0317605,0.00667112,-0.999473
1775117588205726,-0.0313218,0.00529266,-0.999495
1775117588225726,-0.0322807,0.00647612,-0.999458
1775117588245731,-0.0320667,0.00641872,-0.999465
1775117588265729,-0.0317086,0.00621778,-0.999478
1775117588285728,-0.0282875,0.00304146,-0.999595
1775117588305729,-0.0295201,0.00529686,-0.99955
1775117588325728,-0.0299917,0.00443014,-0.99954
1775117588345726,-0.0290236,0.00405571,-0.99957
1775117588365726,-0.029488,0.00431598,-0.999556
1775117588385732,-0.0302988,0.00528036,-0.999527
1775117588405728,-0.0296123,0.00525075,-0.999548
1775117588425730,-0.0307073,0.00574739,-0.999512
1775117588445727,-0.0301408,0.00540797,-0.999531
1775117588465727,-0.0296249,0.00378463,-0.999554
1775117588485734,-0.0297212,0.00353914,-0.999552
1775117588505726,-0.029553,0.00321613,-0.999558
1775117588525760,-0.02961,0.00301933,-0.999557
1775117588545727,-0.03005,0.00273628,-0.999545
1775117588565728,-0.0289371,0.00215054,-0.999579
1775117588585731,-0.0293863,0.000852339,-0.999568
1775117588605728,-0.0296228,0.000481266,-0.999561
1775117588625727,-0.0309559,7.61058e-05,-0.999521
1775117588645726,-0.0309916,-5.20693e-05,-0.99952
1775117588665726,-0.0308878,0.00141736,-0.999522
1775117588685726,-0.0314479,0.00162269,-0.999504
1775117588705728,-0.0331656,0.00182329,-0.999448
1775117588725726,-0.0322567,0.00272233,-0.999476
1775117588745727,-0.0320076,0.00237617,-0.999485
1775117588765741,-0.0329858,0.00288818,-0.999452
1775117588785727,-0.0335582,0.00291264,-0.999433
1775117588805728,-0.0338424,0.0029126,-0.999423
1775117588825728,-0.035779,0.00330545,-0.999354
1775117588845729,-0.0357573,0.00248955,-0.999357
1775117588865727,-0.0362618,0.00269452,-0.999339
1775117588885728,-0.0367301,0.00273242,-0.999321
1775117588905727,-0.0384717,0.00176647,-0.999258
1775117588925729,-0.0390152,0.00182775,-0.999237
1775117588945727,-0.0402906,0.00195638,-0.999186
1775117588965727,-0.0403191,0.00185272,-0.999185
1775117588985729,-0.0403545,0.00173624,-0.999184
1775117589005727,-0.0408096,0.00151544,-0.999166
1775117589025726,-0.0416858,0.001445,-0.99913
1775117589045726,-0.0411168,0.00127439,-0.999154
1775117589065733,-0.0405804,0.000771664,-0.999176
1775117589085727,-0.0401291,0.000858234,-0.999194
1775117589105732,-0.0411912,0.00100842,-0.999151
1775117589125729,-0.0411283,0.00106519,-0.999153
1775117589145727,-0.0414562,0.00105893,-0.99914
1775117589165726,-0.0404753,0.00103599,-0.99918
1775117589185745,-0.0406424,0.00107508,-0.999173
1775117589205726,-0.0405886,0.0011093,-0.999175
1775117589225727,-0.0402175,0.0013545,-0.99919
1775117589245727,-0.0401712,0.00121164,-0.999192
1775117589265772,-0.0400766,0.00138969,-0.999196
1775117589285726,-0.0411123,0.00178404,-0.999153
1775117589305728,-0.0407316,0.00177184,-0.999169
1775117589325726,-0.0404901,0.00276938,-0.999176
1775117589345724,-0.0422131,0.00222933,-0.999106
1775117589365729,-0.0410865,0.00347838,-0.99915
1775117589385727,-0.0414487,0.0033447,-0.999135
1775117589405734,-0.0420522,0.00405441,-0.999107
1775117589425726,-0.0409812,0.00388975,-0.999152
1775117589445725,-0.0404277,0.00396995,-0.999175
1775117589465728,-0.040442,0.00447309,-0.999172
1775117589485726,-0.039875,0.00481446,-0.999193
1775117589505726,-0.0397481,0.00497144,-0.999197
1775117589525724,-0.0391349,0.00498408,-0.999222
1775117589545726,-0.0388864,0.00506078,-0.999231
1775117589565726,-0.0371553,0.00507427,-0.999297
1775117589585733,-0.0373565,0.00493816,-0.99929
1775117589605732,-0.0375844,0.00467533,-0.999283
1775117589625728,-0.0373497,0.00446561,-0.999292
1775117589645748,-0.0374158,0.00456178,-0.999289
1775117589665725,-0.0364856,0.00221497,-0.999332
1775117589685732,-0.036527,0.00451878,-0.999322
1775117589705727,-0.0371794,0.00379852,-0.999301
1775117589725804,-0.0354192,0.00363967,-0.999366
1775117589745726,-0.0348192,0.00411694,-0.999385
1775117589765725,-0.0335029,0.00224616,-0.999436
1775117589785730,-0.0336278,0.00263195,-0.999431
1775117589805729,-0.0332741,0.00266882,-0.999443
1775117589825728,-0.035745,0.00439595,-0.999351
1775117589845727,-0.0321555,0.00318472,-0.999478
1775117589865726,-0.0319214,0.00345173,-0.999484
1775117589885727,-0.0312295,0.00343378,-0.999506
1775117589905730,-0.029892,0.00319575,-0.999548
1775117589925726,-0.0339128,0.00469147,-0.999414
1775117589945732,-0.0302245,0.0034348,-0.999537
1775117589965726,-0.0294357,0.00346181,-0.999561
1775117589985729,-0.0302184,0.00368692,-0.999537
1775117590005726,-0.0312114,0.00375389,-0.999506
1775117590025732,-0.032057,0.00452977,-0.999476
1775117590045730,-0.0291655,0.00338215,-0.999569
1775117590065728,-0.0312693,0.0044824,-0.999501
1775117590085731,-0.0305507,0.00436755,-0.999524
1775117590105730,-0.0305411,0.00434689,-0.999524
1775117590125730,-0.0295943,0.0042321,-0.999553
1775117590145727,-0.0297008,0.00591551,-0.999541
1775117590165728,-0.0301408,0.00503467,-0.999533
1775117590185727,-0.0299889,0.00544598,-0.999535
1775117590205728,-0.0303571,0.00526066,-0.999525
1775117590225728,-0.0296097,0.00508257,-0.999549
1775117590245730,-0.0290275,0.00477578,-0.999567
1775117590265729,-0.0292585,0.00489737,-0.99956
1775117590285734,-0.0302251,0.00465248,-0.999532
1775117590305732,-0.0283087,0.00363156,-0.999593
1775117590325732,-0.0297536,0.00511361,-0.999544
1775117590345731,-0.0289355,0.00483626,-0.99957
1775117590365728,-0.0280929,0.0030886,-0.999601
1775117590385730,-0.0286557,0.00449825,-0.999579
1775117590405729,-0.0295738,0.00457833,-0.999552
1775117590425737,-0.0285839,0.00291022,-0.999587
1775117590445729,-0.0293693,0.0042986,-0.999559
1775117590465956,-0.0301272,0.00421273,-0.999537
1775117590485798,-0.0298906,0.00391209,-0.999546
1775117590505755,-0.0295312,0.00368145,-0.999557
1775117590525688,-0.0288242,0.00328748,-0.999579
1775117590545738,-0.0293825,0.00334617,-0.999563
1775117590565729,-0.0283149,0.00296672,-0.999595
1775117590585731,-0.0286756,0.0030774,-0.999584
1775117590605726,-0.0289128,0.00292746,-0.999578
1775117590625728,-0.0301711,0.00246487,-0.999542
1775117590645725,-0.0316612,0.00146851,-0.999498
1775117590665727,-0.0296484,0.000791922,-0.99956
1775117590685726,-0.0303038,0.000866961,-0.99954
1775117590705731,-0.0308426,-0.000206127,-0.999524
1775117590725767,-0.0307999,0.000439329,-0.999525
1775117590745730,-0.031056,0.000440292,-0.999518
1775117590765730,-0.0306834,0.00183036,-0.999527
1775117590785728,-0.0309487,0.00129796,-0.99952
1775117590805727,-0.0303174,0.00148719,-0.999539
1775117590825726,-0.0314487,0.0019256,-0.999504
1775117590845725,-0.0304151,0.00212139,-0.999535
1775117590865727,-0.0320807,0.00136601,-0.999484
1775117590885770,-0.0321651,0.00249248,-0.999479
1775117590905730,-0.0328991,0.00239123,-0.999456
1775117590925728,-0.0333485,0.00250976,-0.999441
1775117590945733,-0.0344897,0.00253986,-0.999402
1775117590965705,-0.0345977,0.00230637,-0.999399
1775117590985726,-0.0356156,0.00174937,-0.999364
1775117591005727,-0.0358975,0.00283359,-0.999351
1775117591025731,-0.0375186,0.00216579,-0.999294
1775117591045731,-0.0369342,0.00317767,-0.999313
1775117591065734,-0.0372763,0.00313694,-0.9993
1775117591085732,-0.0384522,0.00234521,-0.999258
1775117591105732,-0.0386022,0.00352898,-0.999248
1775117591125730,-0.0387469,0.00360458,-0.999243
1775117591145730,-0.0385802,0.00376316,-0.999248
1775117591165731,-0.0389543,0.00376495,-0.999234
1775117591185727,-0.0390328,0.00127736,-0.999237
1775117591205730,-0.03952,0.00395086,-0.999211
1775117591225729,-0.040201,0.0040547,-0.999183
1775117591245732,-0.0408428,0.00421089,-0.999157
1775117591265728,-0.0411041,0.00407692,-0.999147
1775117591285733,-0.0401929,0.00396878,-0.999184
1775117591305728,-0.0410572,0.0041406,-0.999148
1775117591325734,-0.0414334,0.00442532,-0.999131
1775117591345729,-0.0409345,0.00432642,-0.999152
1775117591365731,-0.0414477,0.00460469,-0.99913
1775117591385730,-0.0418362,0.00398387,-0.999117
1775117591405733,-0.0414992,0.00399238,-0.999131
1775117591425746,-0.040653,0.00408018,-0.999165
1775117591445729,-0.0410048,0.00430665,-0.99915
1775117591465727,-0.0407389,0.0045203,-0.99916
1775117591485735,-0.0407064,0.00438714,-0.999162
1775117591505730,-0.0413094,0.00452873,-0.999136
1775117591525730,-0.041078,0.00470307,-0.999145
1775117591545731,-0.0411838,0.0047984,-0.99914
1775117591565730,-0.0405306,0.00461369,-0.999168
1775117591585734,-0.0393844,0.00511682,-0.999211
1775117591605731,-0.0395463,0.00504398,-0.999205
1775117591625732,-0.0391847,0.00489432,-0.99922
1775117591645734,-0.0394489,0.00404578,-0.999213
1775117591665728,-0.0398213,0.0049931,-0.999194
1775117591685727,-0.0395547,0.00511731,-0.999204
1775117591705714,-0.0395842,0.00419169,-0.999207
1775117591725727,-0.0371967,0.00325462,-0.999303
1775117591745726,-0.0375859,0.0047449,-0.999282
1775117591765729,-0.0378328,0.00482057,-0.999272
1775117591785729,-0.0358457,0.00351346,-0.999351
1775117591805729,-0.0361469,0.00486072,-0.999335
1775117591825730,-0.0349681,0.00339938,-0.999383
1775117591845728,-0.0347008,0.00545056,-0.999383
1775117591865727,-0.035704,0.00432837,-0.999353
1775117591885731,-0.0353243,0.00437974,-0.999366
1775117591905727,-0.0336349,0.00258114,-0.999431
1775117591925731,-0.034077,0.0012752,-0.999418
1775117591945728,-0.0332618,0.00362414,-0.99944
1775117591965727,-0.0328233,0.00262107,-0.999458
1775117591985727,-0.0317298,0.00244489,-0.999493
1775117592005729,-0.0317981,0.00260069,-0.999491
1775117592025726,-0.0308572,0.00248342,-0.999521
1775117592045760,-0.0308729,0.00239727,-0.99952
1775117592065739,-0.0312888,0.00280171,-0.999506
1775117592085725,-0.0313001,0.00272611,-0.999506
1775117592105739,-0.0321249,0.00387018,-0.999476
1775117592125725,-0.0306806,0.00245001,-0.999526
1775117592145733,-0.0312413,0.00366268,-0.999505
1775117592165734,-0.0298223,0.00343754,-0.999549
1775117592185726,-0.0302672,0.00360548,-0.999535
1775117592205726,-0.030419,0.0035291,-0.999531
1775117592225725,-0.0296644,0.00322846,-0.999555
1775117592245728,-0.0303292,0.00416249,-0.999531
1775117592265738,-0.0302063,0.00415865,-0.999535
1775117592285727,-0.0294275,0.00272359,-0.999563
1775117592305728,-0.0310096,0.00457072,-0.999509
1775117592325726,-0.0304081,0.00410078,-0.999529
1775117592345727,-0.0300937,0.00381403,-0.99954
1775117592365728,-0.0300173,0.00379477,-0.999542
1775117592385727,-0.0287071,0.00217801,-0.999585
1775117592405727,-0.029476,0.0036848,-0.999559
1775117592425729,-0.0294436,0.00357591,-0.99956
1775117592445730,-0.0284591,0.00315233,-0.99959
1775117592465728,-0.0298603,0.00380701,-0.999547
1775117592485728,-0.0300802,0.00362686,-0.999541
1775117592505727,-0.029984,0.00353906,-0.999544
1775117592525729,-0.0283786,0.00276716,-0.999593
1775117592545727,-0.029442,0.00311687,-0.999562
1775117592565725,-0.0286413,0.00236344,-0.999587
1775117592585726,-0.0279412,0.00221913,-0.999607
1775117592605751,-0.0278294,0.00216692,-0.99961
1775117592625734,-0.0281371,0.000873155,-0.999604
1775117592645729,-0.0286074,0.00111071,-0.99959
1775117592665727,-0.0293343,0.000951595,-0.999569
1775117592685728,-0.0298398,0.00110603,-0.999554
1775117592705726,-0.0298812,0.0012341,-0.999553
1775117592725727,-0.0296841,0.00120184,-0.999559
1775117592745753,-0.0301367,0.00120732,-0.999545
1775117592765726,-0.0286017,-0.00036993,-0.999591
1775117592785724,-0.0308031,0.0011755,-0.999525
1775117592805725,-0.0294533,-0.000495949,-0.999566
1775117592825727,-0.0310388,-0.000539311,-0.999518
1775117592845727,-0.0311102,-0.000129985,-0.999516
1775117592865726,-0.0310017,0.00078983,-0.999519
1775117592885858,-0.0308829,0.000808287,-0.999523
1775117592905730,-0.0308327,-0.000393733,-0.999524
1775117592925725,-0.0313728,-0.000614572,-0.999508
1775117592945727,-0.0312708,-0.000480067,-0.999511
1775117592965725,-0.0314369,0.00132456,-0.999505
1775117592985726,-0.032884,-0.000248803,-0.999459
1775117593005726,-0.0330356,-0.000180077,-0.999454
1775117593025729,-0.033394,0.00121161,-0.999442
1775117593045729,-0.0334051,0.0018041,-0.99944
1775117593065726,-0.0326888,0.00294799,-0.999461
1775117593085727,-0.0338491,0.0031171,-0.999422
1775117593105755,-0.0339583,0.00283163,-0.999419
1775117593125730,-0.0352441,0.00311586,-0.999374
1775117593145730,-0.0350143,0.00387503,-0.999379
1775117593165728,-0.0360436,0.00319734,-0.999345
1775117593185726,-0.0363446,0.00405283,-0.999331
1775117593205728,-0.0366338,0.00408778,-0.99932
1775117593225739,-0.0370188,0.00430128,-0.999305
1775117593245727,-0.0370566,0.00443591,-0.999303
1775117593265726,-0.0374135,0.00480448,-0.999288
1775117593285725,-0.0372736,0.00490786,-0.999293
1775117593305726,-0.0380406,0.00497214,-0.999264
1775117593325732,-0.0384724,0.00517852,-0.999246
1775117593345730,-0.0388791,0.00517847,-0.999231
1775117593365730,-0.0390685,0.00528964,-0.999223
1775117593385763,-0.0396381,0.00538754,-0.9992
1775117593405732,-0.0410575,0.00562675,-0.999141
1775117593425732,-0.0406873,0.00487882,-0.99916
1775117593445733,-0.0416351,0.00588941,-0.999116
1775117593465732,-0.04097,0.00479151,-0.999149
1775117593485732,-0.0400431,0.00488752,-0.999186
1775117593505729,-0.0406285,0.00504454,-0.999162
1775117593525730,-0.0411136,0.00607834,-0.999136
1775117593545729,-0.040078,0.00490758,-0.999185
1775117593565729,-0.0396234,0.00493434,-0.999203
1775117593585729,-0.0399071,0.00519216,-0.99919
1775117593605729,-0.0401882,0.00515913,-0.999179
1775117593625730,-0.0402679,0.00511715,-0.999176
1775117593645731,-0.041143,0.00640795,-0.999133
1775117593665695,-0.0395872,0.00530488,-0.999202
1775117593685727,-0.0406651,0.00548754,-0.999158
1775117593705729,-0.0404626,0.00642985,-0.99916
1775117593725737,-0.0403131,0.00554922,-0.999172
1775117593745730,-0.0389552,0.00462174,-0.99923
1775117593765733,-0.039522,0.00544259,-0.999204
1775117593785728,-0.0398833,0.00525487,-0.999191
1775117593805731,-0.0389542,0.00587654,-0.999224
1775117593825730,-0.0389789,0.00466289,-0.999229
1775117593845728,-0.0386973,0.00328735,-0.999246
1775117593865727,-0.0386874,0.0047305,-0.99924
1775117593885742,-0.0379713,0.00231955,-0.999276
1775117593905728,-0.037957,0.00436548,-0.99927
1775117593925747,-0.0363983,0.00198499,-0.999335
1775117593945728,-0.035934,0.00255713,-0.999351
1775117593965727,-0.0358977,0.00244448,-0.999352
1775117593985731,-0.0363575,0.00414906,-0.99933
1775117594005726,-0.0359967,0.00401839,-0.999344
1775117594025729,-0.0360376,0.00398254,-0.999342
1775117594045726,-0.035514,0.00394719,-0.999361
1775117594065726,-0.0348545,0.00373095,-0.999385
1775117594085727,-0.0336339,0.00359634,-0.999428
1775117594105726,-0.0320022,0.00299855,-0.999483
1775117594125728,-0.0307452,0.00318372,-0.999522
1775117594145727,-0.0305752,0.00286681,-0.999528
1775117594165728,-0.0309764,0.00280942,-0.999516
1775117594185725,-0.0318498,0.00186507,-0.999491
1775117594205728,-0.0311343,0.00180058,-0.999514
1775117594225728,-0.0310387,0.00165422,-0.999517
1775117594245828,-0.0304923,0.00250377,-0.999532
1775117594265730,-0.0299673,0.0023504,-0.999548
1775117594285727,-0.0293626,0.00238515,-0.999566
1775117594305765,-0.029474,0.00110681,-0.999565
1775117594325726,-0.029073,0.00122755,-0.999577
1775117594345726,-0.0308851,0.00275566,-0.999519
1775117594365749,-0.0295936,0.00205947,-0.99956
1775117594385725,-0.0296999,0.00192917,-0.999557
1775117594405726,-0.0311726,0.00213566,-0.999512
1775117594425758,-0.0297098,0.00261598,-0.999555
1775117594445726,-0.0292978,0.00284512,-0.999567
1775117594465759,-0.0291144,0.0025929,-0.999573
1775117594485730,-0.029028,0.00237171,-0.999576
1775117594505730,-0.0299054,0.00176369,-0.999551
1775117594525729,-0.0288865,0.00134166,-0.999582
1775117594545729,-0.028913,0.00114794,-0.999581
1775117594565728,-0.0278455,0.00210532,-0.99961
1775117594585730,-0.0288716,0.00149577,-0.999582
1775117594605734,-0.0290855,0.0012736,-0.999576
1775117594625731,-0.0284019,0.00144654,-0.999596
1775117594645728,-0.0285471,0.00158569,-0.999591
1775117594665795,-0.0290713,0.00147532,-0.999576
1775117594685731,-0.0287632,0.00138088,-0.999585
1775117594705729,-0.0278374,0.00249834,-0.999609
1775117594725727,-0.0287861,0.00164805,-0.999584
1775117594745724,-0.0288348,0.00153831,-0.999583
1775117594765726,-0.0277813,0.00150751,-0.999613
1775117594785732,-0.0291449,0.00153829,-0.999574
1775117594805731,-0.0288225,0.000358184,-0.999584
1775117594825732,-0.028943,0.000520815,-0.999581
1775117594845736,-0.0289435,0.000527344,-0.999581
1775117594865730,-0.0291667,0.000230943,-0.999575
1775117594885760,-0.0290912,0.000273139,-0.999577
1775117594905727,-0.0285682,0.00164416,-0.99959
1775117594925730,-0.0294945,0.00146711,-0.999564
1775117594945729,-0.0290455,0.000527579,-0.999578
1775117594965748,-0.0289104,-0.000579751,-0.999582
1775117594985726,-0.0294094,-0.00026212,-0.999567
1775117595005725,-0.0294785,-0.000331718,-0.999565
1775117595025730,-0.0300775,0.00115167,-0.999547
1775117595045728,-0.0311907,0.000304603,-0.999513
1775117595065729,-0.0309453,0.000687123,-0.999521
1775117595085729,-0.0319024,0.000216891,-0.999491
1775117595105748,-0.0321244,7.89718e-05,-0.999484
1775117595125726,-0.0325317,-4.16055e-05,-0.999471
1775117595145726,-0.0328639,0.00121988,-0.999459
1775117595165731,-0.0331029,0.00151653,-0.999451
1775117595185727,-0.0338197,0.000416378,-0.999428
1775117595205726,-0.0343923,0.000757057,-0.999408
1775117595225727,-0.0332899,0.00263581,-0.999442
1775117595245753,-0.0344465,0.00290923,-0.999402
1775117595265755,-0.0352104,0.00193371,-0.999378
1775117595285751,-0.0352908,0.00301217,-0.999373
1775117595305727,-0.0358025,0.00325486,-0.999354
1775117595325726,-0.0358272,0.0033011,-0.999353
1775117595345748,-0.0367034,0.00361586,-0.99932
1775117595365743,-0.0365395,0.00206969,-0.99933
1775117595385727,-0.0371323,0.00365693,-0.999304
1775117595405728,-0.0371959,0.00459087,-0.999297
1775117595425728,-0.037732,0.00445703,-0.999278
1775117595445727,-0.0380796,0.004584,-0.999264
1775117595465729,-0.038474,0.00446544,-0.99925
1775117595485735,-0.0387564,0.00448507,-0.999239
1775117595505729,-0.0384194,0.00479417,-0.99925
1775117595525727,-0.0392353,0.00468423,-0.999219
1775117595545725,-0.0398005,0.00506161,-0.999195
1775117595565727,-0.0382749,0.00352692,-0.999261
1775117595585728,-0.0388854,0.00446476,-0.999234
1775117595605729,-0.0387877,0.00448698,-0.999237
1775117595625729,-0.0397242,0.0058837,-0.999193
1775117595645728,-0.0396801,0.00438881,-0.999203
1775117595665690,-0.0390697,0.00430154,-0.999227
1775117595685730,-0.0400067,0.00448831,-0.999189
1775117595705726,-0.0395872,0.00440584,-0.999206
1775117595725727,-0.0400162,0.00416695,-0.99919
1775117595745728,-0.0399966,0.00442376,-0.99919
1775117595765727,-0.0396963,0.00400107,-0.999204
1775117595785731,-0.040623,0.00559445,-0.999159
1775117595805727,-0.040555,0.00553655,-0.999162
1775117595825726,-0.0399618,0.0039151,-0.999194
1775117595845729,-0.0405385,0.00547837,-0.999163
1775117595865735,-0.0400681,0.00578804,-0.99918
1775117595885729,-0.0400795,0.00522119,-0.999183
1775117595905727,-0.0392544,0.00366631,-0.999223
1775117595925729,-0.0388393,0.00359072,-0.999239
1775117595945727,-0.0394323,0.00498604,-0.99921
1775117595965733,-0.0386055,0.00335215,-0.999249
1775117595985726,-0.038014,0.00307927,-0.999272
1775117596005729,-0.0378086,0.00443768,-0.999275
1775117596025730,-0.0366542,0.00449621,-0.999318
1775117596045728,-0.0373679,0.00460969,-0.999291
1775117596065727,-0.0370209,0.00457107,-0.999304
1775117596085727,-0.0370181,0.00352839,-0.999308
1775117596105707,-0.0364646,0.00353645,-0.999329
1775117596125727,-0.0364444,0.00343943,-0.99933
1775117596145727,-0.0362082,0.00339948,-0.999338
1775117596165729,-0.0366791,0.00343048,-0.999321
1775117596185759,-0.0361102,0.00200794,-0.999346
1775117596205727,-0.0349822,0.00171549,-0.999386
1775117596225727,-0.0354428,0.00185043,-0.99937
1775117596245727,-0.0338231,0.00158976,-0.999427
1775117596265729,-0.0331325,0.00126879,-0.99945
1775117596285727,-0.0333339,0.00154253,-0.999443
1775117596305729,-0.0330381,0.00142889,-0.999453
1775117596325730,-0.0359602,0.00326428,-0.999348
1775117596345729,-0.0327509,0.00177896,-0.999462
1775117596365727,-0.032614,0.00172744,-0.999467
1775117596385727,-0.0319201,0.00200868,-0.999488
1775117596405727,-0.0314692,0.00199684,-0.999503
1775117596425727,-0.0299812,0.00159747,-0.999549
1775117596445726,-0.0316349,0.00292985,-0.999495
1775117596465732,-0.0312404,0.00264052,-0.999508
1775117596485727,-0.0302318,0.00245129,-0.99954
1775117596505731,-0.0300789,0.00236405,-0.999545
1775117596525730,-0.0291577,0.00219533,-0.999572
1775117596545730,-0.0291676,0.00196371,-0.999573
1775117596565727,-0.0291546,0.00193565,-0.999573
1775117596585728,-0.028706,0.0020328,-0.999586
1775117596605727,-0.0282971,0.00235494,-0.999597
1775117596625732,-0.0295402,0.00249876,-0.99956
1775117596645733,-0.0296039,0.00271586,-0.999558
1775117596665727,-0.0295526,0.00279293,-0.999559
1775117596685727,-0.0304318,0.00121066,-0.999536
1775117596705727,-0.0290972,0.0027342,-0.999573
1775117596725732,-0.0283444,0.00271544,-0.999595
1775117596745726,-0.0283841,0.00288153,-0.999593
1775117596765727,-0.0298681,0.00163425,-0.999553
1775117596785728,-0.0290917,0.00153479,-0.999576
1775117596805741,-0.029233,0.00162411,-0.999571
1775117596825728,-0.0295277,0.00170266,-0.999563
1775117596845725,-0.0297269,0.0018675,-0.999556
1775117596865728,-0.0285856,0.00288738,-0.999587
1775117596885727,-0.0290309,0.00189273,-0.999577
1775117596905727,-0.0290926,0.00176719,-0.999575
1775117596925729,-0.0290539,0.00309343,-0.999573
1775117596945729,-0.0294169,0.00306778,-0.999563
1775117596965728,-0.0266622,0.00353358,-0.999638
1775117596985728,-0.0285019,0.00287482,-0.99959
1775117597005730,-0.0289247,0.00284663,-0.999578
1775117597025727,-0.0289273,0.00248704,-0.999578
1775117597045729,-0.0286259,0.00287648,-0.999586
1775117597065728,-0.02884,0.00310109,-0.999579
1775117597085730,-0.0300372,0.00311115,-0.999544
1775117597105728,-0.0299048,0.00296348,-0.999548
1775117597125731,-0.0305158,0.00291453,-0.99953
1775117597145729,-0.0305321,0.00300086,-0.999529
1775117597165729,-0.0304322,0.00274967,-0.999533
1775117597185728,-0.0304419,0.0028073,-0.999533
1775117597205733,-0.0320089,0.00284807,-0.999484
1775117597225729,-0.0323999,0.00364464,-0.999468
1775117597245728,-0.0321318,0.00308398,-0.999479
1775117597265729,-0.0310748,0.00286887,-0.999513
1775117597285728,-0.0325436,0.00320185,-0.999465
1775117597305728,-0.0342818,0.00339698,-0.999406
1775117597325726,-0.0327775,0.00347525,-0.999457
1775117597345732,-0.0336734,0.00351933,-0.999427
1775117597365727,-0.0335927,0.00374813,-0.999429
1775117597385726,-0.0337827,0.00399521,-0.999421
1775117597405726,-0.0337562,0.00518247,-0.999417
1775117597425732,-0.0351385,0.00392136,-0.999375
1775117597445728,-0.0357522,0.0044679,-0.999351
1775117597465728,-0.0351323,0.00458965,-0.999372
1775117597485727,-0.0361899,0.00381561,-0.999338
1775117597505727,-0.0354824,0.00423834,-0.999361
1775117597525729,-0.0371908,0.0043327,-0.999299
1775117597545727,-0.0371819,0.00414151,-0.9993
1775117597565731,-0.0374593,0.00358894,-0.999292
1775117597585727,-0.0356181,0.00422878,-0.999357
1775117597605727,-0.0407867,0.00453403,-0.999158
1775117597625731,-0.0407206,0.00464555,-0.99916
1775117597645733,-0.0398864,0.00286175,-0.9992
1775117597665729,-0.0411179,0.00491813,-0.999142
1775117597685727,-0.0416157,0.00456636,-0.999123
1775117597705729,-0.0413609,0.0048093,-0.999133
1775117597725729,-0.0409875,0.00483102,-0.999148
1775117597745726,-0.04153,0.00326393,-0.999132
1775117597765732,-0.0418203,0.00481854,-0.999114
1775117597785730,-0.0432397,0.0047666,-0.999053
1775117597805727,-0.0420475,0.00320104,-0.99911
1775117597825729,-0.0432806,0.0043571,-0.999053
1775117597845729,-0.0429807,0.00300059,-0.999071
1775117597865729,-0.0433197,0.0044935,-0.999051
1775117597885760,-0.0443016,0.00454094,-0.999008
1775117597905730,-0.0431754,0.00279791,-0.999064
1775117597925732,-0.0435927,0.00299204,-0.999045
1775117597945728,-0.043635,0.00301088,-0.999043
1775117597965735,-0.0443064,0.00426802,-0.999009
1775117597985731,-0.0424246,0.00463893,-0.999089
1775117598005739,-0.0425662,0.00409812,-0.999085
1775117598025730,-0.0440421,0.00423859,-0.999021
1775117598045738,-0.0435772,0.00410138,-0.999042
1775117598065731,-0.0430661,0.00409064,-0.999064
1775117598085742,-0.0418765,0.00390972,-0.999115
1775117598105729,-0.0410588,0.00299177,-0.999152
1775117598125736,-0.040708,0.00359352,-0.999165
1775117598145727,-0.0406395,0.0042175,-0.999165
1775117598165861,-0.0410892,0.00370584,-0.999149
1775117598185758,-0.0413078,0.00365486,-0.99914
1775117598205726,-0.0402235,0.0035058,-0.999185
1775117598225728,-0.0391716,0.00337615,-0.999227
1775117598245730,-0.0388351,0.00317146,-0.999241
1775117598265727,-0.0393104,0.00329035,-0.999222
1775117598285727,-0.0394341,0.00323531,-0.999217
1775117598305728,-0.0386362,0.00309813,-0.999249
1775117598325730,-0.038396,0.00316195,-0.999258
1775117598345729,-0.0386477,0.00274867,-0.999249
1775117598365730,-0.0378735,0.00310954,-0.999278
1775117598385728,-0.0365274,0.00236552,-0.99933
1775117598405727,-0.0357292,0.00286286,-0.999357
1775117598425728,-0.0356769,0.00272348,-0.99936
1775117598445727,-0.0349491,0.00250865,-0.999386
1775117598465828,-0.0351377,0.00248983,-0.999379
1775117598485738,-0.0360293,0.00170693,-0.999349
1775117598505731,-0.0351232,0.000944775,-0.999383
1775117598525736,-0.0349091,0.00114872,-0.99939
1775117598545732,-0.0309425,0.00116229,-0.99952
1775117598565736,-0.0307021,0.00124307,-0.999528
1775117598585731,-0.0339275,0.00117079,-0.999424
1775117598605728,-0.0302003,0.00155577,-0.999543
1775117598625733,-0.0320461,0.0011944,-0.999486
1775117598645733,-0.0316071,0.00126958,-0.9995
1775117598665729,-0.0316817,0.00139357,-0.999497
1775117598685728,-0.031104,0.00222513,-0.999514
1775117598705727,-0.0301774,0.00159814,-0.999543
1775117598725725,-0.0310511,0.00308217,-0.999513
1775117598745727,-0.030526,0.00295183,-0.99953
1775117598765728,-0.0312231,0.00342911,-0.999507
1775117598785728,-0.0304531,0.00355085,-0.99953
1775117598805726,-0.0307278,0.0026887,-0.999524
1775117598825725,-0.0293699,0.00292927,-0.999564
1775117598845730,-0.0299267,0.00334167,-0.999547
1775117598865727,-0.0299405,0.00328211,-0.999546
1775117598885740,-0.0289166,0.00326454,-0.999576
1775117598905730,-0.0295081,0.00337624,-0.999559
1775117598925731,-0.0312677,0.00497477,-0.999499
1775117598945731,-0.0315291,0.00498276,-0.99949
1775117598965733,-0.0314615,0.0048589,-0.999493
1775117598985731,-0.031649,0.00465974,-0.999488
1775117599005730,-0.0311044,0.0037803,-0.999509
1775117599025731,-0.0316461,0.00490664,-0.999487
1775117599045733,-0.0319162,0.0049053,-0.999479
1775117599065731,-0.0316859,0.00500024,-0.999485
1775117599085741,-0.0318436,0.00518038,-0.999479
1775117599105729,-0.0315686,0.00523787,-0.999488
1775117599125727,-0.0309338,0.00416066,-0.999513
1775117599145727,-0.0317577,0.00539809,-0.999481
1775117599165737,-0.0316396,0.00531421,-0.999485
1775117599185728,-0.0312884,0.00516027,-0.999497
1775117599205734,-0.0324287,0.0056406,-0.999458
1775117599225727,-0.0326404,0.00570424,-0.999451
1775117599245730,-0.0318398,0.00606767,-0.999475
1775117599265730,-0.032351,0.00444011,-0.999467
1775117599285734,-0.032308,0.00444332,-0.999468
1775117599305730,-0.0326861,0.00430579,-0.999456
1775117599325729,-0.0334728,0.00410234,-0.999431
1775117599345737,-0.0343533,0.00420502,-0.999401
1775117599365737,-0.0337384,0.00450966,-0.999421
1775117599385731,-0.0340258,0.00452371,-0.999411
1775117599405739,-0.0341328,0.00321005,-0.999412
1775117599425729,-0.0340337,0.00329641,-0.999415
1775117599445733,-0.0348185,0.00349422,-0.999388
1775117599465740,-0.0345092,0.00340359,-0.999399
1775117599485738,-0.0355644,0.00387477,-0.99936
1775117599505734,-0.0356989,0.00424498,-0.999354
1775117599525740,-0.0355541,0.00379918,-0.999361
1775117599545726,-0.0350348,0.00438059,-0.999376
1775117599565733,-0.0365458,0.0042241,-0.999323
1775117599585731,-0.0364209,0.00500117,-0.999324
1775117599605733,-0.0370867,0.00500125,-0.9993
1775117599625727,-0.0375139,0.00453221,-0.999286
1775117599645735,-0.0388484,0.00407207,-0.999237
1775117599665726,-0.0344381,0.00473012,-0.999396
1775117599685726,-0.0398799,0.00417617,-0.999196
1775117599705724,-0.0352978,0.00290034,-0.999373
1775117599725726,-0.0393666,0.00406687,-0.999217
1775117599745728,-0.0361757,0.00296527,-0.999341
1775117599765731,-0.039339,0.0042167,-0.999217
1775117599785726,-0.0392653,0.00278913,-0.999225
1775117599805732,-0.0406977,0.0043918,-0.999162
1775117599825732,-0.0403946,0.00421237,-0.999175
1775117599845730,-0.0405503,0.00253243,-0.999174
1775117599865729,-0.0407127,0.00240454,-0.999168
1775117599885728,-0.0423797,0.0041314,-0.999093
1775117599905727,-0.0434173,0.00504911,-0.999044
1775117599925729,-0.0423865,0.004225,-0.999092
1775117599945727,-0.0433632,0.00422856,-0.99905
1775117599965732,-0.0435645,0.00426754,-0.999042
1775117599985729,-0.0428953,0.00477423,-0.999068
1775117600005730,-0.0434973,0.00469215,-0.999043
1775117600025730,-0.0436273,0.00449253,-0.999038
1775117600045727,-0.0434135,0.00460011,-0.999047
1775117600065732,-0.042928,0.0040638,-0.99907
1775117600085743,-0.0428227,0.0038544,-0.999075
1775117600105736,-0.0414525,0.00388093,-0.999133
1775117600125735,-0.042807,0.00373051,-0.999076
1775117600145736,-0.0417108,0.00316124,-0.999125
1775117600165733,-0.04213,0.00362164,-0.999106
1775117600185734,-0.0410692,0.00292161,-0.999152
1775117600205735,-0.0414037,0.00295015,-0.999138
1775117600225734,-0.0415624,0.003744,-0.999129
1775117600245733,-0.0407947,0.00413955,-0.999159
1775117600265731,-0.0405854,0.00408831,-0.999168
1775117600285737,-0.0405176,0.00398298,-0.999171
1775117600305734,-0.0404233,0.00373555,-0.999176
1775117600325730,-0.0410611,0.00342869,-0.999151
1775117600345737,-0.040358,0.00409805,-0.999177
1775117600365731,-0.0403261,0.0037777,-0.999179
1775117600385729,-0.0408716,0.00332179,-0.999159
1775117600405725,-0.0399633,0.00316082,-0.999196
1775117600425730,-0.0395081,0.00324844,-0.999214
1775117600445760,-0.038524,0.00324191,-0.999252
1775117600465734,-0.0384077,0.00323347,-0.999257
1775117600485807,-0.0381329,0.00258545,-0.999269
1775117600505731,-0.0376872,0.00298968,-0.999285
1775117600525729,-0.0374159,0.0032204,-0.999295
1775117600545728,-0.0369179,0.00273093,-0.999315
1775117600565732,-0.0359841,0.00218885,-0.99935
1775117600585728,-0.0355796,0.00228979,-0.999364
1775117600605773,-0.0353374,0.00211417,-0.999373
1775117600625752,-0.0326598,0.00203821,-0.999464
1775117600645728,-0.0321317,0.00202797,-0.999482
1775117600665731,-0.0330492,0.00150212,-0.999453
1775117600685727,-0.0321109,0.000928404,-0.999484
1775117600705726,-0.0316735,0.000786775,-0.999498
1775117600725726,-0.0316325,0.000975913,-0.999499
1775117600745727,-0.0306562,0.00136321,-0.999529
1775117600765732,-0.030413,0.00140175,-0.999536
1775117600785731,-0.0290217,0.00140001,-0.999578
1775117600805728,-0.0291757,0.00176414,-0.999573
1775117600825729,-0.0291989,0.0028663,-0.99957
1775117600845730,-0.0291125,0.00164791,-0.999575
1775117600865796,-0.0301152,0.0025325,-0.999543
1775117600885799,-0.0296335,0.00310628,-0.999556
1775117600905732,-0.0298126,0.00332263,-0.99955
1775117600925732,-0.0311715,0.004412,-0.999504
1775117600945730,-0.0312008,0.00380456,-0.999506
1775117600965733,-0.0321406,0.00508794,-0.99947
1775117600985734,-0.0322085,0.00531023,-0.999467
1775117601005738,-0.0312805,0.00481299,-0.999499
1775117601025730,-0.0313118,0.00516422,-0.999496
1775117601045732,-0.0312836,0.00519395,-0.999497
1775117601065731,-0.0311597,0.00511112,-0.999501
1775117601085730,-0.0300512,0.00406684,-0.99954
1775117601105729,-0.0305249,0.00552951,-0.999519
1775117601125742,-0.030559,0.00327363,-0.999528
1775117601145731,-0.0304666,0.00571428,-0.999519
1775117601165735,-0.0305425,0.00591879,-0.999516
1775117601185733,-0.0307087,0.00542844,-0.999514
1775117601205731,-0.0304436,0.00407493,-0.999528
1775117601225732,-0.0315031,0.00572909,-0.999487
1775117601245730,-0.0310365,0.0059346,-0.999501
1775117601265728,-0.0311936,0.00603168,-0.999495
1775117601285731,-0.0316958,0.00590845,-0.99948
1775117601305731,-0.0315727,0.00548447,-0.999486
1775117601325730,-0.031459,0.00584613,-0.999488
1775117601345728,-0.0318926,0.00603529,-0.999473
1775117601365729,-0.0328291,0.00555841,-0.999446
1775117601385736,-0.0321339,0.00610814,-0.999465
1775117601405734,-0.0319928,0.00460673,-0.999477
1775117601425729,-0.0320353,0.00550292,-0.999472
1775117601445731,-0.0330061,0.00540111,-0.999441
1775117601465750,-0.0322084,0.00411237,-0.999473
1775117601485733,-0.0335365,0.00417315,-0.999429
1775117601505735,-0.033387,0.00429883,-0.999433
1775117601525732,-0.0342207,0.00388188,-0.999407
1775117601545732,-0.0340725,0.00314474,-0.999414
1775117601565736,-0.0334528,0.0033056,-0.999435
1775117601585714,-0.0333467,0.00295282,-0.999439
1775117601605730,-0.0335093,0.00350364,-0.999432
1775117601625732,-0.0350668,0.00358615,-0.999379
1775117601645728,-0.0344203,0.00370657,-0.999401
1775117601665731,-0.0341868,0.00423067,-0.999407
1775117601685728,-0.0347911,0.0035597,-0.999388
1775117601705729,-0.0353308,0.00385796,-0.999368
1775117601725730,-0.0328687,0.00384735,-0.999452
1775117601745728,-0.0345554,0.0035526,-0.999396
1775117601765733,-0.0344568,0.00355788,-0.9994
1775117601785730,-0.0356603,0.00362341,-0.999357
1775117601805733,-0.0388451,0.00367514,-0.999238
1775117601825741,-0.0383714,0.00397148,-0.999256
1775117601845731,-0.039119,0.00373596,-0.999228
1775117601865730,-0.0390061,0.00396394,-0.999231
1775117601885739,-0.0401143,0.00395346,-0.999187
1775117601905734,-0.0400082,0.00397719,-0.999191
1775117601925734,-0.0400439,0.00373963,-0.999191
1775117601945733,-0.0403416,0.00384009,-0.999179
1775117601965732,-0.0409762,0.0037953,-0.999153
1775117601985732,-0.0413234,0.00382986,-0.999138
1775117602005732,-0.0414292,0.00363981,-0.999135
1775117602025732,-0.0420939,0.00363266,-0.999107
1775117602045731,-0.0415971,0.00384935,-0.999127
1775117602065733,-0.0420767,0.00397278,-0.999106
1775117602085736,-0.0423026,0.00402271,-0.999097
1775117602105740,-0.0423254,0.00380177,-0.999097
1775117602125734,-0.0423685,0.0041232,-0.999094
1775117602145732,-0.0408064,0.00277938,-0.999163
1775117602165732,-0.0422882,0.00307373,-0.999101
1775117602185732,-0.0424846,0.00371048,-0.99909
1775117602205734,-0.0417656,0.00297648,-0.999123
1775117602225732,-0.0421703,0.00288341,-0.999106
1775117602245732,-0.0416528,0.00250335,-0.999129
1775117602265793,-0.0438039,0.00431796,-0.999031
1775117602285735,-0.0425016,0.00253797,-0.999093
1775117602305735,-0.0414429,0.002781,-0.999137
1775117602325734,-0.0414575,0.00297883,-0.999136
1775117602345733,-0.0417182,0.00415886,-0.999121
1775117602365697,-0.0411443,0.00403754,-0.999145
1775117602385732,-0.0412768,0.00412482,-0.999139
1775117602405731,-0.0412041,0.00407232,-0.999142
1775117602425731,-0.0414641,0.00391633,-0.999132
1775117602445734,-0.040674,0.00388615,-0.999165
1775117602465730,-0.0419478,0.00310571,-0.999115
1775117602485736,-0.0414723,0.00330246,-0.999134
1775117602505736,-0.0409568,0.003538,-0.999155
1775117602525791,-0.0396855,0.00337376,-0.999207
1775117602545732,-0.0392094,0.00347209,-0.999225
1775117602565739,-0.0390783,0.00322576,-0.999231
1775117602585747,-0.0386648,0.00316469,-0.999247
1775117602605732,-0.0385186,0.00322159,-0.999253
1775117602625736,-0.0381448,0.00317034,-0.999267
1775117602645731,-0.0383435,0.00311805,-0.99926
1775117602665732,-0.0375072,0.00295568,-0.999292
1775117602685734,-0.037092,0.00313263,-0.999307
1775117602705735,-0.0336234,0.00354951,-0.999428
1775117602725733,-0.0334529,0.00301627,-0.999436
1775117602745732,-0.0330721,0.00296823,-0.999449
1775117602765733,-0.0350107,0.00299979,-0.999382
1775117602785733,-0.0346064,0.00320134,-0.999396
1775117602805732,-0.0346867,0.00258668,-0.999395
1775117602825731,-0.0341266,0.0028962,-0.999413
1775117602845730,-0.0337725,0.0029354,-0.999425
1775117602865740,-0.0344057,0.00275604,-0.999404
1775117602885730,-0.0333333,0.0040228,-0.999436
1775117602905734,-0.0327503,0.00302024,-0.999459
1775117602925730,-0.033558,0.00336236,-0.999431
1775117602945731,-0.0335465,0.00379755,-0.99943
1775117602965730,-0.0324892,0.00340121,-0.999466
1775117602985729,-0.0324355,0.00360711,-0.999467
1775117603005738,-0.0317011,0.00402564,-0.999489
1775117603025731,-0.0321477,0.00504499,-0.99947
1775117603045733,-0.0325202,0.00494916,-0.999459
1775117603065734,-0.0323087,0.00515783,-0.999465
1775117603085733,-0.0323133,0.00561899,-0.999462
1775117603105736,-0.0314744,0.00557966,-0.999489
1775117603125731,-0.0314018,0.00554037,-0.999491
1775117603145732,-0.0308552,0.00588679,-0.999507
1775117603165775,-0.0309079,0.00513791,-0.999509
1775117603185742,-0.0318845,0.00614361,-0.999473
1775117603205735,-0.0312339,0.00552364,-0.999497
1775117603225729,-0.0310247,0.00462398,-0.999508
1775117603245732,-0.032011,0.0056597,-0.999471
1775117603265730,-0.0318275,0.00599514,-0.999475
1775117603285739,-0.0315243,0.00547462,-0.999488
1775117603305731,-0.0319549,0.00549714,-0.999474
1775117603325733,-0.0317351,0.00540309,-0.999482
1775117603345731,-0.0307437,0.00450862,-0.999517
1775117603365757,-0.0313133,0.00317942,-0.999505
1775117603385801,-0.0318264,0.00511714,-0.99948
1775117603405733,-0.0319197,0.00551639,-0.999475
1775117603425720,-0.0317182,0.00430305,-0.999488
1775117603445733,-0.0323202,0.00580613,-0.999461
1775117603465733,-0.0324101,0.00576032,-0.999458
1775117603485731,-0.0325048,0.00550855,-0.999456
1775117603505737,-0.0318243,0.00514032,-0.99948
1775117603525728,-0.0327896,0.00510156,-0.999449
1775117603545727,-0.0317538,0.00368743,-0.999489
1775117603565729,-0.031539,0.00395762,-0.999495
1775117603585730,-0.0322416,0.00401611,-0.999472
1775117603605727,-0.0321054,0.00390486,-0.999477
1775117603625726,-0.0327195,0.00274998,-0.999461
1775117603645752,-0.0333403,0.00380857,-0.999437
1775117603665733,-0.0325928,0.00237143,-0.999466
1775117603685740,-0.0328777,0.00297915,-0.999455
1775117603705734,-0.0337288,0.00306374,-0.999426
1775117603725728,-0.0346245,0.00297735,-0.999396
1775117603745730,-0.0345369,0.00235095,-0.999401
1775117603765729,-0.0342354,0.0022508,-0.999411
1775117603785726,-0.0348339,0.00185774,-0.999391
1775117603805742,-0.0351366,0.00200472,-0.999381
1775117603825728,-0.0318033,0.00298153,-0.99949
1775117603845730,-0.032771,0.00315593,-0.999458
1775117603865732,-0.0363331,0.00273115,-0.999336
1775117603885729,-0.0368769,0.00278175,-0.999316
1775117603905741,-0.0378878,0.00307899,-0.999277
1775117603925736,-0.0373296,0.00284434,-0.999299
1775117603945733,-0.0379405,0.00284144,-0.999276
1775117603965739,-0.0383218,0.00331542,-0.99926
1775117603985734,-0.039022,0.0033124,-0.999233
1775117604005733,-0.0391476,0.00354084,-0.999227
1775117604025728,-0.0396197,0.00352745,-0.999209
1775117604045727,-0.0395433,0.00349453,-0.999212
1775117604065730,-0.0401809,0.00290721,-0.999188
1775117604085730,-0.0402588,0.00342291,-0.999183
1775117604105726,-0.0400939,0.0043951,-0.999186
1775117604125728,-0.0401411,0.00407551,-0.999186
1775117604145753,-0.0400026,0.00386027,-0.999192
1775117604165731,-0.0398849,0.00358184,-0.999198
1775117604185727,-0.0394683,0.00287422,-0.999217
1775117604205725,-0.0393153,0.00275782,-0.999223
1775117604225735,-0.0408464,0.00234664,-0.999163
1775117604245727,-0.040659,0.00273942,-0.999169
1775117604265729,-0.041385,0.00281533,-0.999139
1775117604285732,-0.0414939,0.00286582,-0.999135
1775117604305728,-0.0420776,0.00275715,-0.999111
1775117604325725,-0.0437385,0.00408342,-0.999035
1775117604345733,-0.0430671,0.00369474,-0.999065
1775117604365725,-0.0438886,0.00385022,-0.999029
1775117604385823,-0.0429835,0.002339,-0.999073
1775117604405727,-0.043677,0.00359914,-0.999039
1775117604425728,-0.0431304,0.00157786,-0.999068
1775117604445726,-0.0432692,0.00165772,-0.999062
1775117604465732,-0.0434094,0.00172763,-0.999056
1775117604485725,-0.0438754,0.00187646,-0.999035
1775117604505724,-0.0433928,0.00198973,-0.999056
1775117604525745,-0.0424762,0.00183589,-0.999096
1775117604545726,-0.0427919,0.00141306,-0.999083
1775117604565729,-0.0431256,0.0011189,-0.999069
1775117604585730,-0.040128,0.00133373,-0.999194
1775117604605727,-0.0421477,0.00172786,-0.99911
1775117604625725,-0.0408732,0.00145702,-0.999163
1775117604645727,-0.0405473,0.00188463,-0.999176
1775117604665729,-0.0409734,0.00145323,-0.999159
1775117604685732,-0.0415544,0.000529433,-0.999136
1775117604705727,-0.0426138,0.00121818,-0.999091
1775117604725728,-0.0423105,0.00250632,-0.999101
1775117604745727,-0.0424067,0.00270049,-0.999097
1775117604765725,-0.0417332,0.00204689,-0.999127
1775117604785728,-0.0403796,0.00188047,-0.999183
1775117604805726,-0.0399477,0.00142331,-0.999201
1775117604825726,-0.0393974,0.000538288,-0.999223
1775117604845728,-0.0387553,0.000496292,-0.999249
1775117604865729,-0.036211,0.000730575,-0.999344
1775117604885726,-0.0370997,0.00103431,-0.999311
1775117604905726,-0.0388063,0.0013926,-0.999246
1775117604925727,-0.0388608,0.00246693,-0.999242
1775117604945756,-0.0378905,0.00119344,-0.999281
1775117604965734,-0.0387313,0.00152323,-0.999249
1775117604985730,-0.0395987,-0.000483393,-0.999216
1775117605005729,-0.0393986,-0.000952986,-0.999223
1775117605025753,-0.0387602,0.00130609,-0.999248
1775117605045747,-0.0375998,-0.000758401,-0.999293
1775117605065744,-0.0377049,-0.00175083,-0.999287
1775117605085730,-0.04037,-0.00135261,-0.999184
1775117605105726,-0.0397059,-0.00286642,-0.999207
1775117605125725,-0.0403763,-0.00425119,-0.999176
1775117605145727,-0.0419575,-0.00243333,-0.999116
1775117605165727,-0.0409047,-0.00354482,-0.999157
1775117605185729,-0.0501211,-0.00300802,-0.998739
1775117605205726,-0.0498213,-0.00196692,-0.998756
1775117605225725,-0.0505377,0.000707438,-0.998722
1775117605245726,-0.051505,0.000743044,-0.998672
1775117605265727,-0.0531452,0.00244891,-0.998584
1775117605285747,-0.0575315,0.00242157,-0.998341
1775117605305725,-0.0597854,0.000773696,-0.998211
1775117605325727,-0.0621212,0.0017184,-0.998067
1775117605345725,-0.0634146,0.000745349,-0.997987
1775117605365725,-0.064239,-0.000322067,-0.997934
1775117605385724,-0.0665598,0.000745328,-0.997782
1775117605405729,-0.0666632,0.000737898,-0.997775
1775117605425728,-0.0671107,0.00207099,-0.997743
1775117605445726,-0.0683515,0.000440087,-0.997661
1775117605465727,-0.0709009,0.00108833,-0.997483
1775117605485734,-0.0723158,-6.6576e-05,-0.997382
1775117605505753,-0.0749933,0.00152808,-0.997183
1775117605525744,-0.0748623,0.00138186,-0.997193
1775117605545724,-0.0766443,0.000641145,-0.997058
1775117605565724,-0.0751126,0.00116911,-0.997174
1775117605585733,-0.0747857,0.000252913,-0.9972
1775117605605737,-0.0773834,4.79159e-05,-0.997001
1775117605625728,-0.0776255,0.00144439,-0.996982
1775117605645724,-0.0801928,0.00138652,-0.996778
1775117605665726,-0.0787419,0.00235354,-0.996892
1775117605685730,-0.0798779,0.00415438,-0.996796
1775117605705732,-0.0773921,0.00435384,-0.996991
1775117605725729,-0.0775666,0.00474649,-0.996976
1775117605745729,-0.0774309,0.00484973,-0.996986
1775117605765728,-0.0766258,0.00595601,-0.997042
1775117605785731,-0.0742531,0.00686182,-0.997216
1775117605805727,-0.0720387,0.00311734,-0.997397
1775117605825726,-0.0713766,0.00304246,-0.997445
1775117605845727,-0.067802,0.00469475,-0.997688
1775117605865725,-0.0679021,0.00460565,-0.997681
1775117605885760,-0.0645658,0.00354962,-0.997907
1775117605905725,-0.058606,0.003538,-0.998275
1775117605925744,-0.0543206,0.00394661,-0.998516
1775117605945724,-0.0544254,0.00551278,-0.998503
1775117605965731,-0.0502696,0.00261018,-0.998732
1775117605985753,-0.046572,0.00264694,-0.998911
1775117606005728,-0.0438542,0.00316014,-0.999033
1775117606025725,-0.0373782,0.00253745,-0.999298
1775117606045724,-0.0355815,0.00368913,-0.99936
1775117606065726,-0.0332793,0.00116838,-0.999445
1775117606085724,-0.0298325,0.000737848,-0.999555
1775117606105724,-0.0295724,0.00310589,-0.999558
1775117606125728,-0.0260879,0.00296399,-0.999655
1775117606145727,-0.0219239,0.00231181,-0.999757
1775117606165727,-0.0195151,0.00102563,-0.999809
1775117606185724,-0.0170586,0.00133793,-0.999854
1775117606205725,-0.0120485,0.00206702,-0.999925
1775117606225726,-0.0102675,0.00195983,-0.999945
1775117606245731,-0.00977183,0.00161336,-0.999951
1775117606265728,-0.00757382,0.00109712,-0.999971
1775117606285726,-0.00533492,0.00176866,-0.999984
1775117606305726,0.00428559,0.00274592,-0.999987
1775117606325724,0.00758542,0.00193448,-0.999969
1775117606345724,0.00813426,0.00166758,-0.999966
1775117606365724,0.00925507,0.000942788,-0.999957
1775117606385726,0.0117165,7.32531e-05,-0.999931
1775117606405726,0.0131941,0.00100696,-0.999912
1775117606425727,0.00828273,0.00241765,-0.999963
1775117606445746,0.00882658,-0.000552057,-0.999961
1775117606465724,0.00853644,0.000780369,-0.999963
1775117606485724,0.00999656,-0.00117204,-0.999949
1775117606505724,0.0141707,-9.03287e-05,-0.9999
1775117606525743,0.014935,-0.000396472,-0.999888
1775117606545724,0.0147709,0.000550099,-0.999891
1775117606565732,0.0148242,-0.0017186,-0.999889
1775117606585728,0.0141968,-0.00225802,-0.999897
1775117606605730,0.0128974,9.9756e-05,-0.999917
1775117606625728,0.0123526,-0.000661397,-0.999923
1775117606645731,0.0116145,0.000146912,-0.999933
1775117606665725,0.0100451,0.000449587,-0.999949
1775117606685748,0.0119799,0.00166521,-0.999927
1775117606705728,0.0119156,0.00281936,-0.999925
1775117606725725,0.0171134,0.00262075,-0.99985
1775117606745726,0.0209076,0.00195126,-0.99978
1775117606765729,0.0226299,0.00306964,-0.999739
1775117606785728,0.0268205,0.00197386,-0.999638
1775117606805726,0.03219,0.00197589,-0.99948
1775117606825724,0.0369532,-0.000279562,-0.999317
1775117606845724,0.0347006,0.000555975,-0.999398
1775117606865725,0.0349099,-0.000735321,-0.99939
1775117606885724,0.0322346,0.000302363,-0.99948
1775117606905743,0.0325415,-0.00129921,-0.99947
1775117606925724,0.03004,-0.00278711,-0.999545
1775117606945723,0.0247776,-0.0029963,-0.999688
1775117606965724,0.0327574,-0.00148164,-0.999462
1775117606985732,0.0292438,-0.00244736,-0.999569
1775117607005728,0.021821,-0.0019358,-0.99976
1775117607025728,0.0175212,-0.00257471,-0.999843
1775117607045728,0.0162376,-0.00319024,-0.999863
1775117607065750,0.0140562,-0.00562928,-0.999885
1775117607085726,0.00825458,-0.00493072,-0.999954
1775117607105725,0.00460728,-0.00538263,-0.999975
1775117607125724,0.00187454,-0.00624252,-0.999979
1775117607145724,-0.000537338,-0.00319164,-0.999995
1775117607165724,-0.0024126,-0.0043781,-0.999988
1775117607185724,-0.00479251,-0.0033758,-0.999983
1775117607205744,-0.00766998,-0.00374511,-0.999964
1775117607225724,-0.0121331,-0.00459227,-0.999916
1775117607245724,-0.0184671,-0.00577631,-0.999813
1775117607265746,-0.0178428,-0.00538085,-0.999826
1775117607285724,-0.0258223,-0.0043721,-0.999657
1775117607305726,-0.0297607,-0.0046853,-0.999546
1775117607325726,-0.0342816,-0.0041994,-0.999403
1775117607345726,-0.0382055,-0.00308318,-0.999265
1775117607365725,-0.0392586,-0.00129364,-0.999228
1775117607385725,-0.0430477,-0.00176168,-0.999071
1775117607405747,-0.0445591,-0.000599726,-0.999007
1775117607425751,-0.0491335,-0.000252826,-0.998792
1775117607445725,-0.052136,6.16824e-05,-0.99864
1775117607465727,-0.0526081,0.000634374,-0.998615
1775117607485725,-0.0560176,0.000383208,-0.99843
1775117607505759,-0.0588992,0.00138057,-0.998263
1775117607525726,-0.0605545,0.00263127,-0.998161
1775117607545726,-0.0621412,0.00256358,-0.998064
1775117607565725,-0.0652515,0.00343021,-0.997863
1775117607585725,-0.069514,0.00381682,-0.997574
1775117607605726,-0.0724416,0.0056932,-0.997356
1775117607625799,-0.0747899,0.00734831,-0.997172
1775117607645733,-0.0788279,0.00775825,-0.996858
1775117607665730,-0.0808618,0.00963521,-0.996679
1775117607685729,-0.0825841,0.0108726,-0.996525
1775117607705683,-0.0841318,0.011377,-0.99639
1775117607725727,-0.086455,0.0120916,-0.996182
1775117607745755,-0.0874434,0.0147206,-0.996061
1775117607765729,-0.0885117,0.0144738,-0.99597
1775117607785728,-0.0877619,0.0160886,-0.996012
1775117607805727,-0.0893757,0.0180383,-0.995835
1775117607825731,-0.0922734,0.0188128,-0.995556
1775117607845728,-0.0922224,0.0194602,-0.995548
1775117607865728,-0.0922137,0.0210143,-0.995517
1775117607885727,-0.0974627,0.0208202,-0.995021
1775117607905726,-0.0974081,0.0208906,-0.995025
1775117607925727,-0.0974422,0.0207619,-0.995025
1775117607945727,-0.0914209,0.0215309,-0.99558
1775117607965730,-0.0955759,0.022165,-0.995175
1775117607985729,-0.0956309,0.0214501,-0.995186
1775117608005726,-0.0911634,0.0215404,-0.995603
1775117608025725,-0.0947958,0.0220764,-0.995252
1775117608045725,-0.0923856,0.0209314,-0.995503
1775117608065725,-0.0931776,0.0218632,-0.995409
1775117608085725,-0.0875,0.0235329,-0.995887
1775117608105726,-0.0848979,0.0234091,-0.996115
1775117608125725,-0.0838044,0.0222923,-0.996233
1775117608145725,-0.0806189,0.022609,-0.996489
1775117608165725,-0.0787635,0.0229301,-0.99663
1775117608185724,-0.0742604,0.0224029,-0.996987
1775117608205725,-0.0709149,0.0197915,-0.997286
1775117608225725,-0.0672883,0.0184979,-0.997562
1775117608245725,-0.0654968,0.0174719,-0.9977
1775117608265724,-0.0609782,0.0167047,-0.997999
1775117608285725,-0.0589081,0.0172951,-0.998114
1775117608305725,-0.0552162,0.0162943,-0.998341
1775117608325725,-0.052616,0.0137649,-0.99852
1775117608345730,-0.0498432,0.0134783,-0.998666
1775117608365727,-0.0473372,0.0131663,-0.998792
1775117608385726,-0.0433482,0.0109737,-0.999
1775117608405729,-0.0418868,0.0104261,-0.999068
1775117608425729,-0.0380702,0.00942252,-0.999231
1775117608445730,-0.0372732,0.00752876,-0.999277
1775117608465728,-0.0359175,0.0072688,-0.999328
1775117608485726,-0.0325118,0.00588849,-0.999454
1775117608505725,-0.0291551,0.0058687,-0.999558
1775117608525725,-0.027336,0.00436107,-0.999617
1775117608545725,-0.0215278,0.00100436,-0.999768
1775117608565725,-0.0218772,0.00197111,-0.999759
1775117608585726,-0.0172185,0.000864149,-0.999851
1775117608605726,-0.0165,0.00106361,-0.999863
1775117608625724,-0.0169712,0.00116592,-0.999855
1775117608645724,-0.0160047,0.000246471,-0.999872
1775117608665725,-0.014043,0.00207162,-0.999899
1775117608685725,-0.01769,0.00821115,-0.99981
1775117608705725,-0.0158867,0.00690581,-0.99985
1775117608725744,-0.0146108,0.00423499,-0.999884
1775117608745743,-0.0165396,0.00737028,-0.999836
1775117608765742,-0.0123799,0.000249902,-0.999923
1775117608785724,-0.0169438,0.0063389,-0.999836
1775117608805723,-0.0190059,0.00841823,-0.999784
1775117608825743,-0.0131059,-0.00322802,-0.999909
1775117608845723,-0.0163813,0.00263403,-0.999862
1775117608865698,-0.0175479,0.00460035,-0.999835
1775117608885725,-0.0195378,0.00820872,-0.999775
1775117608905726,-0.0177539,0.000158998,-0.999842
1775117608925726,-0.0190926,0.00248112,-0.999815
1775117608945726,-0.0245782,0.00984841,-0.999649
1775117608965725,-0.0264697,0.011057,-0.999588
1775117608985725,-0.0258032,0.0100802,-0.999616
1775117609005725,-0.0245651,0.003262,-0.999693
1775117609025725,-0.0292064,0.00695841,-0.999549
1775117609045726,-0.0336616,0.00878538,-0.999395
1775117609065727,-0.0367403,0.0143554,-0.999222
1775117609085745,-0.0381513,0.00979577,-0.999224
1775117609105724,-0.0390893,0.00898266,-0.999195
1775117609125744,-0.0394286,0.00320003,-0.999217
1775117609145725,-0.0452521,0.0112475,-0.998912
1775117609165725,-0.045698,0.00865005,-0.998918
1775117609185724,-0.0520976,0.0165072,-0.998506
1775117609205725,-0.0512696,0.00744985,-0.998657
1775117609225726,-0.0555554,0.018291,-0.998288
1775117609245725,-0.057977,0.0140816,-0.998219
1775117609265728,-0.0598631,0.0114582,-0.998141
1775117609285726,-0.0603045,0.0125492,-0.998101
1775117609305730,-0.0623064,0.0104555,-0.998002
1775117609325726,-0.0654421,0.00752014,-0.997828
1775117609345726,-0.0697885,0.00809703,-0.997529
1775117609365726,-0.0709362,0.00684071,-0.997457
1775117609385730,-0.0736943,0.00590823,-0.997263
1775117609405728,-0.0748968,0.00469553,-0.99718
1775117609425725,-0.07652,0.00554102,-0.997053
1775117609445724,-0.0794425,0.00276579,-0.996836
1775117609465729,-0.0802116,0.00221891,-0.996775
1775117609485726,-0.0809789,0.00306911,-0.996711
1775117609505726,-0.0827026,0.00145862,-0.996573
1775117609525726,-0.0841249,0.000488552,-0.996455
1775117609545726,-0.0852024,-0.000121836,-0.996364
1775117609565726,-0.084193,0.00074106,-0.996449
1775117609585729,-0.0849349,0.000900405,-0.996386
1775117609605726,-0.0866046,-0.000292799,-0.996243
1775117609625725,-0.085641,-0.00119222,-0.996325
1775117609645725,-0.0869905,-8.17342e-05,-0.996209
1775117609665728,-0.0860786,0.000894106,-0.996288
1775117609685725,-0.0865133,0.0010588,-0.99625
1775117609705724,-0.0835237,7.90686e-06,-0.996506
1775117609725724,-0.0834185,0.00201822,-0.996513
1775117609745723,-0.0842911,-0.00033606,-0.996441
1775117609765734,-0.0820655,0.00170192,-0.996625
1775117609785725,-0.081343,0.0014668,-0.996685
1775117609805724,-0.080267,0.00190469,-0.996772
1775117609825734,-0.0803697,0.00256904,-0.996762
1775117609845724,-0.0771804,0.0023433,-0.997014
1775117609865724,-0.0769687,0.00274058,-0.99703
1775117609885726,-0.0741913,0.00146337,-0.997243
1775117609905724,-0.0719456,0.00173174,-0.997407
1775117609925724,-0.0700747,0.00263568,-0.997538
1775117609945726,-0.0678192,0.00218474,-0.997695
1775117609965731,-0.0660504,0.00248016,-0.997813
1775117609985726,-0.0597123,0.00263035,-0.998212
1775117610005734,-0.0579464,0.00392716,-0.998312
1775117610025727,-0.0560054,0.00369428,-0.998424
1775117610045727,-0.0536576,0.00485431,-0.998548
1775117610065725,-0.050195,0.00480674,-0.998728
1775117610085724,-0.0486109,0.00532756,-0.998804
1775117610105724,-0.0470722,0.0047458,-0.99888
1775117610125724,-0.0497247,0.0111219,-0.998701
1775117610145726,-0.0468109,0.0101523,-0.998852
1775117610165724,-0.0475094,0.0102663,-0.998818
1775117610185724,-0.0426834,0.00863981,-0.999051
1775117610205723,-0.0417727,0.0091546,-0.999085
1775117610225745,-0.039886,0.00739952,-0.999177
1775117610245743,-0.0344663,0.00689596,-0.999382
1775117610265723,-0.0309049,0.00424106,-0.999513
1775117610285724,-0.0281877,0.00222771,-0.9996
1775117610305723,-0.0290802,0.00304272,-0.999572
1775117610325723,-0.0256564,-0.000566527,-0.999671
1775117610345726,-0.0226048,0.00210139,-0.999742
1775117610365725,-0.0247685,-0.00398018,-0.999685
1775117610385724,-0.0164516,0.00669487,-0.999842
1775117610405725,-0.0190485,0.00136894,-0.999818
1775117610425726,-0.017294,0.00065373,-0.99985
1775117610445726,-0.0175281,-0.00141486,-0.999845
1775117610465726,-0.015444,-0.00368973,-0.999874
1775117610485726,-0.0152343,-0.0045087,-0.999874
1775117610505727,-0.0148274,-0.00571773,-0.999874
1775117610525726,-0.015134,-0.00570122,-0.999869
1775117610545726,-0.0136068,-0.00784089,-0.999877
1775117610565725,-0.0144583,-0.00846144,-0.99986
1775117610585727,-0.015192,-0.00980042,-0.999837
1775117610605728,-0.0150943,-0.00985671,-0.999837
1775117610625729,-0.0154703,-0.00998704,-0.99983
1775117610645726,-0.016042,-0.0107434,-0.999814
1775117610665725,-0.0163278,-0.0110371,-0.999806
1775117610685725,-0.0167115,-0.0107703,-0.999802
1775117610705726,-0.0160261,-0.0104078,-0.999817
1775117610725726,-0.0175728,-0.0102685,-0.999793
1775117610745725,-0.018462,-0.0113828,-0.999765
1775117610765725,-0.019757,-0.00971977,-0.999758
1775117610785749,-0.0214797,-0.00741531,-0.999742
1775117610805726,-0.0218092,-0.00705371,-0.999737
1775117610825725,-0.0240799,-0.0059924,-0.999692
1775117610845725,-0.0246494,-0.00537622,-0.999682
1775117610865724,-0.0266818,-0.00542297,-0.999629
1775117610885724,-0.0294462,-0.0052262,-0.999553
1775117610905724,-0.0309569,-0.00423544,-0.999512
1775117610925724,-0.0330628,-0.0042579,-0.999444
1775117610945723,-0.0380398,-0.00501761,-0.999264
1775117610965724,-0.0399301,-0.00566955,-0.999186
1775117610985723,-0.0420072,-0.00404429,-0.999109
1775117611005724,-0.0399603,-0.00475981,-0.99919
1775117611025723,-0.0394834,-0.00439975,-0.999211
1775117611045724,-0.0429107,-0.00401709,-0.999071
1775117611065724,-0.0451228,-0.00281124,-0.998977
1775117611085724,-0.046738,-0.0023363,-0.998904
1775117611105725,-0.0453704,-0.00115953,-0.99897
1775117611125726,-0.0466768,-0.00160198,-0.998909
1775117611145725,-0.0481013,-0.00122227,-0.998842
1775117611165725,-0.0496273,-0.000448428,-0.998768
1775117611185725,-0.0514234,0.000219784,-0.998677
1775117611205725,-0.0530022,0.000660934,-0.998594
1775117611225724,-0.0538963,0.000889884,-0.998546
1775117611245724,-0.0532623,-0.000951457,-0.99858
1775117611265744,-0.0526952,-0.00040788,-0.998611
1775117611285724,-0.0546888,-0.00067203,-0.998503
1775117611305724,-0.0550781,-0.000704682,-0.998482
1775117611325724,-0.0556582,-0.00108625,-0.998449
1775117611345747,-0.0547331,-7.69359e-05,-0.998501
1775117611365684,-0.0554912,0.00054635,-0.998459
1775117611385728,-0.0540613,0.000831549,-0.998537
1775117611405728,-0.0528386,0.00113519,-0.998602
1775117611425727,-0.053223,0.000438864,-0.998583
1775117611445728,-0.0549369,0.00107397,-0.998489
1775117611465729,-0.0560975,0.000295275,-0.998425
1775117611485728,-0.0581214,0.0011107,-0.998309
1775117611505728,-0.0526022,0.00475372,-0.998604
1775117611525765,-0.0536144,0.00550081,-0.998547
1775117611545727,-0.0526929,0.00491601,-0.998599
1775117611565725,-0.0574895,0.00151329,-0.998345
1775117611585724,-0.0539554,0.00356125,-0.998537
1775117611605723,-0.0545079,0.00483411,-0.998502
1775117611625744,-0.0560163,0.00184226,-0.998428
1775117611645725,-0.055927,0.00378216,-0.998428
1775117611665725,-0.054321,0.00328914,-0.998518
1775117611685725,-0.0556799,0.00315299,-0.998444
1775117611705724,-0.0553348,0.0021569,-0.998466
1775117611725725,-0.055365,0.0027651,-0.998462
1775117611745726,-0.0559659,0.0023385,-0.99843
1775117611765749,-0.0567958,0.00292264,-0.998382
1775117611785724,-0.055645,0.00249275,-0.998448
1775117611805724,-0.054552,0.00253035,-0.998508
1775117611825725,-0.0541731,0.00163728,-0.99853
1775117611845725,-0.0531253,0.00190493,-0.998586
1775117611865725,-0.0528567,0.00178199,-0.998601
1775117611885725,-0.052758,0.000235008,-0.998607
1775117611905724,-0.054213,0.000788666,-0.998529
1775117611925724,-0.0524027,0.000953503,-0.998626
1775117611945724,-0.05254,-0.000380352,-0.998619
1775117611965724,-0.0514187,0.000433435,-0.998677
1775117611985724,-0.0507826,-0.000241954,-0.99871
1775117612005726,-0.0498561,3.35475e-05,-0.998756
1775117612025726,-0.0498966,0.00038184,-0.998754
1775117612045726,-0.0481803,5.44609e-05,-0.998839
1775117612065737,-0.0468421,0.000320258,-0.998902
1775117612085725,-0.046331,0.00060976,-0.998926
1775117612105724,-0.0472711,0.000476417,-0.998882
1775117612125725,-0.046764,0.000570687,-0.998906
1775117612145725,-0.0475227,5.7727e-05,-0.99887
1775117612165725,-0.0465613,-0.00029494,-0.998915
1775117612185725,-0.0450286,-0.000300488,-0.998986
1775117612205745,-0.0446756,-0.000679189,-0.999001
1775117612225724,-0.0445357,-0.000943406,-0.999007
1775117612245737,-0.0434665,-0.000717329,-0.999055
1775117612265737,-0.0435469,-0.000823056,-0.999051
1775117612285726,-0.0423265,0.000138636,-0.999104
1775117612305726,-0.0422865,-0.000545768,-0.999105
1775117612325752,-0.0431919,0.000439344,-0.999067
1775117612345725,-0.042595,-0.000450212,-0.999092
1775117612365726,-0.0421574,-0.00041619,-0.999111
1775117612385725,-0.0415296,-0.000580773,-0.999137
1775117612405726,-0.0418956,0.000300624,-0.999122
1775117612425725,-0.0414982,-0.000453092,-0.999138
1775117612445726,-0.0420312,0.000228936,-0.999116
1775117612465726,-0.0416007,0.000676605,-0.999134
1775117612485725,-0.0416166,0.000136632,-0.999134
1775117612505726,-0.0409979,0.00022937,-0.999159
1775117612525725,-0.0410468,0.000368861,-0.999157
1775117612545725,-0.0409988,0.000903284,-0.999159
1775117612565726,-0.0403225,0.00127043,-0.999186
1775117612585727,-0.0411977,0.000531521,-0.999151
1775117612605729,-0.0414545,0.000930506,-0.99914
1775117612625728,-0.0413693,0.00131194,-0.999143
1775117612645727,-0.0418237,0.00104711,-0.999124
1775117612665728,-0.0419494,0.000806303,-0.999119
1775117612685728,-0.0418744,0.000690023,-0.999123
1775117612705728,-0.0432237,0.000243601,-0.999065
1775117612725728,-0.0429007,-0.000146916,-0.999079
1775117612745728,-0.0424071,-0.00121067,-0.9991
1775117612765728,-0.0431995,-0.00118203,-0.999066
1775117612785728,-0.0430168,-0.000664525,-0.999074
1775117612805727,-0.0437703,-0.000821605,-0.999041
1775117612825728,-0.0450348,-0.000634954,-0.998985
1775117612845728,-0.0450717,-0.000551148,-0.998984
1775117612865731,-0.0453788,-0.000487541,-0.99897
1775117612885728,-0.0462164,-0.000728437,-0.998931
1775117612905728,-0.0468444,-0.000585551,-0.998902
1775117612925728,-0.0472499,-0.000471583,-0.998883
1775117612945729,-0.0483209,0.000194663,-0.998832
1775117612965728,-0.0484125,0.000534481,-0.998827
1775117612985728,-0.0486921,0.00139909,-0.998813
1775117613005729,-0.0489512,0.00129194,-0.9988
1775117613025728,-0.0490762,0.00103934,-0.998794
1775117613045728,-0.0497329,0.00137616,-0.998762
1775117613065729,-0.0491905,0.00178227,-0.998788
1775117613085730,-0.0497041,0.00197704,-0.998762
1775117613105729,-0.0487584,0.00171157,-0.998809
1775117613125728,-0.0482093,0.00200043,-0.998835
1775117613145727,-0.0488886,0.00161705,-0.998803
1775117613165728,-0.0498404,0.00220373,-0.998755
1775117613185727,-0.0493999,0.00207567,-0.998777
1775117613205727,-0.0498862,0.00160696,-0.998754
1775117613225728,-0.0492609,0.00172775,-0.998784
1775117613245727,-0.0463831,0.00260104,-0.99892
1775117613265728,-0.0487376,0.00231249,-0.998809
1775117613285727,-0.0483528,0.0015304,-0.998829
1775117613305728,-0.0493346,0.0013389,-0.998781
1775117613325727,-0.0490518,0.00109638,-0.998796
1775117613345728,-0.0482022,0.00099207,-0.998837
1775117613365728,-0.0487288,0.000594661,-0.998812
1775117613385727,-0.0485137,0.000468918,-0.998822
1775117613405727,-0.0482116,0.000244974,-0.998837
1775117613425727,-0.0479833,-4.94153e-06,-0.998848
1775117613445727,-0.0475242,-8.58843e-05,-0.99887
1775117613465729,-0.0481661,-4.18302e-05,-0.998839
1775117613485728,-0.047989,-0.000633125,-0.998848
1775117613505728,-0.046502,-0.000247983,-0.998918
1775117613525728,-0.0474126,-0.000496602,-0.998875
1775117613545729,-0.0472317,0.000219994,-0.998884
1775117613565728,-0.0465162,0.000442567,-0.998917
1775117613585730,-0.0467796,0.00153595,-0.998904
1775117613605729,-0.0463474,0.00216055,-0.998923
1775117613625728,-0.0469203,0.00286396,-0.998895
1775117613645728,-0.047454,0.00361606,-0.998867
1775117613665727,-0.0468153,0.00366188,-0.998897
1775117613685728,-0.0462261,0.00449769,-0.998921
1775117613705730,-0.0462691,0.00408929,-0.998921
1775117613725726,-0.0461959,0.0040568,-0.998924
1775117613745695,-0.045794,0.00378368,-0.998944
1775117613765724,-0.046538,0.00448167,-0.998906
1775117613785726,-0.0459393,0.00572582,-0.998928
1775117613805750,-0.0458202,0.00655436,-0.998928
1775117613825746,-0.0463142,0.00737252,-0.9989
1775117613845725,-0.0461891,0.00779098,-0.998902
1775117613865726,-0.0457477,0.00700066,-0.998928
1775117613885730,-0.0443838,0.00640097,-0.998994
1775117613905727,-0.0448514,0.00710499,-0.998968
1775117613925727,-0.0444558,0.00739328,-0.998984
1775117613945726,-0.0436189,0.00737104,-0.999021
1775117613965726,-0.0428724,0.00749216,-0.999052
1775117613985751,-0.0425614,0.00741525,-0.999066
1775117614005726,-0.0420507,0.00771843,-0.999086
1775117614025726,-0.0420183,0.00810377,-0.999084
1775117614045725,-0.0419751,0.0087965,-0.99908
1775117614065726,-0.0416604,0.00878245,-0.999093
1775117614085727,-0.0393162,0.0100406,-0.999176
1775117614105727,-0.0408774,0.00984297,-0.999116
1775117614125727,-0.0394784,0.0108055,-0.999162
1775117614145729,-0.039666,0.00970203,-0.999166
1775117614165835,-0.0392549,0.0102301,-0.999177
1775117614185828,-0.0438534,0.00581402,-0.999021
1775117614205751,-0.043659,0.00591608,-0.999029
1775117614225725,-0.0433638,0.00559206,-0.999044
1775117614245725,-0.0434184,0.00475846,-0.999046
1775117614265725,-0.0436564,0.00468314,-0.999036
1775117614285728,-0.0441579,0.00375278,-0.999018
1775117614305729,-0.0442098,0.00286804,-0.999018
1775117614325838,-0.0435428,0.00335415,-0.999046
1775117614345855,-0.0434903,0.00272479,-0.99905
1775117614365728,-0.044429,0.0021399,-0.99901
1775117614385726,-0.0434475,0.00134757,-0.999055
1775117614405725,-0.0435954,0.00217713,-0.999047
1775117614425725,-0.0378596,0.00690547,-0.999259
1775117614445725,-0.0386949,0.00581284,-0.999234
1775117614465725,-0.0382686,0.00548229,-0.999252
1775117614485726,-0.0378541,0.00412573,-0.999275
1775117614505726,-0.0381982,0.00437041,-0.999261
1775117614525727,-0.037267,0.00334517,-0.9993
1775117614545727,-0.0371237,0.00401959,-0.999303
1775117614565726,-0.0375464,0.00353463,-0.999289
1775117614585760,-0.0368447,0.0018555,-0.999319
1775117614605727,-0.0380728,0.00167488,-0.999274
1775117614625725,-0.0370156,0.00118019,-0.999314
1775117614645726,-0.0375584,0.000348618,-0.999294
1775117614665725,-0.0390514,0.000716511,-0.999237
1775117614685726,-0.0384565,0.000704217,-0.99926
1775117614705724,-0.0401348,0.000199482,-0.999194
1775117614725742,-0.0384268,-0.000279184,-0.999261
1775117614745726,-0.0384405,-0.000681423,-0.999261
1775117614765728,-0.0386047,-0.00104691,-0.999254
1775117614785726,-0.0389655,-0.00235237,-0.999238
1775117614805727,-0.0383959,-0.00143348,-0.999262
1775117614825725,-0.0385569,-0.00236899,-0.999254
1775117614845749,-0.0387873,-0.00286063,-0.999243
1775117614865725,-0.0391537,-0.00332491,-0.999228
1775117614885726,-0.0392464,-0.00282262,-0.999226
1775117614905726,-0.0407512,-0.0036394,-0.999163
1775117614925725,-0.0411428,-0.00357445,-0.999147
1775117614945725,-0.040663,-0.00335665,-0.999167
1775117614965725,-0.0408193,-0.00258273,-0.999163
1775117614985725,-0.0394901,-0.00259764,-0.999217
1775117615005726,-0.0393738,-0.00292855,-0.99922
1775117615025726,-0.0402566,-0.00386527,-0.999182
1775117615045725,-0.0404984,-0.00331204,-0.999174
1775117615065725,-0.0403881,-0.00324096,-0.999179
1775117615085729,-0.0407091,-0.00284611,-0.999167
1775117615105729,-0.0415646,-0.00311789,-0.999131
1775117615125729,-0.0408854,-0.00284462,-0.99916
1775117615145729,-0.04241,-0.00336471,-0.999095
1775117615165726,-0.0419371,-0.00328511,-0.999115
1775117615185725,-0.0421413,-0.00243544,-0.999109
1775117615205743,-0.0419249,-0.00288254,-0.999117
1775117615225724,-0.0421158,-0.00159666,-0.999111
1775117615245744,-0.0425999,-0.00214892,-0.99909
1775117615265724,-0.0435677,-0.00201438,-0.999048
1775117615285725,-0.0445281,-8.56867e-05,-0.999008
1775117615305748,-0.0443115,-0.000257248,-0.999018
1775117615325724,-0.0439,-7.63329e-05,-0.999036
1775117615345724,-0.0454139,-0.000693131,-0.998968
1775117615365729,-0.0445706,-0.000584719,-0.999006
1775117615385747,-0.0452303,-0.00101331,-0.998976
1775117615405724,-0.0447268,-0.000636425,-0.998999
1775117615425744,-0.0448562,-0.000423384,-0.998993
1775117615445724,-0.046137,0.000465358,-0.998935
1775117615465723,-0.0462265,0.000900766,-0.998931
1775117615485729,-0.0501158,0.000162251,-0.998743
1775117615505736,-0.0500332,0.00106243,-0.998747
1775117615525753,-0.0465917,0.00144848,-0.998913
1775117615545725,-0.0470041,0.00171799,-0.998893
1775117615565728,-0.0472349,0.00179191,-0.998882
1775117615585728,-0.0466905,0.00296883,-0.998905
1775117615605728,-0.0469164,0.00317634,-0.998894
1775117615625728,-0.0496368,0.00238015,-0.998764
1775117615645727,-0.048292,0.00272474,-0.99883
1775117615665727,-0.0480742,0.00301177,-0.998839
1775117615685728,-0.0473481,0.00171737,-0.998877
1775117615705727,-0.0488279,0.00187483,-0.998805
1775117615725816,-0.0466403,0.00288482,-0.998908
1775117615745729,-0.047972,0.0034338,-0.998843
1775117615765728,-0.0476792,0.00287669,-0.998859
1775117615785726,-0.0480674,0.0037421,-0.998837
1775117615805752,-0.0480367,0.00314634,-0.998841
1775117615825725,-0.0480378,0.00408131,-0.998837
1775117615845725,-0.0480521,0.00448011,-0.998835
1775117615865728,-0.0478832,0.00481403,-0.998841
1775117615885729,-0.0477627,0.00471201,-0.998848
1775117615905730,-0.0480548,0.00514812,-0.998831
1775117615925732,-0.0485151,0.00549028,-0.998807
1775117615945731,-0.0478247,0.00642098,-0.998835
1775117615965740,-0.0479188,0.00616578,-0.998832
1775117615985726,-0.0477021,0.00613427,-0.998843
1775117616005753,-0.0466117,0.00661247,-0.998891
1775117616025727,-0.0465909,0.00635945,-0.998894
1775117616045740,-0.0462522,0.00673367,-0.998907
1775117616065729,-0.045945,0.00664552,-0.998922
1775117616085732,-0.0461199,0.00635385,-0.998916
1775117616105729,-0.0457637,0.00645438,-0.998931
1775117616125729,-0.0456769,0.00705337,-0.998931
1775117616145726,-0.0446813,0.00710043,-0.998976
1775117616165724,-0.0448873,0.00694742,-0.998968
1775117616185724,-0.0442765,0.00701907,-0.998995
1775117616205723,-0.0441994,0.00672245,-0.999
1775117616225750,-0.0440962,0.00654459,-0.999006
1775117616245748,-0.0427775,0.0062376,-0.999065
1775117616265724,-0.0419755,0.0057199,-0.999102
1775117616285750,-0.0414586,0.00595759,-0.999122
1775117616305727,-0.041289,0.00559977,-0.999132
1775117616325729,-0.0416559,0.00580199,-0.999115
1775117616345727,-0.0402752,0.00567025,-0.999173
1775117616365728,-0.0399937,0.00562209,-0.999184
1775117616385726,-0.0409226,0.0058058,-0.999145
1775117616405727,-0.04048,0.00546245,-0.999165
1775117616425725,-0.0397315,0.00509096,-0.999197
1775117616445725,-0.0379701,0.00337233,-0.999273
1775117616465725,-0.038732,0.00379015,-0.999242
1775117616485725,-0.0401154,0.00325554,-0.99919
1775117616505751,-0.0385471,0.00450547,-0.999247
1775117616525745,-0.038492,0.00385672,-0.999251
1775117616545730,-0.0392966,0.00351015,-0.999221
1775117616565729,-0.0401453,0.00265778,-0.99919
1775117616585729,-0.0398161,0.00223479,-0.999205
1775117616605728,-0.0383589,0.00201954,-0.999262
1775117616625726,-0.0384687,0.00218165,-0.999257
1775117616645726,-0.0379347,0.00214025,-0.999278
1775117616665728,-0.0376979,0.00184014,-0.999287
1775117616685757,-0.0379205,0.00135028,-0.99928
1775117616705727,-0.0376364,0.0013155,-0.999291
1775117616725727,-0.0373132,0.000996827,-0.999303
1775117616745725,-0.0370902,0.000642247,-0.999312
1775117616765725,-0.0372008,0.000426993,-0.999308
1775117616785725,-0.0379895,-0.00034993,-0.999278
1775117616805728,-0.0372454,-0.00043088,-0.999306
1775117616825730,-0.0382592,-0.00143377,-0.999267
1775117616845730,-0.0375702,-0.00125434,-0.999293
1775117616865728,-0.0373035,-0.00071307,-0.999304
1775117616885727,-0.0371368,-0.00136692,-0.999309
1775117616905728,-0.036672,-0.000925505,-0.999327
1775117616925729,-0.0371924,-0.00142039,-0.999307
1775117616945727,-0.0371624,-0.0015484,-0.999308
1775117616965727,-0.0366931,-0.00156819,-0.999325
1775117616985727,-0.0374186,-0.000709503,-0.999299
1775117617005727,-0.0377982,-0.000649387,-0.999285
1775117617025727,-0.0380671,-0.00117725,-0.999274
1775117617045727,-0.0379083,-0.00158878,-0.99928
1775117617065726,-0.0383463,-0.00148449,-0.999263
1775117617085727,-0.0381402,-0.00177508,-0.999271
1775117617105727,-0.0387265,-0.00177522,-0.999248
1775117617125728,-0.0394716,-0.00196257,-0.999219
1775117617145727,-0.0401285,-0.00182553,-0.999193
1775117617165725,-0.0399497,-0.00191883,-0.9992
1775117617185726,-0.0409293,-0.00189386,-0.99916
1775117617205726,-0.0407066,-0.00202183,-0.999169
1775117617225727,-0.0410262,-0.00231992,-0.999155
1775117617245727,-0.0422909,-0.00188611,-0.999104
1775117617265727,-0.0425373,-0.00140402,-0.999094
1775117617285729,-0.0428988,-0.00132611,-0.999079
1775117617305726,-0.0426484,-0.00139499,-0.999089
1775117617325728,-0.0426685,-0.00192122,-0.999087
1775117617345727,-0.0437576,-0.00162453,-0.999041
1775117617365727,-0.0436754,-0.00145787,-0.999045
1775117617385727,-0.0433406,-0.00164588,-0.999059
1775117617405726,-0.0435228,-0.0011239,-0.999052
1775117617425726,-0.0447845,5.15343e-05,-0.998997
1775117617445726,-0.0453236,-0.00021626,-0.998972
1775117617465727,-0.0458256,-4.27975e-05,-0.998949
1775117617485727,-0.0456594,8.24017e-05,-0.998957
1775117617505727,-0.04641,1.97458e-05,-0.998922
1775117617525727,-0.0464977,0.000147765,-0.998918
1775117617545727,-0.0467546,-0.000320008,-0.998906
1775117617565726,-0.0471417,2.73601e-05,-0.998888
1775117617585757,-0.0479298,0.00110713,-0.99885
1775117617605725,-0.0482976,0.00108285,-0.998832
1775117617625726,-0.0479839,0.00149196,-0.998847
1775117617645727,-0.0477773,0.0015465,-0.998857
1775117617665727,-0.048053,0.00230933,-0.998842
1775117617685727,-0.0475628,0.00113526,-0.998868
1775117617705728,-0.0476479,0.00151216,-0.998863
1775117617725728,-0.0480991,0.00160173,-0.998841
1775117617745727,-0.0479384,0.00246797,-0.998847
1775117617765728,-0.0493148,0.00333455,-0.998778
1775117617785726,-0.0490065,0.00349291,-0.998792
1775117617805727,-0.0484609,0.0035873,-0.998819
1775117617825727,-0.0486863,0.00422915,-0.998805
1775117617845727,-0.0488112,0.00375574,-0.998801
1775117617865726,-0.0488219,0.00395772,-0.9988
1775117617885727,-0.0488101,0.00419909,-0.998799
1775117617905727,-0.0485423,0.00434772,-0.998812
1775117617925728,-0.0488388,0.00419501,-0.998798
1775117617945727,-0.0493321,0.00435208,-0.998773
1775117617965728,-0.0486931,0.00444347,-0.998804
1775117617985726,-0.0482697,0.00450362,-0.998824
1775117618005727,-0.0474501,0.00459295,-0.998863
1775117618025726,-0.0471706,0.00394433,-0.998879
1775117618045725,-0.0463425,0.0040238,-0.998918
1775117618065726,-0.0461331,0.00408104,-0.998927
1775117618085727,-0.0459953,0.00457309,-0.998931
1775117618105727,-0.0454267,0.00499796,-0.998955
1775117618125728,-0.0453661,0.00515703,-0.998957
1775117618145727,-0.0448883,0.00571102,-0.998976
1775117618165727,-0.0449432,0.00560333,-0.998974
1775117618185727,-0.044836,0.00550181,-0.998979
1775117618205727,-0.0445027,0.00532748,-0.998995
1775117618225726,-0.044233,0.00542341,-0.999007
1775117618245727,-0.0429876,0.00639296,-0.999055
1775117618265727,-0.0438355,0.00596449,-0.999021
1775117618285726,-0.0448583,0.00668314,-0.998971
1775117618305727,-0.0451242,0.00549311,-0.998966
1775117618325727,-0.0445528,0.00506689,-0.998994
1775117618345728,-0.0442537,0.00519316,-0.999007
1775117618365727,-0.0439669,0.00483273,-0.999021
1775117618385727,-0.0433218,0.00450283,-0.999051
1775117618405727,-0.043075,0.00435962,-0.999062
1775117618425728,-0.0433884,0.003764,-0.999051
1775117618445727,-0.0426697,0.00397523,-0.999081
1775117618465726,-0.0426218,0.004175,-0.999083
1775117618485726,-0.0422366,0.00349241,-0.999102
1775117618505725,-0.0421271,0.00333491,-0.999107
1775117618525727,-0.0410609,0.00337489,-0.999151
1775117618545725,-0.0413462,0.00376237,-0.999138
1775117618565725,-0.041416,0.0029761,-0.999138
1775117618585728,-0.0406902,0.00421863,-0.999163
1775117618605728,-0.0403373,0.00327888,-0.999181
1775117618625727,-0.0398965,0.00184085,-0.999202
1775117618645726,-0.0390663,0.00189795,-0.999235
1775117618665726,-0.0385925,0.00172449,-0.999254
1775117618685725,-0.0380347,0.00152939,-0.999275
1775117618705727,-0.0378625,0.0010321,-0.999282
1775117618725726,-0.0385909,0.000790786,-0.999255
1775117618745726,-0.0388603,0.000331268,-0.999245
1775117618765726,-0.03877,2.19691e-05,-0.999248
1775117618785727,-0.0394927,0.000499028,-0.99922
1775117618805727,-0.0393619,-0.000234329,-0.999225
1775117618825727,-0.0369493,0.00052932,-0.999317
1775117618845727,-0.0376121,-0.000385532,-0.999292
1775117618865726,-0.0383582,-0.000348397,-0.999264
1775117618885726,-0.0388404,-0.000633025,-0.999245
1775117618905727,-0.0388037,-0.00147184,-0.999246
1775117618925727,-0.0387481,-0.000583802,-0.999249
1775117618945727,-0.0386251,-0.000502745,-0.999254
1775117618965727,-0.0386746,-0.000995412,-0.999251
1775117618985727,-0.0389608,-0.000222181,-0.999241
1775117619005727,-0.0384476,-0.000992548,-0.99926
1775117619025727,-0.0378444,-0.000894602,-0.999283
1775117619045726,-0.0376751,-0.00142174,-0.999289
1775117619065728,-0.0377742,-0.00172419,-0.999285
1775117619085727,-0.0376991,-0.00183299,-0.999287
1775117619105727,-0.0375283,-0.00170957,-0.999294
1775117619125726,-0.0376905,-0.00164162,-0.999288
1775117619145727,-0.0375503,-0.00172213,-0.999293
1775117619165726,-0.0376161,-0.00179918,-0.999291
1775117619185726,-0.037822,-0.00171182,-0.999283
1775117619205727,-0.0374732,-0.00146548,-0.999297
1775117619225727,-0.0371674,-0.00152032,-0.999308
1775117619245727,-0.0387081,-0.0018531,-0.999249
1775117619265726,-0.0388585,-0.00165207,-0.999243
1775117619285727,-0.0400104,-0.00107464,-0.999199
1775117619305727,-0.040422,-0.000745637,-0.999182
1775117619325726,-0.0413425,-0.000378576,-0.999145
1775117619345727,-0.0413523,-0.000395856,-0.999145
1775117619365727,-0.0416761,-0.000562772,-0.999131
1775117619385727,-0.0395191,-0.000125715,-0.999219
1775117619405728,-0.04254,-0.000775159,-0.999094
1775117619425727,-0.0425902,-0.000856675,-0.999092
1775117619445727,-0.04245,-0.000937045,-0.999098
1775117619465726,-0.0417809,-0.00075242,-0.999127
1775117619485727,-0.0420632,-0.00148301,-0.999114
1775117619505726,-0.042994,-0.00101755,-0.999075
1775117619525725,-0.0433287,-0.000346282,-0.999061
1775117619545728,-0.0462778,-0.00190411,-0.998927
1775117619565727,-0.0447583,-0.0017841,-0.998996
1775117619585727,-0.0443461,-0.000735055,-0.999016
1775117619605729,-0.0440623,-0.000496828,-0.999029
1775117619625726,-0.0443541,-0.000598915,-0.999016
1775117619645726,-0.0449932,-2.75587e-05,-0.998987
1775117619665731,-0.0457704,0.00102505,-0.998951
1775117619685727,-0.0457816,0.00142517,-0.99895
1775117619705726,-0.0460439,0.00171682,-0.998938
1775117619725727,-0.0470826,0.00283471,-0.998887
1775117619745726,-0.0469856,0.00261958,-0.998892
1775117619765727,-0.0465717,0.00262239,-0.998912
1775117619785726,-0.0461609,0.00308978,-0.998929
1775117619805727,-0.0465733,0.00396336,-0.998907
1775117619825726,-0.047682,0.00380033,-0.998855
1775117619845727,-0.0477871,0.00420761,-0.998849
1775117619865727,-0.0466017,0.00518681,-0.9989
1775117619885728,-0.0460291,0.0054752,-0.998925
1775117619905728,-0.0460335,0.00509221,-0.998927
1775117619925728,-0.0458104,0.00507989,-0.998937
1775117619945727,-0.0457771,0.00518623,-0.998938
1775117619965727,-0.0455334,0.00505245,-0.99895
1775117619985727,-0.0460199,0.00497799,-0.998928
1775117620005727,-0.0456353,0.00529731,-0.998944
1775117620025726,-0.0457594,0.00527649,-0.998939
1775117620045726,-0.0453819,0.00580689,-0.998953
1775117620065727,-0.0452069,0.0057396,-0.998961
1775117620085727,-0.0452297,0.00550725,-0.998961
1775117620105726,-0.0455443,0.00560135,-0.998947
1775117620125727,-0.0454112,0.00570357,-0.998952
1775117620145727,-0.0452278,0.00570773,-0.99896
1775117620165726,-0.0452532,0.00536452,-0.998961
1775117620185726,-0.0450296,0.00545051,-0.998971
1775117620205730,-0.0449015,0.00503646,-0.998979
1775117620225726,-0.0447776,0.00510877,-0.998984
1775117620245725,-0.0438086,0.00453052,-0.99903
1775117620265727,-0.0441266,0.00416618,-0.999017
1775117620285727,-0.0440059,0.00443407,-0.999021
1775117620305726,-0.0442864,0.00441887,-0.999009
1775117620325726,-0.0436116,0.00438918,-0.999039
1775117620345729,-0.0436174,0.00417505,-0.99904
1775117620365728,-0.0432487,0.00394717,-0.999057
1775117620385726,-0.0437762,0.00344723,-0.999035
1775117620405726,-0.0426247,0.00377801,-0.999084
1775117620425727,-0.0411008,0.00292499,-0.999151
1775117620445727,-0.0411618,0.003334,-0.999147
1775117620465727,-0.0413991,0.0022172,-0.99914
1775117620485727,-0.041005,0.00180081,-0.999157
1775117620505728,-0.0409249,0.00265013,-0.999159
1775117620525727,-0.0410202,0.00294141,-0.999154
1775117620545729,-0.036369,0.00285465,-0.999334
1775117620565727,-0.0367937,0.0033017,-0.999317
1775117620585727,-0.0380832,0.00219834,-0.999272
1775117620605726,-0.0383084,0.00222175,-0.999263
1775117620625727,-0.0380332,0.0010238,-0.999276
1775117620645727,-0.0377488,0.00062138,-0.999287
1775117620665727,-0.0418905,-0.000570208,-0.999122
1775117620685727,-0.0358228,0.000977278,-0.999358
1775117620705727,-0.0357909,0.00127652,-0.999358
1775117620725726,-0.035075,0.000753738,-0.999384
1775117620745726,-0.0342014,-0.00010075,-0.999415
1775117620765726,-0.0341629,-0.000633862,-0.999416
1775117620785726,-0.0348893,0.000303213,-0.999391
1775117620805726,-0.0349505,0.000244868,-0.999389
1775117620825726,-0.0342809,-0.000406313,-0.999412
1775117620845727,-0.0344727,-0.000306378,-0.999406
1775117620865726,-0.0340425,-0.000920968,-0.99942
1775117620885727,-0.0346699,-0.000671868,-0.999399
1775117620905725,-0.0341027,-0.000425598,-0.999418
1775117620925726,-0.0329052,-0.000590821,-0.999458
1775117620945727,-0.0327855,-0.00143171,-0.999461
1775117620965727,-0.0325539,-0.00162919,-0.999469
1775117620985727,-0.0324851,-0.00118374,-0.999472
1775117621005727,-0.0320684,-0.000610029,-0.999485
1775117621025727,-0.0320499,-0.000888955,-0.999486
1775117621045729,-0.0318784,-0.00141544,-0.999491
1775117621065747,-0.0317238,-0.00073768,-0.999496
1775117621085726,-0.0318305,-0.000584816,-0.999493
1775117621105727,-0.0318477,-0.000599024,-0.999493
1775117621125728,-0.0318376,-0.000546917,-0.999493
1775117621145727,-0.031704,-0.000724529,-0.999497
1775117621165727,-0.0316254,-0.000678488,-0.9995
1775117621185728,-0.0317393,-0.000930932,-0.999496
1775117621205726,-0.0316598,-0.000825847,-0.999498
1775117621225727,-0.0318273,-0.000868039,-0.999493
1775117621245727,-0.0317872,-0.00109647,-0.999494
1775117621265726,-0.0317512,-0.00117493,-0.999495
1775117621285727,-0.0316665,-0.00111637,-0.999498
1775117621305727,-0.0313662,-0.000835143,-0.999508
1775117621325728,-0.0332015,-0.00153159,-0.999448
1775117621345728,-0.0337846,-0.000393012,-0.999429
1775117621365727,-0.0339658,-0.000668791,-0.999423
1775117621385725,-0.0332972,0.000163525,-0.999445
1775117621405725,-0.0333352,0.000253997,-0.999444
1775117621425725,-0.0329089,0.000106049,-0.999458
1775117621445726,-0.033422,0.000242286,-0.999441
1775117621465727,-0.0358146,-6.0471e-05,-0.999358
1775117621485726,-0.0338468,0.00048582,-0.999427
1775117621505727,-0.0339323,0.000269285,-0.999424
1775117621525726,-0.0329115,-0.000160466,-0.999458
1775117621545727,-0.0344564,9.62381e-05,-0.999406
1775117621565728,-0.0342768,7.14516e-05,-0.999412
1775117621585728,-0.0374539,0.000972667,-0.999298
1775117621605728,-0.0373615,0.00110006,-0.999301
1775117621625728,-0.0381711,0.00180487,-0.99927
1775117621645778,-0.0380172,0.000327954,-0.999277
1775117621665782,-0.0381832,0.000723214,-0.99927
1775117621685729,-0.0392568,0.00186644,-0.999227
1775117621705728,-0.0380834,0.00200813,-0.999273
1775117621725728,-0.0382903,0.00198238,-0.999265
1775117621745728,-0.0403575,0.00269542,-0.999182
1775117621765730,-0.040428,0.00254781,-0.999179
1775117621785728,-0.0403713,0.00291532,-0.99918
1775117621805728,-0.040802,0.00298333,-0.999163
1775117621825730,-0.0407851,0.00368917,-0.999161
1775117621845729,-0.0401816,0.00392054,-0.999185
1775117621865728,-0.0416138,0.00351102,-0.999128
1775117621885728,-0.0418204,0.00386439,-0.999118
1775117621905727,-0.0422644,0.00457984,-0.999096
1775117621925730,-0.0429803,0.00463505,-0.999065
1775117621945729,-0.0442477,0.00477017,-0.999009
1775117621965731,-0.0443004,0.00549269,-0.999003
1775117621985730,-0.0448111,0.00541436,-0.998981
1775117622005729,-0.0443364,0.00500173,-0.999004
1775117622025729,-0.0456648,0.00531274,-0.998943
1775117622045729,-0.0455776,0.00538748,-0.998946
1775117622065728,-0.0461428,0.00528835,-0.998921
1775117622085731,-0.0459608,0.00548834,-0.998928
1775117622105729,-0.0458677,0.0051757,-0.998934
1775117622125730,-0.0456995,0.0050605,-0.998942
1775117622145729,-0.0452084,0.00523038,-0.998964
1775117622165730,-0.0460882,0.00569397,-0.998921
1775117622185728,-0.0464337,0.00546815,-0.998906
1775117622205728,-0.0464856,0.00572374,-0.998903
1775117622225730,-0.0461057,0.0050206,-0.998924
1775117622245731,-0.0462288,0.00479021,-0.998919
1775117622265731,-0.0461033,0.00507821,-0.998924
1775117622285730,-0.0460227,0.00434647,-0.998931
1775117622305728,-0.0470561,0.00377789,-0.998885
1775117622325731,-0.0466314,0.0037146,-0.998905
1775117622345730,-0.0474903,0.00419497,-0.998863
1775117622365733,-0.0474987,0.0037392,-0.998864
1775117622385731,-0.0468705,0.00382872,-0.998894
1775117622405731,-0.0470766,0.00420986,-0.998882
1775117622425730,-0.0469106,0.00340766,-0.998893
1775117622445730,-0.0466063,0.00283394,-0.998909
1775117622465729,-0.0469177,0.00340712,-0.998893
1775117622485730,-0.0467942,0.00204661,-0.998902
1775117622505729,-0.0466989,0.00252809,-0.998906
1775117622525728,-0.0460091,0.00212674,-0.998939
1775117622545728,-0.0464328,0.00173964,-0.99892
1775117622565728,-0.0468364,0.00159735,-0.998901
1775117622585729,-0.0459504,0.00170558,-0.998942
1775117622605729,-0.045359,0.0012686,-0.99897
1775117622625728,-0.0461506,0.00203572,-0.998932
1775117622645727,-0.0458958,0.00170475,-0.998945
1775117622665726,-0.0458037,0.00123852,-0.99895
1775117622685726,-0.0453838,1.33567e-05,-0.99897
1775117622705729,-0.0453586,-0.000157047,-0.998971
1775117622725727,-0.0451483,0.000282691,-0.99898
1775117622745726,-0.0451735,0.000724301,-0.998979
1775117622765725,-0.044534,3.16294e-05,-0.999008
1775117622785729,-0.041082,0.000469646,-0.999156
1775117622805726,-0.0437941,9.0694e-05,-0.999041
1775117622825725,-0.0422556,-0.000259248,-0.999107
1775117622845725,-0.041633,-0.0015368,-0.999132
1775117622865724,-0.0406257,-0.00119952,-0.999174
1775117622885724,-0.0417357,-0.00120982,-0.999128
1775117622905728,-0.041833,-0.0006577,-0.999124
1775117622925727,-0.0417126,-0.000625705,-0.999129
1775117622945725,-0.0412571,-0.00105154,-0.999148
1775117622965726,-0.0401303,-0.00129505,-0.999194
1775117622985725,-0.041754,-0.000646809,-0.999128
1775117623005724,-0.0423222,-0.000801639,-0.999104
1775117623025725,-0.0395108,-0.000780953,-0.999219
1775117623045725,-0.0411475,-0.000654723,-0.999153
1775117623065724,-0.0406314,-0.000647843,-0.999174
1775117623085727,-0.0402656,-0.00071164,-0.999189
1775117623105726,-0.0402042,-0.000600687,-0.999191
1775117623125824,-0.0398262,-0.000423894,-0.999207
1775117623145726,-0.0397894,-0.000664024,-0.999208
1775117623165724,-0.0399958,-0.000915232,-0.999199
1775117623185724,-0.0398696,-0.00130683,-0.999204
1775117623205724,-0.0398623,-0.00105057,-0.999205
1775117623225724,-0.0395439,-0.0010023,-0.999217
1775117623245726,-0.039325,-0.00102898,-0.999226
1775117623265727,-0.039145,-0.00092548,-0.999233
1775117623285726,-0.0392936,-0.00074663,-0.999227
1775117623305726,-0.038925,-0.000440687,-0.999242
1775117623325745,-0.0383706,-0.000346766,-0.999264
1775117623345724,-0.0382664,-0.000739442,-0.999267
1775117623365724,-0.0378912,-0.000656792,-0.999282
1775117623385750,-0.0379582,-0.000244367,-0.999279
1775117623405725,-0.0374551,0.000574614,-0.999298
1775117623425728,-0.0372962,-4.14597e-05,-0.999304
1775117623445695,-0.0367999,1.3936e-05,-0.999323
1775117623465727,-0.0359983,0.000134359,-0.999352
1775117623485726,-0.0370474,0.00105229,-0.999313
1775117623505727,-0.0366595,0.000612732,-0.999328
1775117623525727,-0.0375456,0.000491039,-0.999295
1775117623545727,-0.0383587,0.00111258,-0.999263
1775117623565726,-0.0386386,0.00171029,-0.999252
1775117623585727,-0.039146,0.0022405,-0.999231
1775117623605726,-0.0388976,0.00231025,-0.999241
1775117623625730,-0.0387488,0.00234227,-0.999246
1775117623645728,-0.0385368,0.00174414,-0.999256
1775117623665727,-0.0389993,0.00145209,-0.999238
1775117623685726,-0.0400962,0.00247563,-0.999193
1775117623705727,-0.0405559,0.00261212,-0.999174
1775117623725726,-0.0407871,0.00220953,-0.999165
1775117623745726,-0.0417067,0.00205109,-0.999128
1775117623765727,-0.0438358,0.00234848,-0.999036
1775117623785728,-0.0434307,0.00297668,-0.999052
1775117623805727,-0.0441994,0.00284806,-0.999019
1775117623825728,-0.044199,0.00343801,-0.999017
1775117623845727,-0.0440425,0.00360707,-0.999023
1775117623865727,-0.0445898,0.00397877,-0.998997
1775117623885727,-0.0446221,0.00411108,-0.998995
1775117623905727,-0.0439262,0.00419467,-0.999026
1775117623925725,-0.0432926,0.00440471,-0.999053
1775117623945727,-0.0431592,0.00408795,-0.99906
1775117623965726,-0.0427902,0.00425001,-0.999075
1775117623985729,-0.0432716,0.00446354,-0.999053
1775117624005725,-0.043593,0.00482038,-0.999038
1775117624025727,-0.0437252,0.00527678,-0.99903
1775117624045729,-0.0443678,0.0054192,-0.999001
1775117624065728,-0.0448406,0.00495892,-0.998982
1775117624085727,-0.0447913,0.00443113,-0.998987
1775117624105726,-0.0446146,0.00397971,-0.998996
1775117624125727,-0.0446042,0.00442909,-0.998995
1775117624145727,-0.0443339,0.00442068,-0.999007
1775117624165727,-0.044713,0.00385619,-0.998992
1775117624185727,-0.0442352,0.00304831,-0.999016
1775117624205728,-0.0439285,0.00359917,-0.999028
1775117624225726,-0.042819,0.00322073,-0.999078
1775117624245751,-0.0429658,0.00333509,-0.999071
1775117624265727,-0.0420913,0.00250832,-0.999111
1775117624285754,-0.0414776,0.00310081,-0.999135
1775117624305744,-0.0404649,0.00335306,-0.999175
1775117624325758,-0.0402648,0.00431986,-0.99918
1775117624345728,-0.0390045,0.00408474,-0.999231
1775117624365726,-0.0373936,0.00425688,-0.999292
1775117624385728,-0.035802,0.00353202,-0.999353
1775117624405728,-0.0355154,0.00365389,-0.999362
1775117624425751,-0.0327903,0.00384092,-0.999455
1775117624445727,-0.031655,0.00373916,-0.999492
1775117624465726,-0.030608,0.00482009,-0.99952
1775117624485753,-0.0293887,0.00565957,-0.999552
1775117624505727,-0.0272387,0.00590308,-0.999612
1775117624525729,-0.0251516,0.00727836,-0.999657
1775117624545727,-0.0219908,0.00790954,-0.999727
1775117624565726,-0.0193551,0.00908568,-0.999771
1775117624585727,-0.0183687,0.00993655,-0.999782
1775117624605728,-0.0158039,0.0103391,-0.999822
1775117624625729,-0.0125221,0.0104852,-0.999867
1775117624645727,-0.00832454,0.0109145,-0.999906
1775117624665727,-0.00658131,0.0119675,-0.999907
1775117624685727,-0.00236241,0.0121097,-0.999924
1775117624705726,0.000218137,0.0127784,-0.999918
1775117624725727,0.00249662,0.0120392,-0.999924
1775117624745727,0.00344528,0.0118083,-0.999924
1775117624765727,0.00680851,0.0128756,-0.999894
1775117624785727,0.00860153,0.0118993,-0.999892
1775117624805728,0.0105565,0.0118381,-0.999874
1775117624825727,0.0106434,0.0122864,-0.999868
1775117624845727,0.0118302,0.0114321,-0.999865
1775117624865727,0.0148488,0.011596,-0.999823
1775117624885727,0.0155519,0.0108746,-0.99982
1775117624905727,0.0185778,0.014626,-0.99972
1775117624925727,0.0193126,0.0140746,-0.999714
1775117624945727,0.0203497,0.0135063,-0.999702
1775117624965727,0.0169878,0.00992334,-0.999806
1775117624985727,0.0176816,0.00881074,-0.999805
1775117625005728,0.0163457,0.00810388,-0.999834
1775117625025728,0.0185746,0.0118831,-0.999757
1775117625045727,0.0158534,0.010473,-0.999819
1775117625065727,0.0134933,0.0103574,-0.999855
1775117625085728,0.0119331,0.00895366,-0.999889
1775117625105727,0.00915471,0.00814944,-0.999925
1775117625125730,0.00886284,0.00815152,-0.999927
1775117625145861,0.00503613,0.00691356,-0.999963
1775117625165781,0.000485262,0.00615378,-0.999981
1775117625185729,-0.00773453,0.00458982,-0.99996
1775117625205732,-0.0124481,0.00424167,-0.999914
1775117625225731,-0.0165248,0.00388688,-0.999856
1775117625245731,-0.0181822,0.00259785,-0.999831
1775117625265730,-0.021621,0.0015034,-0.999765
1775117625285729,-0.0248712,0.00149406,-0.99969
1775117625305732,-0.0265975,0.0010429,-0.999646
1775117625325732,-0.0331858,0.00111563,-0.999449
1775117625345731,-0.0401336,0.000136585,-0.999194
1775117625365730,-0.04415,-0.000176478,-0.999025
1775117625385729,-0.0482204,-0.00135254,-0.998836
1775117625405730,-0.0559987,-0.00136217,-0.99843
1775117625425730,-0.0599944,-0.0018812,-0.998197
1775117625445728,-0.0665218,-0.00110366,-0.997784
1775117625465728,-0.0685916,-0.00117029,-0.997644
1775117625485728,-0.0752168,-0.000627049,-0.997167
1775117625505730,-0.0799983,0.000796115,-0.996795
1775117625525731,-0.0831396,-0.000716215,-0.996538
1775117625545729,-0.0885788,-0.000607773,-0.996069
1775117625565729,-0.0929925,-0.00011427,-0.995667
1775117625585728,-0.0981479,0.00113235,-0.995171
1775117625605799,-0.0989491,0.00102627,-0.995092
1775117625625728,-0.103769,0.0027158,-0.994598
1775117625645730,-0.10901,0.00346478,-0.994035
1775117625665729,-0.112211,0.00388484,-0.993677
1775117625685729,-0.115216,0.0051103,-0.993327
1775117625705729,-0.119112,0.00469044,-0.99287
1775117625725729,-0.119021,0.0061039,-0.992873
1775117625745729,-0.122088,0.00591327,-0.992502
1775117625765729,-0.121142,0.00600312,-0.992617
1775117625785729,-0.12015,0.0066573,-0.992733
1775117625805729,-0.117776,0.00605845,-0.993022
1775117625825729,-0.116,0.00550238,-0.993234
1775117625845727,-0.114635,0.00577514,-0.993391
1775117625865725,-0.11352,0.00490513,-0.993524
1775117625885725,-0.112425,0.00792518,-0.993629
1775117625905728,-0.112576,0.00710655,-0.993618
1775117625925729,-0.111049,0.00700143,-0.99379
1775117625945730,-0.108325,0.00659363,-0.994094
1775117625965726,-0.107217,0.00653073,-0.994214
1775117625985725,-0.103302,0.0077535,-0.99462
1775117626005724,-0.09928,0.00848823,-0.995023
1775117626025725,-0.096175,0.00720361,-0.995338
1775117626045724,-0.0925114,0.00734356,-0.995685
1775117626065724,-0.0916938,0.00611475,-0.995768
1775117626085727,-0.0850118,0.0065788,-0.996358
1775117626105728,-0.0818151,0.00607436,-0.996629
1775117626125731,-0.0782979,0.00510838,-0.996917
1775117626145728,-0.0726388,0.00431669,-0.997349
1775117626165728,-0.069273,0.00357543,-0.997591
1775117626185729,-0.0620757,0.00487438,-0.99806
1775117626205728,-0.0595884,0.00356844,-0.998217
1775117626225730,-0.0585642,0.00168274,-0.998282
1775117626245799,-0.0522196,0.00493225,-0.998623
1775117626265729,-0.0496541,0.00291408,-0.998762
1775117626285727,-0.0421429,0.00491249,-0.9991
1775117626305726,-0.0380074,0.00385392,-0.99927
1775117626325726,-0.0327641,0.00489998,-0.999451
1775117626345728,-0.0305007,0.00359402,-0.999528
1775117626365729,-0.0233379,0.00648694,-0.999707
1775117626385729,-0.0184666,0.00639654,-0.999809
1775117626405726,-0.0172474,0.00630431,-0.999831
1775117626425733,-0.014134,0.0067447,-0.999877
1775117626445724,-0.0118518,0.007129,-0.999904
1775117626465724,-0.00928685,0.0074108,-0.999929
1775117626485724,-0.00891345,0.00705216,-0.999935
1775117626505724,-0.00754714,0.00688817,-0.999948
1775117626525724,-0.00637997,0.00745975,-0.999952
1775117626545729,-0.00327082,0.00754906,-0.999966
1775117626565729,-0.00277385,0.00792609,-0.999965
1775117626585726,0.000167235,0.00780999,-0.999969
1775117626605725,0.000585184,0.00859029,-0.999963
1775117626625725,0.00219051,0.00822484,-0.999964
1775117626645724,0.00532247,0.00710864,-0.999961
1775117626665724,0.00359494,0.00617546,-0.999974
1775117626685724,0.00468305,0.00709127,-0.999964
1775117626705779,0.0040098,0.00585829,-0.999975
1775117626725731,0.00339331,0.00571972,-0.999978
1775117626745729,0.00299608,0.00516832,-0.999982
1775117626765728,0.00128085,0.00456708,-0.999989
1775117626785727,-4.20096e-05,0.00390028,-0.999992
1775117626805767,-0.00159768,0.003308,-0.999993
1775117626825727,-0.00400468,0.00296547,-0.999988
1775117626845727,-0.00688888,0.0035576,-0.99997
1775117626865729,-0.010918,0.002829,-0.999936
1775117626885729,-0.0146565,0.00177733,-0.999891
1775117626905735,-0.0152882,0.00102723,-0.999883
1775117626925727,-0.016163,0.00140084,-0.999868
1775117626945729,-0.0188071,0.00104803,-0.999823
1775117626965762,-0.0198421,0.000654743,-0.999803
1775117626985728,-0.0247791,0.000420089,-0.999693
1775117627005727,-0.0282294,4.95888e-05,-0.999601
1775117627025729,-0.0311032,-0.00128878,-0.999515
1775117627045727,-0.0347686,-0.000751941,-0.999395
1775117627065728,-0.0367694,-0.000484825,-0.999324
1775117627085728,-0.0415605,-0.00196572,-0.999134
1775117627105729,-0.040676,-0.000313138,-0.999172
1775117627125729,-0.0478073,-0.00228785,-0.998854
1775117627145728,-0.0495638,-0.00100187,-0.99877
1775117627165728,-0.0507828,-0.00107494,-0.998709
1775117627185728,-0.0515178,-0.00121652,-0.998671
1775117627205728,-0.0554823,-0.000442814,-0.99846
1775117627225730,-0.056075,-0.000615219,-0.998426
1775117627245729,-0.0582787,-0.000183877,-0.9983
1775117627265773,-0.0595437,-0.00016236,-0.998226
1775117627285729,-0.0629873,-0.00203136,-0.998012
1775117627305729,-0.0628358,9.16592e-05,-0.998024
1775117627325729,-0.0634272,1.6469e-05,-0.997986
1775117627345729,-0.0654043,0.000545621,-0.997859
1775117627365729,-0.0667723,0.00126166,-0.997767
1775117627385729,-0.0661135,0.000793582,-0.997812
1775117627405729,-0.0690098,0.00147659,-0.997615
1775117627425730,-0.0684587,0.00140303,-0.997653
1775117627445727,-0.0698432,0.00177637,-0.997556
1775117627465726,-0.0714446,0.00150858,-0.997443
1775117627485705,-0.0731844,0.00326421,-0.997313
1775117627505730,-0.0728512,0.00320956,-0.997338
1775117627525728,-0.0747263,0.00393682,-0.997196
1775117627545728,-0.0792884,0.0031547,-0.996847
1775117627565724,-0.0777829,0.00452905,-0.99696
1775117627585724,-0.0843339,0.00362799,-0.996431
1775117627605725,-0.0840336,0.0043661,-0.996453
1775117627625725,-0.0817806,0.00616983,-0.996631
1775117627645726,-0.0821787,0.00557265,-0.996602
1775117627665726,-0.0827135,0.0051603,-0.99656
1775117627685724,-0.0833036,0.00593996,-0.996507
1775117627705724,-0.0856529,0.00802124,-0.996293
1775117627725723,-0.0836864,0.00728592,-0.996466
1775117627745723,-0.0834843,0.00768049,-0.996479
1775117627765724,-0.0816084,0.00790912,-0.996633
1775117627785725,-0.0793369,0.00719234,-0.996822
1775117627805725,-0.0799426,0.00763412,-0.99677
1775117627825712,-0.0807072,0.00901321,-0.996697
1775117627845732,-0.0792487,0.00995795,-0.996805
1775117627865730,-0.0771137,0.00813998,-0.996989
1775117627885729,-0.0740078,0.0102466,-0.997205
1775117627905729,-0.073695,0.0102387,-0.997228
1775117627925729,-0.0730347,0.0101708,-0.997278
1775117627945728,-0.0691619,0.00924235,-0.997563
1775117627965728,-0.0696473,0.00979358,-0.997524
1775117627985729,-0.0649299,0.0106356,-0.997833
1775117628005730,-0.0638287,0.0106311,-0.997904
1775117628025730,-0.0628626,0.00964041,-0.997976
1775117628045729,-0.0602397,0.0104952,-0.998129
1775117628065729,-0.0595876,0.0106237,-0.998167
1775117628085734,-0.0570689,0.0105406,-0.998315
1775117628105726,-0.0557212,0.0113611,-0.998382
1775117628125726,-0.055835,0.010841,-0.998381
1775117628145725,-0.0557843,0.0105715,-0.998387
1775117628165724,-0.0543923,0.0104227,-0.998465
1775117628185726,-0.0530959,0.0111988,-0.998527
1775117628205728,-0.0484302,0.0108247,-0.998768
1775117628225727,-0.0483521,0.0107994,-0.998772
1775117628245725,-0.0479182,0.00901338,-0.998811
1775117628265734,-0.0451203,0.00992018,-0.998932
1775117628285724,-0.0439759,0.0101605,-0.998981
1775117628305724,-0.0421019,0.00982701,-0.999065
1775117628325724,-0.0427586,0.00782132,-0.999055
1775117628345725,-0.0379116,0.00849376,-0.999245
1775117628365724,-0.0362506,0.00824541,-0.999309
1775117628385724,-0.0349244,0.00833999,-0.999355
1775117628405724,-0.0330328,0.00840333,-0.999419
1775117628425724,-0.0310637,0.0072389,-0.999491
1775117628445725,-0.0288892,0.00752603,-0.999554
1775117628465728,-0.0297639,0.00637138,-0.999537
1775117628485726,-0.0275202,0.00529679,-0.999607
1775117628505729,-0.0262551,0.00494452,-0.999643
1775117628525727,-0.02518,0.00524063,-0.999669
1775117628545725,-0.0239134,0.00469832,-0.999703
1775117628565725,-0.0229856,0.0041254,-0.999727
1775117628585728,-0.0216492,0.00305422,-0.999761
1775117628605730,-0.0216608,0.00307627,-0.999761
1775117628625729,-0.02101,0.00311644,-0.999774
1775117628645730,-0.0206385,0.00129834,-0.999786
1775117628665727,-0.0195374,0.00229931,-0.999806
1775117628685730,-0.0182261,0.00195164,-0.999832
1775117628705728,-0.0178225,0.00143603,-0.99984
1775117628725728,-0.0169869,0.000610632,-0.999856
1775117628745728,-0.0162331,0.00150967,-0.999867
1775117628765728,-0.0177607,-7.19017e-05,-0.999842
1775117628785729,-0.0179161,0.000741747,-0.999839
1775117628805728,-0.0179112,0.000494487,-0.999839
1775117628825729,-0.0176138,-0.000478658,-0.999845
1775117628845730,-0.0178226,-0.000362371,-0.999841
1775117628865728,-0.0186687,-0.000164664,-0.999826
1775117628885729,-0.0183453,-0.00116181,-0.999831
1775117628905727,-0.0184736,-0.00126072,-0.999829
1775117628925726,-0.0193401,-0.00167041,-0.999812
1775117628945728,-0.0190205,-0.000573727,-0.999819
1775117628965727,-0.0177059,-0.00126697,-0.999842
1775117628985737,-0.0201631,-0.000652341,-0.999796
1775117629005729,-0.0206946,-0.000269235,-0.999786
1775117629025734,-0.0215193,-0.000380274,-0.999768
1775117629045729,-0.0224571,-0.000263407,-0.999748
1775117629065729,-0.0240458,-0.000798311,-0.999711
1775117629085728,-0.027137,-0.00231133,-0.999629
1775117629105731,-0.0261223,-0.000369006,-0.999659
1775117629125729,-0.02513,-0.00137807,-0.999683
1775117629145728,-0.0289559,-0.000304923,-0.999581
1775117629165728,-0.0269282,0.000205702,-0.999637
1775117629185728,-0.0292685,-0.000488245,-0.999571
1775117629205727,-0.0312078,0.000338919,-0.999513
1775117629225727,-0.0326752,-0.00010604,-0.999466
1775117629245728,-0.0350797,0.00111953,-0.999384
1775117629265733,-0.0355542,-0.000371428,-0.999368
1775117629285730,-0.0374358,-0.000199446,-0.999299
1775117629305730,-0.0391102,0.0017749,-0.999233
1775117629325730,-0.0395084,0.00158096,-0.999218
1775117629345730,-0.042798,0.00257316,-0.99908
1775117629365729,-0.0432727,0.00237737,-0.99906
1775117629385728,-0.0458383,0.00320049,-0.998944
1775117629405729,-0.0460367,0.00263724,-0.998936
1775117629425729,-0.0482528,0.00255653,-0.998832
1775117629445730,-0.0508689,0.00400708,-0.998697
1775117629465729,-0.0507285,0.00473415,-0.998701
1775117629485728,-0.0529171,0.00381128,-0.998592
1775117629505728,-0.0550504,0.00451775,-0.998473
1775117629525728,-0.054636,0.0050887,-0.998493
1775117629545727,-0.0572103,0.00539843,-0.998348
1775117629565727,-0.0585544,0.00566432,-0.998268
1775117629585729,-0.0595686,0.0067772,-0.998201
1775117629605729,-0.0591631,0.00646289,-0.998227
1775117629625728,-0.063395,0.00612624,-0.99797
1775117629645729,-0.0636637,0.00630222,-0.997952
1775117629665728,-0.0638422,0.00805782,-0.997927
1775117629685731,-0.0667719,0.00749041,-0.99774
1775117629705729,-0.0671795,0.00712313,-0.997715
1775117629725730,-0.0657142,0.00831351,-0.997804
1775117629745730,-0.0675254,0.00867196,-0.99768
1775117629765729,-0.0681337,0.00956002,-0.99763
1775117629785729,-0.0715194,0.0093578,-0.997395
1775117629805732,-0.0716979,0.00898016,-0.997386
1775117629825729,-0.0717982,0.00913852,-0.997377
1775117629845730,-0.0708303,0.00953509,-0.997443
1775117629865730,-0.071839,0.0100532,-0.997366
1775117629885728,-0.0728181,0.0102774,-0.997292
1775117629905728,-0.0717816,0.00995578,-0.997371
1775117629925736,-0.0722227,0.0108257,-0.99733
1775117629945729,-0.0714697,0.0111115,-0.997381
1775117629965730,-0.0715058,0.0110962,-0.997378
1775117629985728,-0.0711729,0.0115552,-0.997397
1775117630005728,-0.0713269,0.011377,-0.997388
1775117630025725,-0.0721713,0.0107597,-0.997334
1775117630045727,-0.0707246,0.00991228,-0.997447
1775117630065730,-0.0706559,0.0101763,-0.997449
1775117630085729,-0.0682288,0.00994532,-0.99762
1775117630105728,-0.0694682,0.0109291,-0.997524
1775117630125727,-0.0683312,0.0106013,-0.997606
1775117630145728,-0.068657,0.00932613,-0.997597
1775117630165727,-0.0668494,0.0101002,-0.997712
1775117630185727,-0.064103,0.0101528,-0.997892
1775117630205727,-0.0671075,0.00697013,-0.997721
1775117630225728,-0.0636245,0.0096403,-0.997927
1775117630245727,-0.0620035,0.00894833,-0.998036
1775117630265728,-0.0619543,0.00721219,-0.998053
1775117630285727,-0.0579015,0.00928043,-0.998279
1775117630305727,-0.0581657,0.00773294,-0.998277
1775117630325728,-0.0572649,0.00786682,-0.998328
1775117630345729,-0.0526791,0.0085776,-0.998575
1775117630365728,-0.0549134,0.00624404,-0.998472
1775117630385728,-0.0524345,0.00591872,-0.998607
1775117630405728,-0.0506945,0.00605638,-0.998696
1775117630425727,-0.0483809,0.00631958,-0.998809
1775117630445727,-0.0452223,0.00658259,-0.998955
1775117630465728,-0.0435878,0.00628082,-0.99903
1775117630485727,-0.0458502,0.00426418,-0.998939
1775117630505728,-0.0427064,0.00420598,-0.999079
1775117630525727,-0.043298,0.00359751,-0.999056
1775117630545728,-0.0374223,0.00436932,-0.99929
1775117630565727,-0.036139,0.00470045,-0.999336
1775117630585727,-0.034284,0.00541137,-0.999397
1775117630605728,-0.035438,0.00246849,-0.999369
1775117630625729,-0.0342909,0.00266679,-0.999408
1775117630645727,-0.0316446,0.00327876,-0.999494
1775117630665728,-0.0304587,0.00301428,-0.999531
1775117630685714,-0.02981,0.00266862,-0.999552
1775117630705730,-0.0294124,0.00184406,-0.999566
1775117630725728,-0.0269983,0.0025856,-0.999632
1775117630745737,-0.0256852,0.00151092,-0.999669
1775117630765728,-0.0252065,0.00162655,-0.999681
1775117630785727,-0.0244997,0.00183755,-0.999698
1775117630805728,-0.0239859,0.0017216,-0.999711
1775117630825727,-0.0233914,0.00170714,-0.999725
1775117630845737,-0.0222281,4.14783e-05,-0.999753
1775117630865729,-0.0214112,0.000443948,-0.999771
1775117630885728,-0.0218857,-4.91732e-05,-0.99976
1775117630905727,-0.0207393,0.000648866,-0.999785
1775117630925727,-0.0203679,0.000166596,-0.999793
1775117630945727,-0.0204603,0.000875656,-0.99979
1775117630965727,-0.0201461,0.000849021,-0.999797
1775117630985727,-0.0183957,-0.00097237,-0.99983
1775117631005735,-0.0185177,-0.000936654,-0.999828
1775117631025728,-0.0182232,-0.0010113,-0.999833
1775117631045728,-0.0191473,-0.00132767,-0.999816
1775117631065728,-0.0188191,-0.00111717,-0.999822
1775117631085727,-0.0190266,-0.000787824,-0.999819
1775117631105729,-0.0191931,-8.97027e-05,-0.999816
1775117631125727,-0.0195061,-5.45266e-05,-0.99981
1775117631145728,-0.0198611,-0.000609596,-0.999803
1775117631165732,-0.0204256,3.9478e-05,-0.999791
1775117631185727,-0.0215675,-0.000135845,-0.999767
1775117631205727,-0.0215306,0.000653911,-0.999768
1775117631225728,-0.020775,0.000518022,-0.999784
1775117631245728,-0.0216375,0.000704257,-0.999766
1775117631265730,-0.0242111,0.00106788,-0.999706
1775117631285730,-0.025479,0.00226254,-0.999673
1775117631305807,-0.0266405,0.00171173,-0.999644
1775117631325729,-0.0267558,0.00130099,-0.999641
1775117631345792,-0.0283393,0.00152621,-0.999597
1775117631365730,-0.0296773,0.00136896,-0.999559
1775117631385728,-0.0307156,0.0023084,-0.999525
1775117631405728,-0.0314137,0.00224615,-0.999504
1775117631425729,-0.0324252,0.00260317,-0.999471
1775117631445729,-0.0343623,0.00381048,-0.999402
1775117631465734,-0.0355244,0.00356089,-0.999362
1775117631485728,-0.0376269,0.00454007,-0.999282
1775117631505727,-0.0384713,0.00401863,-0.999252
1775117631525728,-0.0405307,0.00515842,-0.999165
1775117631545728,-0.0407913,0.00490586,-0.999156
1775117631565727,-0.0414117,0.00487385,-0.99913
1775117631585729,-0.0434629,0.005506,-0.99904
1775117631605729,-0.0486278,0.00637377,-0.998797
1775117631625731,-0.0474623,0.00745026,-0.998845
1775117631645728,-0.0520486,0.00861257,-0.998607
1775117631665729,-0.0526552,0.00875903,-0.998574
1775117631685731,-0.0527069,0.00745667,-0.998582
1775117631705729,-0.055514,0.00695054,-0.998434
1775117631725728,-0.0548654,0.00810543,-0.998461
1775117631745730,-0.0565307,0.00789069,-0.99837
1775117631765728,-0.0565596,0.00968529,-0.998352
1775117631785729,-0.0569363,0.00852958,-0.998341
1775117631805727,-0.0605237,0.00863946,-0.998129
1775117631825728,-0.063354,0.00951757,-0.997946
1775117631845729,-0.0623451,0.0101863,-0.998003
1775117631865730,-0.0652208,0.00995244,-0.997821
1775117631885728,-0.0658593,0.00943697,-0.997784
1775117631905728,-0.0659658,0.00940456,-0.997778
1775117631925729,-0.0654989,0.0100086,-0.997802
1775117631945729,-0.0658425,0.0108118,-0.997771
1775117631965686,-0.0680721,0.0106853,-0.997623
1775117631985730,-0.0698463,0.00949646,-0.997513
1775117632005731,-0.0687099,0.0102614,-0.997584
1775117632025731,-0.0679514,0.0105527,-0.997633
1775117632045725,-0.0682595,0.0102358,-0.997615
1775117632065724,-0.0681995,0.0103769,-0.997618
1775117632085732,-0.0684629,0.010597,-0.997597
1775117632105730,-0.0698383,0.0103189,-0.997505
1775117632125729,-0.0698747,0.00947252,-0.997511
1775117632145728,-0.0710789,0.00837498,-0.997436
1775117632165729,-0.0709649,0.00833259,-0.997444
1775117632185726,-0.072258,0.00712353,-0.997361
1775117632205725,-0.0706294,0.00792456,-0.997471
1775117632225726,-0.0702124,0.00776291,-0.997502
1775117632245727,-0.069127,0.00679188,-0.997585
1775117632265727,-0.0691338,0.00669112,-0.997585
1775117632285726,-0.0678042,0.00618954,-0.997679
1775117632305725,-0.0673923,0.00633931,-0.997706
1775117632325725,-0.0669886,0.00534932,-0.997739
1775117632345725,-0.0666694,0.00569582,-0.997759
1775117632365724,-0.0653327,0.00523034,-0.99785
1775117632385724,-0.0639956,0.00546996,-0.997935
1775117632405732,-0.0624128,0.00561913,-0.998035
1775117632425727,-0.0622306,0.00552185,-0.998047
1775117632445727,-0.0595719,0.00537119,-0.99821
1775117632465727,-0.0582801,0.00534603,-0.998286
1775117632485729,-0.0570823,0.00551422,-0.998354
1775117632505727,-0.0555176,0.00496713,-0.998445
1775117632525726,-0.0539176,0.00429741,-0.998536
1775117632545729,-0.0535988,0.00321475,-0.998557
1775117632565728,-0.053448,0.00377399,-0.998564
1775117632585728,-0.0509266,0.0040909,-0.998694
1775117632605736,-0.0486669,0.00336072,-0.998809
1775117632625739,-0.0479748,0.00248811,-0.998845
1775117632645738,-0.0479194,0.00335746,-0.998846
1775117632665729,-0.0437769,0.00304813,-0.999037
1775117632685733,-0.0424178,0.0029241,-0.999096
1775117632705729,-0.0427608,0.0029505,-0.999081
1775117632725729,-0.0416609,0.00240339,-0.999129
1775117632745729,-0.040574,0.000761434,-0.999176
1775117632765729,-0.0386392,0.0011279,-0.999253
1775117632785728,-0.0370748,0.00154179,-0.999311
1775117632805730,-0.0359787,0.000907628,-0.999352
1775117632825730,-0.0335411,-0.000369746,-0.999437
1775117632845731,-0.0317972,0.000601458,-0.999494
1775117632865729,-0.0328711,0.00114794,-0.999459
1775117632885734,-0.0301406,-0.000781197,-0.999545
1775117632905729,-0.0303891,0.00106709,-0.999538
1775117632925728,-0.0277673,0.00121138,-0.999614
1775117632945727,-0.0266804,0.000592277,-0.999644
1775117632965728,-0.0257456,0.000626781,-0.999668
1775117632985729,-0.0243245,0.000513706,-0.999704
1775117633005728,-0.0221668,0.000352727,-0.999754
1775117633025728,-0.0226309,-9.24648e-05,-0.999744
1775117633045729,-0.022516,0.000513937,-0.999746
1775117633065728,-0.0215644,0.000384961,-0.999767
1775117633085733,-0.0211207,0.00022184,-0.999777
1775117633105729,-0.0209545,0.000201941,-0.99978
1775117633125727,-0.0208396,0.000187762,-0.999783
1775117633145728,-0.0206136,0.00044105,-0.999787
1775117633165728,-0.0205635,0.000164119,-0.999789
1775117633185727,-0.0198167,0.000580435,-0.999803
1775117633205728,-0.0199574,0.000480754,-0.999801
1775117633225728,-0.0195912,0.000652015,-0.999808
1775117633245728,-0.0192328,0.000619359,-0.999815
1775117633265729,-0.019249,0.000977224,-0.999814
1775117633285728,-0.0201423,0.00103147,-0.999797
1775117633305726,-0.0206877,0.00113527,-0.999785
1775117633325727,-0.0212516,0.00168817,-0.999773
1775117633345739,-0.0213232,0.00240026,-0.99977
1775117633365725,-0.0216897,0.00222031,-0.999762
1775117633385725,-0.0234278,0.00318317,-0.99972
1775117633405725,-0.0228471,0.00222272,-0.999737
1775117633425725,-0.021151,0.00316093,-0.999771
1775117633445724,-0.0248384,0.00444262,-0.999682
1775117633465728,-0.0253052,0.00478626,-0.999668
1775117633485729,-0.026866,0.0046515,-0.999628
1775117633505728,-0.0272939,0.00443561,-0.999618
1775117633525727,-0.0282392,0.00509624,-0.999588
1775117633545724,-0.0305142,0.00506672,-0.999521
1775117633565725,-0.031344,0.00570734,-0.999492
1775117633585725,-0.0315326,0.00533115,-0.999489
1775117633605726,-0.0320217,0.00541676,-0.999472
1775117633625748,-0.0353001,0.00721826,-0.999351
1775117633645726,-0.0361015,0.007228,-0.999322
1775117633665726,-0.0371548,0.00633347,-0.999289
1775117633685725,-0.0389078,0.00649029,-0.999222
1775117633705728,-0.0420177,0.00685403,-0.999093
1775117633725725,-0.0435072,0.00654478,-0.999032
1775117633745725,-0.0427346,0.00711837,-0.999061
1775117633765724,-0.0447004,0.00832225,-0.998966
1775117633785745,-0.0464892,0.00821916,-0.998885
1775117633805724,-0.0469343,0.0083562,-0.998863
1775117633825723,-0.0494802,0.0087667,-0.998737
1775117633845726,-0.050458,0.00928907,-0.998683
1775117633865728,-0.051761,0.00807246,-0.998627
1775117633885728,-0.0531057,0.00924621,-0.998546
1775117633905728,-0.0549102,0.00748857,-0.998463
1775117633925728,-0.0570798,0.00787623,-0.998339
1775117633945728,-0.0562929,0.00917246,-0.998372
1775117633965728,-0.057614,0.00925802,-0.998296
1775117633985728,-0.0600306,0.00778348,-0.998166
1775117634005731,-0.0620135,0.0073054,-0.998049
1775117634025730,-0.0611798,0.00969377,-0.99808
1775117634045728,-0.0648385,0.00660551,-0.997874
1775117634065728,-0.0641518,0.00774483,-0.99791
1775117634085729,-0.064452,0.00772356,-0.997891
1775117634105731,-0.0657076,0.00753768,-0.99781
1775117634125728,-0.0665088,0.00737488,-0.997759
1775117634145728,-0.0668067,0.00680067,-0.997743
1775117634165728,-0.067379,0.00663184,-0.997705
1775117634185727,-0.0649056,0.00843005,-0.997856
1775117634205728,-0.0682729,0.00627773,-0.997647
1775117634225727,-0.069599,0.00534257,-0.997561
1775117634245728,-0.0685826,0.00608024,-0.997627
1775117634265728,-0.0688112,0.00588052,-0.997612
1775117634285727,-0.0674188,0.00701316,-0.9977
1775117634305729,-0.0687874,0.00597104,-0.997613
1775117634325727,-0.0696074,0.00569857,-0.997558
1775117634345727,-0.0690526,0.00595075,-0.997595
1775117634365727,-0.0689433,0.00540508,-0.997606
1775117634385727,-0.0683986,0.00471691,-0.997647
1775117634405728,-0.0683716,0.00517524,-0.997646
1775117634425736,-0.066273,0.00649366,-0.99778
1775117634445728,-0.0663468,0.00606206,-0.997778
1775117634465728,-0.0656092,0.00548949,-0.99783
1775117634485727,-0.0657803,0.00528161,-0.99782
1775117634505730,-0.0651534,0.00519836,-0.997862
1775117634525728,-0.0633891,0.00468228,-0.997978
1775117634545727,-0.0630367,0.00484451,-0.997999
1775117634565727,-0.0631015,0.00447027,-0.997997
1775117634585727,-0.0611824,0.00371161,-0.99812
1775117634605728,-0.0596975,0.002915,-0.998212
1775117634625728,-0.0605514,0.00222474,-0.998163
1775117634645727,-0.0583826,0.00396282,-0.998286
1775117634665728,-0.0588421,0.00222194,-0.998265
1775117634685727,-0.0584076,0.00260548,-0.998289
1775117634705729,-0.0550075,0.00260882,-0.998483
1775117634725727,-0.0546937,0.00306735,-0.998498
1775117634745727,-0.0515347,0.00151029,-0.99867
1775117634765727,-0.0506562,0.00189733,-0.998714
1775117634785727,-0.0499435,0.001048,-0.998751
1775117634805727,-0.0499304,0.00353697,-0.998746
1775117634825728,-0.0463181,0.00158939,-0.998925
1775117634845727,-0.0445715,0.00152933,-0.999005
1775117634865727,-0.0428937,0.000723981,-0.999079
1775117634885727,-0.0427613,0.00189638,-0.999084
1775117634905729,-0.0406127,0.00240469,-0.999172
1775117634925728,-0.0407847,0.00178131,-0.999166
1775117634945727,-0.0382104,0.000446593,-0.99927
1775117634965728,-0.0369367,0.00116264,-0.999317
1775117634985728,-0.0356531,-4.65599e-05,-0.999364
1775117635005727,-0.0346581,0.000969957,-0.999399
1775117635025729,-0.0326438,0.00150331,-0.999466
1775117