0,-0.00171661,0.0673304,0.420577,-0.0967045,-0.145963,0.0108428,-0.0669489,0.0375757,0.815404,0.0772486,-0.0728951,-0.13647,-0.511368
0.02,-0.00181228,0.0643178,0.402166,-0.0990524,-0.145044,0.0106259,-0.0654799,0.0384902,0.809096,0.0799856,-0.0734372,-0.133741,-0.50114
0.04,-0.00190795,0.0613051,0.383754,-0.1014,-0.144124,0.0104091,-0.0640109,0.0394047,0.802788,0.0827226,-0.0739793,-0.131011,-0.490913
0.06,-0.00200362,0.0582925,0.365342,-0.103748,-0.143205,0.0101922,-0.062542,0.0403192,0.79648,0.0854597,-0.0745214,-0.128282,-0.480686
0.08,-0.00209928,0.0552799,0.346931,-0.106096,-0.142286,0.00997538,-0.061073,0.0412337,0.790172,0.0881967,-0.0750635,-0.125553,-0.470458
0.1,-0.00219495,0.0522673,0.328519,-0.108444,-0.141367,0.00975852,-0.059604,0.0421481,0.783864,0.0909337,-0.0756056,-0.122823,-0.460231
0.12,-0.00229062,0.0492547,0.310108,-0.110792,-0.140447,0.00954166,-0.058135,0.0430626,0.777555,0.0936707,-0.0761477,-0.120094,-0.450004
0.14,-0.00238629,0.0462421,0.291696,-0.11314,-0.139528,0.00932481,-0.056666,0.0439771,0.771247,0.0964078,-0.0766897,-0.117364,-0.439776
0.16,-0.00248196,0.0432295,0.273285,-0.115488,-0.138609,0.00910795,-0.0551971,0.0448916,0.764939,0.0991448,-0.0772318,-0.114635,-0.429549
0.18,-0.00257762,0.0402169,0.254873,-0.117836,-0.13769,0.0088911,-0.0537281,0.0458061,0.758631,0.101882,-0.0777739,-0.111905,-0.419322
0.2,-0.00267329,0.0372043,0.236462,-0.120184,-0.13677,0.00867424,-0.0522591,0.0467206,0.752323,0.104619,-0.078316,-0.109176,-0.409094
0.22,-0.00276896,0.0341917,0.21805,-0.122531,-0.135851,0.00845738,-0.0507901,0.0476351,0.746015,0.107356,-0.0788581,-0.106447,-0.398867
0.24,-0.00286463,0.0311791,0.199639,-0.124879,-0.134932,0.00824053,-0.0493212,0.0485495,0.739707,0.110093,-0.0794002,-0.103717,-0.38864
0.26,-0.00296029,0.0281665,0.181227,-0.127227,-0.134013,0.00802367,-0.0478522,0.049464,0.733399,0.11283,-0.0799423,-0.100988,-0.378412
0.28,-0.00305596,0.0251539,0.162815,-0.129575,-0.133093,0.00780682,-0.0463832,0.0503785,0.727091,0.115567,-0.0804844,-0.0982585,-0.368185
0.3,-0.00315163,0.0221413,0.144404,-0.131923,-0.132174,0.00758996,-0.0449142,0.051293,0.720783,0.118304,-0.0810265,-0.0955291,-0.357957
0.32,-0.0032473,0.0191286,0.125992,-0.134271,-0.131255,0.0073731,-0.0434452,0.0522075,0.714475,0.121041,-0.0815686,-0.0927997,-0.34773
0.34,-0.00334297,0.016116,0.107581,-0.136619,-0.130336,0.00715625,-0.0419763,0.053122,0.708167,0.123778,-0.0821107,-0.0900703,-0.337503
0.36,-0.00343863,0.0131034,0.0891693,-0.138967,-0.129416,0.00693939,-0.0405073,0.0540365,0.701859,0.126515,-0.0826528,-0.0873409,-0.327275
0.38,-0.0035343,0.0100908,0.0707578,-0.141315,-0.128497,0.00672254,-0.0390383,0.0549509,0.69555,0.129252,-0.0831949,-0.0846115,-0.317048
0.4,-0.00362997,0.00707822,0.0523462,-0.143663,-0.127578,0.00650568,-0.0375693,0.0558654,0.689242,0.131989,-0.083737,-0.0818821,-0.306821
0.42,-0.00372564,0.00406561,0.0339347,-0.146011,-0.126659,0.00628882,-0.0361004,0.0567799,0.682934,0.134726,-0.0842791,-0.0791527,-0.296593
0.44,-0.0038213,0.001053,0.0155231,-0.148359,-0.125739,0.00607197,-0.0346314,0.0576944,0.676626,0.137463,-0.0848212,-0.0764233,-0.286366
0.46,-0.00391697,-0.00195961,-0.00288839,-0.150706,-0.12482,0.00585511,-0.0331624,0.0586089,0.670318,0.1402,-0.0853633,-0.0736939,-0.276139
0.48,-0.00401264,-0.00497221,-0.0212999,-0.153054,-0.123901,0.00563826,-0.0316934,0.0595234,0.66401,0.142937,-0.0859054,-0.0709645,-0.265911
0.5,-0.00410831,-0.00798482,-0.0397115,-0.155402,-0.122981,0.0054214,-0.0302244,0.0604379,0.657702,0.145674,-0.0864475,-0.0682351,-0.255684
0.52,-0.00420397,-0.0109974,-0.058123,-0.15775,-0.122062,0.00520454,-0.0287555,0.0613523,0.651394,0.148411,-0.0869896,-0.0655057,-0.245457
0.54,-0.00429964,-0.01401,-0.0765346,-0.160098,-0.121143,0.00498769,-0.0272865,0.0622668,0.645086,0.151148,-0.0875317,-0.0627763,-0.235229
0.56,-0.00439531,-0.0170226,-0.0949461,-0.162446,-0.120224,0.00477083,-0.0258175,0.0631813,0.638778,0.153885,-0.0880738,-0.0600469,-0.225002
0.58,-0.00449098,-0.0200352,-0.113358,-0.164794,-0.119304,0.00455398,-0.0243485,0.0640958,0.63247,0.156622,-0.0886159,-0.0573175,-0.214774
0.6,-0.00458665,-0.0230479,-0.131769,-0.167142,-0.118385,0.00433712,-0.0228796,0.0650103,0.626162,0.159359,-0.089158,-0.054588,-0.204547
0.62,-0.00468231,-0.0260605,-0.150181,-0.16949,-0.117466,0.00412026,-0.0214106,0.0659248,0.619853,0.162096,-0.0897001,-0.0518586,-0.19432
0.64,-0.00477798,-0.0290731,-0.168592,-0.171838,-0.116547,0.00390341,-0.0199416,0.0668393,0.613545,0.164833,-0.0902422,-0.0491292,-0.184092
0.66,-0.00487365,-0.0320857,-0.187004,-0.174186,-0.115627,0.00368655,-0.0184726,0.0677537,0.607237,0.167571,-0.0907843,-0.0463998,-0.173865
0.68,-0.00496932,-0.0350983,-0.205415,-0.176533,-0.114708,0.0034697,-0.0170036,0.0686682,0.600929,0.170308,-0.0913264,-0.0436704,-0.163638
0.7,-0.00506498,-0.0381109,-0.223827,-0.178881,-0.113789,0.00325284,-0.0155347,0.0695827,0.594621,0.173045,-0.0918685,-0.040941,-0.15341
0.72,-0.00516065,-0.0411235,-0.242238,-0.181229,-0.11287,0.00303598,-0.0140657,0.0704972,0.588313,0.175782,-0.0924106,-0.0382116,-0.143183
0.74,-0.00525632,-0.0441361,-0.26065,-0.183577,-0.11195,0.00281913,-0.0125967,0.0714117,0.582005,0.178519,-0.0929527,-0.0354822,-0.132956
0.76,-0.00535199,-0.0471487,-0.279062,-0.185925,-0.111031,0.00260227,-0.0111277,0.0723262,0.575697,0.181256,-0.0934948,-0.0327528,-0.122728
0.78,-0.00544766,-0.0501613,-0.297473,-0.188273,-0.110112,0.00238542,-0.00965876,0.0732407,0.569389,0.183993,-0.0940369,-0.0300234,-0.112501
0.8,-0.00554332,-0.0531739,-0.315885,-0.190621,-0.109193,0.00216856,-0.00818978,0.0741551,0.563081,0.18673,-0.094579,-0.027294,-0.102274
0.82,-0.00563899,-0.0561865,-0.334296,-0.192969,-0.108273,0.0019517,-0.0067208,0.0750696,0.556773,0.189467,-0.0951211,-0.0245646,-0.0920462
0.84,-0.00573466,-0.0591991,-0.352708,-0.195317,-0.107354,0.00173485,-0.00525182,0.0759841,0.550465,0.192204,-0.0956632,-0.0218352,-0.0818188
0.86,-0.00583033,-0.0622117,-0.371119,-0.197665,-0.106435,0.00151799,-0.00378284,0.0768986,0.544157,0.194941,-0.0962053,-0.0191058,-0.0715915
0.88,-0.00592599,-0.0652244,-0.389531,-0.200013,-0.105516,0.00130114,-0.00231387,0.0778131,0.537848,0.197678,-0.0967474,-0.0163764,-0.0613641
0.9,-0.00602166,-0.068237,-0.407942,-0.20236,-0.104596,0.00108428,-0.000844889,0.0787276,0.53154,0.200415,-0.0972895,-0.013647,-0.0511368
0.92,-0.00611733,-0.0712496,-0.426354,-0.204708,-0.103677,0.000867424,0.000624089,0.0796421,0.525232,0.203152,-0.0978316,-0.0109176,-0.0409094
0.94,-0.006213,-0.0742622,-0.444765,-0.207056,-0.102758,0.000650568,0.00209307,0.0805565,0.518924,0.205889,-0.0983737,-0.00818821,-0.0306821
0.96,-0.00630866,-0.0772748,-0.463177,-0.209404,-0.101839,0.000433712,0.00356204,0.081471,0.512616,0.208626,-0.0989158,-0.0054588,-0.0204547
0.98,-0.00640433,-0.0802874,-0.481588,-0.211752,-0.100919,0.000216856,0.00503102,0.0823855,0.506308,0.211363,-0.0994579,-0.0027294,-0.0102274
1,-0.00640433,-0.0802874,-0.481588,-0.211752,-0.100919,0.000216856,0.00503102,0.0823855,0.506308,0.211363,-0.0994579,-0.0027294,-0.0102274
1.02,-0.00640433,-0.0802874,-0.481588,-0.211752,-0.100919,0.000216856,0.00503102,0.0823855,0.506308,0.211363,-0.0994579,-0.0027294,-0.0102274
1.04,-0.00640433,-0.0802874,-0.481588,-0.211752,-0.100919,0.000216856,0.00503102,0.0823855,0.506308,0.211363,-0.0994579,-0.0027294,-0.0102274
1.06,-0.00640433,-0.0802874,-0.481588,-0.211752,-0.100919,0.000216856,0.00503102,0.0823855,0.506308,0.211363,-0.0994579,-0.0027294,-0.0102274
1.08,-0.00640433,-0.0802874,-0.481588,-0.211752,-0.100919,0.000216856,0.00503102,0.0823855,0.506308,0.211363,-0.0994579,-0.0027294,-0.0102274
1.1,-0.00640433,-0.0802874,-0.481588,-0.211752,-0.100919,0.000216856,0.00503102,0.0823855,0.506308,0.211363,-0.0994579,-0.0027294,-0.0102274
1.12,-0.00640433,-0.0802874,-0.481588,-0.211752,-0.100919,0.000216856,0.00503102,0.0823855,0.506308,0.211363,-0.0994579,-0.0027294,-0.0102274
1.14,-0.00640433,-0.0802874,-0.481588,-0.211752,-0.100919,0.000216856,0.00503102,0.0823855,0.506308,0.211363,-0.0994579,-0.0027294,-0.0102274
1.16,-0.00640433,-0.0802874,-0.481588,-0.211752,-0.100919,0.000216856,0.00503102,0.0823855,0.506308,0.211363,-0.0994579,-0.0027294,-0.0102274
1.18,-0.00640433,-0.0802874,-0.481588,-0.211752,-0.100919,0.000216856,0.00503102,0.0823855,0.506308,0.211363,-0.0994579,-0.0027294,-0.0102274
1.2,-0.00640433,-0.0802874,-0.481588,-0.211752,-0.100919,0.000216856,0.00503102,0.0823855,0.506308,0.211363,-0.0994579,-0.0027294,-0.0102274
1.22,-0.00640433,-0.0802874,-0.481588,-0.211752,-0.100919,0.000216856,0.00503102,0.0823855,0.506308,0.211363,-0.0994579,-0.0027294,-0.0102274
1.24,-0.00640433,-0.0802874,-0.481588,-0.211752,-0.100919,0.000216856,0.00503102,0.0823855,0.506308,0.211363,-0.0994579,-0.0027294,-0.0102274
1.26,-0.00640433,-0.0802874,-0.481588,-0.211752,-0.100919,0.000216856,0.00503102,0.0823855,0.506308,0.211363,-0.0994579,-0.0027294,-0.0102274
1.28,-0.00640433,-0.0802874,-0.481588,-0.211752,-0.100919,0.000216856,0.00503102,0.0823855,0.506308,0.211363,-0.0994579,-0.0027294,-0.0102274
1.3,-0.00640433,-0.0802874,-0.481588,-0.211752,-0.100919,0.000216856,0.00503102,0.0823855,0.506308,0.211363,-0.0994579,-0.0027294,-0.0102274
1.32,-0.00640433,-0.0802874,-0.481588,-0.211752,-0.100919,0.000216856,0.00503102,0.0823855,0.506308,0.211363,-0.0994579,-0.0027294,-0.0102274
1.34,-0.00640433,-0.0802874,-0.481588,-0.211752,-0.100919,0.000216856,0.00503102,0.0823855,0.506308,0.211363,-0.0994579,-0.0027294,-0.0102274
1.36,-0.00640433,-0.0802874,-0.481588,-0.211752,-0.100919,0.000216856,0.00503102,0.0823855,0.506308,0.211363,-0.0994579,-0.0027294,-0.0102274
1.38,-0.00640433,-0.0802874,-0.481588,-0.211752,-0.100919,0.000216856,0.00503102,0.0823855,0.506308,0.211363,-0.0994579,-0.0027294,-0.0102274
1.4,-0.00640433,-0.0802874,-0.481588,-0.211752,-0.100919,0.000216856,0.00503102,0.0823855,0.506308,0.211363,-0.0994579,-0.0027294,-0.0102274
1.42,-0.00640433,-0.0802874,-0.481588,-0.211752,-0.100919,0.000216856,0.00503102,0.0823855,0.506308,0.211363,-0.0994579,-0.0027294,-0.0102274
1.44,-0.00640433,-0.0802874,-0.481588,-0.211752,-0.100919,0.000216856,0.00503102,0.0823855,0.506308,0.211363,-0.0994579,-0.0027294,-0.0102274
1.46,-0.00640433,-0.0802874,-0.481588,-0.211752,-0.100919,0.000216856,0.00503102,0.0823855,0.506308,0.211363,-0.0994579,-0.0027294,-0.0102274
1.48,-0.00640433,-0.0802874,-0.481588,-0.211752,-0.100919,0.000216856,0.00503102,0.0823855,0.506308,0.211363,-0.0994579,-0.0027294,-0.0102274
1.5,-0.00640433,-0.0802874,-0.481588,-0.211752,-0.100919,0.000216856,0.00503102,0.0823855,0.506308,0.211363,-0.0994579,-0.0027294,-0.0102274
1.52,-0.00640433,-0.0802874,-0.481588,-0.211752,-0.100919,0.000216856,0.00503102,0.0823855,0.506308,0.211363,-0.0994579,-0.0027294,-0.0102274
1.54,-0.00640433,-0.0802874,-0.481588,-0.211752,-0.100919,0.000216856,0.00503102,0.0823855,0.506308,0.211363,-0.0994579,-0.0027294,-0.0102274
1.56,-0.00640433,-0.0802874,-0.481588,-0.211752,-0.100919,0.000216856,0.00503102,0.0823855,0.506308,0.211363,-0.0994579,-0.0027294,-0.0102274
1.58,-0.00640433,-0.0802874,-0.481588,-0.211752,-0.100919,0.000216856,0.00503102,0.0823855,0.506308,0.211363,-0.0994579,-0.0027294,-0.0102274
1.6,-0.00640433,-0.0802874,-0.481588,-0.211752,-0.100919,0.000216856,0.00503102,0.0823855,0.506308,0.211363,-0.0994579,-0.0027294,-0.0102274
1.62,-0.00640433,-0.0802874,-0.481588,-0.211752,-0.100919,0.000216856,0.00503102,0.0823855,0.506308,0.211363,-0.0994579,-0.0027294,-0.0102274
1.64,-0.00640433,-0.0802874,-0.481588,-0.211752,-0.100919,0.000216856,0.00503102,0.0823855,0.506308,0.211363,-0.0994579,-0.0027294,-0.0102274
1.66,-0.00640433,-0.0802874,-0.481588,-0.211752,-0.100919,0.000216856,0.00503102,0.0823855,0.506308,0.211363,-0.0994579,-0.0027294,-0.0102274
1.68,-0.00640433,-0.0802874,-0.481588,-0.211752,-0.100919,0.000216856,0.00503102,0.0823855,0.506308,0.211363,-0.0994579,-0.0027294,-0.0102274
1.7,-0.00640433,-0.0802874,-0.481588,-0.211752,-0.100919,0.000216856,0.00503102,0.0823855,0.506308,0.211363,-0.0994579,-0.0027294,-0.0102274
1.72,-0.00640433,-0.0802874,-0.481588,-0.211752,-0.100919,0.000216856,0.00503102,0.0823855,0.506308,0.211363,-0.0994579,-0.0027294,-0.0102274
1.74,-0.00640433,-0.0802874,-0.481588,-0.211752,-0.100919,0.000216856,0.00503102,0.0823855,0.506308,0.211363,-0.0994579,-0.0027294,-0.0102274
1.76,-0.00640433,-0.0802874,-0.481588,-0.211752,-0.100919,0.000216856,0.00503102,0.0823855,0.506308,0.211363,-0.0994579,-0.0027294,-0.0102274
1.78,-0.00640433,-0.0802874,-0.481588,-0.211752,-0.100919,0.000216856,0.00503102,0.0823855,0.506308,0.211363,-0.0994579,-0.0027294,-0.0102274
1.8,-0.00640433,-0.0802874,-0.481588,-0.211752,-0.100919,0.000216856,0.00503102,0.0823855,0.506308,0.211363,-0.0994579,-0.0027294,-0.0102274
1.82,-0.00640433,-0.0802874,-0.481588,-0.211752,-0.100919,0.000216856,0.00503102,0.0823855,0.506308,0.211363,-0.0994579,-0.0027294,-0.0102274
1.84,-0.00640433,-0.0802874,-0.481588,-0.211752,-0.100919,0.000216856,0.00503102,0.0823855,0.506308,0.211363,-0.0994579,-0.0027294,-0.0102274
1.86,-0.00640433,-0.0802874,-0.481588,-0.211752,-0.100919,0.000216856,0.00503102,0.0823855,0.506308,0.211363,-0.0994579,-0.0027294,-0.0102274
1.88,-0.00640433,-0.0802874,-0.481588,-0.211752,-0.100919,0.000216856,0.00503102,0.0823855,0.506308,0.211363,-0.0994579,-0.0027294,-0.0102274
1.9,-0.00640433,-0.0802874,-0.481588,-0.211752,-0.100919,0.000216856,0.00503102,0.0823855,0.506308,0.211363,-0.0994579,-0.0027294,-0.0102274
1.92,-0.00640433,-0.0802874,-0.481588,-0.211752,-0.100919,0.000216856,0.00503102,0.0823855,0.506308,0.211363,-0.0994579,-0.0027294,-0.0102274
1.94,-0.00640433,-0.0802874,-0.481588,-0.211752,-0.100919,0.000216856,0.00503102,0.0823855,0.506308,0.211363,-0.0994579,-0.0027294,-0.0102274
1.96,-0.00640433,-0.0802874,-0.481588,-0.211752,-0.100919,0.000216856,0.00503102,0.0823855,0.506308,0.211363,-0.0994579,-0.0027294,-0.0102274
1.98,-0.00640433,-0.0802874,-0.481588,-0.211752,-0.100919,0.000216856,0.00503102,0.0823855,0.506308,0.211363,-0.0994579,-0.0027294,-0.0102274
2,-0.00640433,-0.0802874,-0.481588,-0.211752,-0.100919,0.000216856,0.00503102,0.0823855,0.506308,0.211363,-0.0994579,-0.0027294,-0.0102274
2.02,-0.00640433,-0.0802874,-0.481588,-0.211752,-0.100919,0.000216856,0.00503102,0.0823855,0.506308,0.211363,-0.0994579,-0.0027294,-0.0102274
2.04,-0.00640433,-0.0802874,-0.481588,-0.211752,-0.100919,0.000216856,0.00503102,0.0823855,0.506308,0.211363,-0.0994579,-0.0027294,-0.0102274
2.06,-0.00640433,-0.0802874,-0.481588,-0.211752,-0.100919,0.000216856,0.00503102,0.0823855,0.506308,0.211363,-0.0994579,-0.0027294,-0.0102274
2.08,-0.00640433,-0.0802874,-0.481588,-0.211752,-0.100919,0.000216856,0.00503102,0.0823855,0.506308,0.211363,-0.0994579,-0.0027294,-0.0102274
2.1,-0.00640433,-0.0802874,-0.481588,-0.211752,-0.100919,0.000216856,0.00503102,0.0823855,0.506308,0.211363,-0.0994579,-0.0027294,-0.0102274
2.12,-0.00640433,-0.0802874,-0.481588,-0.211752,-0.100919,0.000216856,0.00503102,0.0823855,0.506308,0.211363,-0.0994579,-0.0027294,-0.0102274
2.14,-0.00640433,-0.0802874,-0.481588,-0.211752,-0.100919,0.000216856,0.00503102,0.0823855,0.506308,0.211363,-0.0994579,-0.0027294,-0.0102274
2.16,-0.00640433,-0.0802874,-0.481588,-0.211752,-0.100919,0.000216856,0.00503102,0.0823855,0.506308,0.211363,-0.0994579,-0.0027294,-0.0102274
2.18,-0.00640433,-0.0802874,-0.481588,-0.211752,-0.100919,0.000216856,0.00503102,0.0823855,0.506308,0.211363,-0.0994579,-0.0027294,-0.0102274
2.2,-0.00640433,-0.0802874,-0.481588,-0.211752,-0.100919,0.000216856,0.00503102,0.0823855,0.506308,0.211363,-0.0994579,-0.0027294,-0.0102274
2.22,-0.00640433,-0.0802874,-0.481588,-0.211752,-0.100919,0.000216856,0.00503102,0.0823855,0.506308,0.211363,-0.0994579,-0.0027294,-0.0102274
2.24,-0.00640433,-0.0802874,-0.481588,-0.211752,-0.100919,0.000216856,0.00503102,0.0823855,0.506308,0.211363,-0.0994579,-0.0027294,-0.0102274
2.26,-0.00640433,-0.0802874,-0.481588,-0.211752,-0.100919,0.000216856,0.00503102,0.0823855,0.506308,0.211363,-0.0994579,-0.0027294,-0.0102274
2.28,-0.00640433,-0.0802874,-0.481588,-0.211752,-0.100919,0.000216856,0.00503102,0.0823855,0.506308,0.211363,-0.0994579,-0.0027294,-0.0102274
2.3,-0.00640433,-0.0802874,-0.481588,-0.211752,-0.100919,0.000216856,0.00503102,0.0823855,0.506308,0.211363,-0.0994579,-0.0027294,-0.0102274
2.32,-0.00640433,-0.0802874,-0.481588,-0.211752,-0.100919,0.000216856,0.00503102,0.0823855,0.506308,0.211363,-0.0994579,-0.0027294,-0.0102274
2.34,-0.00640433,-0.0802874,-0.481588,-0.211752,-0.100919,0.000216856,0.00503102,0.0823855,0.506308,0.211363,-0.0994579,-0.0027294,-0.0102274
2.36,-0.00640433,-0.0802874,-0.481588,-0.211752,-0.100919,0.000216856,0.00503102,0.0823855,0.506308,0.211363,-0.0994579,-0.0027294,-0.0102274
2.38,-0.00640433,-0.0802874,-0.481588,-0.211752,-0.100919,0.000216856,0.00503102,0.0823855,0.506308,0.211363,-0.0994579,-0.0027294,-0.0102274
2.4,-0.00640433,-0.0802874,-0.481588,-0.211752,-0.100919,0.000216856,0.00503102,0.0823855,0.506308,0.211363,-0.0994579,-0.0027294,-0.0102274
2.42,-0.00640433,-0.0802874,-0.481588,-0.211752,-0.100919,0.000216856,0.00503102,0.0823855,0.506308,0.211363,-0.0994579,-0.0027294,-0.0102274
2.44,-0.00640433,-0.0802874,-0.481588,-0.211752,-0.100919,0.000216856,0.00503102,0.0823855,0.506308,0.211363,-0.0994579,-0.0027294,-0.0102274
2.46,-0.00640433,-0.0802874,-0.481588,-0.211752,-0.100919,0.000216856,0.00503102,0.0823855,0.506308,0.211363,-0.0994579,-0.0027294,-0.0102274
2.48,-0.00640433,-0.0802874,-0.481588,-0.211752,-0.100919,0.000216856,0.00503102,0.0823855,0.506308,0.211363,-0.0994579,-0.0027294,-0.0102274
2.5,-0.00640433,-0.0802874,-0.481588,-0.211752,-0.100919,0.000216856,0.00503102,0.0823855,0.506308,0.211363,-0.0994579,-0.0027294,-0.0102274
2.52,-0.00640433,-0.0802874,-0.481588,-0.211752,-0.100919,0.000216856,0.00503102,0.0823855,0.506308,0.211363,-0.0994579,-0.0027294,-0.0102274
2.54,-0.00640433,-0.0802874,-0.481588,-0.211752,-0.100919,0.000216856,0.00503102,0.0823855,0.506308,0.211363,-0.0994579,-0.0027294,-0.0102274
2.56,-0.00640433,-0.0802874,-0.481588,-0.211752,-0.100919,0.000216856,0.00503102,0.0823855,0.506308,0.211363,-0.0994579,-0.0027294,-0.0102274
2.58,-0.00640433,-0.0802874,-0.481588,-0.211752,-0.100919,0.000216856,0.00503102,0.0823855,0.506308,0.211363,-0.0994579,-0.0027294,-0.0102274
2.6,-0.00640433,-0.0802874,-0.481588,-0.211752,-0.100919,0.000216856,0.00503102,0.0823855,0.506308,0.211363,-0.0994579,-0.0027294,-0.0102274
2.62,-0.00640433,-0.0802874,-0.481588,-0.211752,-0.100919,0.000216856,0.00503102,0.0823855,0.506308,0.211363,-0.0994579,-0.0027294,-0.0102274
2.64,-0.00640433,-0.0802874,-0.481588,-0.211752,-0.100919,0.000216856,0.00503102,0.0823855,0.506308,0.211363,-0.0994579,-0.0027294,-0.0102274
2.66,-0.00640433,-0.0802874,-0.481588,-0.211752,-0.100919,0.000216856,0.00503102,0.0823855,0.506308,0.211363,-0.0994579,-0.0027294,-0.0102274
2.68,-0.00640433,-0.0802874,-0.481588,-0.211752,-0.100919,0.000216856,0.00503102,0.0823855,0.506308,0.211363,-0.0994579,-0.0027294,-0.0102274
2.7,-0.00640433,-0.0802874,-0.481588,-0.211752,-0.100919,0.000216856,0.00503102,0.0823855,0.506308,0.211363,-0.0994579,-0.0027294,-0.0102274
2.72,-0.00640433,-0.0802874,-0.481588,-0.211752,-0.100919,0.000216856,0.00503102,0.0823855,0.506308,0.211363,-0.0994579,-0.0027294,-0.0102274
2.74,-0.00640433,-0.0802874,-0.481588,-0.211752,-0.100919,0.000216856,0.00503102,0.0823855,0.506308,0.211363,-0.0994579,-0.0027294,-0.0102274
2.76,-0.00640433,-0.0802874,-0.481588,-0.211752,-0.100919,0.000216856,0.00503102,0.0823855,0.506308,0.211363,-0.0994579,-0.0027294,-0.0102274
2.78,-0.00640433,-0.0802874,-0.481588,-0.211752,-0.100919,0.000216856,0.00503102,0.0823855,0.506308,0.211363,-0.0994579,-0.0027294,-0.0102274
2.8,-0.00640433,-0.0802874,-0.481588,-0.211752,-0.100919,0.000216856,0.00503102,0.0823855,0.506308,0.211363,-0.0994579,-0.0027294,-0.0102274
2.82,-0.00640433,-0.0802874,-0.481588,-0.211752,-0.100919,0.000216856,0.00503102,0.0823855,0.506308,0.211363,-0.0994579,-0.0027294,-0.0102274
2.84,-0.00640433,-0.0802874,-0.481588,-0.211752,-0.100919,0.000216856,0.00503102,0.0823855,0.506308,0.211363,-0.0994579,-0.0027294,-0.0102274
2.86,-0.00640433,-0.0802874,-0.481588,-0.211752,-0.100919,0.000216856,0.00503102,0.0823855,0.506308,0.211363,-0.0994579,-0.0027294,-0.0102274
2.88,-0.00640433,-0.0802874,-0.481588,-0.211752,-0.100919,0.000216856,0.00503102,0.0823855,0.506308,0.211363,-0.0994579,-0.0027294,-0.0102274
2.9,-0.00640433,-0.0802874,-0.481588,-0.211752,-0.100919,0.000216856,0.00503102,0.0823855,0.506308,0.211363,-0.0994579,-0.0027294,-0.0102274
2.92,-0.00640433,-0.0802874,-0.481588,-0.211752,-0.100919,0.000216856,0.00503102,0.0823855,0.506308,0.211363,-0.0994579,-0.0027294,-0.0102274
2.94,-0.00640433,-0.0802874,-0.481588,-0.211752,-0.100919,0.000216856,0.00503102,0.0823855,0.506308,0.211363,-0.0994579,-0.0027294,-0.0102274
2.96,-0.00640433,-0.0802874,-0.481588,-0.211752,-0.100919,0.000216856,0.00503102,0.0823855,0.506308,0.211363,-0.0994579,-0.0027294,-0.0102274
2.98,-0.00640433,-0.0802874,-0.481588,-0.211752,-0.100919,0.000216856,0.00503102,0.0823855,0.506308,0.211363,-0.0994579,-0.0027294,-0.0102274
3,-0.00640433,-0.0802874,-0.481588,-0.211752,-0.100919,0.000216856,0.00503102,0.0823855,0.506308,0.211363,-0.0994579,-0.0027294,-0.0102274
3.02,-0.00640433,-0.0802874,-0.481588,-0.211752,-0.100919,0.000216856,0.00503102,0.0823855,0.506308,0.211363,-0.0994579,-0.0027294,-0.0102274
3.04,-0.00640433,-0.0802874,-0.481588,-0.211752,-0.100919,0.000216856,0.00503102,0.0823855,0.506308,0.211363,-0.0994579,-0.0027294,-0.0102274
3.06,-0.00640433,-0.0802874,-0.481588,-0.211752,-0.100919,0.000216856,0.00503102,0.0823855,0.506308,0.211363,-0.0994579,-0.0027294,-0.0102274
3.08,-0.00640433,-0.0802874,-0.481588,-0.211752,-0.100919,0.000216856,0.00503102,0.0823855,0.506308,0.211363,-0.0994579,-0.0027294,-0.0102274
3.1,-0.00640433,-0.0802874,-0.481588,-0.211752,-0.100919,0.000216856,0.00503102,0.0823855,0.506308,0.211363,-0.0994579,-0.0027294,-0.0102274
3.12,-0.00640433,-0.0802874,-0.481588,-0.211752,-0.100919,0.000216856,0.00503102,0.0823855,0.506308,0.211363,-0.0994579,-0.0027294,-0.0102274
3.14,-0.00640433,-0.0802874,-0.481588,-0.211752,-0.100919,0.000216856,0.00503102,0.0823855,0.506308,0.211363,-0.0994579,-0.0027294,-0.0102274
3.16,-0.00640433,-0.0802874,-0.481588,-0.211752,-0.100919,0.000216856,0.00503102,0.0823855,0.506308,0.211363,-0.0994579,-0.0027294,-0.0102274
3.18,-0.00640433,-0.0802874,-0.481588,-0.211752,-0.100919,0.000216856,0.00503102,0.0823855,0.506308,0.211363,-0.0994579,-0.0027294,-0.0102274
3.2,-0.00640433,-0.0802874,-0.481588,-0.211752,-0.100919,0.000216856,0.00503102,0.0823855,0.506308,0.211363,-0.0994579,-0.0027294,-0.0102274
3.22,-0.00640433,-0.0802874,-0.481588,-0.211752,-0.100919,0.000216856,0.00503102,0.0823855,0.506308,0.211363,-0.0994579,-0.0027294,-0.0102274
3.24,-0.00640433,-0.0802874,-0.481588,-0.211752,-0.100919,0.000216856,0.00503102,0.0823855,0.506308,0.211363,-0.0994579,-0.0027294,-0.0102274
3.26,-0.00640433,-0.0802874,-0.481588,-0.211752,-0.100919,0.000216856,0.00503102,0.0823855,0.506308,0.211363,-0.0994579,-0.0027294,-0.0102274
3.28,-0.00640433,-0.0802874,-0.481588,-0.211752,-0.100919,0.000216856,0.00503102,0.0823855,0.506308,0.211363,-0.0994579,-0.0027294,-0.0102274
3.3,-0.00640433,-0.0802874,-0.481588,-0.211752,-0.100919,0.000216856,0.00503102,0.0823855,0.506308,0.211363,-0.0994579,-0.0027294,-0.0102274
3.32,-0.00640433,-0.0802874,-0.481588,-0.211752,-0.100919,0.000216856,0.00503102,0.0823855,0.506308,0.211363,-0.0994579,-0.0027294,-0.0102274
3.34,-0.00640433,-0.0802874,-0.481588,-0.211752,-0.100919,0.000216856,0.00503102,0.0823855,0.506308,0.211363,-0.0994579,-0.0027294,-0.0102274
3.36,-0.00640433,-0.0802874,-0.481588,-0.211752,-0.100919,0.000216856,0.00503102,0.0823855,0.506308,0.211363,-0.0994579,-0.0027294,-0.0102274
3.38,-0.00640433,-0.0802874,-0.481588,-0.211752,-0.100919,0.000216856,0.00503102,0.0823855,0.506308,0.211363,-0.0994579,-0.0027294,-0.0102274
3.4,-0.00640433,-0.0802874,-0.481588,-0.211752,-0.100919,0.000216856,0.00503102,0.0823855,0.506308,0.211363,-0.0994579,-0.0027294,-0.0102274
3.42,-0.00640433,-0.0802874,-0.481588,-0.211752,-0.100919,0.000216856,0.00503102,0.0823855,0.506308,0.211363,-0.0994579,-0.0027294,-0.0102274
3.44,-0.00640433,-0.0802874,-0.481588,-0.211752,-0.100919,0.000216856,0.00503102,0.0823855,0.506308,0.211363,-0.0994579,-0.0027294,-0.0102274
3.46,-0.00640433,-0.0802874,-0.481588,-0.211752,-0.100919,0.000216856,0.00503102,0.0823855,0.506308,0.211363,-0.0994579,-0.0027294,-0.0102274
3.48,-0.00640433,-0.0802874,-0.481588,-0.211752,-0.100919,0.000216856,0.00503102,0.0823855,0.506308,0.211363,-0.0994579,-0.0027294,-0.0102274
3.5,-0.00640433,-0.0802874,-0.481588,-0.211752,-0.100919,0.000216856,0.00503102,0.0823855,0.506308,0.211363,-0.0994579,-0.0027294,-0.0102274
3.52,-0.00640433,-0.0802874,-0.481588,-0.211752,-0.100919,0.000216856,0.00503102,0.0823855,0.506308,0.211363,-0.0994579,-0.0027294,-0.0102274
3.54,-0.00640433,-0.0802874,-0.481588,-0.211752,-0.100919,0.000216856,0.00503102,0.0823855,0.506308,0.211363,-0.0994579,-0.0027294,-0.0102274
3.56,-0.00640433,-0.0802874,-0.481588,-0.211752,-0.100919,0.000216856,0.00503102,0.0823855,0.506308,0.211363,-0.0994579,-0.0027294,-0.0102274
3.58,-0.00640433,-0.0802874,-0.481588,-0.211752,-0.100919,0.000216856,0.00503102,0.0823855,0.506308,0.211363,-0.0994579,-0.0027294,-0.0102274
3.6,-0.00640433,-0.0802874,-0.481588,-0.211752,-0.100919,0.000216856,0.00503102,0.0823855,0.506308,0.211363,-0.0994579,-0.0027294,-0.0102274
3.62,-0.00640433,-0.0802874,-0.481588,-0.211752,-0.100919,0.000216856,0.00503102,0.0823855,0.506308,0.211363,-0.0994579,-0.0027294,-0.0102274
3.64,-0.00640433,-0.0802874,-0.481588,-0.211752,-0.100919,0.000216856,0.00503102,0.0823855,0.506308,0.211363,-0.0994579,-0.0027294,-0.0102274
3.66,-0.00640433,-0.0802874,-0.481588,-0.211752,-0.100919,0.000216856,0.00503102,0.0823855,0.506308,0.211363,-0.0994579,-0.0027294,-0.0102274
3.68,-0.00640433,-0.0802874,-0.481588,-0.211752,-0.100919,0.000216856,0.00503102,0.0823855,0.506308,0.211363,-0.0994579,-0.0027294,-0.0102274
3.7,-0.00640433,-0.0802874,-0.481588,-0.211752,-0.100919,0.000216856,0.00503102,0.0823855,0.506308,0.211363,-0.0994579,-0.0027294,-0.0102274
3.72,-0.00640433,-0.0802874,-0.481588,-0.211752,-0.100919,0.000216856,0.00503102,0.0823855,0.506308,0.211363,-0.0994579,-0.0027294,-0.0102274
3.74,-0.00640433,-0.0802874,-0.481588,-0.211752,-0.100919,0.000216856,0.00503102,0.0823855,0.506308,0.211363,-0.0994579,-0.0027294,-0.0102274
3.76,-0.00640433,-0.0802874,-0.481588,-0.211752,-0.100919,0.000216856,0.00503102,0.0823855,0.506308,0.211363,-0.0994579,-0.0027294,-0.0102274
3.78,-0.00640433,-0.0802874,-0.481588,-0.211752,-0.100919,0.000216856,0.00503102,0.0823855,0.506308,0.211363,-0.0994579,-0.0027294,-0.0102274
3.8,-0.00640433,-0.0802874,-0.481588,-0.211752,-0.100919,0.000216856,0.00503102,0.0823855,0.506308,0.211363,-0.0994579,-0.0027294,-0.0102274
3.82,-0.00640433,-0.0802874,-0.481588,-0.211752,-0.100919,0.000216856,0.00503102,0.0823855,0.506308,0.211363,-0.0994579,-0.0027294,-0.0102274
3.84,-0.00640433,-0.0802874,-0.481588,-0.211752,-0.100919,0.000216856,0.00503102,0.0823855,0.506308,0.211363,-0.0994579,-0.0027294,-0.0102274
3.86,-0.00640433,-0.0802874,-0.481588,-0.211752,-0.100919,0.000216856,0.00503102,0.0823855,0.506308,0.211363,-0.0994579,-0.0027294,-0.0102274
3.88,-0.00640433,-0.0802874,-0.481588,-0.211752,-0.100919,0.000216856,0.00503102,0.0823855,0.506308,0.211363,-0.0994579,-0.0027294,-0.0102274
3.9,-0.00640433,-0.0802874,-0.481588,-0.211752,-0.100919,0.000216856,0.00503102,0.0823855,0.506308,0.211363,-0.0994579,-0.0027294,-0.0102274
3.92,-0.00640433,-0.0802874,-0.481588,-0.211752,-0.100919,0.000216856,0.00503102,0.0823855,0.506308,0.211363,-0.0994579,-0.0027294,-0.0102274
3.94,-0.00640433,-0.0802874,-0.481588,-0.211752,-0.100919,0.000216856,0.00503102,0.0823855,0.506308,0.211363,-0.0994579,-0.0027294,-0.0102274
3.96,-0.00640433,-0.0802874,-0.481588,-0.211752,-0.100919,0.000216856,0.00503102,0.0823855,0.506308,0.211363,-0.0994579,-0.0027294,-0.0102274
3.98,-0.00640433,-0.0802874,-0.481588,-0.211752,-0.100919,0.000216856,0.00503102,0.0823855,0.506308,0.211363,-0.0994579,-0.0027294,-0.0102274
4,-0.00640433,-0.0802874,-0.481588,-0.211752,-0.100919,0.000216856,0.00503102,0.0823855,0.506308,0.211363,-0.0994579,-0.0027294,-0.0102274
4.02,-0.00640433,-0.0802874,-0.481588,-0.211752,-0.100919,0.000216856,0.00503102,0.0823855,0.506308,0.211363,-0.0994579,-0.0027294,-0.0102274
4.04,-0.00640433,-0.0802874,-0.481588,-0.211752,-0.100919,0.000216856,0.00503102,0.0823855,0.506308,0.211363,-0.0994579,-0.0027294,-0.0102274
4.06,-0.00640433,-0.0802874,-0.481588,-0.211752,-0.100919,0.000216856,0.00503102,0.0823855,0.506308,0.211363,-0.0994579,-0.0027294,-0.0102274
4.08,-0.00640433,-0.0802874,-0.481588,-0.211752,-0.100919,0.000216856,0.00503102,0.0823855,0.506308,0.211363,-0.0994579,-0.0027294,-0.0102274
4.1,-0.00640433,-0.0802874,-0.481588,-0.211752,-0.100919,0.000216856,0.00503102,0.0823855,0.506308,0.211363,-0.0994579,-0.0027294,-0.0102274
4.12,-0.00640433,-0.0802874,-0.481588,-0.211752,-0.100919,0.000216856,0.00503102,0.0823855,0.506308,0.211363,-0.0994579,-0.0027294,-0.0102274
4.14,-0.00640433,-0.0802874,-0.481588,-0.211752,-0.100919,0.000216856,0.00503102,0.0823855,0.506308,0.211363,-0.0994579,-0.0027294,-0.0102274
4.16,-0.00640433,-0.0802874,-0.481588,-0.211752,-0.100919,0.000216856,0.00503102,0.0823855,0.506308,0.211363,-0.0994579,-0.0027294,-0.0102274
4.18,-0.00640433,-0.0802874,-0.481588,-0.211752,-0.100919,0.000216856,0.00503102,0.0823855,0.506308,0.211363,-0.0994579,-0.0027294,-0.0102274
4.2,-0.00640433,-0.0802874,-0.481588,-0.211752,-0.100919,0.000216856,0.00503102,0.0823855,0.506308,0.211363,-0.0994579,-0.0027294,-0.0102274
4.22,-0.00640433,-0.0802874,-0.481588,-0.211752,-0.100919,0.000216856,0.00503102,0.0823855,0.506308,0.211363,-0.0994579,-0.0027294,-0.0102274
4.24,-0.00640433,-0.0802874,-0.481588,-0.211752,-0.100919,0.000216856,0.00503102,0.0823855,0.506308,0.211363,-0.0994579,-0.0027294,-0.0102274
4.26,-0.00640433,-0.0802874,-0.481588,-0.211752,-0.100919,0.000216856,0.00503102,0.0823855,0.506308,0.211363,-0.0994579,-0.0027294,-0.0102274
4.28,-0.00640433,-0.0802874,-0.481588,-0.211752,-0.100919,0.000216856,0.00503102,0.0823855,0.506308,0.211363,-0.0994579,-0.0027294,-0.0102274
4.3,-0.00640433,-0.0802874,-0.481588,-0.211752,-0.100919,0.000216856,0.00503102,0.0823855,0.506308,0.211363,-0.0994579,-0.0027294,-0.0102274
4.32,-0.00640433,-0.0802874,-0.481588,-0.211752,-0.100919,0.000216856,0.00503102,0.0823855,0.506308,0.211363,-0.0994579,-0.0027294,-0.0102274
4.34,-0.00640433,-0.0802874,-0.481588,-0.211752,-0.100919,0.000216856,0.00503102,0.0823855,0.506308,0.211363,-0.0994579,-0.0027294,-0.0102274
4.36,-0.00640433,-0.0802874,-0.481588,-0.211752,-0.100919,0.000216856,0.00503102,0.0823855,0.506308,0.211363,-0.0994579,-0.0027294,-0.0102274
4.38,-0.00640433,-0.0802874,-0.481588,-0.211752,-0.100919,0.000216856,0.00503102,0.0823855,0.506308,0.211363,-0.0994579,-0.0027294,-0.0102274
4.4,-0.00640433,-0.0802874,-0.481588,-0.211752,-0.100919,0.000216856,0.00503102,0.0823855,0.506308,0.211363,-0.0994579,-0.0027294,-0.0102274
4.42,-0.00640433,-0.0802874,-0.481588,-0.211752,-0.100919,0.000216856,0.00503102,0.0823855,0.506308,0.211363,-0.0994579,-0.0027294,-0.0102274
4.44,-0.00640433,-0.0802874,-0.481588,-0.211752,-0.100919,0.000216856,0.00503102,0.0823855,0.506308,0.211363,-0.0994579,-0.0027294,-0.0102274
4.46,-0.00640433,-0.0802874,-0.481588,-0.211752,-0.100919,0.000216856,0.00503102,0.0823855,0.506308,0.211363,-0.0994579,-0.0027294,-0.0102274
4.48,-0.00640433,-0.0802874,-0.481588,-0.211752,-0.100919,0.000216856,0.00503102,0.0823855,0.506308,0.211363,-0.0994579,-0.0027294,-0.0102274
4.5,-0.00640433,-0.0802874,-0.481588,-0.211752,-0.100919,0.000216856,0.00503102,0.0823855,0.506308,0.211363,-0.0994579,-0.0027294,-0.0102274
4.52,-0.00640433,-0.0802874,-0.481588,-0.211752,-0.100919,0.000216856,0.00503102,0.0823855,0.506308,0.211363,-0.0994579,-0.0027294,-0.0102274
4.54,-0.00640433,-0.0802874,-0.481588,-0.211752,-0.100919,0.000216856,0.00503102,0.0823855,0.506308,0.211363,-0.0994579,-0.0027294,-0.0102274
4.56,-0.00640433,-0.0802874,-0.481588,-0.211752,-0.100919,0.000216856,0.00503102,0.0823855,0.506308,0.211363,-0.0994579,-0.0027294,-0.0102274
4.58,-0.00640433,-0.0802874,-0.481588,-0.211752,-0.100919,0.000216856,0.00503102,0.0823855,0.506308,0.211363,-0.0994579,-0.0027294,-0.0102274
4.6,-0.00640433,-0.0802874,-0.481588,-0.211752,-0.100919,0.000216856,0.00503102,0.0823855,0.506308,0.211363,-0.0994579,-0.0027294,-0.0102274
4.62,-0.00640433,-0.0802874,-0.481588,-0.211752,-0.100919,0.000216856,0.00503102,0.0823855,0.506308,0.211363,-0.0994579,-0.0027294,-0.0102274
4.64,-0.00640433,-0.0802874,-0.481588,-0.211752,-0.100919,0.000216856,0.00503102,0.0823855,0.506308,0.211363,-0.0994579,-0.0027294,-0.0102274
4.66,-0.00640433,-0.0802874,-0.481588,-0.211752,-0.100919,0.000216856,0.00503102,0.0823855,0.506308,0.211363,-0.0994579,-0.0027294,-0.0102274
4.68,-0.00640433,-0.0802874,-0.481588,-0.211752,-0.100919,0.000216856,0.00503102,0.0823855,0.506308,0.211363,-0.0994579,-0.0027294,-0.0102274
4.7,-0.00640433,-0.0802874,-0.481588,-0.211752,-0.100919,0.000216856,0.00503102,0.0823855,0.506308,0.211363,-0.0994579,-0.0027294,-0.0102274
4.72,-0.00640433,-0.0802874,-0.481588,-0.211752,-0.100919,0.000216856,0.00503102,0.0823855,0.506308,0.211363,-0.0994579,-0.0027294,-0.0102274
4.74,-0.00640433,-0.0802874,-0.481588,-0.211752,-0.100919,0.000216856,0.00503102,0.0823855,0.506308,0.211363,-0.0994579,-0.0027294,-0.0102274
4.76,-0.00640433,-0.0802874,-0.481588,-0.211752,-0.100919,0.000216856,0.00503102,0.0823855,0.506308,0.211363,-0.0994579,-0.0027294,-0.0102274
4.78,-0.00640433,-0.0802874,-0.481588,-0.211752,-0.100919,0.000216856,0.00503102,0.0823855,0.506308,0.211363,-0.0994579,-0.0027294,-0.0102274
4.8,-0.00640433,-0.0802874,-0.481588,-0.211752,-0.100919,0.000216856,0.00503102,0.0823855,0.506308,0.211363,-0.0994579,-0.0027294,-0.0102274
4.82,-0.00640433,-0.0802874,-0.481588,-0.211752,-0.100919,0.000216856,0.00503102,0.0823855,0.506308,0.211363,-0.0994579,-0.0027294,-0.0102274
4.84,-0.00640433,-0.0802874,-0.481588,-0.211752,-0.100919,0.000216856,0.00503102,0.0823855,0.506308,0.211363,-0.0994579,-0.0027294,-0.0102274
4.86,-0.00640433,-0.0802874,-0.481588,-0.211752,-0.100919,0.000216856,0.00503102,0.0823855,0.506308,0.211363,-0.0994579,-0.0027294,-0.0102274
4.88,-0.00640433,-0.0802874,-0.481588,-0.211752,-0.100919,0.000216856,0.00503102,0.0823855,0.506308,0.211363,-0.0994579,-0.0027294,-0.0102274
4.9,-0.00640433,-0.0802874,-0.481588,-0.211752,-0.100919,0.000216856,0.00503102,0.0823855,0.506308,0.211363,-0.0994579,-0.0027294,-0.0102274
4.92,-0.00640433,-0.0802874,-0.481588,-0.211752,-0.100919,0.000216856,0.00503102,0.0823855,0.506308,0.211363,-0.0994579,-0.0027294,-0.0102274
4.94,-0.00640433,-0.0802874,-0.481588,-0.211752,-0.100919,0.000216856,0.00503102,0.0823855,0.506308,0.211363,-0.0994579,-0.0027294,-0.0102274
4.96,-0.00640433,-0.0802874,-0.481588,-0.211752,-0.100919,0.000216856,0.00503102,0.0823855,0.506308,0.211363,-0.0994579,-0.0027294,-0.0102274
4.98,-0.00640433,-0.0802874,-0.481588,-0.211752,-0.100919,0.000216856,0.00503102,0.0823855,0.506308,0.211363,-0.0994579,-0.0027294,-0.0102274
5,-0.00640433,-0.0802874,-0.481588,-0.211752,-0.100919,0.000216856,0.00503102,0.0823855,0.506308,0.211363,-0.0994579,-0.0027294,-0.0102274
5.02,-0.00640433,-0.0802874,-0.481588,-0.211752,-0.100919,0.000216856,0.00503102,0.0823855,0.506308,0.211363,-0.0994579,-0.0027294,-0.0102274
5.04,-0.00640433,-0.0802874,-0.481588,-0.211752,-0.100919,0.000216856,0.00503102,0.0823855,0.506308,0.211363,-0.0994579,-0.0027294,-0.0102274
5.06,-0.00640433,-0.0802874,-0.481588,-0.211752,-0.100919,0.000216856,0.00503102,0.0823855,0.506308,0.211363,-0.0994579,-0.0027294,-0.0102274
5.08,-0.00640433,-0.0802874,-0.481588,-0.211752,-0.100919,0.000216856,0.00503102,0.0823855,0.506308,0.211363,-0.0994579,-0.0027294,-0.0102274
5.1,-0.00640433,-0.0802874,-0.481588,-0.211752,-0.100919,0.000216856,0.00503102,0.0823855,0.506308,0.211363,-0.0994579,-0.0027294,-0.0102274
5.12,-0.00640433,-0.0802874,-0.481588,-0.211752,-0.100919,0.000216856,0.00503102,0.0823855,0.506308,0.211363,-0.0994579,-0.0027294,-0.0102274
5.14,-0.00640433,-0.0802874,-0.481588,-0.211752,-0.100919,0.000216856,0.00503102,0.0823855,0.506308,0.211363,-0.0994579,-0.0027294,-0.0102274
5.16,-0.00640433,-0.0802874,-0.481588,-0.211752,-0.100919,0.000216856,0.00503102,0.0823855,0.506308,0.211363,-0.0994579,-0.0027294,-0.0102274
5.18,-0.00640433,-0.0802874,-0.481588,-0.211752,-0.100919,0.000216856,0.00503102,0.0823855,0.506308,0.211363,-0.0994579,-0.0027294,-0.0102274
5.2,-0.00640433,-0.0802874,-0.481588,-0.211752,-0.100919,0.000216856,0.00503102,0.0823855,0.506308,0.211363,-0.0994579,-0.0027294,-0.0102274
5.22,-0.00640433,-0.0802874,-0.481588,-0.211752,-0.100919,0.000216856,0.00503102,0.0823855,0.506308,0.211363,-0.0994579,-0.0027294,-0.0102274
5.24,-0.00640433,-0.0802874,-0.481588,-0.211752,-0.100919,0.000216856,0.00503102,0.0823855,0.506308,0.211363,-0.0994579,-0.0027294,-0.0102274
5.26,-0.00640433,-0.0802874,-0.481588,-0.211752,-0.100919,0.000216856,0.00503102,0.0823855,0.506308,0.211363,-0.0994579,-0.0027294,-0.0102274
5.28,-0.00640433,-0.0802874,-0.481588,-0.211752,-0.100919,0.000216856,0.00503102,0.0823855,0.506308,0.211363,-0.0994579,-0.0027294,-0.0102274
5.3,-0.00640433,-0.0802874,-0.481588,-0.211752,-0.100919,0.000216856,0.00503102,0.0823855,0.506308,0.211363,-0.0994579,-0.0027294,-0.0102274
5.32,-0.00640433,-0.0802874,-0.481588,-0.211752,-0.100919,0.000216856,0.00503102,0.0823855,0.506308,0.211363,-0.0994579,-0.0027294,-0.0102274
5.34,-0.00640433,-0.0802874,-0.481588,-0.211752,-0.100919,0.000216856,0.00503102,0.0823855,0.506308,0.211363,-0.0994579,-0.0027294,-0.0102274
5.36,-0.00640433,-0.0802874,-0.481588,-0.211752,-0.100919,0.000216856,0.00503102,0.0823855,0.506308,0.211363,-0.0994579,-0.0027294,-0.0102274
5.38,-0.00640433,-0.0802874,-0.481588,-0.211752,-0.100919,0.000216856,0.00503102,0.0823855,0.506308,0.211363,-0.0994579,-0.0027294,-0.0102274
5.4,-0.00640433,-0.0802874,-0.481588,-0.211752,-0.100919,0.000216856,0.00503102,0.0823855,0.506308,0.211363,-0.0994579,-0.0027294,-0.0102274
5.42,-0.00640433,-0.0802874,-0.481588,-0.211752,-0.100919,0.000216856,0.00503102,0.0823855,0.506308,0.211363,-0.0994579,-0.0027294,-0.0102274
5.44,-0.00640433,-0.0802874,-0.481588,-0.211752,-0.100919,0.000216856,0.00503102,0.0823855,0.506308,0.211363,-0.0994579,-0.0027294,-0.0102274
5.46,-0.00640433,-0.0802874,-0.481588,-0.211752,-0.100919,0.000216856,0.00503102,0.0823855,0.506308,0.211363,-0.0994579,-0.0027294,-0.0102274
5.48,-0.00640433,-0.0802874,-0.481588,-0.211752,-0.100919,0.000216856,0.00503102,0.0823855,0.506308,0.211363,-0.0994579,-0.0027294,-0.0102274
5.5,-0.00640433,-0.0802874,-0.481588,-0.211752,-0.100919,0.000216856,0.00503102,0.0823855,0.506308,0.211363,-0.0994579,-0.0027294,-0.0102274
5.52,-0.00640433,-0.0802874,-0.481588,-0.211752,-0.100919,0.000216856,0.00503102,0.0823855,0.506308,0.211363,-0.0994579,-0.0027294,-0.0102274
5.54,-0.00640433,-0.0802874,-0.481588,-0.211752,-0.100919,0.000216856,0.00503102,0.0823855,0.506308,0.211363,-0.0994579,-0.0027294,-0.0102274
5.56,-0.00640433,-0.0802874,-0.481588,-0.211752,-0.100919,0.000216856,0.00503102,0.0823855,0.506308,0.211363,-0.0994579,-0.0027294,-0.0102274
5.58,-0.00640433,-0.0802874,-0.481588,-0.211752,-0.100919,0.000216856,0.00503102,0.0823855,0.506308,0.211363,-0.0994579,-0.0027294,-0.0102274
5.6,-0.00640433,-0.0802874,-0.481588,-0.211752,-0.100919,0.000216856,0.00503102,0.0823855,0.506308,0.211363,-0.0994579,-0.0027294,-0.0102274
5.62,-0.00640433,-0.0802874,-0.481588,-0.211752,-0.100919,0.000216856,0.00503102,0.0823855,0.506308,0.211363,-0.0994579,-0.0027294,-0.0102274
5.64,-0.00640433,-0.0802874,-0.481588,-0.211752,-0.100919,0.000216856,0.00503102,0.0823855,0.506308,0.211363,-0.0994579,-0.0027294,-0.0102274
5.66,-0.00640433,-0.0802874,-0.481588,-0.211752,-0.100919,0.000216856,0.00503102,0.0823855,0.506308,0.211363,-0.0994579,-0.0027294,-0.0102274
5.68,-0.00640433,-0.0802874,-0.481588,-0.211752,-0.100919,0.000216856,0.00503102,0.0823855,0.506308,0.211363,-0.0994579,-0.0027294,-0.0102274
5.7,-0.00640433,-0.0802874,-0.481588,-0.211752,-0.100919,0.000216856,0.00503102,0.0823855,0.506308,0.211363,-0.0994579,-0.0027294,-0.0102274
5.72,-0.00640433,-0.0802874,-0.481588,-0.211752,-0.100919,0.000216856,0.00503102,0.0823855,0.506308,0.211363,-0.0994579,-0.0027294,-0.0102274
5.74,-0.00640433,-0.0802874,-0.481588,-0.211752,-0.100919,0.000216856,0.00503102,0.0823855,0.506308,0.211363,-0.0994579,-0.0027294,-0.0102274
5.76,-0.00640433,-0.0802874,-0.481588,-0.211752,-0.100919,0.000216856,0.00503102,0.0823855,0.506308,0.211363,-0.0994579,-0.0027294,-0.0102274
5.78,-0.00640433,-0.0802874,-0.481588,-0.211752,-0.100919,0.000216856,0.00503102,0.0823855,0.506308,0.211363,-0.0994579,-0.0027294,-0.0102274
5.8,-0.00640433,-0.0802874,-0.481588,-0.211752,-0.100919,0.000216856,0.00503102,0.0823855,0.506308,0.211363,-0.0994579,-0.0027294,-0.0102274
5.82,-0.00640433,-0.0802874,-0.481588,-0.211752,-0.100919,0.000216856,0.00503102,0.0823855,0.506308,0.211363,-0.0994579,-0.0027294,-0.0102274
5.84,-0.00640433,-0.0802874,-0.481588,-0.211752,-0.100919,0.000216856,0.00503102,0.0823855,0.506308,0.211363,-0.0994579,-0.0027294,-0.0102274
5.86,-0.00640433,-0.0802874,-0.481588,-0.211752,-0.100919,0.000216856,0.00503102,0.0823855,0.506308,0.211363,-0.0994579,-0.0027294,-0.0102274
5.88,-0.00640433,-0.0802874,-0.481588,-0.211752,-0.100919,0.000216856,0.00503102,0.0823855,0.506308,0.211363,-0.0994579,-0.0027294,-0.0102274
5.9,-0.00640433,-0.0802874,-0.481588,-0.211752,-0.100919,0.000216856,0.00503102,0.0823855,0.506308,0.211363,-0.0994579,-0.0027294,-0.0102274
5.92,-0.00640433,-0.0802874,-0.481588,-0.211752,-0.100919,0.000216856,0.00503102,0.0823855,0.506308,0.211363,-0.0994579,-0.0027294,-0.0102274
5.94,-0.00640433,-0.0802874,-0.481588,-0.211752,-0.100919,0.000216856,0.00503102,0.0823855,0.506308,0.211363,-0.0994579,-0.0027294,-0.0102274
5.96,-0.00640433,-0.0802874,-0.481588,-0.211752,-0.100919,0.000216856,0.00503102,0.0823855,0.506308,0.211363,-0.0994579,-0.0027294,-0.0102274
5.98,-0.00640433,-0.0802874,-0.481588,-0.211752,-0.100919,0.000216856,0.00503102,0.0823855,0.506308,0.211363,-0.0994579,-0.0027294,-0.0102274
6,-0.00640433,-0.0802874,-0.481588,-0.211752,-0.100919,0.000216856,0.00503102,0.0823855,0.506308,0.211363,-0.0994579,-0.0027294,-0.0102274
6.02,-0.00640433,-0.0802874,-0.481588,-0.211752,-0.100919,0.000216856,0.00503102,0.0823855,0.506308,0.211363,-0.0994579,-0.0027294,-0.0102274
6.04,-0.00640433,-0.0802874,-0.481588,-0.211752,-0.100919,0.000216856,0.00503102,0.0823855,0.506308,0.211363,-0.0994579,-0.0027294,-0.0102274
6.06,-0.00640433,-0.0802874,-0.481588,-0.211752,-0.100919,0.000216856,0.00503102,0.0823855,0.506308,0.211363,-0.0994579,-0.0027294,-0.0102274
6.08,-0.00640433,-0.0802874,-0.481588,-0.211752,-0.100919,0.000216856,0.00503102,0.0823855,0.506308,0.211363,-0.0994579,-0.0027294,-0.0102274
6.1,-0.00640433,-0.0802874,-0.481588,-0.211752,-0.100919,0.000216856,0.00503102,0.0823855,0.506308,0.211363,-0.0994579,-0.0027294,-0.0102274
6.12,-0.00640433,-0.0802874,-0.481588,-0.211752,-0.100919,0.000216856,0.00503102,0.0823855,0.506308,0.211363,-0.0994579,-0.0027294,-0.0102274
6.14,-0.00640433,-0.0802874,-0.481588,-0.211752,-0.100919,0.000216856,0.00503102,0.0823855,0.506308,0.211363,-0.0994579,-0.0027294,-0.0102274
6.16,-0.00640433,-0.0802874,-0.481588,-0.211752,-0.100919,0.000216856,0.00503102,0.0823855,0.506308,0.211363,-0.0994579,-0.0027294,-0.0102274
6.18,-0.00640433,-0.0802874,-0.481588,-0.211752,-0.100919,0.000216856,0.00503102,0.0823855,0.506308,0.211363,-0.0994579,-0.0027294,-0.0102274
6.2,-0.00640433,-0.0802874,-0.481588,-0.211752,-0.100919,0.000216856,0.00503102,0.0823855,0.506308,0.211363,-0.0994579,-0.0027294,-0.0102274
6.22,-0.00640433,-0.0802874,-0.481588,-0.211752,-0.100919,0.000216856,0.00503102,0.0823855,0.506308,0.211363,-0.0994579,-0.0027294,-0.0102274
6.24,-0.00640433,-0.0802874,-0.481588,-0.211752,-0.100919,0.000216856,0.00503102,0.0823855,0.506308,0.211363,-0.0994579,-0.0027294,-0.0102274
6.26,-0.00640433,-0.0802874,-0.481588,-0.211752,-0.100919,0.000216856,0.00503102,0.0823855,0.506308,0.211363,-0.0994579,-0.0027294,-0.0102274
6.28,-0.00640433,-0.0802874,-0.481588,-0.211752,-0.100919,0.000216856,0.00503102,0.0823855,0.506308,0.211363,-0.0994579,-0.0027294,-0.0102274
6.3,-0.00640433,-0.0802874,-0.481588,-0.211752,-0.100919,0.000216856,0.00503102,0.0823855,0.506308,0.211363,-0.0994579,-0.0027294,-0.0102274
6.32,-0.00640433,-0.0802874,-0.481588,-0.211752,-0.100919,0.000216856,0.00503102,0.0823855,0.506308,0.211363,-0.0994579,-0.0027294,-0.0102274
6.34,-0.00640433,-0.0802874,-0.481588,-0.211752,-0.100919,0.000216856,0.00503102,0.0823855,0.506308,0.211363,-0.0994579,-0.0027294,-0.0102274
6.36,-0.00640433,-0.0802874,-0.481588,-0.211752,-0.100919,0.000216856,0.00503102,0.0823855,0.506308,0.211363,-0.0994579,-0.0027294,-0.0102274
6.38,-0.00640433,-0.0802874,-0.481588,-0.211752,-0.100919,0.000216856,0.00503102,0.0823855,0.506308,0.211363,-0.0994579,-0.0027294,-0.0102274
6.4,-0.00640433,-0.0802874,-0.481588,-0.211752,-0.100919,0.000216856,0.00503102,0.0823855,0.506308,0.211363,-0.0994579,-0.0027294,-0.0102274
6.42,-0.00640433,-0.0802874,-0.481588,-0.211752,-0.100919,0.000216856,0.00503102,0.0823855,0.506308,0.211363,-0.0994579,-0.0027294,-0.0102274
6.44,-0.00640433,-0.0802874,-0.481588,-0.211752,-0.100919,0.000216856,0.00503102,0.0823855,0.506308,0.211363,-0.0994579,-0.0027294,-0.0102274
6.46,-0.00640433,-0.0802874,-0.481588,-0.211752,-0.100919,0.000216856,0.00503102,0.0823855,0.506308,0.211363,-0.0994579,-0.0027294,-0.0102274
6.48,-0.00640433,-0.0802874,-0.481588,-0.211752,-0.100919,0.000216856,0.00503102,0.0823855,0.506308,0.211363,-0.0994579,-0.0027294,-0.0102274
6.5,-0.00640433,-0.0802874,-0.481588,-0.211752,-0.100919,0.000216856,0.00503102,0.0823855,0.506308,0.211363,-0.0994579,-0.0027294,-0.0102274
6.52,-0.00640433,-0.0802874,-0.481588,-0.211752,-0.100919,0.000216856,0.00503102,0.0823855,0.506308,0.211363,-0.0994579,-0.0027294,-0.0102274
6.54,-0.00640433,-0.0802874,-0.481588,-0.211752,-0.100919,0.000216856,0.00503102,0.0823855,0.506308,0.211363,-0.0994579,-0.0027294,-0.0102274
6.56,-0.00640433,-0.0802874,-0.481588,-0.211752,-0.100919,0.000216856,0.00503102,0.0823855,0.506308,0.211363,-0.0994579,-0.0027294,-0.0102274
6.58,-0.00640433,-0.0802874,-0.481588,-0.211752,-0.100919,0.000216856,0.00503102,0.0823855,0.506308,0.211363,-0.0994579,-0.0027294,-0.0102274
6.6,-0.00640433,-0.0802874,-0.481588,-0.211752,-0.100919,0.000216856,0.00503102,0.0823855,0.506308,0.211363,-0.0994579,-0.0027294,-0.0102274
6.62,-0.00640433,-0.0802874,-0.481588,-0.211752,-0.100919,0.000216856,0.00503102,0.0823855,0.506308,0.211363,-0.0994579,-0.0027294,-0.0102274
6.64,-0.00640433,-0.0802874,-0.481588,-0.211752,-0.100919,0.000216856,0.00503102,0.0823855,0.506308,0.211363,-0.0994579,-0.0027294,-0.0102274
6.66,-0.00640433,-0.0802874,-0.481588,-0.211752,-0.100919,0.000216856,0.00503102,0.0823855,0.506308,0.211363,-0.0994579,-0.0027294,-0.0102274
6.68,-0.00640433,-0.0802874,-0.481588,-0.211752,-0.100919,0.000216856,0.00503102,0.0823855,0.506308,0.211363,-0.0994579,-0.0027294,-0.0102274
6.7,-0.00640433,-0.0802874,-0.481588,-0.211752,-0.100919,0.000216856,0.00503102,0.0823855,0.506308,0.211363,-0.0994579,-0.0027294,-0.0102274
6.72,-0.00640433,-0.0802874,-0.481588,-0.211752,-0.100919,0.000216856,0.00503102,0.0823855,0.506308,0.211363,-0.0994579,-0.0027294,-0.0102274
6.74,-0.00640433,-0.0802874,-0.481588,-0.211752,-0.100919,0.000216856,0.00503102,0.0823855,0.506308,0.211363,-0.0994579,-0.0027294,-0.0102274
6.76,-0.00640433,-0.0802874,-0.481588,-0.211752,-0.100919,0.000216856,0.00503102,0.0823855,0.506308,0.211363,-0.0994579,-0.0027294,-0.0102274
6.78,-0.00640433,-0.0802874,-0.481588,-0.211752,-0.100919,0.000216856,0.00503102,0.0823855,0.506308,0.211363,-0.0994579,-0.0027294,-0.0102274
6.8,-0.00640433,-0.0802874,-0.481588,-0.211752,-0.100919,0.000216856,0.00503102,0.0823855,0.506308,0.211363,-0.0994579,-0.0027294,-0.0102274
6.82,-0.00640433,-0.0802874,-0.481588,-0.211752,-0.100919,0.000216856,0.00503102,0.0823855,0.506308,0.211363,-0.0994579,-0.0027294,-0.0102274
6.84,-0.00640433,-0.0802874,-0.481588,-0.211752,-0.100919,0.000216856,0.00503102,0.0823855,0.506308,0.211363,-0.0994579,-0.0027294,-0.0102274
6.86,-0.00640433,-0.0802874,-0.481588,-0.211752,-0.100919,0.000216856,0.00503102,0.0823855,0.506308,0.211363,-0.0994579,-0.0027294,-0.0102274
6.88,-0.00640433,-0.0802874,-0.481588,-0.211752,-0.100919,0.000216856,0.00503102,0.0823855,0.506308,0.211363,-0.0994579,-0.0027294,-0.0102274
6.9,-0.00640433,-0.0802874,-0.481588,-0.211752,-0.100919,0.000216856,0.00503102,0.0823855,0.506308,0.211363,-0.0994579,-0.0027294,-0.0102274
6.92,-0.00640433,-0.0802874,-0.481588,-0.211752,-0.100919,0.000216856,0.00503102,0.0823855,0.506308,0.211363,-0.0994579,-0.0027294,-0.0102274
6.94,-0.00640433,-0.0802874,-0.481588,-0.211752,-0.100919,0.000216856,0.00503102,0.0823855,0.506308,0.211363,-0.0994579,-0.0027294,-0.0102274
6.96,-0.00640433,-0.0802874,-0.481588,-0.211752,-0.100919,0.000216856,0.00503102,0.0823855,0.506308,0.211363,-0.0994579,-0.0027294,-0.0102274
6.98,-0.00640433,-0.0802874,-0.481588,-0.211752,-0.100919,0.000216856,0.00503102,0.0823855,0.506308,0.211363,-0.0994579,-0.0027294,-0.0102274
7,-0.00640433,-0.0802874,-0.481588,-0.211752,-0.100919,0.000216856,0.00503102,0.0823855,0.506308,0.211363,-0.0994579,-0.0027294,-0.0102274
7.02,-0.00640433,-0.0802874,-0.481588,-0.211752,-0.100919,0.000216856,0.00503102,0.0823855,0.506308,0.211363,-0.0994579,-0.0027294,-0.0102274
7.04,-0.00640433,-0.0802874,-0.481588,-0.211752,-0.100919,0.000216856,0.00503102,0.0823855,0.506308,0.211363,-0.0994579,-0.0027294,-0.0102274
7.06,-0.00640433,-0.0802874,-0.481588,-0.211752,-0.100919,0.000216856,0.00503102,0.0823855,0.506308,0.211363,-0.0994579,-0.0027294,-0.0102274
7.08,-0.00640433,-0.0802874,-0.481588,-0.211752,-0.100919,0.000216856,0.00503102,0.0823855,0.506308,0.211363,-0.0994579,-0.0027294,-0.0102274
7.1,-0.00640433,-0.0802874,-0.481588,-0.211752,-0.100919,0.000216856,0.00503102,0.0823855,0.506308,0.211363,-0.0994579,-0.0027294,-0.0102274
7.12,-0.00640433,-0.0802874,-0.481588,-0.211752,-0.100919,0.000216856,0.00503102,0.0823855,0.506308,0.211363,-0.0994579,-0.0027294,-0.0102274
7.14,-0.00640433,-0.0802874,-0.481588,-0.211752,-0.100919,0.000216856,0.00503102,0.0823855,0.506308,0.211363,-0.0994579,-0.0027294,-0.0102274
7.16,-0.00640433,-0.0802874,-0.481588,-0.211752,-0.100919,0.000216856,0.00503102,0.0823855,0.506308,0.211363,-0.0994579,-0.0027294,-0.0102274
7.18,-0.00640433,-0.0802874,-0.481588,-0.211752,-0.100919,0.000216856,0.00503102,0.0823855,0.506308,0.211363,-0.0994579,-0.0027294,-0.0102274
7.2,-0.00640433,-0.0802874,-0.481588,-0.211752,-0.100919,0.000216856,0.00503102,0.0823855,0.506308,0.211363,-0.0994579,-0.0027294,-0.0102274
7.22,-0.00640433,-0.0802874,-0.481588,-0.211752,-0.100919,0.000216856,0.00503102,0.0823855,0.506308,0.211363,-0.0994579,-0.0027294,-0.0102274
7.24,-0.00640433,-0.0802874,-0.481588,-0.211752,-0.100919,0.000216856,0.00503102,0.0823855,0.506308,0.211363,-0.0994579,-0.0027294,-0.0102274
7.26,-0.00640433,-0.0802874,-0.481588,-0.211752,-0.100919,0.000216856,0.00503102,0.0823855,0.506308,0.211363,-0.0994579,-0.0027294,-0.0102274
7.28,-0.00640433,-0.0802874,-0.481588,-0.211752,-0.100919,0.000216856,0.00503102,0.0823855,0.506308,0.211363,-0.0994579,-0.0027294,-0.0102274
7.3,-0.00640433,-0.0802874,-0.481588,-0.211752,-0.100919,0.000216856,0.00503102,0.0823855,0.506308,0.211363,-0.0994579,-0.0027294,-0.0102274
7.32,-0.00640433,-0.0802874,-0.481588,-0.211752,-0.100919,0.000216856,0.00503102,0.0823855,0.506308,0.211363,-0.0994579,-0.0027294,-0.0102274
7.34,-0.00640433,-0.0802874,-0.481588,-0.211752,-0.100919,0.000216856,0.00503102,0.0823855,0.506308,0.211363,-0.0994579,-0.0027294,-0.0102274
7.36,-0.00640433,-0.0802874,-0.481588,-0.211752,-0.100919,0.000216856,0.00503102,0.0823855,0.506308,0.211363,-0.0994579,-0.0027294,-0.0102274
7.38,-0.00640433,-0.0802874,-0.481588,-0.211752,-0.100919,0.000216856,0.00503102,0.0823855,0.506308,0.211363,-0.0994579,-0.0027294,-0.0102274
7.4,-0.00640433,-0.0802874,-0.481588,-0.211752,-0.100919,0.000216856,0.00503102,0.0823855,0.506308,0.211363,-0.0994579,-0.0027294,-0.0102274
7.42,-0.00640433,-0.0802874,-0.481588,-0.211752,-0.100919,0.000216856,0.00503102,0.0823855,0.506308,0.211363,-0.0994579,-0.0027294,-0.0102274
7.44,-0.00640433,-0.0802874,-0.481588,-0.211752,-0.100919,0.000216856,0.00503102,0.0823855,0.506308,0.211363,-0.0994579,-0.0027294,-0.0102274
7.46,-0.00640433,-0.0802874,-0.481588,-0.211752,-0.100919,0.000216856,0.00503102,0.0823855,0.506308,0.211363,-0.0994579,-0.0027294,-0.0102274
7.48,-0.00640433,-0.0802874,-0.481588,-0.211752,-0.100919,0.000216856,0.00503102,0.0823855,0.506308,0.211363,-0.0994579,-0.0027294,-0.0102274
7.5,-0.00640433,-0.0802874,-0.481588,-0.211752,-0.100919,0.000216856,0.00503102,0.0823855,0.506308,0.211363,-0.0994579,-0.0027294,-0.0102274
7.52,-0.00640433,-0.0802874,-0.481588,-0.211752,-0.100919,0.000216856,0.00503102,0.0823855,0.506308,0.211363,-0.0994579,-0.0027294,-0.0102274
7.54,-0.00640433,-0.0802874,-0.481588,-0.211752,-0.100919,0.000216856,0.00503102,0.0823855,0.506308,0.211363,-0.0994579,-0.0027294,-0.0102274
7.56,-0.00640433,-0.0802874,-0.481588,-0.211752,-0.100919,0.000216856,0.00503102,0.0823855,0.506308,0.211363,-0.0994579,-0.0027294,-0.0102274
7.58,-0.00640433,-0.0802874,-0.481588,-0.211752,-0.100919,0.000216856,0.00503102,0.0823855,0.506308,0.211363,-0.0994579,-0.0027294,-0.0102274
7.6,-0.00640433,-0.0802874,-0.481588,-0.211752,-0.100919,0.000216856,0.00503102,0.0823855,0.506308,0.211363,-0.0994579,-0.0027294,-0.0102274
7.62,-0.00640433,-0.0802874,-0.481588,-0.211752,-0.100919,0.000216856,0.00503102,0.0823855,0.506308,0.211363,-0.0994579,-0.0027294,-0.0102274
7.64,-0.00640433,-0.0802874,-0.481588,-0.211752,-0.100919,0.000216856,0.00503102,0.0823855,0.506308,0.211363,-0.0994579,-0.0027294,-0.0102274
7.66,-0.00640433,-0.0802874,-0.481588,-0.211752,-0.100919,0.000216856,0.00503102,0.0823855,0.506308,0.211363,-0.0994579,-0.0027294,-0.0102274
7.68,-0.00640433,-0.0802874,-0.481588,-0.211752,-0.100919,0.000216856,0.00503102,0.0823855,0.506308,0.211363,-0.0994579,-0.0027294,-0.0102274
7.7,-0.00640433,-0.0802874,-0.481588,-0.211752,-0.100919,0.000216856,0.00503102,0.0823855,0.506308,0.211363,-0.0994579,-0.0027294,-0.0102274
7.72,-0.00640433,-0.0802874,-0.481588,-0.211752,-0.100919,0.000216856,0.00503102,0.0823855,0.506308,0.211363,-0.0994579,-0.0027294,-0.0102274
7.74,-0.00640433,-0.0802874,-0.481588,-0.211752,-0.100919,0.000216856,0.00503102,0.0823855,0.506308,0.211363,-0.0994579,-0.0027294,-0.0102274
7.76,-0.00640433,-0.0802874,-0.481588,-0.211752,-0.100919,0.000216856,0.00503102,0.0823855,0.506308,0.211363,-0.0994579,-0.0027294,-0.0102274
7.78,-0.00640433,-0.0802874,-0.481588,-0.211752,-0.100919,0.000216856,0.00503102,0.0823855,0.506308,0.211363,-0.0994579,-0.0027294,-0.0102274
7.8,-0.00640433,-0.0802874,-0.481588,-0.211752,-0.100919,0.000216856,0.00503102,0.0823855,0.506308,0.211363,-0.0994579,-0.0027294,-0.0102274
7.82,-0.00640433,-0.0802874,-0.481588,-0.211752,-0.100919,0.000216856,0.00503102,0.0823855,0.506308,0.211363,-0.0994579,-0.0027294,-0.0102274
7.84,-0.00640433,-0.0802874,-0.481588,-0.211752,-0.100919,0.000216856,0.00503102,0.0823855,0.506308,0.211363,-0.0994579,-0.0027294,-0.0102274
7.86,-0.00640433,-0.0802874,-0.481588,-0.211752,-0.100919,0.000216856,0.00503102,0.0823855,0.506308,0.211363,-0.0994579,-0.0027294,-0.0102274
7.88,-0.00640433,-0.0802874,-0.481588,-0.211752,-0.100919,0.000216856,0.00503102,0.0823855,0.506308,0.211363,-0.0994579,-0.0027294,-0.0102274
7.9,-0.00640433,-0.0802874,-0.481588,-0.211752,-0.100919,0.000216856,0.00503102,0.0823855,0.506308,0.211363,-0.0994579,-0.0027294,-0.0102274
7.92,-0.00640433,-0.0802874,-0.481588,-0.211752,-0.100919,0.000216856,0.00503102,0.0823855,0.506308,0.211363,-0.0994579,-0.0027294,-0.0102274
7.94,-0.00640433,-0.0802874,-0.481588,-0.211752,-0.100919,0.000216856,0.00503102,0.0823855,0.506308,0.211363,-0.0994579,-0.0027294,-0.0102274
7.96,-0.00640433,-0.0802874,-0.481588,-0.211752,-0.100919,0.000216856,0.00503102,0.0823855,0.506308,0.211363,-0.0994579,-0.0027294,-0.0102274
7.98,-0.00640433,-0.0802874,-0.481588,-0.211752,-0.100919,0.000216856,0.00503102,0.0823855,0.506308,0.211363,-0.0994579,-0.0027294,-0.0102274
8,-0.00640433,-0.0802874,-0.481588,-0.211752,-0.100919,0.000216856,0.00503102,0.0823855,0.506308,0.211363,-0.0994579,-0.0027294,-0.0102274
8.02,-0.00640433,-0.0802874,-0.481588,-0.211752,-0.100919,0.000216856,0.00503102,0.0823855,0.506308,0.211363,-0.0994579,-0.0027294,-0.0102274
8.04,-0.00640433,-0.0802874,-0.481588,-0.211752,-0.100919,0.000216856,0.00503102,0.0823855,0.506308,0.211363,-0.0994579,-0.0027294,-0.0102274
8.06,-0.00640433,-0.0802874,-0.481588,-0.211752,-0.100919,0.000216856,0.00503102,0.0823855,0.506308,0.211363,-0.0994579,-0.0027294,-0.0102274
8.08,-0.00640433,-0.0802874,-0.481588,-0.211752,-0.100919,0.000216856,0.00503102,0.0823855,0.506308,0.211363,-0.0994579,-0.0027294,-0.0102274
8.1,-0.00640433,-0.0802874,-0.481588,-0.211752,-0.100919,0.000216856,0.00503102,0.0823855,0.506308,0.211363,-0.0994579,-0.0027294,-0.0102274
8.12,-0.00640433,-0.0802874,-0.481588,-0.211752,-0.100919,0.000216856,0.00503102,0.0823855,0.506308,0.211363,-0.0994579,-0.0027294,-0.0102274
8.14,-0.00640433,-0.0802874,-0.481588,-0.211752,-0.100919,0.000216856,0.00503102,0.0823855,0.506308,0.211363,-0.0994579,-0.0027294,-0.0102274
8.16,-0.00640433,-0.0802874,-0.481588,-0.211752,-0.100919,0.000216856,0.00503102,0.0823855,0.506308,0.211363,-0.0994579,-0.0027294,-0.0102274
8.18,-0.00640433,-0.0802874,-0.481588,-0.211752,-0.100919,0.000216856,0.00503102,0.0823855,0.506308,0.211363,-0.0994579,-0.0027294,-0.0102274
8.2,-0.00640433,-0.0802874,-0.481588,-0.211752,-0.100919,0.000216856,0.00503102,0.0823855,0.506308,0.211363,-0.0994579,-0.0027294,-0.0102274
8.22,-0.00640433,-0.0802874,-0.481588,-0.211752,-0.100919,0.000216856,0.00503102,0.0823855,0.506308,0.211363,-0.0994579,-0.0027294,-0.0102274
8.24,-0.00640433,-0.0802874,-0.481588,-0.211752,-0.100919,0.000216856,0.00503102,0.0823855,0.506308,0.211363,-0.0994579,-0.0027294,-0.0102274
8.26,-0.00640433,-0.0802874,-0.481588,-0.211752,-0.100919,0.000216856,0.00503102,0.0823855,0.506308,0.211363,-0.0994579,-0.0027294,-0.0102274
8.28,-0.00640433,-0.0802874,-0.481588,-0.211752,-0.100919,0.000216856,0.00503102,0.0823855,0.506308,0.211363,-0.0994579,-0.0027294,-0.0102274
8.3,-0.00640433,-0.0802874,-0.481588,-0.211752,-0.100919,0.000216856,0.00503102,0.0823855,0.506308,0.211363,-0.0994579,-0.0027294,-0.0102274
8.32,-0.00640433,-0.0802874,-0.481588,-0.211752,-0.100919,0.000216856,0.00503102,0.0823855,0.506308,0.211363,-0.0994579,-0.0027294,-0.0102274
8.34,-0.00640433,-0.0802874,-0.481588,-0.211752,-0.100919,0.000216856,0.00503102,0.0823855,0.506308,0.211363,-0.0994579,-0.0027294,-0.0102274
8.36,-0.00640433,-0.0802874,-0.481588,-0.211752,-0.100919,0.000216856,0.00503102,0.0823855,0.506308,0.211363,-0.0994579,-0.0027294,-0.0102274
8.38,-0.00640433,-0.0802874,-0.481588,-0.211752,-0.100919,0.000216856,0.00503102,0.0823855,0.506308,0.211363,-0.0994579,-0.0027294,-0.0102274
8.4,-0.00640433,-0.0802874,-0.481588,-0.211752,-0.100919,0.000216856,0.00503102,0.0823855,0.506308,0.211363,-0.0994579,-0.0027294,-0.0102274
8.42,-0.00640433,-0.0802874,-0.481588,-0.211752,-0.100919,0.000216856,0.00503102,0.0823855,0.506308,0.211363,-0.0994579,-0.0027294,-0.0102274
8.44,-0.00640433,-0.0802874,-0.481588,-0.211752,-0.100919,0.000216856,0.00503102,0.0823855,0.506308,0.211363,-0.0994579,-0.0027294,-0.0102274
8.46,-0.00640433,-0.0802874,-0.481588,-0.211752,-0.100919,0.000216856,0.00503102,0.0823855,0.506308,0.211363,-0.0994579,-0.0027294,-0.0102274
8.48,-0.00640433,-0.0802874,-0.481588,-0.211752,-0.100919,0.000216856,0.00503102,0.0823855,0.506308,0.211363,-0.0994579,-0.0027294,-0.0102274
8.5,-0.00640433,-0.0802874,-0.481588,-0.211752,-0.100919,0.000216856,0.00503102,0.0823855,0.506308,0.211363,-0.0994579,-0.0027294,-0.0102274
8.52,-0.00640433,-0.0802874,-0.481588,-0.211752,-0.100919,0.000216856,0.00503102,0.0823855,0.506308,0.211363,-0.0994579,-0.0027294,-0.0102274
8.54,-0.00640433,-0.0802874,-0.481588,-0.211752,-0.100919,0.000216856,0.00503102,0.0823855,0.506308,0.211363,-0.0994579,-0.0027294,-0.0102274
8.56,-0.00640433,-0.0802874,-0.481588,-0.211752,-0.100919,0.000216856,0.00503102,0.0823855,0.506308,0.211363,-0.0994579,-0.0027294,-0.0102274
8.58,-0.00640433,-0.0802874,-0.481588,-0.211752,-0.100919,0.000216856,0.00503102,0.0823855,0.506308,0.211363,-0.0994579,-0.0027294,-0.0102274
8.6,-0.00640433,-0.0802874,-0.481588,-0.211752,-0.100919,0.000216856,0.00503102,0.0823855,0.506308,0.211363,-0.0994579,-0.0027294,-0.0102274
8.62,-0.00640433,-0.0802874,-0.481588,-0.211752,-0.100919,0.000216856,0.00503102,0.0823855,0.506308,0.211363,-0.0994579,-0.0027294,-0.0102274
8.64,-0.00640433,-0.0802874,-0.481588,-0.211752,-0.100919,0.000216856,0.00503102,0.0823855,0.506308,0.211363,-0.0994579,-0.0027294,-0.0102274
8.66,-0.00640433,-0.0802874,-0.481588,-0.211752,-0.100919,0.000216856,0.00503102,0.0823855,0.506308,0.211363,-0.0994579,-0.0027294,-0.0102274
8.68,-0.00640433,-0.0802874,-0.481588,-0.211752,-0.100919,0.000216856,0.00503102,0.0823855,0.506308,0.211363,-0.0994579,-0.0027294,-0.0102274
8.7,-0.00640433,-0.0802874,-0.481588,-0.211752,-0.100919,0.000216856,0.00503102,0.0823855,0.506308,0.211363,-0.0994579,-0.0027294,-0.0102274
8.72,-0.00640433,-0.0802874,-0.481588,-0.211752,-0.100919,0.000216856,0.00503102,0.0823855,0.506308,0.211363,-0.0994579,-0.0027294,-0.0102274
8.74,-0.00640433,-0.0802874,-0.481588,-0.211752,-0.100919,0.000216856,0.00503102,0.0823855,0.506308,0.211363,-0.0994579,-0.0027294,-0.0102274
8.76,-0.00640433,-0.0802874,-0.481588,-0.211752,-0.100919,0.000216856,0.00503102,0.0823855,0.506308,0.211363,-0.0994579,-0.0027294,-0.0102274
8.78,-0.00640433,-0.0802874,-0.481588,-0.211752,-0.100919,0.000216856,0.00503102,0.0823855,0.506308,0.211363,-0.0994579,-0.0027294,-0.0102274
8.8,-0.00640433,-0.0802874,-0.481588,-0.211752,-0.100919,0.000216856,0.00503102,0.0823855,0.506308,0.211363,-0.0994579,-0.0027294,-0.0102274
8.82,-0.00640433,-0.0802874,-0.481588,-0.211752,-0.100919,0.000216856,0.00503102,0.0823855,0.506308,0.211363,-0.0994579,-0.0027294,-0.0102274
8.84,-0.00640433,-0.0802874,-0.481588,-0.211752,-0.100919,0.000216856,0.00503102,0.0823855,0.506308,0.211363,-0.0994579,-0.0027294,-0.0102274
8.86,-0.00640433,-0.0802874,-0.481588,-0.211752,-0.100919,0.000216856,0.00503102,0.0823855,0.506308,0.211363,-0.0994579,-0.0027294,-0.0102274
8.88,-0.00640433,-0.0802874,-0.481588,-0.211752,-0.100919,0.000216856,0.00503102,0.0823855,0.506308,0.211363,-0.0994579,-0.0027294,-0.0102274
8.9,-0.00640433,-0.0802874,-0.481588,-0.211752,-0.100919,0.000216856,0.00503102,0.0823855,0.506308,0.211363,-0.0994579,-0.0027294,-0.0102274
8.92,-0.00640433,-0.0802874,-0.481588,-0.211752,-0.100919,0.000216856,0.00503102,0.0823855,0.506308,0.211363,-0.0994579,-0.0027294,-0.0102274
8.94,-0.00640433,-0.0802874,-0.481588,-0.211752,-0.100919,0.000216856,0.00503102,0.0823855,0.506308,0.211363,-0.0994579,-0.0027294,-0.0102274
8.96,-0.00640433,-0.0802874,-0.481588,-0.211752,-0.100919,0.000216856,0.00503102,0.0823855,0.506308,0.211363,-0.0994579,-0.0027294,-0.0102274
8.98,-0.00640433,-0.0802874,-0.481588,-0.211752,-0.100919,0.000216856,0.00503102,0.0823855,0.506308,0.211363,-0.0994579,-0.0027294,-0.0102274
9,-0.00640433,-0.0802874,-0.481588,-0.211752,-0.100919,0.000216856,0.00503102,0.0823855,0.506308,0.211363,-0.0994579,-0.0027294,-0.0102274
9.02,-0.00640433,-0.0802874,-0.481588,-0.211752,-0.100919,0.000216856,0.00503102,0.0823855,0.506308,0.211363,-0.0994579,-0.0027294,-0.0102274
9.04,-0.00640433,-0.0802874,-0.481588,-0.211752,-0.100919,0.000216856,0.00503102,0.0823855,0.506308,0.211363,-0.0994579,-0.0027294,-0.0102274
9.06,-0.00640433,-0.0802874,-0.481588,-0.211752,-0.100919,0.000216856,0.00503102,0.0823855,0.506308,0.211363,-0.0994579,-0.0027294,-0.0102274
9.08,-0.00640433,-0.0802874,-0.481588,-0.211752,-0.100919,0.000216856,0.00503102,0.0823855,0.506308,0.211363,-0.0994579,-0.0027294,-0.0102274
9.1,-0.00640433,-0.0802874,-0.481588,-0.211752,-0.100919,0.000216856,0.00503102,0.0823855,0.506308,0.211363,-0.0994579,-0.0027294,-0.0102274
9.12,-0.00640433,-0.0802874,-0.481588,-0.211752,-0.100919,0.000216856,0.00503102,0.0823855,0.506308,0.211363,-0.0994579,-0.0027294,-0.0102274
9.14,-0.00640433,-0.0802874,-0.481588,-0.211752,-0.100919,0.000216856,0.00503102,0.0823855,0.506308,0.211363,-0.0994579,-0.0027294,-0.0102274
9.16,-0.00640433,-0.0802874,-0.481588,-0.211752,-0.100919,0.000216856,0.00503102,0.0823855,0.506308,0.211363,-0.0994579,-0.0027294,-0.0102274
9.18,-0.00640433,-0.0802874,-0.481588,-0.211752,-0.100919,0.000216856,0.00503102,0.0823855,0.506308,0.211363,-0.0994579,-0.0027294,-0.0102274
9.2,-0.00640433,-0.0802874,-0.481588,-0.211752,-0.100919,0.000216856,0.00503102,0.0823855,0.506308,0.211363,-0.0994579,-0.0027294,-0.0102274
9.22,-0.00640433,-0.0802874,-0.481588,-0.211752,-0.100919,0.000216856,0.00503102,0.0823855,0.506308,0.211363,-0.0994579,-0.0027294,-0.0102274
9.24,-0.00640433,-0.0802874,-0.481588,-0.211752,-0.100919,0.000216856,0.00503102,0.0823855,0.506308,0.211363,-0.0994579,-0.0027294,-0.0102274
9.26,-0.00640433,-0.0802874,-0.481588,-0.211752,-0.100919,0.000216856,0.00503102,0.0823855,0.506308,0.211363,-0.0994579,-0.0027294,-0.0102274
9.28,-0.00640433,-0.0802874,-0.481588,-0.211752,-0.100919,0.000216856,0.00503102,0.0823855,0.506308,0.211363,-0.0994579,-0.0027294,-0.0102274
9.3,-0.00640433,-0.0802874,-0.481588,-0.211752,-0.100919,0.000216856,0.00503102,0.0823855,0.506308,0.211363,-0.0994579,-0.0027294,-0.0102274
9.32,-0.00640433,-0.0802874,-0.481588,-0.211752,-0.100919,0.000216856,0.00503102,0.0823855,0.506308,0.211363,-0.0994579,-0.0027294,-0.0102274
9.34,-0.00640433,-0.0802874,-0.481588,-0.211752,-0.100919,0.000216856,0.00503102,0.0823855,0.506308,0.211363,-0.0994579,-0.0027294,-0.0102274
9.36,-0.00640433,-0.0802874,-0.481588,-0.211752,-0.100919,0.000216856,0.00503102,0.0823855,0.506308,0.211363,-0.0994579,-0.0027294,-0.0102274
9.38,-0.00640433,-0.0802874,-0.481588,-0.211752,-0.100919,0.000216856,0.00503102,0.0823855,0.506308,0.211363,-0.0994579,-0.0027294,-0.0102274
9.4,-0.00640433,-0.0802874,-0.481588,-0.211752,-0.100919,0.000216856,0.00503102,0.0823855,0.506308,0.211363,-0.0994579,-0.0027294,-0.0102274
9.42,-0.00640433,-0.0802874,-0.481588,-0.211752,-0.100919,0.000216856,0.00503102,0.0823855,0.506308,0.211363,-0.0994579,-0.0027294,-0.0102274
9.44,-0.00640433,-0.0802874,-0.481588,-0.211752,-0.100919,0.000216856,0.00503102,0.0823855,0.506308,0.211363,-0.0994579,-0.0027294,-0.0102274
9.46,-0.00640433,-0.0802874,-0.481588,-0.211752,-0.100919,0.000216856,0.00503102,0.0823855,0.506308,0.211363,-0.0994579,-0.0027294,-0.0102274
9.48,-0.00640433,-0.0802874,-0.481588,-0.211752,-0.100919,0.000216856,0.00503102,0.0823855,0.506308,0.211363,-0.0994579,-0.0027294,-0.0102274
9.5,-0.00640433,-0.0802874,-0.481588,-0.211752,-0.100919,0.000216856,0.00503102,0.0823855,0.506308,0.211363,-0.0994579,-0.0027294,-0.0102274
9.52,-0.00640433,-0.0802874,-0.481588,-0.211752,-0.100919,0.000216856,0.00503102,0.0823855,0.506308,0.211363,-0.0994579,-0.0027294,-0.0102274
9.54,-0.00640433,-0.0802874,-0.481588,-0.211752,-0.100919,0.000216856,0.00503102,0.0823855,0.506308,0.211363,-0.0994579,-0.0027294,-0.0102274
9.56,-0.00640433,-0.0802874,-0.481588,-0.211752,-0.100919,0.000216856,0.00503102,0.0823855,0.506308,0.211363,-0.0994579,-0.0027294,-0.0102274
9.58,-0.00640433,-0.0802874,-0.481588,-0.211752,-0.100919,0.000216856,0.00503102,0.0823855,0.506308,0.211363,-0.0994579,-0.0027294,-0.0102274
9.6,-0.00640433,-0.0802874,-0.481588,-0.211752,-0.100919,0.000216856,0.00503102,0.0823855,0.506308,0.211363,-0.0994579,-0.0027294,-0.0102274
9.62,-0.00640433,-0.0802874,-0.481588,-0.211752,-0.100919,0.000216856,0.00503102,0.0823855,0.506308,0.211363,-0.0994579,-0.0027294,-0.0102274
9.64,-0.00640433,-0.0802874,-0.481588,-0.211752,-0.100919,0.000216856,0.00503102,0.0823855,0.506308,0.211363,-0.0994579,-0.0027294,-0.0102274
9.66,-0.00640433,-0.0802874,-0.481588,-0.211752,-0.100919,0.000216856,0.00503102,0.0823855,0.506308,0.211363,-0.0994579,-0.0027294,-0.0102274
9.68,-0.00640433,-0.0802874,-0.481588,-0.211752,-0.100919,0.000216856,0.00503102,0.0823855,0.506308,0.211363,-0.0994579,-0.0027294,-0.0102274
9.7,-0.00640433,-0.0802874,-0.481588,-0.211752,-0.100919,0.000216856,0.00503102,0.0823855,0.506308,0.211363,-0.0994579,-0.0027294,-0.0102274
9.72,-0.00640433,-0.0802874,-0.481588,-0.211752,-0.100919,0.000216856,0.00503102,0.0823855,0.506308,0.211363,-0.0994579,-0.0027294,-0.0102274
9.74,-0.00640433,-0.0802874,-0.481588,-0.211752,-0.100919,0.000216856,0.00503102,0.0823855,0.506308,0.211363,-0.0994579,-0.0027294,-0.0102274
9.76,-0.00640433,-0.0802874,-0.481588,-0.211752,-0.100919,0.000216856,0.00503102,0.0823855,0.506308,0.211363,-0.0994579,-0.0027294,-0.0102274
9.78,-0.00640433,-0.0802874,-0.481588,-0.211752,-0.100919,0.000216856,0.00503102,0.0823855,0.506308,0.211363,-0.0994579,-0.0027294,-0.0102274
9.8,-0.00640433,-0.0802874,-0.481588,-0.211752,-0.100919,0.000216856,0.00503102,0.0823855,0.506308,0.211363,-0.0994579,-0.0027294,-0.0102274
9.82,-0.00640433,-0.0802874,-0.481588,-0.211752,-0.100919,0.000216856,0.00503102,0.0823855,0.506308,0.211363,-0.0994579,-0.0027294,-0.0102274
9.84,-0.00640433,-0.0802874,-0.481588,-0.211752,-0.100919,0.000216856,0.00503102,0.0823855,0.506308,0.211363,-0.0994579,-0.0027294,-0.0102274
9.86,-0.00640433,-0.0802874,-0.481588,-0.211752,-0.100919,0.000216856,0.00503102,0.0823855,0.506308,0.211363,-0.0994579,-0.0027294,-0.0102274
9.88,-0.00640433,-0.0802874,-0.481588,-0.211752,-0.100919,0.000216856,0.00503102,0.0823855,0.506308,0.211363,-0.0994579,-0.0027294,-0.0102274
9.9,-0.00640433,-0.0802874,-0.481588,-0.211752,-0.100919,0.000216856,0.00503102,0.0823855,0.506308,0.211363,-0.0994579,-0.0027294,-0.0102274
9.92,-0.00640433,-0.0802874,-0.481588,-0.211752,-0.100919,0.000216856,0.00503102,0.0823855,0.506308,0.211363,-0.0994579,-0.0027294,-0.0102274
9.94,-0.00640433,-0.0802874,-0.481588,-0.211752,-0.100919,0.000216856,0.00503102,0.0823855,0.506308,0.211363,-0.0994579,-0.0027294,-0.0102274
9.96,-0.00640433,-0.0802874,-0.481588,-0.211752,-0.100919,0.000216856,0.00503102,0.0823855,0.506308,0.211363,-0.0994579,-0.0027294,-0.0102274
9.98,-0.00640433,-0.0802874,-0.481588,-0.211752,-0.100919,0.000216856,0.00503102,0.0823855,0.506308,0.211363,-0.0994579,-0.0027294,-0.0102274
10,-0.00640433,-0.0802874,-0.481588,-0.211752,-0.100919,0.000216856,0.00503102,0.0823855,0.506308,0.211363,-0.0994579,-0.0027294,-0.0102274
10.02,-0.00640433,-0.0802874,-0.481588,-0.211752,-0.100919,0.000216856,0.00503102,0.0823855,0.506308,0.211363,-0.0994579,-0.0027294,-0.0102274
10.04,-0.00640433,-0.0802874,-0.481588,-0.211752,-0.100919,0.000216856,0.00503102,0.0823855,0.506308,0.211363,-0.0994579,-0.0027294,-0.0102274
10.06,-0.00640433,-0.0802874,-0.481588,-0.211752,-0.100919,0.000216856,0.00503102,0.0823855,0.506308,0.211363,-0.0994579,-0.0027294,-0.0102274
10.08,-0.00640433,-0.0802874,-0.481588,-0.211752,-0.100919,0.000216856,0.00503102,0.0823855,0.506308,0.211363,-0.0994579,-0.0027294,-0.0102274
10.1,-0.00640433,-0.0802874,-0.481588,-0.211752,-0.100919,0.000216856,0.00503102,0.0823855,0.506308,0.211363,-0.0994579,-0.0027294,-0.0102274
10.12,-0.00640433,-0.0802874,-0.481588,-0.211752,-0.100919,0.000216856,0.00503102,0.0823855,0.506308,0.211363,-0.0994579,-0.0027294,-0.0102274
10.14,-0.00640433,-0.0802874,-0.481588,-0.211752,-0.100919,0.000216856,0.00503102,0.0823855,0.506308,0.211363,-0.0994579,-0.0027294,-0.0102274
10.16,-0.00640433,-0.0802874,-0.481588,-0.211752,-0.100919,0.000216856,0.00503102,0.0823855,0.506308,0.211363,-0.0994579,-0.0027294,-0.0102274
10.18,-0.00640433,-0.0802874,-0.481588,-0.211752,-0.100919,0.000216856,0.00503102,0.0823855,0.506308,0.211363,-0.0994579,-0.0027294,-0.0102274
10.2,-0.00640433,-0.0802874,-0.481588,-0.211752,-0.100919,0.000216856,0.00503102,0.0823855,0.506308,0.211363,-0.0994579,-0.0027294,-0.0102274
10.22,-0.00640433,-0.0802874,-0.481588,-0.211752,-0.100919,0.000216856,0.00503102,0.0823855,0.506308,0.211363,-0.0994579,-0.0027294,-0.0102274
10.24,-0.00640433,-0.0802874,-0.481588,-0.211752,-0.100919,0.000216856,0.00503102,0.0823855,0.506308,0.211363,-0.0994579,-0.0027294,-0.0102274
10.26,-0.00640433,-0.0802874,-0.481588,-0.211752,-0.100919,0.000216856,0.00503102,0.0823855,0.506308,0.211363,-0.0994579,-0.0027294,-0.0102274
10.28,-0.00640433,-0.0802874,-0.481588,-0.211752,-0.100919,0.000216856,0.00503102,0.0823855,0.506308,0.211363,-0.0994579,-0.0027294,-0.0102274
10.3,-0.00640433,-0.0802874,-0.481588,-0.211752,-0.100919,0.000216856,0.00503102,0.0823855,0.506308,0.211363,-0.0994579,-0.0027294,-0.0102274
10.32,-0.00640433,-0.0802874,-0.481588,-0.211752,-0.100919,0.000216856,0.00503102,0.0823855,0.506308,0.211363,-0.0994579,-0.0027294,-0.0102274
10.34,-0.00640433,-0.0802874,-0.481588,-0.211752,-0.100919,0.000216856,0.00503102,0.0823855,0.506308,0.211363,-0.0994579,-0.0027294,-0.0102274
10.36,-0.00640433,-0.0802874,-0.481588,-0.211752,-0.100919,0.000216856,0.00503102,0.0823855,0.506308,0.211363,-0.0994579,-0.0027294,-0.0102274
10.38,-0.00640433,-0.0802874,-0.481588,-0.211752,-0.100919,0.000216856,0.00503102,0.0823855,0.506308,0.211363,-0.0994579,-0.0027294,-0.0102274
10.4,-0.00640433,-0.0802874,-0.481588,-0.211752,-0.100919,0.000216856,0.00503102,0.0823855,0.506308,0.211363,-0.0994579,-0.0027294,-0.0102274
10.42,-0.00640433,-0.0802874,-0.481588,-0.211752,-0.100919,0.000216856,0.00503102,0.0823855,0.506308,0.211363,-0.0994579,-0.0027294,-0.0102274
10.44,-0.00640433,-0.0802874,-0.481588,-0.211752,-0.100919,0.000216856,0.00503102,0.0823855,0.506308,0.211363,-0.0994579,-0.0027294,-0.0102274
10.46,-0.00640433,-0.0802874,-0.481588,-0.211752,-0.100919,0.000216856,0.00503102,0.0823855,0.506308,0.211363,-0.0994579,-0.0027294,-0.0102274
10.48,-0.00640433,-0.0802874,-0.481588,-0.211752,-0.100919,0.000216856,0.00503102,0.0823855,0.506308,0.211363,-0.0994579,-0.0027294,-0.0102274
10.5,-0.00640433,-0.0802874,-0.481588,-0.211752,-0.100919,0.000216856,0.00503102,0.0823855,0.506308,0.211363,-0.0994579,-0.0027294,-0.0102274
10.52,-0.00640433,-0.0802874,-0.481588,-0.211752,-0.100919,0.000216856,0.00503102,0.0823855,0.506308,0.211363,-0.0994579,-0.0027294,-0.0102274
10.54,-0.00640433,-0.0802874,-0.481588,-0.211752,-0.100919,0.000216856,0.00503102,0.0823855,0.506308,0.211363,-0.0994579,-0.0027294,-0.0102274
10.56,-0.00640433,-0.0802874,-0.481588,-0.211752,-0.100919,0.000216856,0.00503102,0.0823855,0.506308,0.211363,-0.0994579,-0.0027294,-0.0102274
10.58,-0.00640433,-0.0802874,-0.481588,-0.211752,-0.100919,0.000216856,0.00503102,0.0823855,0.506308,0.211363,-0.0994579,-0.0027294,-0.0102274
10.6,-0.00640433,-0.0802874,-0.481588,-0.211752,-0.100919,0.000216856,0.00503102,0.0823855,0.506308,0.211363,-0.0994579,-0.0027294,-0.0102274
10.62,-0.00640433,-0.0802874,-0.481588,-0.211752,-0.100919,0.000216856,0.00503102,0.0823855,0.506308,0.211363,-0.0994579,-0.0027294,-0.0102274
10.64,-0.00640433,-0.0802874,-0.481588,-0.211752,-0.100919,0.000216856,0.00503102,0.0823855,0.506308,0.211363,-0.0994579,-0.0027294,-0.0102274
10.66,-0.00640433,-0.0802874,-0.481588,-0.211752,-0.100919,0.000216856,0.00503102,0.0823855,0.506308,0.211363,-0.0994579,-0.0027294,-0.0102274
10.68,-0.00640433,-0.0802874,-0.481588,-0.211752,-0.100919,0.000216856,0.00503102,0.0823855,0.506308,0.211363,-0.0994579,-0.0027294,-0.0102274
10.7,-0.00640433,-0.0802874,-0.481588,-0.211752,-0.100919,0.000216856,0.00503102,0.0823855,0.506308,0.211363,-0.0994579,-0.0027294,-0.0102274
10.72,-0.00640433,-0.0802874,-0.481588,-0.211752,-0.100919,0.000216856,0.00503102,0.0823855,0.506308,0.211363,-0.0994579,-0.0027294,-0.0102274
10.74,-0.00640433,-0.0802874,-0.481588,-0.211752,-0.100919,0.000216856,0.00503102,0.0823855,0.506308,0.211363,-0.0994579,-0.0027294,-0.0102274
10.76,-0.00640433,-0.0802874,-0.481588,-0.211752,-0.100919,0.000216856,0.00503102,0.0823855,0.506308,0.211363,-0.0994579,-0.0027294,-0.0102274
10.78,-0.00640433,-0.0802874,-0.481588,-0.211752,-0.100919,0.000216856,0.00503102,0.0823855,0.506308,0.211363,-0.0994579,-0.0027294,-0.0102274
10.8,-0.00640433,-0.0802874,-0.481588,-0.211752,-0.100919,0.000216856,0.00503102,0.0823855,0.506308,0.211363,-0.0994579,-0.0027294,-0.0102274
10.82,-0.00640433,-0.0802874,-0.481588,-0.211752,-0.100919,0.000216856,0.00503102,0.0823855,0.506308,0.211363,-0.0994579,-0.0027294,-0.0102274
10.84,-0.00640433,-0.0802874,-0.481588,-0.211752,-0.100919,0.000216856,0.00503102,0.0823855,0.506308,0.211363,-0.0994579,-0.0027294,-0.0102274
10.86,-0.00640433,-0.0802874,-0.481588,-0.211752,-0.100919,0.000216856,0.00503102,0.0823855,0.506308,0.211363,-0.0994579,-0.0027294,-0.0102274
10.88,-0.00640433,-0.0802874,-0.481588,-0.211752,-0.100919,0.000216856,0.00503102,0.0823855,0.506308,0.211363,-0.0994579,-0.0027294,-0.0102274
10.9,-0.00640433,-0.0802874,-0.481588,-0.211752,-0.100919,0.000216856,0.00503102,0.0823855,0.506308,0.211363,-0.0994579,-0.0027294,-0.0102274
10.92,-0.00640433,-0.0802874,-0.481588,-0.211752,-0.100919,0.000216856,0.00503102,0.0823855,0.506308,0.211363,-0.0994579,-0.0027294,-0.0102274
10.94,-0.00640433,-0.0802874,-0.481588,-0.211752,-0.100919,0.000216856,0.00503102,0.0823855,0.506308,0.211363,-0.0994579,-0.0027294,-0.0102274
10.96,-0.00640433,-0.0802874,-0.481588,-0.211752,-0.100919,0.000216856,0.00503102,0.0823855,0.506308,0.211363,-0.0994579,-0.0027294,-0.0102274
10.98,-0.00640433,-0.0802874,-0.481588,-0.211752,-0.100919,0.000216856,0.00503102,0.0823855,0.506308,0.211363,-0.0994579,-0.0027294,-0.0102274
11,-0.00640433,-0.0802874,-0.481588,-0.211752,-0.100919,0.000216856,0.00503102,0.0823855,0.506308,0.211363,-0.0994579,-0.0027294,-0.0102274
11.02,-0.00640433,-0.0802874,-0.481588,-0.211752,-0.100919,0.000216856,0.00503102,0.0823855,0.506308,0.211363,-0.0994579,-0.0027294,-0.0102274
11.04,-0.00640433,-0.0802874,-0.481588,-0.211752,-0.100919,0.000216856,0.00503102,0.0823855,0.506308,0.211363,-0.0994579,-0.0027294,-0.0102274
11.06,-0.00640433,-0.0802874,-0.481588,-0.211752,-0.100919,0.000216856,0.00503102,0.0823855,0.506308,0.211363,-0.0994579,-0.0027294,-0.0102274
11.08,-0.00640433,-0.0802874,-0.481588,-0.211752,-0.100919,0.000216856,0.00503102,0.0823855,0.506308,0.211363,-0.0994579,-0.0027294,-0.0102274
11.1,-0.00640433,-0.0802874,-0.481588,-0.211752,-0.100919,0.000216856,0.00503102,0.0823855,0.506308,0.211363,-0.0994579,-0.0027294,-0.0102274
11.12,-0.00640433,-0.0802874,-0.481588,-0.211752,-0.100919,0.000216856,0.00503102,0.0823855,0.506308,0.211363,-0.0994579,-0.0027294,-0.0102274
11.14,-0.00640433,-0.0802874,-0.481588,-0.211752,-0.100919,0.000216856,0.00503102,0.0823855,0.506308,0.211363,-0.0994579,-0.0027294,-0.0102274
11.16,-0.00640433,-0.0802874,-0.481588,-0.211752,-0.100919,0.000216856,0.00503102,0.0823855,0.506308,0.211363,-0.0994579,-0.0027294,-0.0102274
11.18,-0.00640433,-0.0802874,-0.481588,-0.211752,-0.100919,0.000216856,0.00503102,0.0823855,0.506308,0.211363,-0.0994579,-0.0027294,-0.0102274
11.2,-0.00640433,-0.0802874,-0.481588,-0.211752,-0.100919,0.000216856,0.00503102,0.0823855,0.506308,0.211363,-0.0994579,-0.0027294,-0.0102274
11.22,-0.00640433,-0.0802874,-0.481588,-0.211752,-0.100919,0.000216856,0.00503102,0.0823855,0.506308,0.211363,-0.0994579,-0.0027294,-0.0102274
11.24,-0.00640433,-0.0802874,-0.481588,-0.211752,-0.100919,0.000216856,0.00503102,0.0823855,0.506308,0.211363,-0.0994579,-0.0027294,-0.0102274
11.26,-0.00640433,-0.0802874,-0.481588,-0.211752,-0.100919,0.000216856,0.00503102,0.0823855,0.506308,0.211363,-0.0994579,-0.0027294,-0.0102274
11.28,-0.00640433,-0.0802874,-0.481588,-0.211752,-0.100919,0.000216856,0.00503102,0.0823855,0.506308,0.211363,-0.0994579,-0.0027294,-0.0102274
11.3,-0.00640433,-0.0802874,-0.481588,-0.211752,-0.100919,0.000216856,0.00503102,0.0823855,0.506308,0.211363,-0.0994579,-0.0027294,-0.0102274
11.32,-0.00640433,-0.0802874,-0.481588,-0.211752,-0.100919,0.000216856,0.00503102,0.0823855,0.506308,0.211363,-0.0994579,-0.0027294,-0.0102274
11.34,-0.00640433,-0.0802874,-0.481588,-0.211752,-0.100919,0.000216856,0.00503102,0.0823855,0.506308,0.211363,-0.0994579,-0.0027294,-0.0102274
11.36,-0.00640433,-0.0802874,-0.481588,-0.211752,-0.100919,0.000216856,0.00503102,0.0823855,0.506308,0.211363,-0.0994579,-0.0027294,-0.0102274
11.38,-0.00640433,-0.0802874,-0.481588,-0.211752,-0.100919,0.000216856,0.00503102,0.0823855,0.506308,0.211363,-0.0994579,-0.0027294,-0.0102274
11.4,-0.00640433,-0.0802874,-0.481588,-0.211752,-0.100919,0.000216856,0.00503102,0.0823855,0.506308,0.211363,-0.0994579,-0.0027294,-0.0102274
11.42,-0.00640433,-0.0802874,-0.481588,-0.211752,-0.100919,0.000216856,0.00503102,0.0823855,0.506308,0.211363,-0.0994579,-0.0027294,-0.0102274
11.44,-0.00640433,-0.0802874,-0.481588,-0.211752,-0.100919,0.000216856,0.00503102,0.0823855,0.506308,0.211363,-0.0994579,-0.0027294,-0.0102274
11.46,-0.00640433,-0.0802874,-0.481588,-0.211752,-0.100919,0.000216856,0.00503102,0.0823855,0.506308,0.211363,-0.0994579,-0.0027294,-0.0102274
11.48,-0.00640433,-0.0802874,-0.481588,-0.211752,-0.100919,0.000216856,0.00503102,0.0823855,0.506308,0.211363,-0.0994579,-0.0027294,-0.0102274
11.5,-0.00640433,-0.0802874,-0.481588,-0.211752,-0.100919,0.000216856,0.00503102,0.0823855,0.506308,0.211363,-0.0994579,-0.0027294,-0.0102274
11.52,-0.00640433,-0.0802874,-0.481588,-0.211752,-0.100919,0.000216856,0.00503102,0.0823855,0.506308,0.211363,-0.0994579,-0.0027294,-0.0102274
11.54,-0.00640433,-0.0802874,-0.481588,-0.211752,-0.100919,0.000216856,0.00503102,0.0823855,0.506308,0.211363,-0.0994579,-0.0027294,-0.0102274
11.56,-0.00640433,-0.0802874,-0.481588,-0.211752,-0.100919,0.000216856,0.00503102,0.0823855,0.506308,0.211363,-0.0994579,-0.0027294,-0.0102274
11.58,-0.00640433,-0.0802874,-0.481588,-0.211752,-0.100919,0.000216856,0.00503102,0.0823855,0.506308,0.211363,-0.0994579,-0.0027294,-0.0102274
11.6,-0.00640433,-0.0802874,-0.481588,-0.211752,-0.100919,0.000216856,0.00503102,0.0823855,0.506308,0.211363,-0.0994579,-0.0027294,-0.0102274
11.62,-0.00640433,-0.0802874,-0.481588,-0.211752,-0.100919,0.000216856,0.00503102,0.0823855,0.506308,0.211363,-0.0994579,-0.0027294,-0.0102274
11.64,-0.00640433,-0.0802874,-0.481588,-0.211752,-0.100919,0.000216856,0.00503102,0.0823855,0.506308,0.211363,-0.0994579,-0.0027294,-0.0102274
11.66,-0.00640433,-0.0802874,-0.481588,-0.211752,-0.100919,0.000216856,0.00503102,0.0823855,0.506308,0.211363,-0.0994579,-0.0027294,-0.0102274
11.68,-0.00640433,-0.0802874,-0.481588,-0.211752,-0.100919,0.000216856,0.00503102,0.0823855,0.506308,0.211363,-0.0994579,-0.0027294,-0.0102274
11.7,-0.00640433,-0.0802874,-0.481588,-0.211752,-0.100919,0.000216856,0.00503102,0.0823855,0.506308,0.211363,-0.0994579,-0.0027294,-0.0102274
11.72,-0.00640433,-0.0802874,-0.481588,-0.211752,-0.100919,0.000216856,0.00503102,0.0823855,0.506308,0.211363,-0.0994579,-0.0027294,-0.0102274
11.74,-0.00640433,-0.0802874,-0.481588,-0.211752,-0.100919,0.000216856,0.00503102,0.0823855,0.506308,0.211363,-0.0994579,-0.0027294,-0.0102274
11.76,-0.00640433,-0.0802874,-0.481588,-0.211752,-0.100919,0.000216856,0.00503102,0.0823855,0.506308,0.211363,-0.0994579,-0.0027294,-0.0102274
11.78,-0.00640433,-0.0802874,-0.481588,-0.211752,-0.100919,0.000216856,0.00503102,0.0823855,0.506308,0.211363,-0.0994579,-0.0027294,-0.0102274
11.8,-0.00640433,-0.0802874,-0.481588,-0.211752,-0.100919,0.000216856,0.00503102,0.0823855,0.506308,0.211363,-0.0994579,-0.0027294,-0.0102274
11.82,-0.00640433,-0.0802874,-0.481588,-0.211752,-0.100919,0.000216856,0.00503102,0.0823855,0.506308,0.211363,-0.0994579,-0.0027294,-0.0102274
11.84,-0.00640433,-0.0802874,-0.481588,-0.211752,-0.100919,0.000216856,0.00503102,0.0823855,0.506308,0.211363,-0.0994579,-0.0027294,-0.0102274
11.86,-0.00640433,-0.0802874,-0.481588,-0.211752,-0.100919,0.000216856,0.00503102,0.0823855,0.506308,0.211363,-0.0994579,-0.0027294,-0.0102274
11.88,-0.00640433,-0.0802874,-0.481588,-0.211752,-0.100919,0.000216856,0.00503102,0.0823855,0.506308,0.211363,-0.0994579,-0.0027294,-0.0102274
11.9,-0.00640433,-0.0802874,-0.481588,-0.211752,-0.100919,0.000216856,0.00503102,0.0823855,0.506308,0.211363,-0.0994579,-0.0027294,-0.0102274
11.92,-0.00640433,-0.0802874,-0.481588,-0.211752,-0.100919,0.000216856,0.00503102,0.0823855,0.506308,0.211363,-0.0994579,-0.0027294,-0.0102274
11.94,-0.00640433,-0.0802874,-0.481588,-0.211752,-0.100919,0.000216856,0.00503102,0.0823855,0.506308,0.211363,-0.0994579,-0.0027294,-0.0102274
11.96,-0.00640433,-0.0802874,-0.481588,-0.211752,-0.100919,0.000216856,0.00503102,0.0823855,0.506308,0.211363,-0.0994579,-0.0027294,-0.0102274
11.98,-0.00640433,-0.0802874,-0.481588,-0.211752,-0.100919,0.000216856,0.00503102,0.0823855,0.506308,0.211363,-0.0994579,-0.0027294,-0.0102274
12,-0.00640433,-0.0802874,-0.481588,-0.211752,-0.100919,0.000216856,0.00503102,0.0823855,0.506308,0.211363,-0.0994579,-0.0027294,-0.0102274
12.02,-0.00640433,-0.0802874,-0.481588,-0.211752,-0.100919,0.000216856,0.00503102,0.0823855,0.506308,0.211363,-0.0994579,-0.0027294,-0.0102274
12.04,-0.00640433,-0.0802874,-0.481588,-0.211752,-0.100919,0.000216856,0.00503102,0.0823855,0.506308,0.211363,-0.0994579,-0.0027294,-0.0102274
12.06,-0.00640433,-0.0802874,-0.481588,-0.211752,-0.100919,0.000216856,0.00503102,0.0823855,0.506308,0.211363,-0.0994579,-0.0027294,-0.0102274
12.08,-0.00640433,-0.0802874,-0.481588,-0.211752,-0.100919,0.000216856,0.00503102,0.0823855,0.506308,0.211363,-0.0994579,-0.0027294,-0.0102274
12.1,-0.00640433,-0.0802874,-0.481588,-0.211752,-0.100919,0.000216856,0.00503102,0.0823855,0.506308,0.211363,-0.0994579,-0.0027294,-0.0102274
12.12,-0.00640433,-0.0802874,-0.481588,-0.211752,-0.100919,0.000216856,0.00503102,0.0823855,0.506308,0.211363,-0.0994579,-0.0027294,-0.0102274
12.14,-0.00640433,-0.0802874,-0.481588,-0.211752,-0.100919,0.000216856,0.00503102,0.0823855,0.506308,0.211363,-0.0994579,-0.0027294,-0.0102274
12.16,-0.00640433,-0.0802874,-0.481588,-0.211752,-0.100919,0.000216856,0.00503102,0.0823855,0.506308,0.211363,-0.0994579,-0.0027294,-0.0102274
12.18,-0.00640433,-0.0802874,-0.481588,-0.211752,-0.100919,0.000216856,0.00503102,0.0823855,0.506308,0.211363,-0.0994579,-0.0027294,-0.0102274
12.2,-0.00640433,-0.0802874,-0.481588,-0.211752,-0.100919,0.000216856,0.00503102,0.0823855,0.506308,0.211363,-0.0994579,-0.0027294,-0.0102274
12.22,-0.00640433,-0.0802874,-0.481588,-0.211752,-0.100919,0.000216856,0.00503102,0.0823855,0.506308,0.211363,-0.0994579,-0.0027294,-0.0102274
12.24,-0.00640433,-0.0802874,-0.481588,-0.211752,-0.100919,0.000216856,0.00503102,0.0823855,0.506308,0.211363,-0.0994579,-0.0027294,-0.0102274
12.26,-0.00640433,-0.0802874,-0.481588,-0.211752,-0.100919,0.000216856,0.00503102,0.0823855,0.506308,0.211363,-0.0994579,-0.0027294,-0.0102274
12.28,-0.00640433,-0.0802874,-0.481588,-0.211752,-0.100919,0.000216856,0.00503102,0.0823855,0.506308,0.211363,-0.0994579,-0.0027294,-0.0102274
12.3,-0.00640433,-0.0802874,-0.481588,-0.211752,-0.100919,0.000216856,0.00503102,0.0823855,0.506308,0.211363,-0.0994579,-0.0027294,-0.0102274
12.32,-0.00640433,-0.0802874,-0.481588,-0.211752,-0.100919,0.000216856,0.00503102,0.0823855,0.506308,0.211363,-0.0994579,-0.0027294,-0.0102274
12.34,-0.00640433,-0.0802874,-0.481588,-0.211752,-0.100919,0.000216856,0.00503102,0.0823855,0.506308,0.211363,-0.0994579,-0.0027294,-0.0102274
12.36,-0.00640433,-0.0802874,-0.481588,-0.211752,-0.100919,0.000216856,0.00503102,0.0823855,0.506308,0.211363,-0.0994579,-0.0027294,-0.0102274
12.38,-0.00640433,-0.0802874,-0.481588,-0.211752,-0.100919,0.000216856,0.00503102,0.0823855,0.506308,0.211363,-0.0994579,-0.0027294,-0.0102274
12.4,-0.00640433,-0.0802874,-0.481588,-0.211752,-0.100919,0.000216856,0.00503102,0.0823855,0.506308,0.211363,-0.0994579,-0.0027294,-0.0102274
12.42,-0.00640433,-0.0802874,-0.481588,-0.211752,-0.100919,0.000216856,0.00503102,0.0823855,0.506308,0.211363,-0.0994579,-0.0027294,-0.0102274
12.44,-0.00640433,-0.0802874,-0.481588,-0.211752,-0.100919,0.000216856,0.00503102,0.0823855,0.506308,0.211363,-0.0994579,-0.0027294,-0.0102274
12.46,-0.00640433,-0.0802874,-0.481588,-0.211752,-0.100919,0.000216856,0.00503102,0.0823855,0.506308,0.211363,-0.0994579,-0.0027294,-0.0102274
12.48,-0.00640433,-0.0802874,-0.481588,-0.211752,-0.100919,0.000216856,0.00503102,0.0823855,0.506308,0.211363,-0.0994579,-0.0027294,-0.0102274
12.5,-0.00640433,-0.0802874,-0.481588,-0.211752,-0.100919,0.000216856,0.00503102,0.0823855,0.506308,0.211363,-0.0994579,-0.0027294,-0.0102274
12.52,-0.00640433,-0.0802874,-0.481588,-0.211752,-0.100919,0.000216856,0.00503102,0.0823855,0.506308,0.211363,-0.0994579,-0.0027294,-0.0102274
12.54,-0.00640433,-0.0802874,-0.481588,-0.211752,-0.100919,0.000216856,0.00503102,0.0823855,0.506308,0.211363,-0.0994579,-0.0027294,-0.0102274
12.56,-0.00640433,-0.0802874,-0.481588,-0.211752,-0.100919,0.000216856,0.00503102,0.0823855,0.506308,0.211363,-0.0994579,-0.0027294,-0.0102274
12.58,-0.00640433,-0.0802874,-0.481588,-0.211752,-0.100919,0.000216856,0.00503102,0.0823855,0.506308,0.211363,-0.0994579,-0.0027294,-0.0102274
12.6,-0.00640433,-0.0802874,-0.481588,-0.211752,-0.100919,0.000216856,0.00503102,0.0823855,0.506308,0.211363,-0.0994579,-0.0027294,-0.0102274
12.62,-0.00640433,-0.0802874,-0.481588,-0.211752,-0.100919,0.000216856,0.00503102,0.0823855,0.506308,0.211363,-0.0994579,-0.0027294,-0.0102274
12.64,-0.00640433,-0.0802874,-0.481588,-0.211752,-0.100919,0.000216856,0.00503102,0.0823855,0.506308,0.211363,-0.0994579,-0.0027294,-0.0102274
12.66,-0.00640433,-0.0802874,-0.481588,-0.211752,-0.100919,0.000216856,0.00503102,0.0823855,0.506308,0.211363,-0.0994579,-0.0027294,-0.0102274
12.68,-0.00640433,-0.0802874,-0.481588,-0.211752,-0.100919,0.000216856,0.00503102,0.0823855,0.506308,0.211363,-0.0994579,-0.0027294,-0.0102274
12.7,-0.00640433,-0.0802874,-0.481588,-0.211752,-0.100919,0.000216856,0.00503102,0.0823855,0.506308,0.211363,-0.0994579,-0.0027294,-0.0102274
12.72,-0.00640433,-0.0802874,-0.481588,-0.211752,-0.100919,0.000216856,0.00503102,0.0823855,0.506308,0.211363,-0.0994579,-0.0027294,-0.0102274
12.74,-0.00640433,-0.0802874,-0.481588,-0.211752,-0.100919,0.000216856,0.00503102,0.0823855,0.506308,0.211363,-0.0994579,-0.0027294,-0.0102274
12.76,-0.00640433,-0.0802874,-0.481588,-0.211752,-0.100919,0.000216856,0.00503102,0.0823855,0.506308,0.211363,-0.0994579,-0.0027294,-0.0102274
12.78,-0.00640433,-0.0802874,-0.481588,-0.211752,-0.100919,0.000216856,0.00503102,0.0823855,0.506308,0.211363,-0.0994579,-0.0027294,-0.0102274
12.8,-0.00640433,-0.0802874,-0.481588,-0.211752,-0.100919,0.000216856,0.00503102,0.0823855,0.506308,0.211363,-0.0994579,-0.0027294,-0.0102274
12.82,-0.00640433,-0.0802874,-0.481588,-0.211752,-0.100919,0.000216856,0.00503102,0.0823855,0.506308,0.211363,-0.0994579,-0.0027294,-0.0102274
12.84,-0.00640433,-0.0802874,-0.481588,-0.211752,-0.100919,0.000216856,0.00503102,0.0823855,0.506308,0.211363,-0.0994579,-0.0027294,-0.0102274
12.86,-0.00640433,-0.0802874,-0.481588,-0.211752,-0.100919,0.000216856,0.00503102,0.0823855,0.506308,0.211363,-0.0994579,-0.0027294,-0.0102274
12.88,-0.00640433,-0.0802874,-0.481588,-0.211752,-0.100919,0.000216856,0.00503102,0.0823855,0.506308,0.211363,-0.0994579,-0.0027294,-0.0102274
12.9,-0.00640433,-0.0802874,-0.481588,-0.211752,-0.100919,0.000216856,0.00503102,0.0823855,0.506308,0.211363,-0.0994579,-0.0027294,-0.0102274
12.92,-0.00640433,-0.0802874,-0.481588,-0.211752,-0.100919,0.000216856,0.00503102,0.0823855,0.506308,0.211363,-0.0994579,-0.0027294,-0.0102274
12.94,-0.00640433,-0.0802874,-0.481588,-0.211752,-0.100919,0.000216856,0.00503102,0.0823855,0.506308,0.211363,-0.0994579,-0.0027294,-0.0102274
12.96,-0.00640433,-0.0802874,-0.481588,-0.211752,-0.100919,0.000216856,0.00503102,0.0823855,0.506308,0.211363,-0.0994579,-0.0027294,-0.0102274
12.98,-0.00640433,-0.0802874,-0.481588,-0.211752,-0.100919,0.000216856,0.00503102,0.0823855,0.506308,0.211363,-0.0994579,-0.0027294,-0.0102274
13,-0.00640433,-0.0802874,-0.481588,-0.211752,-0.100919,0.000216856,0.00503102,0.0823855,0.506308,0.211363,-0.0994579,-0.0027294,-0.0102274
13.02,-0.00640433,-0.0802874,-0.481588,-0.211752,-0.100919,0.000216856,0.00503102,0.0823855,0.506308,0.211363,-0.0994579,-0.0027294,-0.0102274
13.04,-0.00640433,-0.0802874,-0.481588,-0.211752,-0.100919,0.000216856,0.00503102,0.0823855,0.506308,0.211363,-0.0994579,-0.0027294,-0.0102274
13.06,-0.00640433,-0.0802874,-0.481588,-0.211752,-0.100919,0.000216856,0.00503102,0.0823855,0.506308,0.211363,-0.0994579,-0.0027294,-0.0102274
13.08,-0.00640433,-0.0802874,-0.481588,-0.211752,-0.100919,0.000216856,0.00503102,0.0823855,0.506308,0.211363,-0.0994579,-0.0027294,-0.0102274
13.1,-0.00640433,-0.0802874,-0.481588,-0.211752,-0.100919,0.000216856,0.00503102,0.0823855,0.506308,0.211363,-0.0994579,-0.0027294,-0.0102274
13.12,-0.00640433,-0.0802874,-0.481588,-0.211752,-0.100919,0.000216856,0.00503102,0.0823855,0.506308,0.211363,-0.0994579,-0.0027294,-0.0102274
13.14,-0.00640433,-0.0802874,-0.481588,-0.211752,-0.100919,0.000216856,0.00503102,0.0823855,0.506308,0.211363,-0.0994579,-0.0027294,-0.0102274
13.16,-0.00640433,-0.0802874,-0.481588,-0.211752,-0.100919,0.000216856,0.00503102,0.0823855,0.506308,0.211363,-0.0994579,-0.0027294,-0.0102274
13.18,-0.00640433,-0.0802874,-0.481588,-0.211752,-0.100919,0.000216856,0.00503102,0.0823855,0.506308,0.211363,-0.0994579,-0.0027294,-0.0102274
13.2,-0.00640433,-0.0802874,-0.481588,-0.211752,-0.100919,0.000216856,0.00503102,0.0823855,0.506308,0.211363,-0.0994579,-0.0027294,-0.0102274
13.22,-0.00640433,-0.0802874,-0.481588,-0.211752,-0.100919,0.000216856,0.00503102,0.0823855,0.506308,0.211363,-0.0994579,-0.0027294,-0.0102274
13.24,-0.00640433,-0.0802874,-0.481588,-0.211752,-0.100919,0.000216856,0.00503102,0.0823855,0.506308,0.211363,-0.0994579,-0.0027294,-0.0102274
13.26,-0.00640433,-0.0802874,-0.481588,-0.211752,-0.100919,0.000216856,0.00503102,0.0823855,0.506308,0.211363,-0.0994579,-0.0027294,-0.0102274
13.28,-0.00640433,-0.0802874,-0.481588,-0.211752,-0.100919,0.000216856,0.00503102,0.0823855,0.506308,0.211363,-0.0994579,-0.0027294,-0.0102274
13.3,-0.00640433,-0.0802874,-0.481588,-0.211752,-0.100919,0.000216856,0.00503102,0.0823855,0.506308,0.211363,-0.0994579,-0.0027294,-0.0102274
13.32,-0.00640433,-0.0802874,-0.481588,-0.211752,-0.100919,0.000216856,0.00503102,0.0823855,0.506308,0.211363,-0.0994579,-0.0027294,-0.0102274
13.34,-0.00640433,-0.0802874,-0.481588,-0.211752,-0.100919,0.000216856,0.00503102,0.0823855,0.506308,0.211363,-0.0994579,-0.0027294,-0.0102274
13.36,-0.00640433,-0.0802874,-0.481588,-0.211752,-0.100919,0.000216856,0.00503102,0.0823855,0.506308,0.211363,-0.0994579,-0.0027294,-0.0102274
13.38,-0.00640433,-0.0802874,-0.481588,-0.211752,-0.100919,0.000216856,0.00503102,0.0823855,0.506308,0.211363,-0.0994579,-0.0027294,-0.0102274
13.4,-0.00640433,-0.0802874,-0.481588,-0.211752,-0.100919,0.000216856,0.00503102,0.0823855,0.506308,0.211363,-0.0994579,-0.0027294,-0.0102274
13.42,-0.00640433,-0.0802874,-0.481588,-0.211752,-0.100919,0.000216856,0.00503102,0.0823855,0.506308,0.211363,-0.0994579,-0.0027294,-0.0102274
13.44,-0.00640433,-0.0802874,-0.481588,-0.211752,-0.100919,0.000216856,0.00503102,0.0823855,0.506308,0.211363,-0.0994579,-0.0027294,-0.0102274
13.46,-0.00640433,-0.0802874,-0.481588,-0.211752,-0.100919,0.000216856,0.00503102,0.0823855,0.506308,0.211363,-0.0994579,-0.0027294,-0.0102274
13.48,-0.00640433,-0.0802874,-0.481588,-0.211752,-0.100919,0.000216856,0.00503102,0.0823855,0.506308,0.211363,-0.0994579,-0.0027294,-0.0102274
13.5,-0.00640433,-0.0802874,-0.481588,-0.211752,-0.100919,0.000216856,0.00503102,0.0823855,0.506308,0.211363,-0.0994579,-0.0027294,-0.0102274
13.52,-0.00640433,-0.0802874,-0.481588,-0.211752,-0.100919,0.000216856,0.00503102,0.0823855,0.506308,0.211363,-0.0994579,-0.0027294,-0.0102274
13.54,-0.00640433,-0.0802874,-0.481588,-0.211752,-0.100919,0.000216856,0.00503102,0.0823855,0.506308,0.211363,-0.0994579,-0.0027294,-0.0102274
13.56,-0.00640433,-0.0802874,-0.481588,-0.211752,-0.100919,0.000216856,0.00503102,0.0823855,0.506308,0.211363,-0.0994579,-0.0027294,-0.0102274
13.58,-0.00640433,-0.0802874,-0.481588,-0.211752,-0.100919,0.000216856,0.00503102,0.0823855,0.506308,0.211363,-0.0994579,-0.0027294,-0.0102274
13.6,-0.00640433,-0.0802874,-0.481588,-0.211752,-0.100919,0.000216856,0.00503102,0.0823855,0.506308,0.211363,-0.0994579,-0.0027294,-0.0102274
13.62,-0.00640433,-0.0802874,-0.481588,-0.211752,-0.100919,0.000216856,0.00503102,0.0823855,0.506308,0.211363,-0.0994579,-0.0027294,-0.0102274
13.64,-0.00640433,-0.0802874,-0.481588,-0.211752,-0.100919,0.000216856,0.00503102,0.0823855,0.506308,0.211363,-0.0994579,-0.0027294,-0.0102274
13.66,-0.00640433,-0.0802874,-0.481588,-0.211752,-0.100919,0.000216856,0.00503102,0.0823855,0.506308,0.211363,-0.0994579,-0.0027294,-0.0102274
13.68,-0.00640433,-0.0802874,-0.481588,-0.211752,-0.100919,0.000216856,0.00503102,0.0823855,0.506308,0.211363,-0.0994579,-0.0027294,-0.0102274
13.7,-0.00640433,-0.0802874,-0.481588,-0.211752,-0.100919,0.000216856,0.00503102,0.0823855,0.506308,0.211363,-0.0994579,-0.0027294,-0.0102274
13.72,-0.00640433,-0.0802874,-0.481588,-0.211752,-0.100919,0.000216856,0.00503102,0.0823855,0.506308,0.211363,-0.0994579,-0.0027294,-0.0102274
13.74,-0.00640433,-0.0802874,-0.481588,-0.211752,-0.100919,0.000216856,0.00503102,0.0823855,0.506308,0.211363,-0.0994579,-0.0027294,-0.0102274
13.76,-0.00640433,-0.0802874,-0.481588,-0.211752,-0.100919,0.000216856,0.00503102,0.0823855,0.506308,0.211363,-0.0994579,-0.0027294,-0.0102274
13.78,-0.00640433,-0.0802874,-0.481588,-0.211752,-0.100919,0.000216856,0.00503102,0.0823855,0.506308,0.211363,-0.0994579,-0.0027294,-0.0102274
13.8,-0.00640433,-0.0802874,-0.481588,-0.211752,-0.100919,0.000216856,0.00503102,0.0823855,0.506308,0.211363,-0.0994579,-0.0027294,-0.0102274
13.82,-0.00640433,-0.0802874,-0.481588,-0.211752,-0.100919,0.000216856,0.00503102,0.0823855,0.506308,0.211363,-0.0994579,-0.0027294,-0.0102274
13.84,-0.00640433,-0.0802874,-0.481588,-0.211752,-0.100919,0.000216856,0.00503102,0.0823855,0.506308,0.211363,-0.0994579,-0.0027294,-0.0102274
13.86,-0.00640433,-0.0802874,-0.481588,-0.211752,-0.100919,0.000216856,0.00503102,0.0823855,0.506308,0.211363,-0.0994579,-0.0027294,-0.0102274
13.88,-0.00640433,-0.0802874,-0.481588,-0.211752,-0.100919,0.000216856,0.00503102,0.0823855,0.506308,0.211363,-0.0994579,-0.0027294,-0.0102274
13.9,-0.00640433,-0.0802874,-0.481588,-0.211752,-0.100919,0.000216856,0.00503102,0.0823855,0.506308,0.211363,-0.0994579,-0.0027294,-0.0102274
13.92,-0.00640433,-0.0802874,-0.481588,-0.211752,-0.100919,0.000216856,0.00503102,0.0823855,0.506308,0.211363,-0.0994579,-0.0027294,-0.0102274
13.94,-0.00640433,-0.0802874,-0.481588,-0.211752,-0.100919,0.000216856,0.00503102,0.0823855,0.506308,0.211363,-0.0994579,-0.0027294,-0.0102274
13.96,-0.00640433,-0.0802874,-0.481588,-0.211752,-0.100919,0.000216856,0.00503102,0.0823855,0.506308,0.211363,-0.0994579,-0.0027294,-0.0102274
13.98,-0.00640433,-0.0802874,-0.481588,-0.211752,-0.100919,0.000216856,0.00503102,0.0823855,0.506308,0.211363,-0.0994579,-0.0027294,-0.0102274
14,-0.00640433,-0.0802874,-0.481588,-0.211752,-0.100919,0.000216856,0.00503102,0.0823855,0.506308,0.211363,-0.0994579,-0.0027294,-0.0102274
14.02,-0.00640433,-0.0802874,-0.481588,-0.211752,-0.100919,0.000216856,0.00503102,0.0823855,0.506308,0.211363,-0.0994579,-0.0027294,-0.0102274
14.04,-0.00640433,-0.0802874,-0.481588,-0.211752,-0.100919,0.000216856,0.00503102,0.0823855,0.506308,0.211363,-0.0994579,-0.0027294,-0.0102274
14.06,-0.00640433,-0.0802874,-0.481588,-0.211752,-0.100919,0.000216856,0.00503102,0.0823855,0.506308,0.211363,-0.0994579,-0.0027294,-0.0102274
14.08,-0.00640433,-0.0802874,-0.481588,-0.211752,-0.100919,0.000216856,0.00503102,0.0823855,0.506308,0.211363,-0.0994579,-0.0027294,-0.0102274
14.1,-0.00640433,-0.0802874,-0.481588,-0.211752,-0.100919,0.000216856,0.00503102,0.0823855,0.506308,0.211363,-0.0994579,-0.0027294,-0.0102274
14.12,-0.00640433,-0.0802874,-0.481588,-0.211752,-0.100919,0.000216856,0.00503102,0.0823855,0.506308,0.211363,-0.0994579,-0.0027294,-0.0102274
14.14,-0.00640433,-0.0802874,-0.481588,-0.211752,-0.100919,0.000216856,0.00503102,0.0823855,0.506308,0.211363,-0.0994579,-0.0027294,-0.0102274
14.16,-0.00640433,-0.0802874,-0.481588,-0.211752,-0.100919,0.000216856,0.00503102,0.0823855,0.506308,0.211363,-0.0994579,-0.0027294,-0.0102274
14.18,-0.00640433,-0.0802874,-0.481588,-0.211752,-0.100919,0.000216856,0.00503102,0.0823855,0.506308,0.211363,-0.0994579,-0.0027294,-0.0102274
14.2,-0.00640433,-0.0802874,-0.481588,-0.211752,-0.100919,0.000216856,0.00503102,0.0823855,0.506308,0.211363,-0.0994579,-0.0027294,-0.0102274
14.22,-0.00640433,-0.0802874,-0.481588,-0.211752,-0.100919,0.000216856,0.00503102,0.0823855,0.506308,0.211363,-0.0994579,-0.0027294,-0.0102274
14.24,-0.00640433,-0.0802874,-0.481588,-0.211752,-0.100919,0.000216856,0.00503102,0.0823855,0.506308,0.211363,-0.0994579,-0.0027294,-0.0102274
14.26,-0.00640433,-0.0802874,-0.481588,-0.211752,-0.100919,0.000216856,0.00503102,0.0823855,0.506308,0.211363,-0.0994579,-0.0027294,-0.0102274
14.28,-0.00640433,-0.0802874,-0.481588,-0.211752,-0.100919,0.000216856,0.00503102,0.0823855,0.506308,0.211363,-0.0994579,-0.0027294,-0.0102274
14.3,-0.00640433,-0.0802874,-0.481588,-0.211752,-0.100919,0.000216856,0.00503102,0.0823855,0.506308,0.211363,-0.0994579,-0.0027294,-0.0102274
14.32,-0.00640433,-0.0802874,-0.481588,-0.211752,-0.100919,0.000216856,0.00503102,0.0823855,0.506308,0.211363,-0.0994579,-0.0027294,-0.0102274
14.34,-0.00640433,-0.0802874,-0.481588,-0.211752,-0.100919,0.000216856,0.00503102,0.0823855,0.506308,0.211363,-0.0994579,-0.0027294,-0.0102274
14.36,-0.00640433,-0.0802874,-0.481588,-0.211752,-0.100919,0.000216856,0.00503102,0.0823855,0.506308,0.211363,-0.0994579,-0.0027294,-0.0102274
14.38,-0.00640433,-0.0802874,-0.481588,-0.211752,-0.100919,0.000216856,0.00503102,0.0823855,0.506308,0.211363,-0.0994579,-0.0027294,-0.0102274
14.4,-0.00640433,-0.0802874,-0.481588,-0.211752,-0.100919,0.000216856,0.00503102,0.0823855,0.506308,0.211363,-0.0994579,-0.0027294,-0.0102274
14.42,-0.00640433,-0.0802874,-0.481588,-0.211752,-0.100919,0.000216856,0.00503102,0.0823855,0.506308,0.211363,-0.0994579,-0.0027294,-0.0102274
14.44,-0.00640433,-0.0802874,-0.481588,-0.211752,-0.100919,0.000216856,0.00503102,0.0823855,0.506308,0.211363,-0.0994579,-0.0027294,-0.0102274
14.46,-0.00640433,-0.0802874,-0.481588,-0.211752,-0.100919,0.000216856,0.00503102,0.0823855,0.506308,0.211363,-0.0994579,-0.0027294,-0.0102274
14.48,-0.00640433,-0.0802874,-0.481588,-0.211752,-0.100919,0.000216856,0.00503102,0.0823855,0.506308,0.211363,-0.0994579,-0.0027294,-0.0102274
14.5,-0.00640433,-0.0802874,-0.481588,-0.211752,-0.100919,0.000216856,0.00503102,0.0823855,0.506308,0.211363,-0.0994579,-0.0027294,-0.0102274
14.52,-0.00640433,-0.0802874,-0.481588,-0.211752,-0.100919,0.000216856,0.00503102,0.0823855,0.506308,0.211363,-0.0994579,-0.0027294,-0.0102274
14.54,-0.00640433,-0.0802874,-0.481588,-0.211752,-0.100919,0.000216856,0.00503102,0.0823855,0.506308,0.211363,-0.0994579,-0.0027294,-0.0102274
14.56,-0.00640433,-0.0802874,-0.481588,-0.211752,-0.100919,0.000216856,0.00503102,0.0823855,0.506308,0.211363,-0.0994579,-0.0027294,-0.0102274
14.58,-0.00640433,-0.0802874,-0.481588,-0.211752,-0.100919,0.000216856,0.00503102,0.0823855,0.506308,0.211363,-0.0994579,-0.0027294,-0.0102274
14.6,-0.00640433,-0.0802874,-0.481588,-0.211752,-0.100919,0.000216856,0.00503102,0.0823855,0.506308,0.211363,-0.0994579,-0.0027294,-0.0102274
14.62,-0.00640433,-0.0802874,-0.481588,-0.211752,-0.100919,0.000216856,0.00503102,0.0823855,0.506308,0.211363,-0.0994579,-0.0027294,-0.0102274
14.64,-0.00640433,-0.0802874,-0.481588,-0.211752,-0.100919,0.000216856,0.00503102,0.0823855,0.506308,0.211363,-0.0994579,-0.0027294,-0.0102274
14.66,-0.00640433,-0.0802874,-0.481588,-0.211752,-0.100919,0.000216856,0.00503102,0.0823855,0.506308,0.211363,-0.0994579,-0.0027294,-0.0102274
14.68,-0.00640433,-0.0802874,-0.481588,-0.211752,-0.100919,0.000216856,0.00503102,0.0823855,0.506308,0.211363,-0.0994579,-0.0027294,-0.0102274
14.7,-0.00640433,-0.0802874,-0.481588,-0.211752,-0.100919,0.000216856,0.00503102,0.0823855,0.506308,0.211363,-0.0994579,-0.0027294,-0.0102274
14.72,-0.00640433,-0.0802874,-0.481588,-0.211752,-0.100919,0.000216856,0.00503102,0.0823855,0.506308,0.211363,-0.0994579,-0.0027294,-0.0102274
14.74,-0.00640433,-0.0802874,-0.481588,-0.211752,-0.100919,0.000216856,0.00503102,0.0823855,0.506308,0.211363,-0.0994579,-0.0027294,-0.0102274
14.76,-0.00640433,-0.0802874,-0.481588,-0.211752,-0.100919,0.000216856,0.00503102,0.0823855,0.506308,0.211363,-0.0994579,-0.0027294,-0.0102274
14.78,-0.00640433,-0.0802874,-0.481588,-0.211752,-0.100919,0.000216856,0.00503102,0.0823855,0.506308,0.211363,-0.0994579,-0.0027294,-0.0102274
14.8,-0.00640433,-0.0802874,-0.481588,-0.211752,-0.100919,0.000216856,0.00503102,0.0823855,0.506308,0.211363,-0.0994579,-0.0027294,-0.0102274
14.82,-0.00640433,-0.0802874,-0.481588,-0.211752,-0.100919,0.000216856,0.00503102,0.0823855,0.506308,0.211363,-0.0994579,-0.0027294,-0.0102274
14.84,-0.00640433,-0.0802874,-0.481588,-0.211752,-0.100919,0.000216856,0.00503102,0.0823855,0.506308,0.211363,-0.0994579,-0.0027294,-0.0102274
14.86,-0.00640433,-0.0802874,-0.481588,-0.211752,-0.100919,0.000216856,0.00503102,0.0823855,0.506308,0.211363,-0.0994579,-0.0027294,-0.0102274
14.88,-0.00640433,-0.0802874,-0.481588,-0.211752,-0.100919,0.000216856,0.00503102,0.0823855,0.506308,0.211363,-0.0994579,-0.0027294,-0.0102274
14.9,-0.00640433,-0.0802874,-0.481588,-0.211752,-0.100919,0.000216856,0.00503102,0.0823855,0.506308,0.211363,-0.0994579,-0.0027294,-0.0102274
14.92,-0.00640433,-0.0802874,-0.481588,-0.211752,-0.100919,0.000216856,0.00503102,0.0823855,0.506308,0.211363,-0.0994579,-0.0027294,-0.0102274
14.94,-0.00640433,-0.0802874,-0.481588,-0.211752,-0.100919,0.000216856,0.00503102,0.0823855,0.506308,0.211363,-0.0994579,-0.0027294,-0.0102274
14.96,-0.00640433,-0.0802874,-0.481588,-0.211752,-0.100919,0.000216856,0.00503102,0.0823855,0.506308,0.211363,-0.0994579,-0.0027294,-0.0102274
14.98,-0.00640433,-0.0802874,-0.481588,-0.211752,-0.100919,0.000216856,0.00503102,0.0823855,0.506308,0.211363,-0.0994579,-0.0027294,-0.0102274
15,-0.00640433,-0.0802874,-0.481588,-0.211752,-0.100919,0.000216856,0.00503102,0.0823855,0.506308,0.211363,-0.0994579,-0.0027294,-0.0102274
15.02,-0.00640433,-0.0802874,-0.481588,-0.211752,-0.100919,0.000216856,0.00503102,0.0823855,0.506308,0.211363,-0.0994579,-0.0027294,-0.0102274
15.04,-0.00640433,-0.0802874,-0.481588,-0.211752,-0.100919,0.000216856,0.00503102,0.0823855,0.506308,0.211363,-0.0994579,-0.0027294,-0.0102274
15.06,-0.00640433,-0.0802874,-0.481588,-0.211752,-0.100919,0.000216856,0.00503102,0.0823855,0.506308,0.211363,-0.0994579,-0.0027294,-0.0102274
15.08,-0.00640433,-0.0802874,-0.481588,-0.211752,-0.100919,0.000216856,0.00503102,0.0823855,0.506308,0.211363,-0.0994579,-0.0027294,-0.0102274
15.1,-0.00640433,-0.0802874,-0.481588,-0.211752,-0.100919,0.000216856,0.00503102,0.0823855,0.506308,0.211363,-0.0994579,-0.0027294,-0.0102274
15.12,-0.00640433,-0.0802874,-0.481588,-0.211752,-0.100919,0.000216856,0.00503102,0.0823855,0.506308,0.211363,-0.0994579,-0.0027294,-0.0102274
15.14,-0.00640433,-0.0802874,-0.481588,-0.211752,-0.100919,0.000216856,0.00503102,0.0823855,0.506308,0.211363,-0.0994579,-0.0027294,-0.0102274
15.16,-0.00640433,-0.0802874,-0.481588,-0.211752,-0.100919,0.000216856,0.00503102,0.0823855,0.506308,0.211363,-0.0994579,-0.0027294,-0.0102274
15.18,-0.00640433,-0.0802874,-0.481588,-0.211752,-0.100919,0.000216856,0.00503102,0.0823855,0.506308,0.211363,-0.0994579,-0.0027294,-0.0102274
15.2,-0.00640433,-0.0802874,-0.481588,-0.211752,-0.100919,0.000216856,0.00503102,0.0823855,0.506308,0.211363,-0.0994579,-0.0027294,-0.0102274
15.22,-0.00640433,-0.0802874,-0.481588,-0.211752,-0.100919,0.000216856,0.00503102,0.0823855,0.506308,0.211363,-0.0994579,-0.0027294,-0.0102274
15.24,-0.00640433,-0.0802874,-0.481588,-0.211752,-0.100919,0.000216856,0.00503102,0.0823855,0.506308,0.211363,-0.0994579,-0.0027294,-0.0102274
15.26,-0.00640433,-0.0802874,-0.481588,-0.211752,-0.100919,0.000216856,0.00503102,0.0823855,0.506308,0.211363,-0.0994579,-0.0027294,-0.0102274
15.28,-0.00640433,-0.0802874,-0.481588,-0.211752,-0.100919,0.000216856,0.00503102,0.0823855,0.506308,0.211363,-0.0994579,-0.0027294,-0.0102274
15.3,-0.00640433,-0.0802874,-0.481588,-0.211752,-0.100919,0.000216856,0.00503102,0.0823855,0.506308,0.211363,-0.0994579,-0.0027294,-0.0102274
15.32,-0.00640433,-0.0802874,-0.481588,-0.211752,-0.100919,0.000216856,0.00503102,0.0823855,0.506308,0.211363,-0.0994579,-0.0027294,-0.0102274
15.34,-0.00640433,-0.0802874,-0.481588,-0.211752,-0.100919,0.000216856,0.00503102,0.0823855,0.506308,0.211363,-0.0994579,-0.0027294,-0.0102274
15.36,-0.00640433,-0.0802874,-0.481588,-0.211752,-0.100919,0.000216856,0.00503102,0.0823855,0.506308,0.211363,-0.0994579,-0.0027294,-0.0102274
15.38,-0.00640433,-0.0802874,-0.481588,-0.211752,-0.100919,0.000216856,0.00503102,0.0823855,0.506308,0.211363,-0.0994579,-0.0027294,-0.0102274
15.4,-0.00640433,-0.0802874,-0.481588,-0.211752,-0.100919,0.000216856,0.00503102,0.0823855,0.506308,0.211363,-0.0994579,-0.0027294,-0.0102274
15.42,-0.00640433,-0.0802874,-0.481588,-0.211752,-0.100919,0.000216856,0.00503102,0.0823855,0.506308,0.211363,-0.0994579,-0.0027294,-0.0102274
15.44,-0.00640433,-0.0802874,-0.481588,-0.211752,-0.100919,0.000216856,0.00503102,0.0823855,0.506308,0.211363,-0.0994579,-0.0027294,-0.0102274
15.46,-0.00640433,-0.0802874,-0.481588,-0.211752,-0.100919,0.000216856,0.00503102,0.0823855,0.506308,0.211363,-0.0994579,-0.0027294,-0.0102274
15.48,-0.00640433,-0.0802874,-0.481588,-0.211752,-0.100919,0.000216856,0.00503102,0.0823855,0.506308,0.211363,-0.0994579,-0.0027294,-0.0102274
15.5,-0.00640433,-0.0802874,-0.481588,-0.211752,-0.100919,0.000216856,0.00503102,0.0823855,0.506308,0.211363,-0.0994579,-0.0027294,-0.0102274
15.52,-0.00640433,-0.0802874,-0.481588,-0.211752,-0.100919,0.000216856,0.00503102,0.0823855,0.506308,0.211363,-0.0994579,-0.0027294,-0.0102274
15.54,-0.00640433,-0.0802874,-0.481588,-0.211752,-0.100919,0.000216856,0.00503102,0.0823855,0.506308,0.211363,-0.0994579,-0.0027294,-0.0102274
15.56,-0.00640433,-0.0802874,-0.481588,-0.211752,-0.100919,0.000216856,0.00503102,0.0823855,0.506308,0.211363,-0.0994579,-0.0027294,-0.0102274
15.58,-0.00640433,-0.0802874,-0.481588,-0.211752,-0.100919,0.000216856,0.00503102,0.0823855,0.506308,0.211363,-0.0994579,-0.0027294,-0.0102274
15.6,-0.00640433,-0.0802874,-0.481588,-0.211752,-0.100919,0.000216856,0.00503102,0.0823855,0.506308,0.211363,-0.0994579,-0.0027294,-0.0102274
15.62,-0.00640433,-0.0802874,-0.481588,-0.211752,-0.100919,0.000216856,0.00503102,0.0823855,0.506308,0.211363,-0.0994579,-0.0027294,-0.0102274
15.64,-0.00640433,-0.0802874,-0.481588,-0.211752,-0.100919,0.000216856,0.00503102,0.0823855,0.506308,0.211363,-0.0994579,-0.0027294,-0.0102274
15.66,-0.00640433,-0.0802874,-0.481588,-0.211752,-0.100919,0.000216856,0.00503102,0.0823855,0.506308,0.211363,-0.0994579,-0.0027294,-0.0102274
15.68,-0.00640433,-0.0802874,-0.481588,-0.211752,-0.100919,0.000216856,0.00503102,0.0823855,0.506308,0.211363,-0.0994579,-0.0027294,-0.0102274
15.7,-0.00640433,-0.0802874,-0.481588,-0.211752,-0.100919,0.000216856,0.00503102,0.0823855,0.506308,0.211363,-0.0994579,-0.0027294,-0.0102274
15.72,-0.00640433,-0.0802874,-0.481588,-0.211752,-0.100919,0.000216856,0.00503102,0.0823855,0.506308,0.211363,-0.0994579,-0.0027294,-0.0102274
15.74,-0.00640433,-0.0802874,-0.481588,-0.211752,-0.100919,0.000216856,0.00503102,0.0823855,0.506308,0.211363,-0.0994579,-0.0027294,-0.0102274
15.76,-0.00640433,-0.0802874,-0.481588,-0.211752,-0.100919,0.000216856,0.00503102,0.0823855,0.506308,0.211363,-0.0994579,-0.0027294,-0.0102274
15.78,-0.00640433,-0.0802874,-0.481588,-0.211752,-0.100919,0.000216856,0.00503102,0.0823855,0.506308,0.211363,-0.0994579,-0.0027294,-0.0102274
15.8,-0.00640433,-0.0802874,-0.481588,-0.211752,-0.100919,0.000216856,0.00503102,0.0823855,0.506308,0.211363,-0.0994579,-0.0027294,-0.0102274
15.82,-0.00640433,-0.0802874,-0.481588,-0.211752,-0.100919,0.000216856,0.00503102,0.0823855,0.506308,0.211363,-0.0994579,-0.0027294,-0.0102274
15.84,-0.00640433,-0.0802874,-0.481588,-0.211752,-0.100919,0.000216856,0.00503102,0.0823855,0.506308,0.211363,-0.0994579,-0.0027294,-0.0102274
15.86,-0.00640433,-0.0802874,-0.481588,-0.211752,-0.100919,0.000216856,0.00503102,0.0823855,0.506308,0.211363,-0.0994579,-0.0027294,-0.0102274
15.88,-0.00640433,-0.0802874,-0.481588,-0.211752,-0.100919,0.000216856,0.00503102,0.0823855,0.506308,0.211363,-0.0994579,-0.0027294,-0.0102274
15.9,-0.00640433,-0.0802874,-0.481588,-0.211752,-0.100919,0.000216856,0.00503102,0.0823855,0.506308,0.211363,-0.0994579,-0.0027294,-0.0102274
15.92,-0.00640433,-0.0802874,-0.481588,-0.211752,-0.100919,0.000216856,0.00503102,0.0823855,0.506308,0.211363,-0.0994579,-0.0027294,-0.0102274
15.94,-0.00640433,-0.0802874,-0.481588,-0.211752,-0.100919,0.000216856,0.00503102,0.0823855,0.506308,0.211363,-0.0994579,-0.0027294,-0.0102274
15.96,-0.00640433,-0.0802874,-0.481588,-0.211752,-0.100919,0.000216856,0.00503102,0.0823855,0.506308,0.211363,-0.0994579,-0.0027294,-0.0102274
15.98,-0.00640433,-0.0802874,-0.481588,-0.211752,-0.100919,0.000216856,0.00503102,0.0823855,0.506308,0.211363,-0.0994579,-0.0027294,-0.0102274
16,-0.00640433,-0.0802874,-0.481588,-0.211752,-0.100919,0.000216856,0.00503102,0.0823855,0.506308,0.211363,-0.0994579,-0.0027294,-0.0102274
16.02,-0.00640433,-0.0802874,-0.481588,-0.211752,-0.100919,0.000216856,0.00503102,0.0823855,0.506308,0.211363,-0.0994579,-0.0027294,-0.0102274
16.04,-0.00640433,-0.0802874,-0.481588,-0.211752,-0.100919,0.000216856,0.00503102,0.0823855,0.506308,0.211363,-0.0994579,-0.0027294,-0.0102274
16.06,-0.00640433,-0.0802874,-0.481588,-0.211752,-0.100919,0.000216856,0.00503102,0.0823855,0.506308,0.211363,-0.0994579,-0.0027294,-0.0102274
16.08,-0.00640433,-0.0802874,-0.481588,-0.211752,-0.100919,0.000216856,0.00503102,0.0823855,0.506308,0.211363,-0.0994579,-0.0027294,-0.0102274
16.1,-0.00640433,-0.0802874,-0.481588,-0.211752,-0.100919,0.000216856,0.00503102,0.0823855,0.506308,0.211363,-0.0994579,-0.0027294,-0.0102274
16.12,-0.00640433,-0.0802874,-0.481588,-0.211752,-0.100919,0.000216856,0.00503102,0.0823855,0.506308,0.211363,-0.0994579,-0.0027294,-0.0102274
16.14,-0.00640433,-0.0802874,-0.481588,-0.211752,-0.100919,0.000216856,0.00503102,0.0823855,0.506308,0.211363,-0.0994579,-0.0027294,-0.0102274
16.16,-0.00640433,-0.0802874,-0.481588,-0.211752,-0.100919,0.000216856,0.00503102,0.0823855,0.506308,0.211363,-0.0994579,-0.0027294,-0.0102274
16.18,-0.00640433,-0.0802874,-0.481588,-0.211752,-0.100919,0.000216856,0.00503102,0.0823855,0.506308,0.211363,-0.0994579,-0.0027294,-0.0102274
16.2,-0.00640433,-0.0802874,-0.481588,-0.211752,-0.100919,0.000216856,0.00503102,0.0823855,0.506308,0.211363,-0.0994579,-0.0027294,-0.0102274
16.22,-0.00640433,-0.0802874,-0.481588,-0.211752,-0.100919,0.000216856,0.00503102,0.0823855,0.506308,0.211363,-0.0994579,-0.0027294,-0.0102274
16.24,-0.00640433,-0.0802874,-0.481588,-0.211752,-0.100919,0.000216856,0.00503102,0.0823855,0.506308,0.211363,-0.0994579,-0.0027294,-0.0102274
16.26,-0.00640433,-0.0802874,-0.481588,-0.211752,-0.100919,0.000216856,0.00503102,0.0823855,0.506308,0.211363,-0.0994579,-0.0027294,-0.0102274
16.28,-0.00640433,-0.0802874,-0.481588,-0.211752,-0.100919,0.000216856,0.00503102,0.0823855,0.506308,0.211363,-0.0994579,-0.0027294,-0.0102274
16.3,-0.00640433,-0.0802874,-0.481588,-0.211752,-0.100919,0.000216856,0.00503102,0.0823855,0.506308,0.211363,-0.0994579,-0.0027294,-0.0102274
16.32,-0.00640433,-0.0802874,-0.481588,-0.211752,-0.100919,0.000216856,0.00503102,0.0823855,0.506308,0.211363,-0.0994579,-0.0027294,-0.0102274
16.34,-0.00640433,-0.0802874,-0.481588,-0.211752,-0.100919,0.000216856,0.00503102,0.0823855,0.506308,0.211363,-0.0994579,-0.0027294,-0.0102274
16.36,-0.00640433,-0.0802874,-0.481588,-0.211752,-0.100919,0.000216856,0.00503102,0.0823855,0.506308,0.211363,-0.0994579,-0.0027294,-0.0102274
16.38,-0.00640433,-0.0802874,-0.481588,-0.211752,-0.100919,0.000216856,0.00503102,0.0823855,0.506308,0.211363,-0.0994579,-0.0027294,-0.0102274
16.4,-0.00640433,-0.0802874,-0.481588,-0.211752,-0.100919,0.000216856,0.00503102,0.0823855,0.506308,0.211363,-0.0994579,-0.0027294,-0.0102274
16.42,-0.00640433,-0.0802874,-0.481588,-0.211752,-0.100919,0.000216856,0.00503102,0.0823855,0.506308,0.211363,-0.0994579,-0.0027294,-0.0102274
16.44,-0.00640433,-0.0802874,-0.481588,-0.211752,-0.100919,0.000216856,0.00503102,0.0823855,0.506308,0.211363,-0.0994579,-0.0027294,-0.0102274
16.46,-0.00640433,-0.0802874,-0.481588,-0.211752,-0.100919,0.000216856,0.00503102,0.0823855,0.506308,0.211363,-0.0994579,-0.0027294,-0.0102274
16.48,-0.00640433,-0.0802874,-0.481588,-0.211752,-0.100919,0.000216856,0.00503102,0.0823855,0.506308,0.211363,-0.0994579,-0.0027294,-0.0102274
16.5,-0.00640433,-0.0802874,-0.481588,-0.211752,-0.100919,0.000216856,0.00503102,0.0823855,0.506308,0.211363,-0.0994579,-0.0027294,-0.0102274
16.52,-0.00640433,-0.0802874,-0.481588,-0.211752,-0.100919,0.000216856,0.00503102,0.0823855,0.506308,0.211363,-0.0994579,-0.0027294,-0.0102274
16.54,-0.00640433,-0.0802874,-0.481588,-0.211752,-0.100919,0.000216856,0.00503102,0.0823855,0.506308,0.211363,-0.0994579,-0.0027294,-0.0102274
16.56,-0.00640433,-0.0802874,-0.481588,-0.211752,-0.100919,0.000216856,0.00503102,0.0823855,0.506308,0.211363,-0.0994579,-0.0027294,-0.0102274
16.58,-0.00640433,-0.0802874,-0.481588,-0.211752,-0.100919,0.000216856,0.00503102,0.0823855,0.506308,0.211363,-0.0994579,-0.0027294,-0.0102274
16.6,-0.00640433,-0.0802874,-0.481588,-0.211752,-0.100919,0.000216856,0.00503102,0.0823855,0.506308,0.211363,-0.0994579,-0.0027294,-0.0102274
16.62,-0.00640433,-0.0802874,-0.481588,-0.211752,-0.100919,0.000216856,0.00503102,0.0823855,0.506308,0.211363,-0.0994579,-0.0027294,-0.0102274
16.64,-0.00640433,-0.0802874,-0.481588,-0.211752,-0.100919,0.000216856,0.00503102,0.0823855,0.506308,0.211363,-0.0994579,-0.0027294,-0.0102274
16.66,-0.00640433,-0.0802874,-0.481588,-0.211752,-0.100919,0.000216856,0.00503102,0.0823855,0.506308,0.211363,-0.0994579,-0.0027294,-0.0102274
16.68,-0.00640433,-0.0802874,-0.481588,-0.211752,-0.100919,0.000216856,0.00503102,0.0823855,0.506308,0.211363,-0.0994579,-0.0027294,-0.0102274
16.7,-0.00640433,-0.0802874,-0.481588,-0.211752,-0.100919,0.000216856,0.00503102,0.0823855,0.506308,0.211363,-0.0994579,-0.0027294,-0.0102274
16.72,-0.00640433,-0.0802874,-0.481588,-0.211752,-0.100919,0.000216856,0.00503102,0.0823855,0.506308,0.211363,-0.0994579,-0.0027294,-0.0102274
16.74,-0.00640433,-0.0802874,-0.481588,-0.211752,-0.100919,0.000216856,0.00503102,0.0823855,0.506308,0.211363,-0.0994579,-0.0027294,-0.0102274
16.76,-0.00640433,-0.0802874,-0.481588,-0.211752,-0.100919,0.000216856,0.00503102,0.0823855,0.506308,0.211363,-0.0994579,-0.0027294,-0.0102274
16.78,-0.00640433,-0.0802874,-0.481588,-0.211752,-0.100919,0.000216856,0.00503102,0.0823855,0.506308,0.211363,-0.0994579,-0.0027294,-0.0102274
16.8,-0.00640433,-0.0802874,-0.481588,-0.211752,-0.100919,0.000216856,0.00503102,0.0823855,0.506308,0.211363,-0.0994579,-0.0027294,-0.0102274
16.82,-0.00640433,-0.0802874,-0.481588,-0.211752,-0.100919,0.000216856,0.00503102,0.0823855,0.506308,0.211363,-0.0994579,-0.0027294,-0.0102274
16.84,-0.00640433,-0.0802874,-0.481588,-0.211752,-0.100919,0.000216856,0.00503102,0.0823855,0.506308,0.211363,-0.0994579,-0.0027294,-0.0102274
16.86,-0.00640433,-0.0802874,-0.481588,-0.211752,-0.100919,0.000216856,0.00503102,0.0823855,0.506308,0.211363,-0.0994579,-0.0027294,-0.0102274
16.88,-0.00640433,-0.0802874,-0.481588,-0.211752,-0.100919,0.000216856,0.00503102,0.0823855,0.506308,0.211363,-0.0994579,-0.0027294,-0.0102274
16.9,-0.00640433,-0.0802874,-0.481588,-0.211752,-0.100919,0.000216856,0.00503102,0.0823855,0.506308,0.211363,-0.0994579,-0.0027294,-0.0102274
16.92,-0.00640433,-0.0802874,-0.481588,-0.211752,-0.100919,0.000216856,0.00503102,0.0823855,0.506308,0.211363,-0.0994579,-0.0027294,-0.0102274
16.94,-0.00640433,-0.0802874,-0.481588,-0.211752,-0.100919,0.000216856,0.00503102,0.0823855,0.506308,0.211363,-0.0994579,-0.0027294,-0.0102274
16.96,-0.00640433,-0.0802874,-0.481588,-0.211752,-0.100919,0.000216856,0.00503102,0.0823855,0.506308,0.211363,-0.0994579,-0.0027294,-0.0102274
16.98,-0.00640433,-0.0802874,-0.481588,-0.211752,-0.100919,0.000216856,0.00503102,0.0823855,0.506308,0.211363,-0.0994579,-0.0027294,-0.0102274
17,-0.00640433,-0.0802874,-0.481588,-0.211752,-0.100919,0.000216856,0.00503102,0.0823855,0.506308,0.211363,-0.0994579,-0.0027294,-0.0102274
17.02,-0.00640433,-0.0802874,-0.481588,-0.211752,-0.100919,0.000216856,0.00503102,0.0823855,0.506308,0.211363,-0.0994579,-0.0027294,-0.0102274
17.04,-0.00640433,-0.0802874,-0.481588,-0.211752,-0.100919,0.000216856,0.00503102,0.0823855,0.506308,0.211363,-0.0994579,-0.0027294,-0.0102274
17.06,-0.00640433,-0.0802874,-0.481588,-0.211752,-0.100919,0.000216856,0.00503102,0.0823855,0.506308,0.211363,-0.0994579,-0.0027294,-0.0102274
17.08,-0.00640433,-0.0802874,-0.481588,-0.211752,-0.100919,0.000216856,0.00503102,0.0823855,0.506308,0.211363,-0.0994579,-0.0027294,-0.0102274
17.1,-0.00640433,-0.0802874,-0.481588,-0.211752,-0.100919,0.000216856,0.00503102,0.0823855,0.506308,0.211363,-0.0994579,-0.0027294,-0.0102274
17.12,-0.00640433,-0.0802874,-0.481588,-0.211752,-0.100919,0.000216856,0.00503102,0.0823855,0.506308,0.211363,-0.0994579,-0.0027294,-0.0102274
17.14,-0.00640433,-0.0802874,-0.481588,-0.211752,-0.100919,0.000216856,0.00503102,0.0823855,0.506308,0.211363,-0.0994579,-0.0027294,-0.0102274
17.16,-0.00640433,-0.0802874,-0.481588,-0.211752,-0.100919,0.000216856,0.00503102,0.0823855,0.506308,0.211363,-0.0994579,-0.0027294,-0.0102274
17.18,-0.00640433,-0.0802874,-0.481588,-0.211752,-0.100919,0.000216856,0.00503102,0.0823855,0.506308,0.211363,-0.0994579,-0.0027294,-0.0102274
17.2,-0.00640433,-0.0802874,-0.481588,-0.211752,-0.100919,0.000216856,0.00503102,0.0823855,0.506308,0.211363,-0.0994579,-0.0027294,-0.0102274
17.22,-0.00640433,-0.0802874,-0.481588,-0.211752,-0.100919,0.000216856,0.00503102,0.0823855,0.506308,0.211363,-0.0994579,-0.0027294,-0.0102274
17.24,-0.00640433,-0.0802874,-0.481588,-0.211752,-0.100919,0.000216856,0.00503102,0.0823855,0.506308,0.211363,-0.0994579,-0.0027294,-0.0102274
17.26,-0.00640433,-0.0802874,-0.481588,-0.211752,-0.100919,0.000216856,0.00503102,0.0823855,0.506308,0.211363,-0.0994579,-0.0027294,-0.0102274
17.28,-0.00640433,-0.0802874,-0.481588,-0.211752,-0.100919,0.000216856,0.00503102,0.0823855,0.506308,0.211363,-0.0994579,-0.0027294,-0.0102274
17.3,-0.00640433,-0.0802874,-0.481588,-0.211752,-0.100919,0.000216856,0.00503102,0.0823855,0.506308,0.211363,-0.0994579,-0.0027294,-0.0102274
17.32,-0.00640433,-0.0802874,-0.481588,-0.211752,-0.100919,0.000216856,0.00503102,0.0823855,0.506308,0.211363,-0.0994579,-0.0027294,-0.0102274
17.34,-0.00640433,-0.0802874,-0.481588,-0.211752,-0.100919,0.000216856,0.00503102,0.0823855,0.506308,0.211363,-0.0994579,-0.0027294,-0.0102274
17.36,-0.00640433,-0.0802874,-0.481588,-0.211752,-0.100919,0.000216856,0.00503102,0.0823855,0.506308,0.211363,-0.0994579,-0.0027294,-0.0102274
17.38,-0.00640433,-0.0802874,-0.481588,-0.211752,-0.100919,0.000216856,0.00503102,0.0823855,0.506308,0.211363,-0.0994579,-0.0027294,-0.0102274
17.4,-0.00640433,-0.0802874,-0.481588,-0.211752,-0.100919,0.000216856,0.00503102,0.0823855,0.506308,0.211363,-0.0994579,-0.0027294,-0.0102274
17.42,-0.00640433,-0.0802874,-0.481588,-0.211752,-0.100919,0.000216856,0.00503102,0.0823855,0.506308,0.211363,-0.0994579,-0.0027294,-0.0102274
17.44,-0.00640433,-0.0802874,-0.481588,-0.211752,-0.100919,0.000216856,0.00503102,0.0823855,0.506308,0.211363,-0.0994579,-0.0027294,-0.0102274
17.46,-0.00640433,-0.0802874,-0.481588,-0.211752,-0.100919,0.000216856,0.00503102,0.0823855,0.506308,0.211363,-0.0994579,-0.0027294,-0.0102274
17.48,-0.00640433,-0.0802874,-0.481588,-0.211752,-0.100919,0.000216856,0.00503102,0.0823855,0.506308,0.211363,-0.0994579,-0.0027294,-0.0102274
17.5,-0.00640433,-0.0802874,-0.481588,-0.211752,-0.100919,0.000216856,0.00503102,0.0823855,0.506308,0.211363,-0.0994579,-0.0027294,-0.0102274
17.52,-0.00640433,-0.0802874,-0.481588,-0.211752,-0.100919,0.000216856,0.00503102,0.0823855,0.506308,0.211363,-0.0994579,-0.0027294,-0.0102274
17.54,-0.00640433,-0.0802874,-0.481588,-0.211752,-0.100919,0.000216856,0.00503102,0.0823855,0.506308,0.211363,-0.0994579,-0.0027294,-0.0102274
17.56,-0.00640433,-0.0802874,-0.481588,-0.211752,-0.100919,0.000216856,0.00503102,0.0823855,0.506308,0.211363,-0.0994579,-0.0027294,-0.0102274
17.58,-0.00640433,-0.0802874,-0.481588,-0.211752,-0.100919,0.000216856,0.00503102,0.0823855,0.506308,0.211363,-0.0994579,-0.0027294,-0.0102274
17.6,-0.00640433,-0.0802874,-0.481588,-0.211752,-0.100919,0.000216856,0.00503102,0.0823855,0.506308,0.211363,-0.0994579,-0.0027294,-0.0102274
17.62,-0.00640433,-0.0802874,-0.481588,-0.211752,-0.100919,0.000216856,0.00503102,0.0823855,0.506308,0.211363,-0.0994579,-0.0027294,-0.0102274
17.64,-0.00640433,-0.0802874,-0.481588,-0.211752,-0.100919,0.000216856,0.00503102,0.0823855,0.506308,0.211363,-0.0994579,-0.0027294,-0.0102274
17.66,-0.00640433,-0.0802874,-0.481588,-0.211752,-0.100919,0.000216856,0.00503102,0.0823855,0.506308,0.211363,-0.0994579,-0.0027294,-0.0102274
17.68,-0.00640433,-0.0802874,-0.481588,-0.211752,-0.100919,0.000216856,0.00503102,0.0823855,0.506308,0.211363,-0.0994579,-0.0027294,-0.0102274
17.7,-0.00640433,-0.0802874,-0.481588,-0.211752,-0.100919,0.000216856,0.00503102,0.0823855,0.506308,0.211363,-0.0994579,-0.0027294,-0.0102274
17.72,-0.00640433,-0.0802874,-0.481588,-0.211752,-0.100919,0.000216856,0.00503102,0.0823855,0.506308,0.211363,-0.0994579,-0.0027294,-0.0102274
17.74,-0.00640433,-0.0802874,-0.481588,-0.211752,-0.100919,0.000216856,0.00503102,0.0823855,0.506308,0.211363,-0.0994579,-0.0027294,-0.0102274
17.76,-0.00640433,-0.0802874,-0.481588,-0.211752,-0.100919,0.000216856,0.00503102,0.0823855,0.506308,0.211363,-0.0994579,-0.0027294,-0.0102274
17.78,-0.00640433,-0.0802874,-0.481588,-0.211752,-0.100919,0.000216856,0.00503102,0.0823855,0.506308,0.211363,-0.0994579,-0.0027294,-0.0102274
17.8,-0.00640433,-0.0802874,-0.481588,-0.211752,-0.100919,0.000216856,0.00503102,0.0823855,0.506308,0.211363,-0.0994579,-0.0027294,-0.0102274
17.82,-0.00640433,-0.0802874,-0.481588,-0.211752,-0.100919,0.000216856,0.00503102,0.0823855,0.506308,0.211363,-0.0994579,-0.0027294,-0.0102274
17.84,-0.00640433,-0.0802874,-0.481588,-0.211752,-0.100919,0.000216856,0.00503102,0.0823855,0.506308,0.211363,-0.0994579,-0.0027294,-0.0102274
17.86,-0.00640433,-0.0802874,-0.481588,-0.211752,-0.100919,0.000216856,0.00503102,0.0823855,0.506308,0.211363,-0.0994579,-0.0027294,-0.0102274
17.88,-0.00640433,-0.0802874,-0.481588,-0.211752,-0.100919,0.000216856,0.00503102,0.0823855,0.506308,0.211363,-0.0994579,-0.0027294,-0.0102274
17.9,-0.00640433,-0.0802874,-0.481588,-0.211752,-0.100919,0.000216856,0.00503102,0.0823855,0.506308,0.211363,-0.0994579,-0.0027294,-0.0102274
17.92,-0.00640433,-0.0802874,-0.481588,-0.211752,-0.100919,0.000216856,0.00503102,0.0823855,0.506308,0.211363,-0.0994579,-0.0027294,-0.0102274
17.94,-0.00640433,-0.0802874,-0.481588,-0.211752,-0.100919,0.000216856,0.00503102,0.0823855,0.506308,0.211363,-0.0994579,-0.0027294,-0.0102274
17.96,-0.00640433,-0.0802874,-0.481588,-0.211752,-0.100919,0.000216856,0.00503102,0.0823855,0.506308,0.211363,-0.0994579,-0.0027294,-0.0102274
17.98,-0.00640433,-0.0802874,-0.481588,-0.211752,-0.100919,0.000216856,0.00503102,0.0823855,0.506308,0.211363,-0.0994579,-0.0027294,-0.0102274
18,-0.00640433,-0.0802874,-0.481588,-0.211752,-0.100919,0.000216856,0.00503102,0.0823855,0.506308,0.211363,-0.0994579,-0.0027294,-0.0102274
18.02,-0.00640433,-0.0802874,-0.481588,-0.211752,-0.100919,0.000216856,0.00503102,0.0823855,0.506308,0.211363,-0.0994579,-0.0027294,-0.0102274
18.04,-0.00640433,-0.0802874,-0.481588,-0.211752,-0.100919,0.000216856,0.00503102,0.0823855,0.506308,0.211363,-0.0994579,-0.0027294,-0.0102274
18.06,-0.00640433,-0.0802874,-0.481588,-0.211752,-0.100919,0.000216856,0.00503102,0.0823855,0.506308,0.211363,-0.0994579,-0.0027294,-0.0102274
18.08,-0.00640433,-0.0802874,-0.481588,-0.211752,-0.100919,0.000216856,0.00503102,0.0823855,0.506308,0.211363,-0.0994579,-0.0027294,-0.0102274
18.1,-0.00640433,-0.0802874,-0.481588,-0.211752,-0.100919,0.000216856,0.00503102,0.0823855,0.506308,0.211363,-0.0994579,-0.0027294,-0.0102274
18.12,-0.00640433,-0.0802874,-0.481588,-0.211752,-0.100919,0.000216856,0.00503102,0.0823855,0.506308,0.211363,-0.0994579,-0.0027294,-0.0102274
18.14,-0.00640433,-0.0802874,-0.481588,-0.211752,-0.100919,0.000216856,0.00503102,0.0823855,0.506308,0.211363,-0.0994579,-0.0027294,-0.0102274
18.16,-0.00640433,-0.0802874,-0.481588,-0.211752,-0.100919,0.000216856,0.00503102,0.0823855,0.506308,0.211363,-0.0994579,-0.0027294,-0.0102274
18.18,-0.00640433,-0.0802874,-0.481588,-0.211752,-0.100919,0.000216856,0.00503102,0.0823855,0.506308,0.211363,-0.0994579,-0.0027294,-0.0102274
18.2,-0.00640433,-0.0802874,-0.481588,-0.211752,-0.100919,0.000216856,0.00503102,0.0823855,0.506308,0.211363,-0.0994579,-0.0027294,-0.0102274
18.22,-0.00640433,-0.0802874,-0.481588,-0.211752,-0.100919,0.000216856,0.00503102,0.0823855,0.506308,0.211363,-0.0994579,-0.0027294,-0.0102274
18.24,-0.00640433,-0.0802874,-0.481588,-0.211752,-0.100919,0.000216856,0.00503102,0.0823855,0.506308,0.211363,-0.0994579,-0.0027294,-0.0102274
18.26,-0.00640433,-0.0802874,-0.481588,-0.211752,-0.100919,0.000216856,0.00503102,0.0823855,0.506308,0.211363,-0.0994579,-0.0027294,-0.0102274
18.28,-0.00640433,-0.0802874,-0.481588,-0.211752,-0.100919,0.000216856,0.00503102,0.0823855,0.506308,0.211363,-0.0994579,-0.0027294,-0.0102274
18.3,-0.00640433,-0.0802874,-0.481588,-0.211752,-0.100919,0.000216856,0.00503102,0.0823855,0.506308,0.211363,-0.0994579,-0.0027294,-0.0102274
18.32,-0.00640433,-0.0802874,-0.481588,-0.211752,-0.100919,0.000216856,0.00503102,0.0823855,0.506308,0.211363,-0.0994579,-0.0027294,-0.0102274
18.34,-0.00640433,-0.0802874,-0.481588,-0.211752,-0.100919,0.000216856,0.00503102,0.0823855,0.506308,0.211363,-0.0994579,-0.0027294,-0.0102274
18.36,-0.00640433,-0.0802874,-0.481588,-0.211752,-0.100919,0.000216856,0.00503102,0.0823855,0.506308,0.211363,-0.0994579,-0.0027294,-0.0102274
18.38,-0.00640433,-0.0802874,-0.481588,-0.211752,-0.100919,0.000216856,0.00503102,0.0823855,0.506308,0.211363,-0.0994579,-0.0027294,-0.0102274
18.4,-0.00640433,-0.0802874,-0.481588,-0.211752,-0.100919,0.000216856,0.00503102,0.0823855,0.506308,0.211363,-0.0994579,-0.0027294,-0.0102274
18.42,-0.00640433,-0.0802874,-0.481588,-0.211752,-0.100919,0.000216856,0.00503102,0.0823855,0.506308,0.211363,-0.0994579,-0.0027294,-0.0102274
18.44,-0.00640433,-0.0802874,-0.481588,-0.211752,-0.100919,0.000216856,0.00503102,0.0823855,0.506308,0.211363,-0.0994579,-0.0027294,-0.0102274
18.46,-0.00640433,-0.0802874,-0.481588,-0.211752,-0.100919,0.000216856,0.00503102,0.0823855,0.506308,0.211363,-0.0994579,-0.0027294,-0.0102274
18.48,-0.00640433,-0.0802874,-0.481588,-0.211752,-0.100919,0.000216856,0.00503102,0.0823855,0.506308,0.211363,-0.0994579,-0.0027294,-0.0102274
18.5,-0.00640433,-0.0802874,-0.481588,-0.211752,-0.100919,0.000216856,0.00503102,0.0823855,0.506308,0.211363,-0.0994579,-0.0027294,-0.0102274
18.52,-0.00640433,-0.0802874,-0.481588,-0.211752,-0.100919,0.000216856,0.00503102,0.0823855,0.506308,0.211363,-0.0994579,-0.0027294,-0.0102274
18.54,-0.00640433,-0.0802874,-0.481588,-0.211752,-0.100919,0.000216856,0.00503102,0.0823855,0.506308,0.211363,-0.0994579,-0.0027294,-0.0102274
18.56,-0.00640433,-0.0802874,-0.481588,-0.211752,-0.100919,0.000216856,0.00503102,0.0823855,0.506308,0.211363,-0.0994579,-0.0027294,-0.0102274
18.58,-0.00640433,-0.0802874,-0.481588,-0.211752,-0.100919,0.000216856,0.00503102,0.0823855,0.506308,0.211363,-0.0994579,-0.0027294,-0.0102274
18.6,-0.00640433,-0.0802874,-0.481588,-0.211752,-0.100919,0.000216856,0.00503102,0.0823855,0.506308,0.211363,-0.0994579,-0.0027294,-0.0102274
18.62,-0.00640433,-0.0802874,-0.481588,-0.211752,-0.100919,0.000216856,0.00503102,0.0823855,0.506308,0.211363,-0.0994579,-0.0027294,-0.0102274
18.64,-0.00640433,-0.0802874,-0.481588,-0.211752,-0.100919,0.000216856,0.00503102,0.0823855,0.506308,0.211363,-0.0994579,-0.0027294,-0.0102274
18.66,-0.00640433,-0.0802874,-0.481588,-0.211752,-0.100919,0.000216856,0.00503102,0.0823855,0.506308,0.211363,-0.0994579,-0.0027294,-0.0102274
18.68,-0.00640433,-0.0802874,-0.481588,-0.211752,-0.100919,0.000216856,0.00503102,0.0823855,0.506308,0.211363,-0.0994579,-0.0027294,-0.0102274
18.7,-0.00640433,-0.0802874,-0.481588,-0.211752,-0.100919,0.000216856,0.00503102,0.0823855,0.506308,0.211363,-0.0994579,-0.0027294,-0.0102274
18.72,-0.00640433,-0.0802874,-0.481588,-0.211752,-0.100919,0.000216856,0.00503102,0.0823855,0.506308,0.211363,-0.0994579,-0.0027294,-0.0102274
18.74,-0.00640433,-0.0802874,-0.481588,-0.211752,-0.100919,0.000216856,0.00503102,0.0823855,0.506308,0.211363,-0.0994579,-0.0027294,-0.0102274
18.76,-0.00640433,-0.0802874,-0.481588,-0.211752,-0.100919,0.000216856,0.00503102,0.0823855,0.506308,0.211363,-0.0994579,-0.0027294,-0.0102274
18.78,-0.00640433,-0.0802874,-0.481588,-0.211752,-0.100919,0.000216856,0.00503102,0.0823855,0.506308,0.211363,-0.0994579,-0.0027294,-0.0102274
18.8,-0.00640433,-0.0802874,-0.481588,-0.211752,-0.100919,0.000216856,0.00503102,0.0823855,0.506308,0.211363,-0.0994579,-0.0027294,-0.0102274
18.82,-0.00640433,-0.0802874,-0.481588,-0.211752,-0.100919,0.000216856,0.00503102,0.0823855,0.506308,0.211363,-0.0994579,-0.0027294,-0.0102274
18.84,-0.00640433,-0.0802874,-0.481588,-0.211752,-0.100919,0.000216856,0.00503102,0.0823855,0.506308,0.211363,-0.0994579,-0.0027294,-0.0102274
18.86,-0.00640433,-0.0802874,-0.481588,-0.211752,-0.100919,0.000216856,0.00503102,0.0823855,0.506308,0.211363,-0.0994579,-0.0027294,-0.0102274
18.88,-0.00640433,-0.0802874,-0.481588,-0.211752,-0.100919,0.000216856,0.00503102,0.0823855,0.506308,0.211363,-0.0994579,-0.0027294,-0.0102274
18.9,-0.00640433,-0.0802874,-0.481588,-0.211752,-0.100919,0.000216856,0.00503102,0.0823855,0.506308,0.211363,-0.0994579,-0.0027294,-0.0102274
18.92,-0.00640433,-0.0802874,-0.481588,-0.211752,-0.100919,0.000216856,0.00503102,0.0823855,0.506308,0.211363,-0.0994579,-0.0027294,-0.0102274
18.94,-0.00640433,-0.0802874,-0.481588,-0.211752,-0.100919,0.000216856,0.00503102,0.0823855,0.506308,0.211363,-0.0994579,-0.0027294,-0.0102274
18.96,-0.00640433,-0.0802874,-0.481588,-0.211752,-0.100919,0.000216856,0.00503102,0.0823855,0.506308,0.211363,-0.0994579,-0.0027294,-0.0102274
18.98,-0.00640433,-0.0802874,-0.481588,-0.211752,-0.100919,0.000216856,0.00503102,0.0823855,0.506308,0.211363,-0.0994579,-0.0027294,-0.0102274
19,-0.00640433,-0.0802874,-0.481588,-0.211752,-0.100919,0.000216856,0.00503102,0.0823855,0.506308,0.211363,-0.0994579,-0.0027294,-0.0102274
19.02,-0.00640433,-0.0802874,-0.481588,-0.211752,-0.100919,0.000216856,0.00503102,0.0823855,0.506308,0.211363,-0.0994579,-0.0027294,-0.0102274
19.04,-0.00640433,-0.0802874,-0.481588,-0.211752,-0.100919,0.000216856,0.00503102,0.0823855,0.506308,0.211363,-0.0994579,-0.0027294,-0.0102274
19.06,-0.00640433,-0.0802874,-0.481588,-0.211752,-0.100919,0.000216856,0.00503102,0.0823855,0.506308,0.211363,-0.0994579,-0.0027294,-0.0102274
19.08,-0.00640433,-0.0802874,-0.481588,-0.211752,-0.100919,0.000216856,0.00503102,0.0823855,0.506308,0.211363,-0.0994579,-0.0027294,-0.0102274
19.1,-0.00640433,-0.0802874,-0.481588,-0.211752,-0.100919,0.000216856,0.00503102,0.0823855,0.506308,0.211363,-0.0994579,-0.0027294,-0.0102274
19.12,-0.00640433,-0.0802874,-0.481588,-0.211752,-0.100919,0.000216856,0.00503102,0.0823855,0.506308,0.211363,-0.0994579,-0.0027294,-0.0102274
19.14,-0.00640433,-0.0802874,-0.481588,-0.211752,-0.100919,0.000216856,0.00503102,0.0823855,0.506308,0.211363,-0.0994579,-0.0027294,-0.0102274
19.16,-0.00640433,-0.0802874,-0.481588,-0.211752,-0.100919,0.000216856,0.00503102,0.0823855,0.506308,0.211363,-0.0994579,-0.0027294,-0.0102274
19.18,-0.00640433,-0.0802874,-0.481588,-0.211752,-0.100919,0.000216856,0.00503102,0.0823855,0.506308,0.211363,-0.0994579,-0.0027294,-0.0102274
19.2,-0.00640433,-0.0802874,-0.481588,-0.211752,-0.100919,0.000216856,0.00503102,0.0823855,0.506308,0.211363,-0.0994579,-0.0027294,-0.0102274
19.22,-0.00640433,-0.0802874,-0.481588,-0.211752,-0.100919,0.000216856,0.00503102,0.0823855,0.506308,0.211363,-0.0994579,-0.0027294,-0.0102274
19.24,-0.00640433,-0.0802874,-0.481588,-0.211752,-0.100919,0.000216856,0.00503102,0.0823855,0.506308,0.211363,-0.0994579,-0.0027294,-0.0102274
19.26,-0.00640433,-0.0802874,-0.481588,-0.211752,-0.100919,0.000216856,0.00503102,0.0823855,0.506308,0.211363,-0.0994579,-0.0027294,-0.0102274
19.28,-0.00640433,-0.0802874,-0.481588,-0.211752,-0.100919,0.000216856,0.00503102,0.0823855,0.506308,0.211363,-0.0994579,-0.0027294,-0.0102274
19.3,-0.00640433,-0.0802874,-0.481588,-0.211752,-0.100919,0.000216856,0.00503102,0.0823855,0.506308,0.211363,-0.0994579,-0.0027294,-0.0102274
19.32,-0.00640433,-0.0802874,-0.481588,-0.211752,-0.100919,0.000216856,0.00503102,0.0823855,0.506308,0.211363,-0.0994579,-0.0027294,-0.0102274
19.34,-0.00640433,-0.0802874,-0.481588,-0.211752,-0.100919,0.000216856,0.00503102,0.0823855,0.506308,0.211363,-0.0994579,-0.0027294,-0.0102274
19.36,-0.00640433,-0.0802874,-0.481588,-0.211752,-0.100919,0.000216856,0.00503102,0.0823855,0.506308,0.211363,-0.0994579,-0.0027294,-0.0102274
19.38,-0.00640433,-0.0802874,-0.481588,-0.211752,-0.100919,0.000216856,0.00503102,0.0823855,0.506308,0.211363,-0.0994579,-0.0027294,-0.0102274
19.4,-0.00640433,-0.0802874,-0.481588,-0.211752,-0.100919,0.000216856,0.00503102,0.0823855,0.506308,0.211363,-0.0994579,-0.0027294,-0.0102274
19.42,-0.00640433,-0.0802874,-0.481588,-0.211752,-0.100919,0.000216856,0.00503102,0.0823855,0.506308,0.211363,-0.0994579,-0.0027294,-0.0102274
19.44,-0.00640433,-0.0802874,-0.481588,-0.211752,-0.100919,0.000216856,0.00503102,0.0823855,0.506308,0.211363,-0.0994579,-0.0027294,-0.0102274
19.46,-0.00640433,-0.0802874,-0.481588,-0.211752,-0.100919,0.000216856,0.00503102,0.0823855,0.506308,0.211363,-0.0994579,-0.0027294,-0.0102274
19.48,-0.00640433,-0.0802874,-0.481588,-0.211752,-0.100919,0.000216856,0.00503102,0.0823855,0.506308,0.211363,-0.0994579,-0.0027294,-0.0102274
19.5,-0.00640433,-0.0802874,-0.481588,-0.211752,-0.100919,0.000216856,0.00503102,0.0823855,0.506308,0.211363,-0.0994579,-0.0027294,-0.0102274
19.52,-0.00640433,-0.0802874,-0.481588,-0.211752,-0.100919,0.000216856,0.00503102,0.0823855,0.506308,0.211363,-0.0994579,-0.0027294,-0.0102274
19.54,-0.00640433,-0.0802874,-0.481588,-0.211752,-0.100919,0.000216856,0.00503102,0.0823855,0.506308,0.211363,-0.0994579,-0.0027294,-0.0102274
19.56,-0.00640433,-0.0802874,-0.481588,-0.211752,-0.100919,0.000216856,0.00503102,0.0823855,0.506308,0.211363,-0.0994579,-0.0027294,-0.0102274
19.58,-0.00640433,-0.0802874,-0.481588,-0.211752,-0.100919,0.000216856,0.00503102,0.0823855,0.506308,0.211363,-0.0994579,-0.0027294,-0.0102274
19.6,-0.00640433,-0.0802874,-0.481588,-0.211752,-0.100919,0.000216856,0.00503102,0.0823855,0.506308,0.211363,-0.0994579,-0.0027294,-0.0102274
19.62,-0.00640433,-0.0802874,-0.481588,-0.211752,-0.100919,0.000216856,0.00503102,0.0823855,0.506308,0.211363,-0.0994579,-0.0027294,-0.0102274
19.64,-0.00640433,-0.0802874,-0.481588,-0.211752,-0.100919,0.000216856,0.00503102,0.0823855,0.506308,0.211363,-0.0994579,-0.0027294,-0.0102274
19.66,-0.00640433,-0.0802874,-0.481588,-0.211752,-0.100919,0.000216856,0.00503102,0.0823855,0.506308,0.211363,-0.0994579,-0.0027294,-0.0102274
19.68,-0.00640433,-0.0802874,-0.481588,-0.211752,-0.100919,0.000216856,0.00503102,0.0823855,0.506308,0.211363,-0.0994579,-0.0027294,-0.0102274
19.7,-0.00640433,-0.0802874,-0.481588,-0.211752,-0.100919,0.000216856,0.00503102,0.0823855,0.506308,0.211363,-0.0994579,-0.0027294,-0.0102274
19.72,-0.00640433,-0.0802874,-0.481588,-0.211752,-0.100919,0.000216856,0.00503102,0.0823855,0.506308,0.211363,-0.0994579,-0.0027294,-0.0102274
19.74,-0.00640433,-0.0802874,-0.481588,-0.211752,-0.100919,0.000216856,0.00503102,0.0823855,0.506308,0.211363,-0.0994579,-0.0027294,-0.0102274
19.76,-0.00640433,-0.0802874,-0.481588,-0.211752,-0.100919,0.000216856,0.00503102,0.0823855,0.506308,0.211363,-0.0994579,-0.0027294,-0.0102274
19.78,-0.00640433,-0.0802874,-0.481588,-0.211752,-0.100919,0.000216856,0.00503102,0.0823855,0.506308,0.211363,-0.0994579,-0.0027294,-0.0102274
19.8,-0.00640433,-0.0802874,-0.481588,-0.211752,-0.100919,0.000216856,0.00503102,0.0823855,0.506308,0.211363,-0.0994579,-0.0027294,-0.0102274
19.82,-0.00640433,-0.0802874,-0.481588,-0.211752,-0.100919,0.000216856,0.00503102,0.0823855,0.506308,0.211363,-0.0994579,-0.0027294,-0.0102274
19.84,-0.00640433,-0.0802874,-0.481588,-0.211752,-0.100919,0.000216856,0.00503102,0.0823855,0.506308,0.211363,-0.0994579,-0.0027294,-0.0102274
19.86,-0.00640433,-0.0802874,-0.481588,-0.211752,-0.100919,0.000216856,0.00503102,0.0823855,0.506308,0.211363,-0.0994579,-0.0027294,-0.0102274
19.88,-0.00640433,-0.0802874,-0.481588,-0.211752,-0.100919,0.000216856,0.00503102,0.0823855,0.506308,0.211363,-0.0994579,-0.0027294,-0.0102274
19.9,-0.00640433,-0.0802874,-0.481588,-0.211752,-0.100919,0.000216856,0.00503102,0.0823855,0.506308,0.211363,-0.0994579,-0.0027294,-0.0102274
19.92,-0.00640433,-0.0802874,-0.481588,-0.211752,-0.100919,0.000216856,0.00503102,0.0823855,0.506308,0.211363,-0.0994579,-0.0027294,-0.0102274
19.94,-0.00640433,-0.0802874,-0.481588,-0.211752,-0.100919,0.000216856,0.00503102,0.0823855,0.506308,0.211363,-0.0994579,-0.0027294,-0.0102274
19.96,-0.00640433,-0.0802874,-0.481588,-0.211752,-0.100919,0.000216856,0.00503102,0.0823855,0.506308,0.211363,-0.0994579,-0.0027294,-0.0102274
19.98,-0.00640433,-0.0802874,-0.481588,-0.211752,-0.100919,0.000216856,0.00503102,0.0823855,0.506308,0.211363,-0.0994579,-0.0027294,-0.0102274
20,-0.00640433,-0.0802874,-0.481588,-0.211752,-0.100919,0.000216856,0.00503102,0.0823855,0.506308,0.211363,-0.0994579,-0.0027294,-0.0102274
20.02,-0.00640433,-0.0802874,-0.481588,-0.211752,-0.100919,0.000216856,0.00503102,0.0823855,0.506308,0.211363,-0.0994579,-0.0027294,-0.0102274
20.04,-0.00640433,-0.0802874,-0.481588,-0.211752,-0.100919,0.000216856,0.00503102,0.0823855,0.506308,0.211363,-0.0994579,-0.0027294,-0.0102274
20.06,-0.00640433,-0.0802874,-0.481588,-0.211752,-0.100919,0.000216856,0.00503102,0.0823855,0.506308,0.211363,-0.0994579,-0.0027294,-0.0102274
20.08,-0.00640433,-0.0802874,-0.481588,-0.211752,-0.100919,0.000216856,0.00503102,0.0823855,0.506308,0.211363,-0.0994579,-0.0027294,-0.0102274
20.1,-0.00640433,-0.0802874,-0.481588,-0.211752,-0.100919,0.000216856,0.00503102,0.0823855,0.506308,0.211363,-0.0994579,-0.0027294,-0.0102274
20.12,-0.00640433,-0.0802874,-0.481588,-0.211752,-0.100919,0.000216856,0.00503102,0.0823855,0.506308,0.211363,-0.0994579,-0.0027294,-0.0102274
20.14,-0.00640433,-0.0802874,-0.481588,-0.211752,-0.100919,0.000216856,0.00503102,0.0823855,0.506308,0.211363,-0.0994579,-0.0027294,-0.0102274
20.16,-0.00640433,-0.0802874,-0.481588,-0.211752,-0.100919,0.000216856,0.00503102,0.0823855,0.506308,0.211363,-0.0994579,-0.0027294,-0.0102274
20.18,-0.00640433,-0.0802874,-0.481588,-0.211752,-0.100919,0.000216856,0.00503102,0.0823855,0.506308,0.211363,-0.0994579,-0.0027294,-0.0102274
20.2,-0.00640433,-0.0802874,-0.481588,-0.211752,-0.100919,0.000216856,0.00503102,0.0823855,0.506308,0.211363,-0.0994579,-0.0027294,-0.0102274
20.22,-0.00640433,-0.0802874,-0.481588,-0.211752,-0.100919,0.000216856,0.00503102,0.0823855,0.506308,0.211363,-0.0994579,-0.0027294,-0.0102274
20.24,-0.00640433,-0.0802874,-0.481588,-0.211752,-0.100919,0.000216856,0.00503102,0.0823855,0.506308,0.211363,-0.0994579,-0.0027294,-0.0102274
20.26,-0.00640433,-0.0802874,-0.481588,-0.211752,-0.100919,0.000216856,0.00503102,0.0823855,0.506308,0.211363,-0.0994579,-0.0027294,-0.0102274
20.28,-0.00640433,-0.0802874,-0.481588,-0.211752,-0.100919,0.000216856,0.00503102,0.0823855,0.506308,0.211363,-0.0994579,-0.0027294,-0.0102274
20.3,-0.00640433,-0.0802874,-0.481588,-0.211752,-0.100919,0.000216856,0.00503102,0.0823855,0.506308,0.211363,-0.0994579,-0.0027294,-0.0102274
20.32,-0.00640433,-0.0802874,-0.481588,-0.211752,-0.100919,0.000216856,0.00503102,0.0823855,0.506308,0.211363,-0.0994579,-0.0027294,-0.0102274
20.34,-0.00640433,-0.0802874,-0.481588,-0.211752,-0.100919,0.000216856,0.00503102,0.0823855,0.506308,0.211363,-0.0994579,-0.0027294,-0.0102274
20.36,-0.00640433,-0.0802874,-0.481588,-0.211752,-0.100919,0.000216856,0.00503102,0.0823855,0.506308,0.211363,-0.0994579,-0.0027294,-0.0102274
20.38,-0.00640433,-0.0802874,-0.481588,-0.211752,-0.100919,0.000216856,0.00503102,0.0823855,0.506308,0.211363,-0.0994579,-0.0027294,-0.0102274
20.4,-0.00640433,-0.0802874,-0.481588,-0.211752,-0.100919,0.000216856,0.00503102,0.0823855,0.506308,0.211363,-0.0994579,-0.0027294,-0.0102274
20.42,-0.00640433,-0.0802874,-0.481588,-0.211752,-0.100919,0.000216856,0.00503102,0.0823855,0.506308,0.211363,-0.0994579,-0.0027294,-0.0102274
20.44,-0.00640433,-0.0802874,-0.481588,-0.211752,-0.100919,0.000216856,0.00503102,0.0823855,0.506308,0.211363,-0.0994579,-0.0027294,-0.0102274
20.46,-0.00640433,-0.0802874,-0.481588,-0.211752,-0.100919,0.000216856,0.00503102,0.0823855,0.506308,0.211363,-0.0994579,-0.0027294,-0.0102274
20.48,-0.00640433,-0.0802874,-0.481588,-0.211752,-0.100919,0.000216856,0.00503102,0.0823855,0.506308,0.211363,-0.0994579,-0.0027294,-0.0102274
20.5,-0.00640433,-0.0802874,-0.481588,-0.211752,-0.100919,0.000216856,0.00503102,0.0823855,0.506308,0.211363,-0.0994579,-0.0027294,-0.0102274
20.52,-0.00640433,-0.0802874,-0.481588,-0.211752,-0.100919,0.000216856,0.00503102,0.0823855,0.506308,0.211363,-0.0994579,-0.0027294,-0.0102274
20.54,-0.00640433,-0.0802874,-0.481588,-0.211752,-0.100919,0.000216856,0.00503102,0.0823855,0.506308,0.211363,-0.0994579,-0.0027294,-0.0102274
20.56,-0.00640433,-0.0802874,-0.481588,-0.211752,-0.100919,0.000216856,0.00503102,0.0823855,0.506308,0.211363,-0.0994579,-0.0027294,-0.0102274
20.58,-0.00640433,-0.0802874,-0.481588,-0.211752,-0.100919,0.000216856,0.00503102,0.0823855,0.506308,0.211363,-0.0994579,-0.0027294,-0.0102274
20.6,-0.00640433,-0.0802874,-0.481588,-0.211752,-0.100919,0.000216856,0.00503102,0.0823855,0.506308,0.211363,-0.0994579,-0.0027294,-0.0102274
20.62,-0.00640433,-0.0802874,-0.481588,-0.211752,-0.100919,0.000216856,0.00503102,0.0823855,0.506308,0.211363,-0.0994579,-0.0027294,-0.0102274
20.64,-0.00640433,-0.0802874,-0.481588,-0.211752,-0.100919,0.000216856,0.00503102,0.0823855,0.506308,0.211363,-0.0994579,-0.0027294,-0.0102274
20.66,-0.00640433,-0.0802874,-0.481588,-0.211752,-0.100919,0.000216856,0.00503102,0.0823855,0.506308,0.211363,-0.0994579,-0.0027294,-0.0102274
20.68,-0.00640433,-0.0802874,-0.481588,-0.211752,-0.100919,0.000216856,0.00503102,0.0823855,0.506308,0.211363,-0.0994579,-0.0027294,-0.0102274
20.7,-0.00640433,-0.0802874,-0.481588,-0.211752,-0.100919,0.000216856,0.00503102,0.0823855,0.506308,0.211363,-0.0994579,-0.0027294,-0.0102274
20.72,-0.00640433,-0.0802874,-0.481588,-0.211752,-0.100919,0.000216856,0.00503102,0.0823855,0.506308,0.211363,-0.0994579,-0.0027294,-0.0102274
20.74,-0.00640433,-0.0802874,-0.481588,-0.211752,-0.100919,0.000216856,0.00503102,0.0823855,0.506308,0.211363,-0.0994579,-0.0027294,-0.0102274
20.76,-0.00640433,-0.0802874,-0.481588,-0.211752,-0.100919,0.000216856,0.00503102,0.0823855,0.506308,0.211363,-0.0994579,-0.0027294,-0.0102274
20.78,-0.00640433,-0.0802874,-0.481588,-0.211752,-0.100919,0.000216856,0.00503102,0.0823855,0.506308,0.211363,-0.0994579,-0.0027294,-0.0102274
20.8,-0.00640433,-0.0802874,-0.481588,-0.211752,-0.100919,0.000216856,0.00503102,0.0823855,0.506308,0.211363,-0.0994579,-0.0027294,-0.0102274
20.82,-0.00640433,-0.0802874,-0.481588,-0.211752,-0.100919,0.000216856,0.00503102,0.0823855,0.506308,0.211363,-0.0994579,-0.0027294,-0.0102274
20.84,-0.00640433,-0.0802874,-0.481588,-0.211752,-0.100919,0.000216856,0.00503102,0.0823855,0.506308,0.211363,-0.0994579,-0.0027294,-0.0102274
20.86,-0.00640433,-0.0802874,-0.481588,-0.211752,-0.100919,0.000216856,0.00503102,0.0823855,0.506308,0.211363,-0.0994579,-0.0027294,-0.0102274
20.88,-0.00640433,-0.0802874,-0.481588,-0.211752,-0.100919,0.000216856,0.00503102,0.0823855,0.506308,0.211363,-0.0994579,-0.0027294,-0.0102274
20.9,-0.00640433,-0.0802874,-0.481588,-0.211752,-0.100919,0.000216856,0.00503102,0.0823855,0.506308,0.211363,-0.0994579,-0.0027294,-0.0102274
20.92,-0.00640433,-0.0802874,-0.481588,-0.211752,-0.100919,0.000216856,0.00503102,0.0823855,0.506308,0.211363,-0.0994579,-0.0027294,-0.0102274
20.94,-0.00640433,-0.0802874,-0.481588,-0.211752,-0.100919,0.000216856,0.00503102,0.0823855,0.506308,0.211363,-0.0994579,-0.0027294,-0.0102274
20.96,-0.00640433,-0.0802874,-0.481588,-0.211752,-0.100919,0.000216856,0.00503102,0.0823855,0.506308,0.211363,-0.0994579,-0.0027294,-0.0102274
20.98,-0.00640433,-0.0802874,-0.481588,-0.211752,-0.100919,0.000216856,0.00503102,0.0823855,0.506308,0.211363,-0.0994579,-0.0027294,-0.0102274
21,-0.00640433,-0.0802874,-0.481588,-0.211752,-0.100919,0.000216856,0.00503102,0.0823855,0.506308,0.211363,-0.0994579,-0.0027294,-0.0102274
21.02,-0.00640433,-0.0802874,-0.481588,-0.211752,-0.100919,0.000216856,0.00503102,0.0823855,0.506308,0.211363,-0.0994579,-0.0027294,-0.0102274
21.04,-0.00640433,-0.0802874,-0.481588,-0.211752,-0.100919,0.000216856,0.00503102,0.0823855,0.506308,0.211363,-0.0994579,-0.0027294,-0.0102274
21.06,-0.00640433,-0.0802874,-0.481588,-0.211752,-0.100919,0.000216856,0.00503102,0.0823855,0.506308,0.211363,-0.0994579,-0.0027294,-0.0102274
21.08,-0.00640433,-0.0802874,-0.481588,-0.211752,-0.100919,0.000216856,0.00503102,0.0823855,0.506308,0.211363,-0.0994579,-0.0027294,-0.0102274
21.1,-0.00640433,-0.0802874,-0.481588,-0.211752,-0.100919,0.000216856,0.00503102,0.0823855,0.506308,0.211363,-0.0994579,-0.0027294,-0.0102274
21.12,-0.00640433,-0.0802874,-0.481588,-0.211752,-0.100919,0.000216856,0.00503102,0.0823855,0.506308,0.211363,-0.0994579,-0.0027294,-0.0102274
21.14,-0.00640433,-0.0802874,-0.481588,-0.211752,-0.100919,0.000216856,0.00503102,0.0823855,0.506308,0.211363,-0.0994579,-0.0027294,-0.0102274
21.16,-0.00640433,-0.0802874,-0.481588,-0.211752,-0.100919,0.000216856,0.00503102,0.0823855,0.506308,0.211363,-0.0994579,-0.0027294,-0.0102274
21.18,-0.00640433,-0.0802874,-0.481588,-0.211752,-0.100919,0.000216856,0.00503102,0.0823855,0.506308,0.211363,-0.0994579,-0.0027294,-0.0102274
21.2,-0.00640433,-0.0802874,-0.481588,-0.211752,-0.100919,0.000216856,0.00503102,0.0823855,0.506308,0.211363,-0.0994579,-0.0027294,-0.0102274
21.22,-0.00640433,-0.0802874,-0.481588,-0.211752,-0.100919,0.000216856,0.00503102,0.0823855,0.506308,0.211363,-0.0994579,-0.0027294,-0.0102274
21.24,-0.00640433,-0.0802874,-0.481588,-0.211752,-0.100919,0.000216856,0.00503102,0.0823855,0.506308,0.211363,-0.0994579,-0.0027294,-0.0102274
21.26,-0.00640433,-0.0802874,-0.481588,-0.211752,-0.100919,0.000216856,0.00503102,0.0823855,0.506308,0.211363,-0.0994579,-0.0027294,-0.0102274
21.28,-0.00640433,-0.0802874,-0.481588,-0.211752,-0.100919,0.000216856,0.00503102,0.0823855,0.506308,0.211363,-0.0994579,-0.0027294,-0.0102274
21.3,-0.00640433,-0.0802874,-0.481588,-0.211752,-0.100919,0.000216856,0.00503102,0.0823855,0.506308,0.211363,-0.0994579,-0.0027294,-0.0102274
21.32,-0.00640433,-0.0802874,-0.481588,-0.211752,-0.100919,0.000216856,0.00503102,0.0823855,0.506308,0.211363,-0.0994579,-0.0027294,-0.0102274
21.34,-0.00640433,-0.0802874,-0.481588,-0.211752,-0.100919,0.000216856,0.00503102,0.0823855,0.506308,0.211363,-0.0994579,-0.0027294,-0.0102274
21.36,-0.00640433,-0.0802874,-0.481588,-0.211752,-0.100919,0.000216856,0.00503102,0.0823855,0.506308,0.211363,-0.0994579,-0.0027294,-0.0102274
21.38,-0.00640433,-0.0802874,-0.481588,-0.211752,-0.100919,0.000216856,0.00503102,0.0823855,0.506308,0.211363,-0.0994579,-0.0027294,-0.0102274
21.4,-0.00640433,-0.0802874,-0.481588,-0.211752,-0.100919,0.000216856,0.00503102,0.0823855,0.506308,0.211363,-0.0994579,-0.0027294,-0.0102274
21.42,-0.00640433,-0.0802874,-0.481588,-0.211752,-0.100919,0.000216856,0.00503102,0.0823855,0.506308,0.211363,-0.0994579,-0.0027294,-0.0102274
21.44,-0.00640433,-0.0802874,-0.481588,-0.211752,-0.100919,0.000216856,0.00503102,0.0823855,0.506308,0.211363,-0.0994579,-0.0027294,-0.0102274
21.46,-0.00640433,-0.0802874,-0.481588,-0.211752,-0.100919,0.000216856,0.00503102,0.0823855,0.506308,0.211363,-0.0994579,-0.0027294,-0.0102274
21.48,-0.00640433,-0.0802874,-0.481588,-0.211752,-0.100919,0.000216856,0.00503102,0.0823855,0.506308,0.211363,-0.0994579,-0.0027294,-0.0102274
21.5,-0.00640433,-0.0802874,-0.481588,-0.211752,-0.100919,0.000216856,0.00503102,0.0823855,0.506308,0.211363,-0.0994579,-0.0027294,-0.0102274
21.52,-0.00640433,-0.0802874,-0.481588,-0.211752,-0.100919,0.000216856,0.00503102,0.0823855,0.506308,0.211363,-0.0994579,-0.0027294,-0.0102274
21.54,-0.00640433,-0.0802874,-0.481588,-0.211752,-0.100919,0.000216856,0.00503102,0.0823855,0.506308,0.211363,-0.0994579,-0.0027294,-0.0102274
21.56,-0.00640433,-0.0802874,-0.481588,-0.211752,-0.100919,0.000216856,0.00503102,0.0823855,0.506308,0.211363,-0.0994579,-0.0027294,-0.0102274
21.58,-0.00640433,-0.0802874,-0.481588,-0.211752,-0.100919,0.000216856,0.00503102,0.0823855,0.506308,0.211363,-0.0994579,-0.0027294,-0.0102274
21.6,-0.00640433,-0.0802874,-0.481588,-0.211752,-0.100919,0.000216856,0.00503102,0.0823855,0.506308,0.211363,-0.0994579,-0.0027294,-0.0102274
21.62,-0.00640433,-0.0802874,-0.481588,-0.211752,-0.100919,0.000216856,0.00503102,0.0823855,0.506308,0.211363,-0.0994579,-0.0027294,-0.0102274
21.64,-0.00640433,-0.0802874,-0.481588,-0.211752,-0.100919,0.000216856,0.00503102,0.0823855,0.506308,0.211363,-0.0994579,-0.0027294,-0.0102274
21.66,-0.00640433,-0.0802874,-0.481588,-0.211752,-0.100919,0.000216856,0.00503102,0.0823855,0.506308,0.211363,-0.0994579,-0.0027294,-0.0102274
21.68,-0.00640433,-0.0802874,-0.481588,-0.211752,-0.100919,0.000216856,0.00503102,0.0823855,0.506308,0.211363,-0.0994579,-0.0027294,-0.0102274
21.7,-0.00640433,-0.0802874,-0.481588,-0.211752,-0.100919,0.000216856,0.00503102,0.0823855,0.506308,0.211363,-0.0994579,-0.0027294,-0.0102274
21.72,-0.00640433,-0.0802874,-0.481588,-0.211752,-0.100919,0.000216856,0.00503102,0.0823855,0.506308,0.211363,-0.0994579,-0.0027294,-0.0102274
21.74,-0.00640433,-0.0802874,-0.481588,-0.211752,-0.100919,0.000216856,0.00503102,0.0823855,0.506308,0.211363,-0.0994579,-0.0027294,-0.0102274
21.76,-0.00640433,-0.0802874,-0.481588,-0.211752,-0.100919,0.000216856,0.00503102,0.0823855,0.506308,0.211363,-0.0994579,-0.0027294,-0.0102274
21.78,-0.00640433,-0.0802874,-0.481588,-0.211752,-0.100919,0.000216856,0.00503102,0.0823855,0.506308,0.211363,-0.0994579,-0.0027294,-0.0102274
21.8,-0.00640433,-0.0802874,-0.481588,-0.211752,-0.100919,0.000216856,0.00503102,0.0823855,0.506308,0.211363,-0.0994579,-0.0027294,-0.0102274
21.82,-0.00640433,-0.0802874,-0.481588,-0.211752,-0.100919,0.000216856,0.00503102,0.0823855,0.506308,0.211363,-0.0994579,-0.0027294,-0.0102274
21.84,-0.00640433,-0.0802874,-0.481588,-0.211752,-0.100919,0.000216856,0.00503102,0.0823855,0.506308,0.211363,-0.0994579,-0.0027294,-0.0102274
21.86,-0.00640433,-0.0802874,-0.481588,-0.211752,-0.100919,0.000216856,0.00503102,0.0823855,0.506308,0.211363,-0.0994579,-0.0027294,-0.0102274
21.88,-0.00640433,-0.0802874,-0.481588,-0.211752,-0.100919,0.000216856,0.00503102,0.0823855,0.506308,0.211363,-0.0994579,-0.0027294,-0.0102274
21.9,-0.00640433,-0.0802874,-0.481588,-0.211752,-0.100919,0.000216856,0.00503102,0.0823855,0.506308,0.211363,-0.0994579,-0.0027294,-0.0102274
21.92,-0.00640433,-0.0802874,-0.481588,-0.211752,-0.100919,0.000216856,0.00503102,0.0823855,0.506308,0.211363,-0.0994579,-0.0027294,-0.0102274
21.94,-0.00640433,-0.0802874,-0.481588,-0.211752,-0.100919,0.000216856,0.00503102,0.0823855,0.506308,0.211363,-0.0994579,-0.0027294,-0.0102274
21.96,-0.00640433,-0.0802874,-0.481588,-0.211752,-0.100919,0.000216856,0.00503102,0.0823855,0.506308,0.211363,-0.0994579,-0.0027294,-0.0102274
21.98,-0.00640433,-0.0802874,-0.481588,-0.211752,-0.100919,0.000216856,0.00503102,0.0823855,0.506308,0.211363,-0.0994579,-0.0027294,-0.0102274
22,-0.00640433,-0.0802874,-0.481588,-0.211752,-0.100919,0.000216856,0.00503102,0.0823855,0.506308,0.211363,-0.0994579,-0.0027294,-0.0102274
22.02,-0.00640433,-0.0802874,-0.481588,-0.211752,-0.100919,0.000216856,0.00503102,0.0823855,0.506308,0.211363,-0.0994579,-0.0027294,-0.0102274
22.04,-0.00640433,-0.0802874,-0.481588,-0.211752,-0.100919,0.000216856,0.00503102,0.0823855,0.506308,0.211363,-0.0994579,-0.0027294,-0.0102274
22.06,-0.00640433,-0.0802874,-0.481588,-0.211752,-0.100919,0.000216856,0.00503102,0.0823855,0.506308,0.211363,-0.0994579,-0.0027294,-0.0102274
22.08,-0.00640433,-0.0802874,-0.481588,-0.211752,-0.100919,0.000216856,0.00503102,0.0823855,0.506308,0.211363,-0.0994579,-0.0027294,-0.0102274
22.1,-0.00640433,-0.0802874,-0.481588,-0.211752,-0.100919,0.000216856,0.00503102,0.0823855,0.506308,0.211363,-0.0994579,-0.0027294,-0.0102274
22.12,-0.00640433,-0.0802874,-0.481588,-0.211752,-0.100919,0.000216856,0.00503102,0.0823855,0.506308,0.211363,-0.0994579,-0.0027294,-0.0102274
22.14,-0.00640433,-0.0802874,-0.481588,-0.211752,-0.100919,0.000216856,0.00503102,0.0823855,0.506308,0.211363,-0.0994579,-0.0027294,-0.0102274
22.16,-0.00640433,-0.0802874,-0.481588,-0.211752,-0.100919,0.000216856,0.00503102,0.0823855,0.506308,0.211363,-0.0994579,-0.0027294,-0.0102274
22.18,-0.00640433,-0.0802874,-0.481588,-0.211752,-0.100919,0.000216856,0.00503102,0.0823855,0.506308,0.211363,-0.0994579,-0.0027294,-0.0102274
22.2,-0.00640433,-0.0802874,-0.481588,-0.211752,-0.100919,0.000216856,0.00503102,0.0823855,0.506308,0.211363,-0.0994579,-0.0027294,-0.0102274
22.22,-0.00640433,-0.0802874,-0.481588,-0.211752,-0.100919,0.000216856,0.00503102,0.0823855,0.506308,0.211363,-0.0994579,-0.0027294,-0.0102274
22.24,-0.00640433,-0.0802874,-0.481588,-0.211752,-0.100919,0.000216856,0.00503102,0.0823855,0.506308,0.211363,-0.0994579,-0.0027294,-0.0102274
22.26,-0.00640433,-0.0802874,-0.481588,-0.211752,-0.100919,0.000216856,0.00503102,0.0823855,0.506308,0.211363,-0.0994579,-0.0027294,-0.0102274
22.28,-0.00640433,-0.0802874,-0.481588,-0.211752,-0.100919,0.000216856,0.00503102,0.0823855,0.506308,0.211363,-0.0994579,-0.0027294,-0.0102274
22.3,-0.00640433,-0.0802874,-0.481588,-0.211752,-0.100919,0.000216856,0.00503102,0.0823855,0.506308,0.211363,-0.0994579,-0.0027294,-0.0102274
22.32,-0.00640433,-0.0802874,-0.481588,-0.211752,-0.100919,0.000216856,0.00503102,0.0823855,0.506308,0.211363,-0.0994579,-0.0027294,-0.0102274
22.34,-0.00640433,-0.0802874,-0.481588,-0.211752,-0.100919,0.000216856,0.00503102,0.0823855,0.506308,0.211363,-0.0994579,-0.0027294,-0.0102274
22.36,-0.00640433,-0.0802874,-0.481588,-0.211752,-0.100919,0.000216856,0.00503102,0.0823855,0.506308,0.211363,-0.0994579,-0.0027294,-0.0102274
22.38,-0.00640433,-0.0802874,-0.481588,-0.211752,-0.100919,0.000216856,0.00503102,0.0823855,0.506308,0.211363,-0.0994579,-0.0027294,-0.0102274
22.4,-0.00640433,-0.0802874,-0.481588,-0.211752,-0.100919,0.000216856,0.00503102,0.0823855,0.506308,0.211363,-0.0994579,-0.0027294,-0.0102274
22.42,-0.00640433,-0.0802874,-0.481588,-0.211752,-0.100919,0.000216856,0.00503102,0.0823855,0.506308,0.211363,-0.0994579,-0.0027294,-0.0102274
22.44,-0.00640433,-0.0802874,-0.481588,-0.211752,-0.100919,0.000216856,0.00503102,0.0823855,0.506308,0.211363,-0.0994579,-0.0027294,-0.0102274
22.46,-0.00640433,-0.0802874,-0.481588,-0.211752,-0.100919,0.000216856,0.00503102,0.0823855,0.506308,0.211363,-0.0994579,-0.0027294,-0.0102274
22.48,-0.00640433,-0.0802874,-0.481588,-0.211752,-0.100919,0.000216856,0.00503102,0.0823855,0.506308,0.211363,-0.0994579,-0.0027294,-0.0102274
22.5,-0.00640433,-0.0802874,-0.481588,-0.211752,-0.100919,0.000216856,0.00503102,0.0823855,0.506308,0.211363,-0.0994579,-0.0027294,-0.0102274
22.52,-0.00640433,-0.0802874,-0.481588,-0.211752,-0.100919,0.000216856,0.00503102,0.0823855,0.506308,0.211363,-0.0994579,-0.0027294,-0.0102274
22.54,-0.00640433,-0.0802874,-0.481588,-0.211752,-0.100919,0.000216856,0.00503102,0.0823855,0.506308,0.211363,-0.0994579,-0.0027294,-0.0102274
22.56,-0.00640433,-0.0802874,-0.481588,-0.211752,-0.100919,0.000216856,0.00503102,0.0823855,0.506308,0.211363,-0.0994579,-0.0027294,-0.0102274
22.58,-0.00640433,-0.0802874,-0.481588,-0.211752,-0.100919,0.000216856,0.00503102,0.0823855,0.506308,0.211363,-0.0994579,-0.0027294,-0.0102274
22.6,-0.00640433,-0.0802874,-0.481588,-0.211752,-0.100919,0.000216856,0.00503102,0.0823855,0.506308,0.211363,-0.0994579,-0.0027294,-0.0102274
22.62,-0.00640433,-0.0802874,-0.481588,-0.211752,-0.100919,0.000216856,0.00503102,0.0823855,0.506308,0.211363,-0.0994579,-0.0027294,-0.0102274
22.64,-0.00640433,-0.0802874,-0.481588,-0.211752,-0.100919,0.000216856,0.00503102,0.0823855,0.506308,0.211363,-0.0994579,-0.0027294,-0.0102274
22.66,-0.00640433,-0.0802874,-0.481588,-0.211752,-0.100919,0.000216856,0.00503102,0.0823855,0.506308,0.211363,-0.0994579,-0.0027294,-0.0102274
22.68,-0.00640433,-0.0802874,-0.481588,-0.211752,-0.100919,0.000216856,0.00503102,0.0823855,0.506308,0.211363,-0.0994579,-0.0027294,-0.0102274
22.7,-0.00640433,-0.0802874,-0.481588,-0.211752,-0.100919,0.000216856,0.00503102,0.0823855,0.506308,0.211363,-0.0994579,-0.0027294,-0.0102274
22.72,-0.00640433,-0.0802874,-0.481588,-0.211752,-0.100919,0.000216856,0.00503102,0.0823855,0.506308,0.211363,-0.0994579,-0.0027294,-0.0102274
22.74,-0.00640433,-0.0802874,-0.481588,-0.211752,-0.100919,0.000216856,0.00503102,0.0823855,0.506308,0.211363,-0.0994579,-0.0027294,-0.0102274
22.76,-0.00640433,-0.0802874,-0.481588,-0.211752,-0.100919,0.000216856,0.00503102,0.0823855,0.506308,0.211363,-0.0994579,-0.0027294,-0.0102274
22.78,-0.00640433,-0.0802874,-0.481588,-0.211752,-0.100919,0.000216856,0.00503102,0.0823855,0.506308,0.211363,-0.0994579,-0.0027294,-0.0102274
22.8,-0.00640433,-0.0802874,-0.481588,-0.211752,-0.100919,0.000216856,0.00503102,0.0823855,0.506308,0.211363,-0.0994579,-0.0027294,-0.0102274
22.82,-0.00640433,-0.0802874,-0.481588,-0.211752,-0.100919,0.000216856,0.00503102,0.0823855,0.506308,0.211363,-0.0994579,-0.0027294,-0.0102274
22.84,-0.00640433,-0.0802874,-0.481588,-0.211752,-0.100919,0.000216856,0.00503102,0.0823855,0.506308,0.211363,-0.0994579,-0.0027294,-0.0102274
22.86,-0.00640433,-0.0802874,-0.481588,-0.211752,-0.100919,0.000216856,0.00503102,0.0823855,0.506308,0.211363,-0.0994579,-0.0027294,-0.0102274
22.88,-0.00640433,-0.0802874,-0.481588,-0.211752,-0.100919,0.000216856,0.00503102,0.0823855,0.506308,0.211363,-0.0994579,-0.0027294,-0.0102274
22.9,-0.00640433,-0.0802874,-0.481588,-0.211752,-0.100919,0.000216856,0.00503102,0.0823855,0.506308,0.211363,-0.0994579,-0.0027294,-0.0102274
22.92,-0.00640433,-0.0802874,-0.481588,-0.211752,-0.100919,0.000216856,0.00503102,0.0823855,0.506308,0.211363,-0.0994579,-0.0027294,-0.0102274
22.94,-0.00640433,-0.0802874,-0.481588,-0.211752,-0.100919,0.000216856,0.00503102,0.0823855,0.506308,0.211363,-0.0994579,-0.0027294,-0.0102274
22.96,-0.00640433,-0.0802874,-0.481588,-0.211752,-0.100919,0.000216856,0.00503102,0.0823855,0.506308,0.211363,-0.0994579,-0.0027294,-0.0102274
22.98,-0.00640433,-0.0802874,-0.481588,-0.211752,-0.100919,0.000216856,0.00503102,0.0823855,0.506308,0.211363,-0.0994579,-0.0027294,-0.0102274
23,-0.00640433,-0.0802874,-0.481588,-0.211752,-0.100919,0.000216856,0.00503102,0.0823855,0.506308,0.211363,-0.0994579,-0.0027294,-0.0102274
23.02,-0.00640433,-0.0802874,-0.481588,-0.211752,-0.100919,0.000216856,0.00503102,0.0823855,0.506308,0.211363,-0.0994579,-0.0027294,-0.0102274
23.04,-0.00640433,-0.0802874,-0.481588,-0.211752,-0.100919,0.000216856,0.00503102,0.0823855,0.506308,0.211363,-0.0994579,-0.0027294,-0.0102274
23.06,-0.00640433,-0.0802874,-0.481588,-0.211752,-0.100919,0.000216856,0.00503102,0.0823855,0.506308,0.211363,-0.0994579,-0.0027294,-0.0102274
23.08,-0.00640433,-0.0802874,-0.481588,-0.211752,-0.100919,0.000216856,0.00503102,0.0823855,0.506308,0.211363,-0.0994579,-0.0027294,-0.0102274
23.1,-0.00640433,-0.0802874,-0.481588,-0.211752,-0.100919,0.000216856,0.00503102,0.0823855,0.506308,0.211363,-0.0994579,-0.0027294,-0.0102274
23.12,-0.00640433,-0.0802874,-0.481588,-0.211752,-0.100919,0.000216856,0.00503102,0.0823855,0.506308,0.211363,-0.0994579,-0.0027294,-0.0102274
23.14,-0.00640433,-0.0802874,-0.481588,-0.211752,-0.100919,0.000216856,0.00503102,0.0823855,0.506308,0.211363,-0.0994579,-0.0027294,-0.0102274
23.16,-0.00640433,-0.0802874,-0.481588,-0.211752,-0.100919,0.000216856,0.00503102,0.0823855,0.506308,0.211363,-0.0994579,-0.0027294,-0.0102274
23.18,-0.00640433,-0.0802874,-0.481588,-0.211752,-0.100919,0.000216856,0.00503102,0.0823855,0.506308,0.211363,-0.0994579,-0.0027294,-0.0102274
23.2,-0.00640433,-0.0802874,-0.481588,-0.211752,-0.100919,0.000216856,0.00503102,0.0823855,0.506308,0.211363,-0.0994579,-0.0027294,-0.0102274
23.22,-0.00640433,-0.0802874,-0.481588,-0.211752,-0.100919,0.000216856,0.00503102,0.0823855,0.506308,0.211363,-0.0994579,-0.0027294,-0.0102274
23.24,-0.00640433,-0.0802874,-0.481588,-0.211752,-0.100919,0.000216856,0.00503102,0.0823855,0.506308,0.211363,-0.0994579,-0.0027294,-0.0102274
23.26,-0.00640433,-0.0802874,-0.481588,-0.211752,-0.100919,0.000216856,0.00503102,0.0823855,0.506308,0.211363,-0.0994579,-0.0027294,-0.0102274
23.28,-0.00640433,-0.0802874,-0.481588,-0.211752,-0.100919,0.000216856,0.00503102,0.0823855,0.506308,0.211363,-0.0994579,-0.0027294,-0.0102274
23.3,-0.00640433,-0.0802874,-0.481588,-0.211752,-0.100919,0.000216856,0.00503102,0.0823855,0.506308,0.211363,-0.0994579,-0.0027294,-0.0102274
23.32,-0.00640433,-0.0802874,-0.481588,-0.211752,-0.100919,0.000216856,0.00503102,0.0823855,0.506308,0.211363,-0.0994579,-0.0027294,-0.0102274
23.34,-0.00640433,-0.0802874,-0.481588,-0.211752,-0.100919,0.000216856,0.00503102,0.0823855,0.506308,0.211363,-0.0994579,-0.0027294,-0.0102274
23.36,-0.00640433,-0.0802874,-0.481588,-0.211752,-0.100919,0.000216856,0.00503102,0.0823855,0.506308,0.211363,-0.0994579,-0.0027294,-0.0102274
23.38,-0.00640433,-0.0802874,-0.481588,-0.211752,-0.100919,0.000216856,0.00503102,0.0823855,0.506308,0.211363,-0.0994579,-0.0027294,-0.0102274
23.4,-0.00640433,-0.0802874,-0.481588,-0.211752,-0.100919,0.000216856,0.00503102,0.0823855,0.506308,0.211363,-0.0994579,-0.0027294,-0.0102274
23.42,-0.00640433,-0.0802874,-0.481588,-0.211752,-0.100919,0.000216856,0.00503102,0.0823855,0.506308,0.211363,-0.0994579,-0.0027294,-0.0102274
23.44,-0.00640433,-0.0802874,-0.481588,-0.211752,-0.100919,0.000216856,0.00503102,0.0823855,0.506308,0.211363,-0.0994579,-0.0027294,-0.0102274
23.46,-0.00640433,-0.0802874,-0.481588,-0.211752,-0.100919,0.000216856,0.00503102,0.0823855,0.506308,0.211363,-0.0994579,-0.0027294,-0.0102274
23.48,-0.00640433,-0.0802874,-0.481588,-0.211752,-0.100919,0.000216856,0.00503102,0.0823855,0.506308,0.211363,-0.0994579,-0.0027294,-0.0102274
23.5,-0.00640433,-0.0802874,-0.481588,-0.211752,-0.100919,0.000216856,0.00503102,0.0823855,0.506308,0.211363,-0.0994579,-0.0027294,-0.0102274
23.52,-0.00640433,-0.0802874,-0.481588,-0.211752,-0.100919,0.000216856,0.00503102,0.0823855,0.506308,0.211363,-0.0994579,-0.0027294,-0.0102274
23.54,-0.00640433,-0.0802874,-0.481588,-0.211752,-0.100919,0.000216856,0.00503102,0.0823855,0.506308,0.211363,-0.0994579,-0.0027294,-0.0102274
23.56,-0.00640433,-0.0802874,-0.481588,-0.211752,-0.100919,0.000216856,0.00503102,0.0823855,0.506308,0.211363,-0.0994579,-0.0027294,-0.0102274
23.58,-0.00640433,-0.0802874,-0.481588,-0.211752,-0.100919,0.000216856,0.00503102,0.0823855,0.506308,0.211363,-0.0994579,-0.0027294,-0.0102274
23.6,-0.00640433,-0.0802874,-0.481588,-0.211752,-0.100919,0.000216856,0.00503102,0.0823855,0.506308,0.211363,-0.0994579,-0.0027294,-0.0102274
23.62,-0.00640433,-0.0802874,-0.481588,-0.211752,-0.100919,0.000216856,0.00503102,0.0823855,0.506308,0.211363,-0.0994579,-0.0027294,-0.0102274
23.64,-0.00640433,-0.0802874,-0.481588,-0.211752,-0.100919,0.000216856,0.00503102,0.0823855,0.506308,0.211363,-0.0994579,-0.0027294,-0.0102274
23.66,-0.00640433,-0.0802874,-0.481588,-0.211752,-0.100919,0.000216856,0.00503102,0.0823855,0.506308,0.211363,-0.0994579,-0.0027294,-0.0102274
23.68,-0.00640433,-0.0802874,-0.481588,-0.211752,-0.100919,0.000216856,0.00503102,0.0823855,0.506308,0.211363,-0.0994579,-0.0027294,-0.0102274
23.7,-0.00640433,-0.0802874,-0.481588,-0.211752,-0.100919,0.000216856,0.00503102,0.0823855,0.506308,0.211363,-0.0994579,-0.0027294,-0.0102274
23.72,-0.00640433,-0.0802874,-0.481588,-0.211752,-0.100919,0.000216856,0.00503102,0.0823855,0.506308,0.211363,-0.0994579,-0.0027294,-0.0102274
23.74,-0.00640433,-0.0802874,-0.481588,-0.211752,-0.100919,0.000216856,0.00503102,0.0823855,0.506308,0.211363,-0.0994579,-0.0027294,-0.0102274
23.76,-0.00640433,-0.0802874,-0.481588,-0.211752,-0.100919,0.000216856,0.00503102,0.0823855,0.506308,0.211363,-0.0994579,-0.0027294,-0.0102274
23.78,-0.00640433,-0.0802874,-0.481588,-0.211752,-0.100919,0.000216856,0.00503102,0.0823855,0.506308,0.211363,-0.0994579,-0.0027294,-0.0102274
23.8,-0.00640433,-0.0802874,-0.481588,-0.211752,-0.100919,0.000216856,0.00503102,0.0823855,0.506308,0.211363,-0.0994579,-0.0027294,-0.0102274
23.82,-0.00640433,-0.0802874,-0.481588,-0.211752,-0.100919,0.000216856,0.00503102,0.0823855,0.506308,0.211363,-0.0994579,-0.0027294,-0.0102274
23.84,-0.00640433,-0.0802874,-0.481588,-0.211752,-0.100919,0.000216856,0.00503102,0.0823855,0.506308,0.211363,-0.0994579,-0.0027294,-0.0102274
23.86,-0.00640433,-0.0802874,-0.481588,-0.211752,-0.100919,0.000216856,0.00503102,0.0823855,0.506308,0.211363,-0.0994579,-0.0027294,-0.0102274
23.88,-0.00640433,-0.0802874,-0.481588,-0.211752,-0.100919,0.000216856,0.00503102,0.0823855,0.506308,0.211363,-0.0994579,-0.0027294,-0.0102274
23.9,-0.00640433,-0.0802874,-0.481588,-0.211752,-0.100919,0.000216856,0.00503102,0.0823855,0.506308,0.211363,-0.0994579,-0.0027294,-0.0102274
23.92,-0.00640433,-0.0802874,-0.481588,-0.211752,-0.100919,0.000216856,0.00503102,0.0823855,0.506308,0.211363,-0.0994579,-0.0027294,-0.0102274
23.94,-0.00640433,-0.0802874,-0.481588,-0.211752,-0.100919,0.000216856,0.00503102,0.0823855,0.506308,0.211363,-0.0994579,-0.0027294,-0.0102274
23.96,-0.00640433,-0.0802874,-0.481588,-0.211752,-0.100919,0.000216856,0.00503102,0.0823855,0.506308,0.211363,-0.0994579,-0.0027294,-0.0102274
23.98,-0.00640433,-0.0802874,-0.481588,-0.211752,-0.100919,0.000216856,0.00503102,0.0823855,0.506308,0.211363,-0.0994579,-0.0027294,-0.0102274
24,-0.00640433,-0.0802874,-0.481588,-0.211752,-0.100919,0.000216856,0.00503102,0.0823855,0.506308,0.211363,-0.0994579,-0.0027294,-0.0102274
24.02,-0.00640433,-0.0802874,-0.481588,-0.211752,-0.100919,0.000216856,0.00503102,0.0823855,0.506308,0.211363,-0.0994579,-0.0027294,-0.0102274
24.04,-0.00640433,-0.0802874,-0.481588,-0.211752,-0.100919,0.000216856,0.00503102,0.0823855,0.506308,0.211363,-0.0994579,-0.0027294,-0.0102274
24.06,-0.00640433,-0.0802874,-0.481588,-0.211752,-0.100919,0.000216856,0.00503102,0.0823855,0.506308,0.211363,-0.0994579,-0.0027294,-0.0102274
24.08,-0.00640433,-0.0802874,-0.481588,-0.211752,-0.100919,0.000216856,0.00503102,0.0823855,0.506308,0.211363,-0.0994579,-0.0027294,-0.0102274
24.1,-0.00640433,-0.0802874,-0.481588,-0.211752,-0.100919,0.000216856,0.00503102,0.0823855,0.506308,0.211363,-0.0994579,-0.0027294,-0.0102274
24.12,-0.00640433,-0.0802874,-0.481588,-0.211752,-0.100919,0.000216856,0.00503102,0.0823855,0.506308,0.211363,-0.0994579,-0.0027294,-0.0102274
24.14,-0.00640433,-0.0802874,-0.481588,-0.211752,-0.100919,0.000216856,0.00503102,0.0823855,0.506308,0.211363,-0.0994579,-0.0027294,-0.0102274
24.16,-0.00640433,-0.0802874,-0.481588,-0.211752,-0.100919,0.000216856,0.00503102,0.0823855,0.506308,0.211363,-0.0994579,-0.0027294,-0.0102274
24.18,-0.00640433,-0.0802874,-0.481588,-0.211752,-0.100919,0.000216856,0.00503102,0.0823855,0.506308,0.211363,-0.0994579,-0.0027294,-0.0102274
24.2,-0.00640433,-0.0802874,-0.481588,-0.211752,-0.100919,0.000216856,0.00503102,0.0823855,0.506308,0.211363,-0.0994579,-0.0027294,-0.0102274
24.22,-0.00640433,-0.0802874,-0.481588,-0.211752,-0.100919,0.000216856,0.00503102,0.0823855,0.506308,0.211363,-0.0994579,-0.0027294,-0.0102274
24.24,-0.00640433,-0.0802874,-0.481588,-0.211752,-0.100919,0.000216856,0.00503102,0.0823855,0.506308,0.211363,-0.0994579,-0.0027294,-0.0102274
24.26,-0.00640433,-0.0802874,-0.481588,-0.211752,-0.100919,0.000216856,0.00503102,0.0823855,0.506308,0.211363,-0.0994579,-0.0027294,-0.0102274
24.28,-0.00640433,-0.0802874,-0.481588,-0.211752,-0.100919,0.000216856,0.00503102,0.0823855,0.506308,0.211363,-0.0994579,-0.0027294,-0.0102274
24.3,-0.00640433,-0.0802874,-0.481588,-0.211752,-0.100919,0.000216856,0.00503102,0.0823855,0.506308,0.211363,-0.0994579,-0.0027294,-0.0102274
24.32,-0.00640433,-0.0802874,-0.481588,-0.211752,-0.100919,0.000216856,0.00503102,0.0823855,0.506308,0.211363,-0.0994579,-0.0027294,-0.0102274
24.34,-0.00640433,-0.0802874,-0.481588,-0.211752,-0.100919,0.000216856,0.00503102,0.0823855,0.506308,0.211363,-0.0994579,-0.0027294,-0.0102274
24.36,-0.00640433,-0.0802874,-0.481588,-0.211752,-0.100919,0.000216856,0.00503102,0.0823855,0.506308,0.211363,-0.0994579,-0.0027294,-0.0102274
24.38,-0.00640433,-0.0802874,-0.481588,-0.211752,-0.100919,0.000216856,0.00503102,0.0823855,0.506308,0.211363,-0.0994579,-0.0027294,-0.0102274
24.4,-0.00640433,-0.0802874,-0.481588,-0.211752,-0.100919,0.000216856,0.00503102,0.0823855,0.506308,0.211363,-0.0994579,-0.0027294,-0.0102274
24.42,-0.00640433,-0.0802874,-0.481588,-0.211752,-0.100919,0.000216856,0.00503102,0.0823855,0.506308,0.211363,-0.0994579,-0.0027294,-0.0102274
24.44,-0.00640433,-0.0802874,-0.481588,-0.211752,-0.100919,0.000216856,0.00503102,0.0823855,0.506308,0.211363,-0.0994579,-0.0027294,-0.0102274
24.46,-0.00640433,-0.0802874,-0.481588,-0.211752,-0.100919,0.000216856,0.00503102,0.0823855,0.506308,0.211363,-0.0994579,-0.0027294,-0.0102274
24.48,-0.00640433,-0.0802874,-0.481588,-0.211752,-0.100919,0.000216856,0.00503102,0.0823855,0.506308,0.211363,-0.0994579,-0.0027294,-0.0102274
24.5,-0.00640433,-0.0802874,-0.481588,-0.211752,-0.100919,0.000216856,0.00503102,0.0823855,0.506308,0.211363,-0.0994579,-0.0027294,-0.0102274
24.52,-0.00640433,-0.0802874,-0.481588,-0.211752,-0.100919,0.000216856,0.00503102,0.0823855,0.506308,0.211363,-0.0994579,-0.0027294,-0.0102274
24.54,-0.00640433,-0.0802874,-0.481588,-0.211752,-0.100919,0.000216856,0.00503102,0.0823855,0.506308,0.211363,-0.0994579,-0.0027294,-0.0102274
24.56,-0.00640433,-0.0802874,-0.481588,-0.211752,-0.100919,0.000216856,0.00503102,0.0823855,0.506308,0.211363,-0.0994579,-0.0027294,-0.0102274
24.58,-0.00640433,-0.0802874,-0.481588,-0.211752,-0.100919,0.000216856,0.00503102,0.0823855,0.506308,0.211363,-0.0994579,-0.0027294,-0.0102274
24.6,-0.00640433,-0.0802874,-0.481588,-0.211752,-0.100919,0.000216856,0.00503102,0.0823855,0.506308,0.211363,-0.0994579,-0.0027294,-0.0102274
24.62,-0.00640433,-0.0802874,-0.481588,-0.211752,-0.100919,0.000216856,0.00503102,0.0823855,0.506308,0.211363,-0.0994579,-0.0027294,-0.0102274
24.64,-0.00640433,-0.0802874,-0.481588,-0.211752,-0.100919,0.000216856,0.00503102,0.0823855,0.506308,0.211363,-0.0994579,-0.0027294,-0.0102274
24.66,-0.00640433,-0.0802874,-0.481588,-0.211752,-0.100919,0.000216856,0.00503102,0.0823855,0.506308,0.211363,-0.0994579,-0.0027294,-0.0102274
24.68,-0.00640433,-0.0802874,-0.481588,-0.211752,-0.100919,0.000216856,0.00503102,0.0823855,0.506308,0.211363,-0.0994579,-0.0027294,-0.0102274
24.7,-0.00640433,-0.0802874,-0.481588,-0.211752,-0.100919,0.000216856,0.00503102,0.0823855,0.506308,0.211363,-0.0994579,-0.0027294,-0.0102274
24.72,-0.00640433,-0.0802874,-0.481588,-0.211752,-0.100919,0.000216856,0.00503102,0.0823855,0.506308,0.211363,-0.0994579,-0.0027294,-0.0102274
24.74,-0.00640433,-0.0802874,-0.481588,-0.211752,-0.100919,0.000216856,0.00503102,0.0823855,0.506308,0.211363,-0.0994579,-0.0027294,-0.0102274
24.76,-0.00640433,-0.0802874,-0.481588,-0.211752,-0.100919,0.000216856,0.00503102,0.0823855,0.506308,0.211363,-0.0994579,-0.0027294,-0.0102274
24.78,-0.00640433,-0.0802874,-0.481588,-0.211752,-0.100919,0.000216856,0.00503102,0.0823855,0.506308,0.211363,-0.0994579,-0.0027294,-0.0102274
24.8,-0.00640433,-0.0802874,-0.481588,-0.211752,-0.100919,0.000216856,0.00503102,0.0823855,0.506308,0.211363,-0.0994579,-0.0027294,-0.0102274
24.82,-0.00640433,-0.0802874,-0.481588,-0.211752,-0.100919,0.000216856,0.00503102,0.0823855,0.506308,0.211363,-0.0994579,-0.0027294,-0.0102274
24.84,-0.00640433,-0.0802874,-0.481588,-0.211752,-0.100919,0.000216856,0.00503102,0.0823855,0.506308,0.211363,-0.0994579,-0.0027294,-0.0102274
24.86,-0.00640433,-0.0802874,-0.481588,-0.211752,-0.100919,0.000216856,0.00503102,0.0823855,0.506308,0.211363,-0.0994579,-0.0027294,-0.0102274
24.88,-0.00640433,-0.0802874,-0.481588,-0.211752,-0.100919,0.000216856,0.00503102,0.0823855,0.506308,0.211363,-0.0994579,-0.0027294,-0.0102274
24.9,-0.00640433,-0.0802874,-0.481588,-0.211752,-0.100919,0.000216856,0.00503102,0.0823855,0.506308,0.211363,-0.0994579,-0.0027294,-0.0102274
24.92,-0.00640433,-0.0802874,-0.481588,-0.211752,-0.100919,0.000216856,0.00503102,0.0823855,0.506308,0.211363,-0.0994579,-0.0027294,-0.0102274
24.94,-0.00640433,-0.0802874,-0.481588,-0.211752,-0.100919,0.000216856,0.00503102,0.0823855,0.506308,0.211363,-0.0994579,-0.0027294,-0.0102274
24.96,-0.00640433,-0.0802874,-0.481588,-0.211752,-0.100919,0.000216856,0.00503102,0.0823855,0.506308,0.211363,-0.0994579,-0.0027294,-0.0102274
24.98,-0.00640433,-0.0802874,-0.481588,-0.211752,-0.100919,0.000216856,0.00503102,0.0823855,0.506308,0.211363,-0.0994579,-0.0027294,-0.0102274
25,-0.00640433,-0.0802874,-0.481588,-0.211752,-0.100919,0.000216856,0.00503102,0.0823855,0.506308,0.211363,-0.0994579,-0.0027294,-0.0102274
25.02,-0.00640433,-0.0802874,-0.481588,-0.211752,-0.100919,0.000216856,0.00503102,0.0823855,0.506308,0.211363,-0.0994579,-0.0027294,-0.0102274
25.04,-0.00640433,-0.0802874,-0.481588,-0.211752,-0.100919,0.000216856,0.00503102,0.0823855,0.506308,0.211363,-0.0994579,-0.0027294,-0.0102274
25.06,-0.00640433,-0.0802874,-0.481588,-0.211752,-0.100919,0.000216856,0.00503102,0.0823855,0.506308,0.211363,-0.0994579,-0.0027294,-0.0102274
25.08,-0.00640433,-0.0802874,-0.481588,-0.211752,-0.100919,0.000216856,0.00503102,0.0823855,0.506308,0.211363,-0.0994579,-0.0027294,-0.0102274
25.1,-0.00640433,-0.0802874,-0.481588,-0.211752,-0.100919,0.000216856,0.00503102,0.0823855,0.506308,0.211363,-0.0994579,-0.0027294,-0.0102274
25.12,-0.00640433,-0.0802874,-0.481588,-0.211752,-0.100919,0.000216856,0.00503102,0.0823855,0.506308,0.211363,-0.0994579,-0.0027294,-0.0102274
25.14,-0.00640433,-0.0802874,-0.481588,-0.211752,-0.100919,0.000216856,0.00503102,0.0823855,0.506308,0.211363,-0.0994579,-0.0027294,-0.0102274
25.16,-0.00640433,-0.0802874,-0.481588,-0.211752,-0.100919,0.000216856,0.00503102,0.0823855,0.506308,0.211363,-0.0994579,-0.0027294,-0.0102274
25.18,-0.00640433,-0.0802874,-0.481588,-0.211752,-0.100919,0.000216856,0.00503102,0.0823855,0.506308,0.211363,-0.0994579,-0.0027294,-0.0102274
25.2,-0.00640433,-0.0802874,-0.481588,-0.211752,-0.100919,0.000216856,0.00503102,0.0823855,0.506308,0.211363,-0.0994579,-0.0027294,-0.0102274
25.22,-0.00640433,-0.0802874,-0.481588,-0.211752,-0.100919,0.000216856,0.00503102,0.0823855,0.506308,0.211363,-0.0994579,-0.0027294,-0.0102274
25.24,-0.00640433,-0.0802874,-0.481588,-0.211752,-0.100919,0.000216856,0.00503102,0.0823855,0.506308,0.211363,-0.0994579,-0.0027294,-0.0102274
25.26,-0.00640433,-0.0802874,-0.481588,-0.211752,-0.100919,0.000216856,0.00503102,0.0823855,0.506308,0.211363,-0.0994579,-0.0027294,-0.0102274
25.28,-0.00640433,-0.0802874,-0.481588,-0.211752,-0.100919,0.000216856,0.00503102,0.0823855,0.506308,0.211363,-0.0994579,-0.0027294,-0.0102274
25.3,-0.00640433,-0.0802874,-0.481588,-0.211752,-0.100919,0.000216856,0.00503102,0.0823855,0.506308,0.211363,-0.0994579,-0.0027294,-0.0102274
25.32,-0.00640433,-0.0802874,-0.481588,-0.211752,-0.100919,0.000216856,0.00503102,0.0823855,0.506308,0.211363,-0.0994579,-0.0027294,-0.0102274
25.34,-0.00640433,-0.0802874,-0.481588,-0.211752,-0.100919,0.000216856,0.00503102,0.0823855,0.506308,0.211363,-0.0994579,-0.0027294,-0.0102274
25.36,-0.00640433,-0.0802874,-0.481588,-0.211752,-0.100919,0.000216856,0.00503102,0.0823855,0.506308,0.211363,-0.0994579,-0.0027294,-0.0102274
25.38,-0.00640433,-0.0802874,-0.481588,-0.211752,-0.100919,0.000216856,0.00503102,0.0823855,0.506308,0.211363,-0.0994579,-0.0027294,-0.0102274
25.4,-0.00640433,-0.0802874,-0.481588,-0.211752,-0.100919,0.000216856,0.00503102,0.0823855,0.506308,0.211363,-0.0994579,-0.0027294,-0.0102274
25.42,-0.00640433,-0.0802874,-0.481588,-0.211752,-0.100919,0.000216856,0.00503102,0.0823855,0.506308,0.211363,-0.0994579,-0.0027294,-0.0102274
25.44,-0.00640433,-0.0802874,-0.481588,-0.211752,-0.100919,0.000216856,0.00503102,0.0823855,0.506308,0.211363,-0.0994579,-0.0027294,-0.0102274
25.46,-0.00640433,-0.0802874,-0.481588,-0.211752,-0.100919,0.000216856,0.00503102,0.0823855,0.506308,0.211363,-0.0994579,-0.0027294,-0.0102274
25.48,-0.00640433,-0.0802874,-0.481588,-0.211752,-0.100919,0.000216856,0.00503102,0.0823855,0.506308,0.211363,-0.0994579,-0.0027294,-0.0102274
25.5,-0.00640433,-0.0802874,-0.481588,-0.211752,-0.100919,0.000216856,0.00503102,0.0823855,0.506308,0.211363,-0.0994579,-0.0027294,-0.0102274
25.52,-0.00640433,-0.0802874,-0.481588,-0.211752,-0.100919,0.000216856,0.00503102,0.0823855,0.506308,0.211363,-0.0994579,-0.0027294,-0.0102274
25.54,-0.00640433,-0.0802874,-0.481588,-0.211752,-0.100919,0.000216856,0.00503102,0.0823855,0.506308,0.211363,-0.0994579,-0.0027294,-0.0102274
25.56,-0.00640433,-0.0802874,-0.481588,-0.211752,-0.100919,0.000216856,0.00503102,0.0823855,0.506308,0.211363,-0.0994579,-0.0027294,-0.0102274
25.58,-0.00640433,-0.0802874,-0.481588,-0.211752,-0.100919,0.000216856,0.00503102,0.0823855,0.506308,0.211363,-0.0994579,-0.0027294,-0.0102274
25.6,-0.00640433,-0.0802874,-0.481588,-0.211752,-0.100919,0.000216856,0.00503102,0.0823855,0.506308,0.211363,-0.0994579,-0.0027294,-0.0102274
25.62,-0.00640433,-0.0802874,-0.481588,-0.211752,-0.100919,0.000216856,0.00503102,0.0823855,0.506308,0.211363,-0.0994579,-0.0027294,-0.0102274
25.64,-0.00640433,-0.0802874,-0.481588,-0.211752,-0.100919,0.000216856,0.00503102,0.0823855,0.506308,0.211363,-0.0994579,-0.0027294,-0.0102274
25.66,-0.00640433,-0.0802874,-0.481588,-0.211752,-0.100919,0.000216856,0.00503102,0.0823855,0.506308,0.211363,-0.0994579,-0.0027294,-0.0102274
25.68,-0.00640433,-0.0802874,-0.481588,-0.211752,-0.100919,0.000216856,0.00503102,0.0823855,0.506308,0.211363,-0.0994579,-0.0027294,-0.0102274
25.7,-0.00640433,-0.0802874,-0.481588,-0.211752,-0.100919,0.000216856,0.00503102,0.0823855,0.506308,0.211363,-0.0994579,-0.0027294,-0.0102274
25.72,-0.00640433,-0.0802874,-0.481588,-0.211752,-0.100919,0.000216856,0.00503102,0.0823855,0.506308,0.211363,-0.0994579,-0.0027294,-0.0102274
25.74,-0.00640433,-0.0802874,-0.481588,-0.211752,-0.100919,0.000216856,0.00503102,0.0823855,0.506308,0.211363,-0.0994579,-0.0027294,-0.0102274
25.76,-0.00640433,-0.0802874,-0.481588,-0.211752,-0.100919,0.000216856,0.00503102,0.0823855,0.506308,0.211363,-0.0994579,-0.0027294,-0.0102274
25.78,-0.00640433,-0.0802874,-0.481588,-0.211752,-0.100919,0.000216856,0.00503102,0.0823855,0.506308,0.211363,-0.0994579,-0.0027294,-0.0102274
25.8,-0.00640433,-0.0802874,-0.481588,-0.211752,-0.100919,0.000216856,0.00503102,0.0823855,0.506308,0.211363,-0.0994579,-0.0027294,-0.0102274
25.82,-0.00640433,-0.0802874,-0.481588,-0.211752,-0.100919,0.000216856,0.00503102,0.0823855,0.506308,0.211363,-0.0994579,-0.0027294,-0.0102274
25.84,-0.00640433,-0.0802874,-0.481588,-0.211752,-0.100919,0.000216856,0.00503102,0.0823855,0.506308,0.211363,-0.0994579,-0.0027294,-0.0102274
25.86,-0.00640433,-0.0802874,-0.481588,-0.211752,-0.100919,0.000216856,0.00503102,0.0823855,0.506308,0.211363,-0.0994579,-0.0027294,-0.0102274
25.88,-0.00640433,-0.0802874,-0.481588,-0.211752,-0.100919,0.000216856,0.00503102,0.0823855,0.506308,0.211363,-0.0994579,-0.0027294,-0.0102274
25.9,-0.00640433,-0.0802874,-0.481588,-0.211752,-0.100919,0.000216856,0.00503102,0.0823855,0.506308,0.211363,-0.0994579,-0.0027294,-0.0102274
25.92,-0.00640433,-0.0802874,-0.481588,-0.211752,-0.100919,0.000216856,0.00503102,0.0823855,0.506308,0.211363,-0.0994579,-0.0027294,-0.0102274
25.94,-0.00640433,-0.0802874,-0.481588,-0.211752,-0.100919,0.000216856,0.00503102,0.0823855,0.506308,0.211363,-0.0994579,-0.0027294,-0.0102274
25.96,-0.00640433,-0.0802874,-0.481588,-0.211752,-0.100919,0.000216856,0.00503102,0.0823855,0.506308,0.211363,-0.0994579,-0.0027294,-0.0102274
25.98,-0.00640433,-0.0802874,-0.481588,-0.211752,-0.100919,0.000216856,0.00503102,0.0823855,0.506308,0.211363,-0.0994579,-0.0027294,-0.0102274
26,-0.00640433,-0.0802874,-0.481588,-0.211752,-0.100919,0.000216856,0.00503102,0.0823855,0.506308,0.211363,-0.0994579,-0.0027294,-0.0102274
26.02,-0.00640433,-0.0802874,-0.481588,-0.211752,-0.100919,0.000216856,0.00503102,0.0823855,0.506308,0.211363,-0.0994579,-0.0027294,-0.0102274
26.04,-0.00640433,-0.0802874,-0.481588,-0.211752,-0.100919,0.000216856,0.00503102,0.0823855,0.506308,0.211363,-0.0994579,-0.0027294,-0.0102274
26.06,-0.00640433,-0.0802874,-0.481588,-0.211752,-0.100919,0.000216856,0.00503102,0.0823855,0.506308,0.211363,-0.0994579,-0.0027294,-0.0102274
26.08,-0.00640433,-0.0802874,-0.481588,-0.211752,-0.100919,0.000216856,0.00503102,0.0823855,0.506308,0.211363,-0.0994579,-0.0027294,-0.0102274
26.1,-0.00640433,-0.0802874,-0.481588,-0.211752,-0.100919,0.000216856,0.00503102,0.0823855,0.506308,0.211363,-0.0994579,-0.0027294,-0.0102274
26.12,-0.00640433,-0.0802874,-0.481588,-0.211752,-0.100919,0.000216856,0.00503102,0.0823855,0.506308,0.211363,-0.0994579,-0.0027294,-0.0102274
26.14,-0.00640433,-0.0802874,-0.481588,-0.211752,-0.100919,0.000216856,0.00503102,0.0823855,0.506308,0.211363,-0.0994579,-0.0027294,-0.0102274
26.16,-0.00640433,-0.0802874,-0.481588,-0.211752,-0.100919,0.000216856,0.00503102,0.0823855,0.506308,0.211363,-0.0994579,-0.0027294,-0.0102274
26.18,-0.00640433,-0.0802874,-0.481588,-0.211752,-0.100919,0.000216856,0.00503102,0.0823855,0.506308,0.211363,-0.0994579,-0.0027294,-0.0102274
26.2,-0.00640433,-0.0802874,-0.481588,-0.211752,-0.100919,0.000216856,0.00503102,0.0823855,0.506308,0.211363,-0.0994579,-0.0027294,-0.0102274
26.22,-0.00640433,-0.0802874,-0.481588,-0.211752,-0.100919,0.000216856,0.00503102,0.0823855,0.506308,0.211363,-0.0994579,-0.0027294,-0.0102274
26.24,-0.00640433,-0.0802874,-0.481588,-0.211752,-0.100919,0.000216856,0.00503102,0.0823855,0.506308,0.211363,-0.0994579,-0.0027294,-0.0102274
26.26,-0.00640433,-0.0802874,-0.481588,-0.211752,-0.100919,0.000216856,0.00503102,0.0823855,0.506308,0.211363,-0.0994579,-0.0027294,-0.0102274
26.28,-0.00640433,-0.0802874,-0.481588,-0.211752,-0.100919,0.000216856,0.00503102,0.0823855,0.506308,0.211363,-0.0994579,-0.0027294,-0.0102274
26.3,-0.00640433,-0.0802874,-0.481588,-0.211752,-0.100919,0.000216856,0.00503102,0.0823855,0.506308,0.211363,-0.0994579,-0.0027294,-0.0102274
26.32,-0.00640433,-0.0802874,-0.481588,-0.211752,-0.100919,0.000216856,0.00503102,0.0823855,0.506308,0.211363,-0.0994579,-0.0027294,-0.0102274
26.34,-0.00640433,-0.0802874,-0.481588,-0.211752,-0.100919,0.000216856,0.00503102,0.0823855,0.506308,0.211363,-0.0994579,-0.0027294,-0.0102274
26.36,-0.00640433,-0.0802874,-0.481588,-0.211752,-0.100919,0.000216856,0.00503102,0.0823855,0.506308,0.211363,-0.0994579,-0.0027294,-0.0102274
26.38,-0.00640433,-0.0802874,-0.481588,-0.211752,-0.100919,0.000216856,0.00503102,0.0823855,0.506308,0.211363,-0.0994579,-0.0027294,-0.0102274
26.4,-0.00640433,-0.0802874,-0.481588,-0.211752,-0.100919,0.000216856,0.00503102,0.0823855,0.506308,0.211363,-0.0994579,-0.0027294,-0.0102274
26.42,-0.00640433,-0.0802874,-0.481588,-0.211752,-0.100919,0.000216856,0.00503102,0.0823855,0.506308,0.211363,-0.0994579,-0.0027294,-0.0102274
26.44,-0.00640433,-0.0802874,-0.481588,-0.211752,-0.100919,0.000216856,0.00503102,0.0823855,0.506308,0.211363,-0.0994579,-0.0027294,-0.0102274
26.46,-0.00640433,-0.0802874,-0.481588,-0.211752,-0.100919,0.000216856,0.00503102,0.0823855,0.506308,0.211363,-0.0994579,-0.0027294,-0.0102274
26.48,-0.00640433,-0.0802874,-0.481588,-0.211752,-0.100919,0.000216856,0.00503102,0.0823855,0.506308,0.211363,-0.0994579,-0.0027294,-0.0102274
26.5,-0.00640433,-0.0802874,-0.481588,-0.211752,-0.100919,0.000216856,0.00503102,0.0823855,0.506308,0.211363,-0.0994579,-0.0027294,-0.0102274
26.52,-0.00640433,-0.0802874,-0.481588,-0.211752,-0.100919,0.000216856,0.00503102,0.0823855,0.506308,0.211363,-0.0994579,-0.0027294,-0.0102274
26.54,-0.00640433,-0.0802874,-0.481588,-0.211752,-0.100919,0.000216856,0.00503102,0.0823855,0.506308,0.211363,-0.0994579,-0.0027294,-0.0102274
26.56,-0.00640433,-0.0802874,-0.481588,-0.211752,-0.100919,0.000216856,0.00503102,0.0823855,0.506308,0.211363,-0.0994579,-0.0027294,-0.0102274
26.58,-0.00640433,-0.0802874,-0.481588,-0.211752,-0.100919,0.000216856,0.00503102,0.0823855,0.506308,0.211363,-0.0994579,-0.0027294,-0.0102274
26.6,-0.00640433,-0.0802874,-0.481588,-0.211752,-0.100919,0.000216856,0.00503102,0.0823855,0.506308,0.211363,-0.0994579,-0.0027294,-0.0102274
26.62,-0.00640433,-0.0802874,-0.481588,-0.211752,-0.100919,0.000216856,0.00503102,0.0823855,0.506308,0.211363,-0.0994579,-0.0027294,-0.0102274
26.64,-0.00640433,-0.0802874,-0.481588,-0.211752,-0.100919,0.000216856,0.00503102,0.0823855,0.506308,0.211363,-0.0994579,-0.0027294,-0.0102274
26.66,-0.00640433,-0.0802874,-0.481588,-0.211752,-0.100919,0.000216856,0.00503102,0.0823855,0.506308,0.211363,-0.0994579,-0.0027294,-0.0102274
26.68,-0.00640433,-0.0802874,-0.481588,-0.211752,-0.100919,0.000216856,0.00503102,0.0823855,0.506308,0.211363,-0.0994579,-0.0027294,-0.0102274
26.7,-0.00640433,-0.0802874,-0.481588,-0.211752,-0.100919,0.000216856,0.00503102,0.0823855,0.506308,0.211363,-0.0994579,-0.0027294,-0.0102274
26.72,-0.00640433,-0.0802874,-0.481588,-0.211752,-0.100919,0.000216856,0.00503102,0.0823855,0.506308,0.211363,-0.0994579,-0.0027294,-0.0102274
26.74,-0.00640433,-0.0802874,-0.481588,-0.211752,-0.100919,0.000216856,0.00503102,0.0823855,0.506308,0.211363,-0.0994579,-0.0027294,-0.0102274
26.76,-0.00640433,-0.0802874,-0.481588,-0.211752,-0.100919,0.000216856,0.00503102,0.0823855,0.506308,0.211363,-0.0994579,-0.0027294,-0.0102274
26.78,-0.00640433,-0.0802874,-0.481588,-0.211752,-0.100919,0.000216856,0.00503102,0.0823855,0.506308,0.211363,-0.0994579,-0.0027294,-0.0102274
26.8,-0.00640433,-0.0802874,-0.481588,-0.211752,-0.100919,0.000216856,0.00503102,0.0823855,0.506308,0.211363,-0.0994579,-0.0027294,-0.0102274
26.82,-0.00640433,-0.0802874,-0.481588,-0.211752,-0.100919,0.000216856,0.00503102,0.0823855,0.506308,0.211363,-0.0994579,-0.0027294,-0.0102274
26.84,-0.00640433,-0.0802874,-0.481588,-0.211752,-0.100919,0.000216856,0.00503102,0.0823855,0.506308,0.211363,-0.0994579,-0.0027294,-0.0102274
26.86,-0.00640433,-0.0802874,-0.481588,-0.211752,-0.100919,0.000216856,0.00503102,0.0823855,0.506308,0.211363,-0.0994579,-0.0027294,-0.0102274
26.88,-0.00640433,-0.0802874,-0.481588,-0.211752,-0.100919,0.000216856,0.00503102,0.0823855,0.506308,0.211363,-0.0994579,-0.0027294,-0.0102274
26.9,-0.00640433,-0.0802874,-0.481588,-0.211752,-0.100919,0.000216856,0.00503102,0.0823855,0.506308,0.211363,-0.0994579,-0.0027294,-0.0102274
26.92,-0.00640433,-0.0802874,-0.481588,-0.211752,-0.100919,0.000216856,0.00503102,0.0823855,0.506308,0.211363,-0.0994579,-0.0027294,-0.0102274
26.94,-0.00640433,-0.0802874,-0.481588,-0.211752,-0.100919,0.000216856,0.00503102,0.0823855,0.506308,0.211363,-0.0994579,-0.0027294,-0.0102274
26.96,-0.00640433,-0.0802874,-0.481588,-0.211752,-0.100919,0.000216856,0.00503102,0.0823855,0.506308,0.211363,-0.0994579,-0.0027294,-0.0102274
26.98,-0.00640433,-0.0802874,-0.481588,-0.211752,-0.100919,0.000216856,0.00503102,0.0823855,0.506308,0.211363,-0.0994579,-0.0027294,-0.0102274
27,-0.00640433,-0.0802874,-0.481588,-0.211752,-0.100919,0.000216856,0.00503102,0.0823855,0.506308,0.211363,-0.0994579,-0.0027294,-0.0102274
27.02,-0.00640433,-0.0802874,-0.481588,-0.211752,-0.100919,0.000216856,0.00503102,0.0823855,0.506308,0.211363,-0.0994579,-0.0027294,-0.0102274
27.04,-0.00640433,-0.0802874,-0.481588,-0.211752,-0.100919,0.000216856,0.00503102,0.0823855,0.506308,0.211363,-0.0994579,-0.0027294,-0.0102274
27.06,-0.00640433,-0.0802874,-0.481588,-0.211752,-0.100919,0.000216856,0.00503102,0.0823855,0.506308,0.211363,-0.0994579,-0.0027294,-0.0102274
27.08,-0.00640433,-0.0802874,-0.481588,-0.211752,-0.100919,0.000216856,0.00503102,0.0823855,0.506308,0.211363,-0.0994579,-0.0027294,-0.0102274
27.1,-0.00640433,-0.0802874,-0.481588,-0.211752,-0.100919,0.000216856,0.00503102,0.0823855,0.506308,0.211363,-0.0994579,-0.0027294,-0.0102274
27.12,-0.00640433,-0.0802874,-0.481588,-0.211752,-0.100919,0.000216856,0.00503102,0.0823855,0.506308,0.211363,-0.0994579,-0.0027294,-0.0102274
27.14,-0.00640433,-0.0802874,-0.481588,-0.211752,-0.100919,0.000216856,0.00503102,0.0823855,0.506308,0.211363,-0.0994579,-0.0027294,-0.0102274
27.16,-0.00640433,-0.0802874,-0.481588,-0.211752,-0.100919,0.000216856,0.00503102,0.0823855,0.506308,0.211363,-0.0994579,-0.0027294,-0.0102274
27.18,-0.00640433,-0.0802874,-0.481588,-0.211752,-0.100919,0.000216856,0.00503102,0.0823855,0.506308,0.211363,-0.0994579,-0.0027294,-0.0102274
27.2,-0.00640433,-0.0802874,-0.481588,-0.211752,-0.100919,0.000216856,0.00503102,0.0823855,0.506308,0.211363,-0.0994579,-0.0027294,-0.0102274
27.22,-0.00640433,-0.0802874,-0.481588,-0.211752,-0.100919,0.000216856,0.00503102,0.0823855,0.506308,0.211363,-0.0994579,-0.0027294,-0.0102274
27.24,-0.00640433,-0.0802874,-0.481588,-0.211752,-0.100919,0.000216856,0.00503102,0.0823855,0.506308,0.211363,-0.0994579,-0.0027294,-0.0102274
27.26,-0.00640433,-0.0802874,-0.481588,-0.211752,-0.100919,0.000216856,0.00503102,0.0823855,0.506308,0.211363,-0.0994579,-0.0027294,-0.0102274
27.28,-0.00640433,-0.0802874,-0.481588,-0.211752,-0.100919,0.000216856,0.00503102,0.0823855,0.506308,0.211363,-0.0994579,-0.0027294,-0.0102274
27.3,-0.00640433,-0.0802874,-0.481588,-0.211752,-0.100919,0.000216856,0.00503102,0.0823855,0.506308,0.211363,-0.0994579,-0.0027294,-0.0102274
27.32,-0.00640433,-0.0802874,-0.481588,-0.211752,-0.100919,0.000216856,0.00503102,0.0823855,0.506308,0.211363,-0.0994579,-0.0027294,-0.0102274
27.34,-0.00640433,-0.0802874,-0.481588,-0.211752,-0.100919,0.000216856,0.00503102,0.0823855,0.506308,0.211363,-0.0994579,-0.0027294,-0.0102274
27.36,-0.00640433,-0.0802874,-0.481588,-0.211752,-0.100919,0.000216856,0.00503102,0.0823855,0.506308,0.211363,-0.0994579,-0.0027294,-0.0102274
27.38,-0.00640433,-0.0802874,-0.481588,-0.211752,-0.100919,0.000216856,0.00503102,0.0823855,0.506308,0.211363,-0.0994579,-0.0027294,-0.0102274
27.4,-0.00640433,-0.0802874,-0.481588,-0.211752,-0.100919,0.000216856,0.00503102,0.0823855,0.506308,0.211363,-0.0994579,-0.0027294,-0.0102274
27.42,-0.00640433,-0.0802874,-0.481588,-0.211752,-0.100919,0.000216856,0.00503102,0.0823855,0.506308,0.211363,-0.0994579,-0.0027294,-0.0102274
27.44,-0.00640433,-0.0802874,-0.481588,-0.211752,-0.100919,0.000216856,0.00503102,0.0823855,0.506308,0.211363,-0.0994579,-0.0027294,-0.0102274
27.46,-0.00640433,-0.0802874,-0.481588,-0.211752,-0.100919,0.000216856,0.00503102,0.0823855,0.506308,0.211363,-0.0994579,-0.0027294,-0.0102274
27.48,-0.00640433,-0.0802874,-0.481588,-0.211752,-0.100919,0.000216856,0.00503102,0.0823855,0.506308,0.211363,-0.0994579,-0.0027294,-0.0102274
27.5,-0.00640433,-0.0802874,-0.481588,-0.211752,-0.100919,0.000216856,0.00503102,0.0823855,0.506308,0.211363,-0.0994579,-0.0027294,-0.0102274
27.52,-0.00640433,-0.0802874,-0.481588,-0.211752,-0.100919,0.000216856,0.00503102,0.0823855,0.506308,0.211363,-0.0994579,-0.0027294,-0.0102274
27.54,-0.00640433,-0.0802874,-0.481588,-0.211752,-0.100919,0.000216856,0.00503102,0.0823855,0.506308,0.211363,-0.0994579,-0.0027294,-0.0102274
27.56,-0.00640433,-0.0802874,-0.481588,-0.211752,-0.100919,0.000216856,0.00503102,0.0823855,0.506308,0.211363,-0.0994579,-0.0027294,-0.0102274
27.58,-0.00640433,-0.0802874,-0.481588,-0.211752,-0.100919,0.000216856,0.00503102,0.0823855,0.506308,0.211363,-0.0994579,-0.0027294,-0.0102274
27.6,-0.00640433,-0.0802874,-0.481588,-0.211752,-0.100919,0.000216856,0.00503102,0.0823855,0.506308,0.211363,-0.0994579,-0.0027294,-0.0102274
27.62,-0.00640433,-0.0802874,-0.481588,-0.211752,-0.100919,0.000216856,0.00503102,0.0823855,0.506308,0.211363,-0.0994579,-0.0027294,-0.0102274
27.64,-0.00640433,-0.0802874,-0.481588,-0.211752,-0.100919,0.000216856,0.00503102,0.0823855,0.506308,0.211363,-0.0994579,-0.0027294,-0.0102274
27.66,-0.00640433,-0.0802874,-0.481588,-0.211752,-0.100919,0.000216856,0.00503102,0.0823855,0.506308,0.211363,-0.0994579,-0.0027294,-0.0102274
27.68,-0.00640433,-0.0802874,-0.481588,-0.211752,-0.100919,0.000216856,0.00503102,0.0823855,0.506308,0.211363,-0.0994579,-0.0027294,-0.0102274
27.7,-0.00640433,-0.0802874,-0.481588,-0.211752,-0.100919,0.000216856,0.00503102,0.0823855,0.506308,0.211363,-0.0994579,-0.0027294,-0.0102274
27.72,-0.00640433,-0.0802874,-0.481588,-0.211752,-0.100919,0.000216856,0.00503102,0.0823855,0.506308,0.211363,-0.0994579,-0.0027294,-0.0102274
27.74,-0.00640433,-0.0802874,-0.481588,-0.211752,-0.100919,0.000216856,0.00503102,0.0823855,0.506308,0.211363,-0.0994579,-0.0027294,-0.0102274
27.76,-0.00640433,-0.0802874,-0.481588,-0.211752,-0.100919,0.000216856,0.00503102,0.0823855,0.506308,0.211363,-0.0994579,-0.0027294,-0.0102274
27.78,-0.00640433,-0.0802874,-0.481588,-0.211752,-0.100919,0.000216856,0.00503102,0.0823855,0.506308,0.211363,-0.0994579,-0.0027294,-0.0102274
27.8,-0.00640433,-0.0802874,-0.481588,-0.211752,-0.100919,0.000216856,0.00503102,0.0823855,0.506308,0.211363,-0.0994579,-0.0027294,-0.0102274
27.82,-0.00640433,-0.0802874,-0.481588,-0.211752,-0.100919,0.000216856,0.00503102,0.0823855,0.506308,0.211363,-0.0994579,-0.0027294,-0.0102274
27.84,-0.00640433,-0.0802874,-0.481588,-0.211752,-0.100919,0.000216856,0.00503102,0.0823855,0.506308,0.211363,-0.0994579,-0.0027294,-0.0102274
27.86,-0.00640433,-0.0802874,-0.481588,-0.211752,-0.100919,0.000216856,0.00503102,0.0823855,0.506308,0.211363,-0.0994579,-0.0027294,-0.0102274
27.88,-0.00640433,-0.0802874,-0.481588,-0.211752,-0.100919,0.000216856,0.00503102,0.0823855,0.506308,0.211363,-0.0994579,-0.0027294,-0.0102274
27.9,-0.00640433,-0.0802874,-0.481588,-0.211752,-0.100919,0.000216856,0.00503102,0.0823855,0.506308,0.211363,-0.0994579,-0.0027294,-0.0102274
27.92,-0.00640433,-0.0802874,-0.481588,-0.211752,-0.100919,0.000216856,0.00503102,0.0823855,0.506308,0.211363,-0.0994579,-0.0027294,-0.0102274
27.94,-0.00640433,-0.0802874,-0.481588,-0.211752,-0.100919,0.000216856,0.00503102,0.0823855,0.506308,0.211363,-0.0994579,-0.0027294,-0.0102274
27.96,-0.00640433,-0.0802874,-0.481588,-0.211752,-0.100919,0.000216856,0.00503102,0.0823855,0.506308,0.211363,-0.0994579,-0.0027294,-0.0102274
27.98,-0.00640433,-0.0802874,-0.481588,-0.211752,-0.100919,0.000216856,0.00503102,0.0823855,0.506308,0.211363,-0.0994579,-0.0027294,-0.0102274
28,-0.00640433,-0.0802874,-0.481588,-0.211752,-0.100919,0.000216856,0.00503102,0.0823855,0.506308,0.211363,-0.0994579,-0.0027294,-0.0102274
28.02,-0.00640433,-0.0802874,-0.481588,-0.211752,-0.100919,0.000216856,0.00503102,0.0823855,0.506308,0.211363,-0.0994579,-0.0027294,-0.0102274
28.04,-0.00640433,-0.0802874,-0.481588,-0.211752,-0.100919,0.000216856,0.00503102,0.0823855,0.506308,0.211363,-0.0994579,-0.0027294,-0.0102274
28.06,-0.00640433,-0.0802874,-0.481588,-0.211752,-0.100919,0.000216856,0.00503102,0.0823855,0.506308,0.211363,-0.0994579,-0.0027294,-0.0102274
28.08,-0.00640433,-0.0802874,-0.481588,-0.211752,-0.100919,0.000216856,0.00503102,0.0823855,0.506308,0.211363,-0.0994579,-0.0027294,-0.0102274
28.1,-0.00640433,-0.0802874,-0.481588,-0.211752,-0.100919,0.000216856,0.00503102,0.0823855,0.506308,0.211363,-0.0994579,-0.0027294,-0.0102274
28.12,-0.00640433,-0.0802874,-0.481588,-0.211752,-0.100919,0.000216856,0.00503102,0.0823855,0.506308,0.211363,-0.0994579,-0.0027294,-0.0102274
28.14,-0.00640433,-0.0802874,-0.481588,-0.211752,-0.100919,0.000216856,0.00503102,0.0823855,0.506308,0.211363,-0.0994579,-0.0027294,-0.0102274
28.16,-0.00640433,-0.0802874,-0.481588,-0.211752,-0.100919,0.000216856,0.00503102,0.0823855,0.506308,0.211363,-0.0994579,-0.0027294,-0.0102274
28.18,-0.00640433,-0.0802874,-0.481588,-0.211752,-0.100919,0.000216856,0.00503102,0.0823855,0.506308,0.211363,-0.0994579,-0.0027294,-0.0102274
28.2,-0.00640433,-0.0802874,-0.481588,-0.211752,-0.100919,0.000216856,0.00503102,0.0823855,0.506308,0.211363,-0.0994579,-0.0027294,-0.0102274
28.22,-0.00640433,-0.0802874,-0.481588,-0.211752,-0.100919,0.000216856,0.00503102,0.0823855,0.506308,0.211363,-0.0994579,-0.0027294,-0.0102274
28.24,-0.00640433,-0.0802874,-0.481588,-0.211752,-0.100919,0.000216856,0.00503102,0.0823855,0.506308,0.211363,-0.0994579,-0.0027294,-0.0102274
28.26,-0.00640433,-0.0802874,-0.481588,-0.211752,-0.100919,0.000216856,0.00503102,0.0823855,0.506308,0.211363,-0.0994579,-0.0027294,-0.0102274
28.28,-0.00640433,-0.0802874,-0.481588,-0.211752,-0.100919,0.000216856,0.00503102,0.0823855,0.506308,0.211363,-0.0994579,-0.0027294,-0.0102274
28.3,-0.00640433,-0.0802874,-0.481588,-0.211752,-0.100919,0.000216856,0.00503102,0.0823855,0.506308,0.211363,-0.0994579,-0.0027294,-0.0102274
28.32,-0.00640433,-0.0802874,-0.481588,-0.211752,-0.100919,0.000216856,0.00503102,0.0823855,0.506308,0.211363,-0.0994579,-0.0027294,-0.0102274
28.34,-0.00640433,-0.0802874,-0.481588,-0.211752,-0.100919,0.000216856,0.00503102,0.0823855,0.506308,0.211363,-0.0994579,-0.0027294,-0.0102274
28.36,-0.00640433,-0.0802874,-0.481588,-0.211752,-0.100919,0.000216856,0.00503102,0.0823855,0.506308,0.211363,-0.0994579,-0.0027294,-0.0102274
28.38,-0.00640433,-0.0802874,-0.481588,-0.211752,-0.100919,0.000216856,0.00503102,0.0823855,0.506308,0.211363,-0.0994579,-0.0027294,-0.0102274
28.4,-0.00640433,-0.0802874,-0.481588,-0.211752,-0.100919,0.000216856,0.00503102,0.0823855,0.506308,0.211363,-0.0994579,-0.0027294,-0.0102274
28.42,-0.00640433,-0.0802874,-0.481588,-0.211752,-0.100919,0.000216856,0.00503102,0.0823855,0.506308,0.211363,-0.0994579,-0.0027294,-0.0102274
28.44,-0.00640433,-0.0802874,-0.481588,-0.211752,-0.100919,0.000216856,0.00503102,0.0823855,0.506308,0.211363,-0.0994579,-0.0027294,-0.0102274
28.46,-0.00640433,-0.0802874,-0.481588,-0.211752,-0.100919,0.000216856,0.00503102,0.0823855,0.506308,0.211363,-0.0994579,-0.0027294,-0.0102274
28.48,-0.00640433,-0.0802874,-0.481588,-0.211752,-0.100919,0.000216856,0.00503102,0.0823855,0.506308,0.211363,-0.0994579,-0.0027294,-0.0102274
28.5,-0.00640433,-0.0802874,-0.481588,-0.211752,-0.100919,0.000216856,0.00503102,0.0823855,0.506308,0.211363,-0.0994579,-0.0027294,-0.0102274
28.52,-0.00640433,-0.0802874,-0.481588,-0.211752,-0.100919,0.000216856,0.00503102,0.0823855,0.506308,0.211363,-0.0994579,-0.0027294,-0.0102274
28.54,-0.00640433,-0.0802874,-0.481588,-0.211752,-0.100919,0.000216856,0.00503102,0.0823855,0.506308,0.211363,-0.0994579,-0.0027294,-0.0102274
28.56,-0.00640433,-0.0802874,-0.481588,-0.211752,-0.100919,0.000216856,0.00503102,0.0823855,0.506308,0.211363,-0.0994579,-0.0027294,-0.0102274
28.58,-0.00640433,-0.0802874,-0.481588,-0.211752,-0.100919,0.000216856,0.00503102,0.0823855,0.506308,0.211363,-0.0994579,-0.0027294,-0.0102274
28.6,-0.00640433,-0.0802874,-0.481588,-0.211752,-0.100919,0.000216856,0.00503102,0.0823855,0.506308,0.211363,-0.0994579,-0.0027294,-0.0102274
28.62,-0.00640433,-0.0802874,-0.481588,-0.211752,-0.100919,0.000216856,0.00503102,0.0823855,0.506308,0.211363,-0.0994579,-0.0027294,-0.0102274
28.64,-0.00640433,-0.0802874,-0.481588,-0.211752,-0.100919,0.000216856,0.00503102,0.0823855,0.506308,0.211363,-0.0994579,-0.0027294,-0.0102274
28.66,-0.00640433,-0.0802874,-0.481588,-0.211752,-0.100919,0.000216856,0.00503102,0.0823855,0.506308,0.211363,-0.0994579,-0.0027294,-0.0102274
28.68,-0.00640433,-0.0802874,-0.481588,-0.211752,-0.100919,0.000216856,0.00503102,0.0823855,0.506308,0.211363,-0.0994579,-0.0027294,-0.0102274
28.7,-0.00640433,-0.0802874,-0.481588,-0.211752,-0.100919,0.000216856,0.00503102,0.0823855,0.506308,0.211363,-0.0994579,-0.0027294,-0.0102274
28.72,-0.00640433,-0.0802874,-0.481588,-0.211752,-0.100919,0.000216856,0.00503102,0.0823855,0.506308,0.211363,-0.0994579,-0.0027294,-0.0102274
28.74,-0.00640433,-0.0802874,-0.481588,-0.211752,-0.100919,0.000216856,0.00503102,0.0823855,0.506308,0.211363,-0.0994579,-0.0027294,-0.0102274
28.76,-0.00640433,-0.0802874,-0.481588,-0.211752,-0.100919,0.000216856,0.00503102,0.0823855,0.506308,0.211363,-0.0994579,-0.0027294,-0.0102274
28.78,-0.00640433,-0.0802874,-0.481588,-0.211752,-0.100919,0.000216856,0.00503102,0.0823855,0.506308,0.211363,-0.0994579