0,-0.00171661,0.0673304,0.420577,-0.0967045,-0.145963,0.0108428,-0.0669489,0.0375757,0.815404,0.0772486,-0.0728951,-0.13647,-0.511368
0.02,-0.00171661,0.0673304,0.420577,-0.0967045,-0.145963,0.0108428,-0.0669489,0.0375757,0.815404,0.0772486,-0.0728951,-0.13647,-0.511368
0.04,-0.00171661,0.0673304,0.415618,-0.096323,-0.145963,0.0108428,-0.0638971,0.0375757,0.813878,0.0772486,-0.0729204,-0.135847,-0.510605
0.06,-0.00171661,0.066186,0.40341,-0.0967045,-0.145597,0.0108444,-0.0646601,0.0375757,0.8093,0.0772486,-0.0740876,-0.134596,-0.504501
0.08,-0.00171661,0.0635157,0.384718,-0.0974674,-0.144682,0.0105388,-0.0642786,0.0375757,0.802815,0.0795374,-0.0743361,-0.133036,-0.494965
0.1,-0.00171661,0.0600824,0.3645,-0.0993748,-0.144133,0.0102316,-0.0642786,0.0379572,0.795186,0.0825891,-0.0747822,-0.131165,-0.485046
0.12,-0.00171661,0.0574121,0.345045,-0.101664,-0.143582,0.0105437,-0.0619898,0.0387201,0.790227,0.0856409,-0.0750773,-0.128361,-0.474747
0.14,-0.000572205,0.0566492,0.327115,-0.102808,-0.143033,0.0102364,-0.059701,0.0398645,0.783742,0.0883112,-0.0759167,-0.125866,-0.464828
0.16,-0.000572205,0.0558863,0.308805,-0.103189,-0.142118,0.00993069,-0.0581751,0.0406275,0.776875,0.0902185,-0.076625,-0.121816,-0.453765
0.18,-0.000572205,0.0535975,0.290875,-0.104715,-0.141202,0.00962494,-0.0570307,0.0406275,0.772297,0.091363,-0.0762119,-0.117772,-0.442702
0.2,-0.000572205,0.0505457,0.272564,-0.10853,-0.139919,0.00932072,-0.0558863,0.0406275,0.766575,0.0936518,-0.076299,-0.115283,-0.431258
0.22,-0.000572205,0.0478754,0.255016,-0.111963,-0.139,0.00963433,-0.0555048,0.0410089,0.76009,0.0967045,-0.076911,-0.113726,-0.422484
0.24,-0.000572205,0.0444422,0.235561,-0.113871,-0.137718,0.00871055,-0.0551233,0.0417719,0.753605,0.100519,-0.0775641,-0.110925,-0.412566
0.26,-0.000572205,0.0410089,0.21725,-0.115015,-0.13607,0.00716871,-0.053216,0.0425348,0.746738,0.104715,-0.0783909,-0.108435,-0.402647
0.28,-0.000953674,0.0375757,0.198939,-0.115778,-0.135335,0.00717171,-0.0516901,0.0429163,0.739109,0.107767,-0.0795881,-0.105945,-0.392347
0.3,-0.000953674,0.0341425,0.18101,-0.116159,-0.134966,0.00779269,-0.0501642,0.0436792,0.73415,0.110437,-0.080607,-0.103145,-0.381666
0.32,-0.000953674,0.0310898,0.1627,-0.117304,-0.134414,0.00810467,-0.0486383,0.0444422,0.727283,0.113108,-0.0808602,-0.100969,-0.370985
0.34,-0.000953674,0.028038,0.144388,-0.120356,-0.133679,0.00810764,-0.0471125,0.0448236,0.720036,0.115396,-0.0812888,-0.0991043,-0.361067
0.36,-0.00171661,0.0249863,0.126078,-0.125315,-0.133127,0.0084196,-0.0471125,0.0459681,0.71355,0.117685,-0.0812033,-0.0956883,-0.35153
0.38,-0.00209808,0.0219345,0.107767,-0.129129,-0.132206,0.00873302,-0.0471125,0.0471125,0.707446,0.11883,-0.0809711,-0.0907213,-0.340848
0.4,-0.00209808,0.0192642,0.0890741,-0.131037,-0.131473,0.00811644,-0.0452051,0.0474939,0.701343,0.121119,-0.0812657,-0.0866855,-0.329785
0.42,-0.00209808,0.015831,0.0703821,-0.132563,-0.130554,0.0078103,-0.0425348,0.0482569,0.694858,0.123789,-0.0826257,-0.0845085,-0.319486
0.44,-0.00209808,0.0120163,0.0516901,-0.134851,-0.129451,0.00719508,-0.0398645,0.0490198,0.688373,0.126459,-0.0832236,-0.0829553,-0.308805
0.46,-0.00209808,0.00858307,0.033761,-0.13714,-0.128348,0.0065798,-0.0375757,0.0501642,0.683032,0.129129,-0.0836422,-0.0810925,-0.299649
0.48,-0.00209808,0.00591278,0.0150681,-0.139429,-0.126877,0.00596585,-0.0375757,0.0513086,0.676166,0.132181,-0.084432,-0.0792289,-0.290112
0.5,-0.00209808,0.00362396,-0.00324249,-0.141336,-0.125774,0.00473085,-0.0368128,0.0528345,0.668536,0.135233,-0.0854286,-0.0764344,-0.280193
0.52,-0.00209808,0.00171661,-0.021553,-0.142481,-0.124669,0.00473495,-0.0349054,0.0543604,0.663577,0.138666,-0.0866156,-0.0733297,-0.269894
0.54,-0.00209808,-0.000953674,-0.040246,-0.144388,-0.124115,0.00504678,-0.0322351,0.0558863,0.657855,0.140574,-0.0874008,-0.0714669,-0.259594
0.56,-0.00209808,-0.00362396,-0.058938,-0.148203,-0.123377,0.00566907,-0.0299454,0.0562677,0.650606,0.141718,-0.0874541,-0.0689863,-0.249294
0.58,-0.00209808,-0.00629425,-0.0772486,-0.152018,-0.122639,0.00567176,-0.0284195,0.0574121,0.645647,0.143244,-0.0869786,-0.0649576,-0.238995
0.6,-0.00209808,-0.00896454,-0.0955601,-0.154688,-0.121901,0.00629402,-0.028038,0.0581751,0.638781,0.145533,-0.087062,-0.060618,-0.228695
0.62,-0.00209808,-0.0112534,-0.113871,-0.156978,-0.120979,0.00598755,-0.0268936,0.0593195,0.631151,0.148203,-0.0880538,-0.0572061,-0.218777
0.64,-0.00209808,-0.0135422,-0.132181,-0.158885,-0.120426,0.00567972,-0.0253677,0.0612268,0.626574,0.151636,-0.0888299,-0.0553446,-0.208858
0.66,-0.00209808,-0.0165939,-0.150492,-0.161174,-0.119688,0.00568234,-0.0238419,0.0627527,0.62047,0.154688,-0.0894241,-0.0531738,-0.198939
0.68,-0.00209808,-0.0204086,-0.168803,-0.1627,-0.118398,0.00475746,-0.0219345,0.0635157,0.613222,0.156214,-0.0900069,-0.0516229,-0.188258
0.7,-0.00171661,-0.0238419,-0.187114,-0.165751,-0.116738,0.0032141,-0.0200272,0.0638971,0.607882,0.159266,-0.0904173,-0.049143,-0.17834
0.72,-0.00209808,-0.0265121,-0.205806,-0.167659,-0.115446,0.00228899,-0.0185013,0.0642786,0.601015,0.1627,-0.0919411,-0.0466601,-0.16804
0.74,-0.00209808,-0.0291824,-0.224117,-0.170329,-0.114706,0.00291116,-0.0169754,0.065423,0.594149,0.165751,-0.0929094,-0.0438691,-0.158122
0.76,-0.00209808,-0.0322351,-0.242428,-0.173381,-0.113967,0.00291363,-0.0162125,0.0669489,0.588044,0.167659,-0.0938672,-0.0416978,-0.147821
0.78,-0.00209808,-0.0356684,-0.26112,-0.176051,-0.113228,0.00291608,-0.0154495,0.0669489,0.581941,0.169566,-0.0938982,-0.0392195,-0.137522
0.8,-0.00209808,-0.0391016,-0.279812,-0.177577,-0.112488,0.00291852,-0.0150681,0.0669489,0.575456,0.171855,-0.0935697,-0.0355033,-0.127222
0.82,-0.00209808,-0.0417719,-0.298505,-0.179866,-0.111749,0.00292094,-0.0135422,0.0677118,0.569352,0.174907,-0.0932368,-0.0317872,-0.116541
0.84,-0.00209808,-0.0444422,-0.316815,-0.182536,-0.111009,0.00292335,-0.0108719,0.0688562,0.562867,0.17834,-0.0938315,-0.0277588,-0.106241
0.86,-0.00209808,-0.046731,-0.335126,-0.184825,-0.110454,0.00323499,-0.00896454,0.0703821,0.557145,0.181392,-0.0945952,-0.0252786,-0.0959415
0.88,-0.00209808,-0.0497828,-0.353819,-0.186732,-0.109343,0.00323854,-0.0082016,0.0711451,0.55066,0.184443,-0.0953524,-0.0234179,-0.0856409
0.9,-0.00209808,-0.052453,-0.372511,-0.18864,-0.108233,0.00262237,-0.00782013,0.071908,0.543794,0.187495,-0.0961084,-0.0215572,-0.0757227
0.92,-0.00209808,-0.0555048,-0.390821,-0.189784,-0.106938,0.00231657,-0.00629425,0.0726709,0.538453,0.190547,-0.0966794,-0.0193872,-0.065423
0.94,-0.00209808,-0.0581751,-0.409514,-0.190928,-0.105457,0.00108167,-0.00400543,0.0738153,0.531587,0.192836,-0.0976202,-0.0172161,-0.0551233
0.96,-0.00209808,-0.0608454,-0.427444,-0.192836,-0.104345,-0.000154473,-0.00171661,0.0738153,0.524338,0.195125,-0.098378,-0.0141161,-0.0448236
0.98,-0.00209808,-0.0635157,-0.445754,-0.196269,-0.103789,0.000157082,0.000190735,0.0749598,0.519379,0.198176,-0.0993171,-0.0113253,-0.0349054
1,-0.00209808,-0.0665674,-0.464065,-0.200465,-0.103233,0.000468628,0.00133514,0.0761042,0.512894,0.200847,-0.0995119,-0.00853563,-0.0246048
1.02,-0.00286102,-0.0692377,-0.477798,-0.203135,-0.102862,0.000469731,0.00133514,0.07763,0.507553,0.202373,-0.0989602,-0.00636844,-0.015831
1.04,-0.00400543,-0.0703821,-0.482376,-0.203898,-0.102862,0.000469731,0.00133514,0.07763,0.50679,0.202373,-0.0980357,-0.00420217,-0.0120163
1.06,-0.00514984,-0.0711451,-0.482758,-0.203898,-0.102862,0.000469731,0.000953674,0.07763,0.50679,0.202754,-0.0978505,-0.00389284,-0.0123978
1.08,-0.00667572,-0.0715265,-0.482758,-0.203898,-0.102862,0.000469731,0.000953674,0.07763,0.50679,0.202754,-0.0980365,-0.00358245,-0.0123978
1.1,-0.00858307,-0.0726709,-0.482758,-0.203898,-0.102862,0.000469731,0.000953674,0.0780115,0.50679,0.203135,-0.0978512,-0.00327312,-0.0123978
1.12,-0.00896454,-0.0726709,-0.482758,-0.203898,-0.102862,0.000469731,0.000953674,0.0780115,0.506409,0.20428,-0.0978512,-0.00327312,-0.0123978
1.14,-0.00934601,-0.0726709,-0.482758,-0.203898,-0.102862,0.000469731,0.000953674,0.0780115,0.506409,0.20428,-0.0978512,-0.00327312,-0.0120163
1.16,-0.00896454,-0.0726709,-0.482758,-0.203898,-0.102862,0.000469731,0.000953674,0.0780115,0.506409,0.204661,-0.0978512,-0.00327312,-0.0123978
1.18,-0.00896454,-0.0726709,-0.482758,-0.203898,-0.102862,0.000469731,0.000953674,0.0780115,0.506409,0.20428,-0.0978512,-0.00327312,-0.0123978
1.2,-0.00896454,-0.0726709,-0.482758,-0.203898,-0.102862,0.000469731,0.000953674,0.07763,0.506409,0.20428,-0.0978512,-0.00327312,-0.0123978
1.22,-0.00896454,-0.0722895,-0.482758,-0.203898,-0.102862,0.000469731,0.00133514,0.0772486,0.50679,0.20428,-0.0978512,-0.00327312,-0.0123978
1.24,-0.00858307,-0.0726709,-0.483902,-0.20428,-0.102491,0.00109059,0.00133514,0.0772486,0.50679,0.20428,-0.0980371,-0.00296273,-0.0123978
1.26,-0.00858307,-0.0726709,-0.484665,-0.205043,-0.102491,0.00109059,0.00133514,0.07763,0.50679,0.20428,-0.0980371,-0.00296273,-0.0123978
1.28,-0.00858307,-0.0726709,-0.484283,-0.205043,-0.102491,0.00109059,0.00133514,0.07763,0.50679,0.20428,-0.0980371,-0.00296273,-0.0123978
1.3,-0.00858307,-0.0726709,-0.483902,-0.204661,-0.102491,0.00109059,0.00133514,0.07763,0.506409,0.20428,-0.0980371,-0.00296273,-0.0123978
1.32,-0.00858307,-0.0726709,-0.484283,-0.204661,-0.102491,0.00109059,0.00133514,0.07763,0.50679,0.20428,-0.0980371,-0.00296273,-0.0123978
1.34,-0.00858307,-0.0726709,-0.484283,-0.204661,-0.102491,0.00109059,0.00133514,0.0780115,0.50679,0.20428,-0.0980371,-0.00296273,-0.0123978
1.36,-0.00858307,-0.0726709,-0.483902,-0.204661,-0.102491,0.00109059,0.00133514,0.0780115,0.50679,0.20428,-0.0980371,-0.00296273,-0.0123978
1.38,-0.00858307,-0.0726709,-0.483902,-0.204661,-0.102491,0.00109059,0.00133514,0.0780115,0.50679,0.20428,-0.0980371,-0.00296273,-0.0123978
1.4,-0.00858307,-0.0726709,-0.483902,-0.204661,-0.102491,0.00109059,0.00133514,0.0780115,0.50679,0.20428,-0.0980371,-0.00296273,-0.0123978
1.42,-0.00858307,-0.0726709,-0.484283,-0.204661,-0.102491,0.00109059,0.00133514,0.0780115,0.50679,0.20428,-0.0980371,-0.00296273,-0.0123978
1.44,-0.00858307,-0.0726709,-0.484283,-0.204661,-0.102491,0.00109059,0.00133514,0.0780115,0.50679,0.20428,-0.0980371,-0.00296273,-0.0123978
1.46,-0.00858307,-0.0726709,-0.483902,-0.204661,-0.102491,0.00109059,0.00133514,0.0780115,0.50679,0.20428,-0.0980371,-0.00296273,-0.0123978
1.48,-0.00858307,-0.0726709,-0.483902,-0.204661,-0.102306,0.00078126,0.000953674,0.0780115,0.50679,0.20428,-0.0980371,-0.00296273,-0.0123978
1.5,-0.00858307,-0.0726709,-0.483902,-0.204661,-0.102306,0.00078126,0.00133514,0.0780115,0.50679,0.20428,-0.0980371,-0.00296273,-0.0123978
1.52,-0.00858307,-0.0726709,-0.483902,-0.204661,-0.102306,0.00078126,0.00133514,0.0780115,0.50679,0.20428,-0.0980371,-0.00296273,-0.0123978
1.54,-0.00858307,-0.0726709,-0.483902,-0.204661,-0.102306,0.00078126,0.00133514,0.0780115,0.50679,0.20428,-0.0980371,-0.00296273,-0.0123978
1.56,-0.00858307,-0.0726709,-0.483902,-0.204661,-0.102306,0.00078126,0.00133514,0.0780115,0.50679,0.20428,-0.0980371,-0.00296273,-0.0123978
1.58,-0.00858307,-0.0726709,-0.483902,-0.204661,-0.102306,0.00078126,0.00133514,0.0780115,0.50679,0.20428,-0.0980371,-0.00296273,-0.0123978
1.6,-0.00858307,-0.0726709,-0.483902,-0.204661,-0.102306,0.00078126,0.00133514,0.0780115,0.50679,0.20428,-0.0980371,-0.00296273,-0.0123978
1.62,-0.00858307,-0.0726709,-0.483902,-0.204661,-0.102306,0.00078126,0.00133514,0.0780115,0.50679,0.20428,-0.0980371,-0.00296273,-0.0123978
1.64,-0.00858307,-0.0726709,-0.483902,-0.204661,-0.102306,0.00078126,0.00133514,0.0780115,0.50679,0.20428,-0.0980371,-0.00296273,-0.0123978
1.66,-0.00858307,-0.0726709,-0.483902,-0.204661,-0.102306,0.00078126,0.000953674,0.0780115,0.50679,0.20428,-0.0980371,-0.00296273,-0.0123978
1.68,-0.00858307,-0.0726709,-0.483902,-0.204661,-0.102306,0.00078126,0.00133514,0.0780115,0.50679,0.20428,-0.0980371,-0.00296273,-0.0123978
1.7,-0.00858307,-0.0726709,-0.483902,-0.204661,-0.102306,0.00078126,0.00133514,0.0780115,0.50679,0.20428,-0.0980371,-0.00296273,-0.0123978
1.72,-0.00858307,-0.0726709,-0.483902,-0.204661,-0.102306,0.00078126,0.00133514,0.0780115,0.50679,0.20428,-0.0980371,-0.00296273,-0.0123978
1.74,-0.00858307,-0.0726709,-0.483902,-0.204661,-0.102306,0.00078126,0.00133514,0.07763,0.50679,0.20428,-0.0980371,-0.00296273,-0.0123978
1.76,-0.00858307,-0.0726709,-0.483902,-0.204661,-0.102306,0.00078126,0.00133514,0.07763,0.50679,0.20428,-0.0980371,-0.00296273,-0.0123978
1.78,-0.00858307,-0.0726709,-0.483902,-0.204661,-0.102306,0.00078126,0.00133514,0.07763,0.50679,0.20428,-0.0980371,-0.00296273,-0.0123978
1.8,-0.00858307,-0.0726709,-0.483902,-0.204661,-0.102306,0.00078126,0.00133514,0.07763,0.50679,0.20428,-0.0980371,-0.00296273,-0.0123978
1.82,-0.00858307,-0.0726709,-0.483902,-0.204661,-0.102306,0.00078126,0.00133514,0.07763,0.50679,0.20428,-0.0980371,-0.00296273,-0.0123978
1.84,-0.00858307,-0.0726709,-0.483902,-0.204661,-0.102306,0.00078126,0.00133514,0.07763,0.50679,0.20428,-0.0980371,-0.00296273,-0.0123978
1.86,-0.00858307,-0.0726709,-0.483902,-0.204661,-0.102306,0.00078126,0.00171661,0.07763,0.50679,0.203898,-0.0980371,-0.00296273,-0.0123978
1.88,-0.00858307,-0.0726709,-0.483902,-0.204661,-0.102306,0.00078126,0.00247955,0.0780115,0.50679,0.203898,-0.0980371,-0.00296273,-0.0123978
1.9,-0.00858307,-0.0726709,-0.483902,-0.204661,-0.102306,0.00078126,0.00247955,0.0780115,0.50679,0.203898,-0.0980371,-0.00296273,-0.0123978
1.92,-0.00858307,-0.0726709,-0.483902,-0.204661,-0.102306,0.00078126,0.00247955,0.0780115,0.50679,0.203898,-0.0980371,-0.00296273,-0.0123978
1.94,-0.00858307,-0.0726709,-0.483902,-0.204661,-0.102306,0.00078126,0.00247955,0.0780115,0.50679,0.203898,-0.0980371,-0.00296273,-0.0123978
1.96,-0.00858307,-0.0726709,-0.483902,-0.204661,-0.102306,0.00078126,0.00247955,0.0780115,0.50679,0.203898,-0.0980371,-0.00296273,-0.0123978
1.98,-0.00858307,-0.0726709,-0.483902,-0.204661,-0.102306,0.00078126,0.00247955,0.0780115,0.50679,0.203898,-0.0980371,-0.00296273,-0.0123978
2,-0.00858307,-0.0726709,-0.483902,-0.204661,-0.102306,0.00078126,0.00247955,0.0780115,0.50679,0.203898,-0.0980371,-0.00296273,-0.0123978
2.02,-0.00858307,-0.0726709,-0.483902,-0.204661,-0.102306,0.00078126,0.00247955,0.0780115,0.50679,0.203898,-0.0980371,-0.00296273,-0.0123978
2.04,-0.00858307,-0.0726709,-0.483902,-0.204661,-0.102306,0.00078126,0.00247955,0.0780115,0.50679,0.203898,-0.0980371,-0.00296273,-0.0123978
2.06,-0.00858307,-0.0726709,-0.483902,-0.204661,-0.102306,0.00078126,0.00247955,0.0780115,0.50679,0.203898,-0.0980371,-0.00296273,-0.0123978
2.08,-0.00858307,-0.0726709,-0.483902,-0.204661,-0.102306,0.00078126,0.00247955,0.0780115,0.50679,0.203898,-0.0980371,-0.00296273,-0.0123978
2.1,-0.00858307,-0.0726709,-0.483902,-0.204661,-0.102306,0.00078126,0.00247955,0.0787745,0.50679,0.203898,-0.0980371,-0.00296273,-0.0123978
2.12,-0.00858307,-0.0726709,-0.483902,-0.204661,-0.102306,0.00078126,0.00247955,0.0791559,0.50679,0.203898,-0.0980371,-0.00296273,-0.0123978
2.14,-0.00858307,-0.0726709,-0.483902,-0.204661,-0.102306,0.00078126,0.00247955,0.0791559,0.50679,0.203898,-0.0980371,-0.00296273,-0.0123978
2.16,-0.00858307,-0.0726709,-0.483902,-0.204661,-0.102306,0.00078126,0.00247955,0.0791559,0.50679,0.203898,-0.0980371,-0.00296273,-0.0123978
2.18,-0.00858307,-0.0726709,-0.483902,-0.204661,-0.102306,0.00078126,0.00247955,0.0791559,0.50679,0.203898,-0.0980371,-0.00296273,-0.0123978
2.2,-0.00858307,-0.0726709,-0.483902,-0.204661,-0.102306,0.00078126,0.00247955,0.0791559,0.50679,0.203898,-0.0980371,-0.00296273,-0.0123978
2.22,-0.00858307,-0.0726709,-0.483902,-0.204661,-0.102306,0.00078126,0.00247955,0.0791559,0.50679,0.203898,-0.0980371,-0.00296273,-0.0123978
2.24,-0.00858307,-0.0726709,-0.483902,-0.204661,-0.102306,0.00078126,0.00247955,0.0791559,0.50679,0.203898,-0.0980371,-0.00296273,-0.0123978
2.26,-0.00858307,-0.0726709,-0.483902,-0.204661,-0.102306,0.00078126,0.00247955,0.0791559,0.50679,0.203898,-0.0980371,-0.00296273,-0.0123978
2.28,-0.00858307,-0.0726709,-0.483902,-0.204661,-0.102306,0.00078126,0.00247955,0.0791559,0.50679,0.203898,-0.0980371,-0.00296273,-0.0123978
2.3,-0.00858307,-0.0726709,-0.483902,-0.204661,-0.102491,0.00047083,0.00247955,0.0791559,0.50679,0.203898,-0.0980371,-0.00296273,-0.0123978
2.32,-0.00858307,-0.0726709,-0.483902,-0.204661,-0.102306,0.00078126,0.00247955,0.0791559,0.50679,0.203898,-0.0980371,-0.00296273,-0.0123978
2.34,-0.00858307,-0.0726709,-0.483902,-0.204661,-0.102491,0.00047083,0.00247955,0.0791559,0.50679,0.203898,-0.0980371,-0.00296273,-0.0123978
2.36,-0.00858307,-0.0726709,-0.483902,-0.204661,-0.102491,0.00047083,0.00247955,0.0791559,0.50679,0.204661,-0.0976658,-0.00296378,-0.0123978
2.38,-0.00858307,-0.0726709,-0.483902,-0.204661,-0.102491,0.00047083,0.00247955,0.0791559,0.50679,0.204661,-0.0980371,-0.00296273,-0.0123978
2.4,-0.00858307,-0.0722895,-0.484283,-0.204661,-0.102491,0.00047083,0.00247955,0.0787745,0.50679,0.20428,-0.0980371,-0.00296273,-0.0123978
2.42,-0.00858307,-0.0722895,-0.484283,-0.204661,-0.102491,0.00047083,0.00247955,0.0787745,0.50679,0.20428,-0.0980371,-0.00296273,-0.0123978
2.44,-0.00858307,-0.0722895,-0.483902,-0.204661,-0.102491,0.00047083,0.00247955,0.0791559,0.50679,0.20428,-0.0980371,-0.00296273,-0.0123978
2.46,-0.00858307,-0.0726709,-0.483902,-0.204661,-0.102491,0.00047083,0.00247955,0.0791559,0.50679,0.20428,-0.0980371,-0.00296273,-0.0123978
2.48,-0.00858307,-0.0726709,-0.483902,-0.204661,-0.102491,0.00047083,0.00247955,0.0791559,0.50679,0.20428,-0.0980371,-0.00296273,-0.0123978
2.5,-0.00858307,-0.0726709,-0.483902,-0.204661,-0.102491,0.00047083,0.00247955,0.0791559,0.50679,0.20428,-0.0980371,-0.00296273,-0.0123978
2.52,-0.00858307,-0.0726709,-0.483902,-0.204661,-0.102491,0.00047083,0.00247955,0.0791559,0.50679,0.20428,-0.0980371,-0.00296273,-0.0123978
2.54,-0.00858307,-0.0726709,-0.483902,-0.204661,-0.102491,0.00047083,0.00247955,0.0791559,0.506409,0.20428,-0.0980371,-0.00296273,-0.0123978
2.56,-0.00858307,-0.0726709,-0.483902,-0.204661,-0.102491,0.00047083,0.00247955,0.0791559,0.50679,0.20428,-0.0980371,-0.00296273,-0.0123978
2.58,-0.00858307,-0.0726709,-0.483902,-0.204661,-0.102491,0.00047083,0.00247955,0.0791559,0.50679,0.20428,-0.0980371,-0.00296273,-0.0123978
2.6,-0.00858307,-0.0726709,-0.483902,-0.204661,-0.102491,0.00047083,0.00247955,0.0791559,0.50679,0.20428,-0.0980371,-0.00296273,-0.0123978
2.62,-0.00858307,-0.0726709,-0.483902,-0.204661,-0.102491,0.00047083,0.00247955,0.0791559,0.50679,0.20428,-0.0980371,-0.00296273,-0.0123978
2.64,-0.00858307,-0.0726709,-0.483902,-0.204661,-0.102491,0.00047083,0.00247955,0.0791559,0.50679,0.20428,-0.0980371,-0.00296273,-0.0123978
2.66,-0.00858307,-0.0726709,-0.483902,-0.204661,-0.102491,0.00047083,0.00247955,0.0791559,0.50679,0.20428,-0.0980371,-0.00296273,-0.0123978
2.68,-0.00858307,-0.0726709,-0.483902,-0.204661,-0.102491,0.00047083,0.00247955,0.0791559,0.50679,0.203898,-0.0980371,-0.00296273,-0.0123978
2.7,-0.00858307,-0.0726709,-0.483902,-0.204661,-0.102491,0.00047083,0.00247955,0.0791559,0.50679,0.203898,-0.0980371,-0.00296273,-0.0123978
2.72,-0.00858307,-0.0726709,-0.483902,-0.204661,-0.102306,0.00078126,0.00247955,0.0791559,0.50679,0.203898,-0.0980371,-0.00296273,-0.0123978
2.74,-0.00858307,-0.0726709,-0.483902,-0.204661,-0.102491,0.00047083,0.00247955,0.0791559,0.50679,0.203898,-0.0980371,-0.00296273,-0.0123978
2.76,-0.00858307,-0.0726709,-0.483902,-0.204661,-0.102306,0.00078126,0.00247955,0.0791559,0.50679,0.203898,-0.0980371,-0.00296273,-0.0123978
2.78,-0.00858307,-0.0726709,-0.483902,-0.204661,-0.102306,0.00078126,0.00247955,0.0791559,0.50679,0.203898,-0.0980371,-0.00296273,-0.0123978
2.8,-0.00858307,-0.0726709,-0.483902,-0.204661,-0.102306,0.00078126,0.00247955,0.0791559,0.50679,0.203898,-0.0980371,-0.00296273,-0.0123978
2.82,-0.00858307,-0.0726709,-0.483902,-0.204661,-0.102306,0.00078126,0.00247955,0.0791559,0.50679,0.203898,-0.098223,-0.00265233,-0.0123978
2.84,-0.00858307,-0.0726709,-0.483902,-0.204661,-0.102306,0.00078126,0.00247955,0.0791559,0.50679,0.203898,-0.0980371,-0.00296273,-0.0123978
2.86,-0.00858307,-0.0726709,-0.483902,-0.204661,-0.102306,0.00078126,0.00247955,0.0791559,0.50679,0.203898,-0.098223,-0.00265233,-0.0123978
2.88,-0.00858307,-0.0726709,-0.483902,-0.204661,-0.102306,0.00078126,0.00247955,0.0791559,0.50679,0.203898,-0.0980371,-0.00296273,-0.0123978
2.9,-0.00858307,-0.0726709,-0.483902,-0.204661,-0.102306,0.00078126,0.00247955,0.0791559,0.50679,0.20428,-0.0980371,-0.00296273,-0.0123978
2.92,-0.00858307,-0.0726709,-0.483902,-0.204661,-0.102306,0.00078126,0.00247955,0.0791559,0.50679,0.203898,-0.098223,-0.00265233,-0.0123978
2.94,-0.00858307,-0.0726709,-0.483902,-0.204661,-0.102306,0.00078126,0.00247955,0.0791559,0.50679,0.20428,-0.0980371,-0.00296273,-0.0123978
2.96,-0.00858307,-0.0726709,-0.483902,-0.204661,-0.102306,0.00078126,0.00247955,0.0791559,0.50679,0.20428,-0.0980371,-0.00296273,-0.0123978
2.98,-0.00858307,-0.0726709,-0.483902,-0.204661,-0.102306,0.00078126,0.00247955,0.0791559,0.50679,0.20428,-0.0980371,-0.00296273,-0.0123978
3,-0.00858307,-0.0726709,-0.483902,-0.204661,-0.102306,0.00078126,0.00247955,0.0791559,0.50679,0.203898,-0.0980371,-0.00296273,-0.0123978
3.02,-0.00858307,-0.0726709,-0.483902,-0.204661,-0.102306,0.00078126,0.00247955,0.0791559,0.50679,0.20428,-0.0980371,-0.00296273,-0.0123978
3.04,-0.00858307,-0.0726709,-0.483902,-0.204661,-0.102306,0.00078126,0.00247955,0.0791559,0.507172,0.20428,-0.0980371,-0.00296273,-0.0123978
3.06,-0.00858307,-0.0726709,-0.483902,-0.204661,-0.102306,0.00078126,0.00247955,0.0791559,0.50679,0.20428,-0.0980371,-0.00296273,-0.0123978
3.08,-0.00858307,-0.0726709,-0.483902,-0.204661,-0.102306,0.00078126,0.00247955,0.0791559,0.50679,0.20428,-0.0980371,-0.00296273,-0.0123978
3.1,-0.00858307,-0.0722895,-0.483902,-0.205043,-0.102306,0.00078126,0.00247955,0.0791559,0.50679,0.20428,-0.0980371,-0.00296273,-0.0123978
3.12,-0.00858307,-0.0722895,-0.483902,-0.205043,-0.102306,0.00078126,0.00247955,0.0791559,0.50679,0.20428,-0.0980371,-0.00296273,-0.0123978
3.14,-0.00858307,-0.0726709,-0.483902,-0.204661,-0.102306,0.00078126,0.00247955,0.0791559,0.50679,0.20428,-0.0980371,-0.00296273,-0.0123978
3.16,-0.00858307,-0.0722895,-0.483902,-0.204661,-0.102491,0.00047083,0.00247955,0.0791559,0.50679,0.203898,-0.0980371,-0.00296273,-0.0123978
3.18,-0.00858307,-0.0726709,-0.483902,-0.204661,-0.102491,0.00047083,0.00247955,0.0791559,0.50679,0.203898,-0.0980371,-0.00296273,-0.0123978
3.2,-0.00858307,-0.0726709,-0.483902,-0.204661,-0.102491,0.00047083,0.00247955,0.0791559,0.50679,0.203898,-0.0980371,-0.00296273,-0.0123978
3.22,-0.00858307,-0.0726709,-0.483902,-0.204661,-0.102491,0.00047083,0.00247955,0.0791559,0.50679,0.203898,-0.0980371,-0.00296273,-0.0123978
3.24,-0.00858307,-0.0726709,-0.483902,-0.204661,-0.102306,0.00078126,0.00247955,0.0791559,0.50679,0.203898,-0.0980371,-0.00296273,-0.0123978
3.26,-0.00858307,-0.0726709,-0.483902,-0.204661,-0.102491,0.00047083,0.00247955,0.0791559,0.50679,0.203898,-0.0980371,-0.00296273,-0.0123978
3.28,-0.00858307,-0.0726709,-0.483902,-0.204661,-0.102491,0.00047083,0.00247955,0.0791559,0.50679,0.203898,-0.098223,-0.00265233,-0.0123978
3.3,-0.00858307,-0.0726709,-0.483902,-0.204661,-0.102491,0.00047083,0.00247955,0.0791559,0.50679,0.203898,-0.0980371,-0.00296273,-0.0123978
3.32,-0.00858307,-0.0726709,-0.483902,-0.204661,-0.102491,0.00047083,0.00247955,0.0791559,0.50679,0.203898,-0.0980371,-0.00296273,-0.0123978
3.34,-0.00858307,-0.0726709,-0.483902,-0.204661,-0.102491,0.00047083,0.00247955,0.0791559,0.50679,0.203898,-0.0980371,-0.00296273,-0.0123978
3.36,-0.00858307,-0.0726709,-0.483902,-0.204661,-0.102491,0.00047083,0.00247955,0.0791559,0.50679,0.20428,-0.0980371,-0.00296273,-0.0123978
3.38,-0.00858307,-0.0726709,-0.483902,-0.204661,-0.102491,0.00047083,0.00247955,0.0791559,0.50679,0.20428,-0.0980371,-0.00296273,-0.0123978
3.4,-0.00858307,-0.0726709,-0.483902,-0.204661,-0.102491,0.00047083,0.00247955,0.0791559,0.50679,0.20428,-0.0980371,-0.00296273,-0.0123978
3.42,-0.00858307,-0.0726709,-0.483902,-0.204661,-0.102491,0.00047083,0.00247955,0.0791559,0.50679,0.20428,-0.0980371,-0.00296273,-0.0123978
3.44,-0.00858307,-0.0726709,-0.483902,-0.204661,-0.102491,0.00047083,0.00247955,0.0791559,0.50679,0.20428,-0.0980371,-0.00296273,-0.0123978
3.46,-0.00858307,-0.0726709,-0.483902,-0.204661,-0.102491,0.00047083,0.00247955,0.0791559,0.50679,0.20428,-0.0980371,-0.00296273,-0.0123978
3.48,-0.00858307,-0.0726709,-0.483902,-0.204661,-0.102491,0.00047083,0.00247955,0.0791559,0.50679,0.20428,-0.0980371,-0.00296273,-0.0123978
3.5,-0.00858307,-0.0726709,-0.483902,-0.204661,-0.102491,0.00047083,0.00247955,0.0791559,0.50679,0.203898,-0.0980371,-0.00296273,-0.0123978
3.52,-0.00858307,-0.0726709,-0.483902,-0.204661,-0.102491,0.00047083,0.00247955,0.0791559,0.50679,0.20428,-0.0980371,-0.00296273,-0.0123978
3.54,-0.00858307,-0.0726709,-0.483902,-0.204661,-0.102491,0.00047083,0.00247955,0.0791559,0.50679,0.203898,-0.0980371,-0.00296273,-0.0123978
3.56,-0.00858307,-0.0726709,-0.483902,-0.204661,-0.102491,0.00047083,0.00247955,0.0791559,0.50679,0.203898,-0.0980371,-0.00296273,-0.0123978
3.58,-0.00858307,-0.0726709,-0.483902,-0.204661,-0.102306,0.00078126,0.00247955,0.0791559,0.50679,0.203898,-0.0980371,-0.00296273,-0.0123978
3.6,-0.00858307,-0.0726709,-0.483902,-0.204661,-0.102306,0.00078126,0.00247955,0.0791559,0.50679,0.203898,-0.0980371,-0.00296273,-0.0123978
3.62,-0.00858307,-0.0726709,-0.483902,-0.204661,-0.102491,0.00047083,0.00247955,0.0791559,0.50679,0.203898,-0.0980371,-0.00296273,-0.0123978
3.64,-0.00858307,-0.0726709,-0.483902,-0.204661,-0.102491,0.00047083,0.00247955,0.0791559,0.50679,0.203898,-0.0980371,-0.00296273,-0.0123978
3.66,-0.00858307,-0.0726709,-0.483902,-0.204661,-0.102306,0.00078126,0.00247955,0.0791559,0.50679,0.203898,-0.0980371,-0.00296273,-0.0123978
3.68,-0.00858307,-0.0726709,-0.483902,-0.204661,-0.102306,0.00078126,0.00247955,0.0791559,0.50679,0.203898,-0.0980371,-0.00296273,-0.0123978
3.7,-0.00858307,-0.0726709,-0.483902,-0.204661,-0.102491,0.00047083,0.00247955,0.0791559,0.50679,0.203898,-0.0980371,-0.00296273,-0.0123978
3.72,-0.00858307,-0.0726709,-0.483902,-0.204661,-0.102491,0.00047083,0.00247955,0.0791559,0.50679,0.203898,-0.0980371,-0.00296273,-0.0123978
3.74,-0.00858307,-0.0726709,-0.483902,-0.204661,-0.102491,0.00047083,0.00247955,0.0791559,0.50679,0.203898,-0.0980371,-0.00296273,-0.0123978
3.76,-0.00858307,-0.0726709,-0.483902,-0.204661,-0.102306,0.00078126,0.00247955,0.0791559,0.50679,0.20428,-0.0980371,-0.00296273,-0.0123978
3.78,-0.00858307,-0.0726709,-0.483902,-0.204661,-0.102491,0.00047083,0.00247955,0.0791559,0.50679,0.20428,-0.0980371,-0.00296273,-0.0123978
3.8,-0.00858307,-0.0726709,-0.483902,-0.204661,-0.102491,0.00047083,0.00247955,0.0791559,0.50679,0.20428,-0.0980371,-0.00296273,-0.0123978
3.82,-0.00858307,-0.0722895,-0.483902,-0.204661,-0.102491,0.00047083,0.00247955,0.0791559,0.50679,0.20428,-0.0980371,-0.00296273,-0.0123978
3.84,-0.00858307,-0.0722895,-0.483902,-0.204661,-0.102491,0.00047083,0.00247955,0.0791559,0.50679,0.20428,-0.0980371,-0.00296273,-0.0123978
3.86,-0.00858307,-0.0726709,-0.483902,-0.204661,-0.102491,0.00047083,0.00247955,0.0791559,0.50679,0.203898,-0.0980371,-0.00296273,-0.0123978
3.88,-0.00858307,-0.0726709,-0.483902,-0.204661,-0.102491,0.00047083,0.00247955,0.0791559,0.50679,0.20428,-0.0980371,-0.00296273,-0.0123978
3.9,-0.00858307,-0.0726709,-0.483902,-0.204661,-0.102491,0.00047083,0.00247955,0.0791559,0.50679,0.20428,-0.0980371,-0.00296273,-0.0123978
3.92,-0.00858307,-0.0726709,-0.483902,-0.204661,-0.102491,0.00047083,0.00247955,0.0791559,0.50679,0.20428,-0.0980371,-0.00296273,-0.0123978
3.94,-0.00858307,-0.0726709,-0.483902,-0.204661,-0.102491,0.00047083,0.00247955,0.0791559,0.50679,0.20428,-0.0980371,-0.00296273,-0.0123978
3.96,-0.00858307,-0.0726709,-0.483902,-0.204661,-0.102306,0.00078126,0.00247955,0.0791559,0.50679,0.20428,-0.0980371,-0.00296273,-0.0123978
3.98,-0.00858307,-0.0722895,-0.483902,-0.204661,-0.102491,0.00047083,0.00247955,0.0791559,0.50679,0.20428,-0.0980371,-0.00296273,-0.0123978
4,-0.00858307,-0.0722895,-0.483902,-0.204661,-0.102306,0.00078126,0.00247955,0.0791559,0.50679,0.20428,-0.0980371,-0.00296273,-0.0123978
4.02,-0.00858307,-0.0726709,-0.483902,-0.204661,-0.102306,0.00078126,0.00247955,0.0791559,0.50679,0.20428,-0.0980371,-0.00296273,-0.0123978
4.04,-0.00858307,-0.0726709,-0.483902,-0.204661,-0.102491,0.00047083,0.00247955,0.0791559,0.50679,0.20428,-0.0980371,-0.00296273,-0.0123978
4.06,-0.00858307,-0.0726709,-0.483902,-0.204661,-0.102306,0.00078126,0.00247955,0.0791559,0.50679,0.20428,-0.0980371,-0.00296273,-0.0123978
4.08,-0.00858307,-0.0726709,-0.483902,-0.204661,-0.102491,0.00047083,0.00247955,0.0791559,0.50679,0.20428,-0.0980371,-0.00296273,-0.0123978
4.1,-0.00858307,-0.0726709,-0.483902,-0.204661,-0.102306,0.00078126,0.00247955,0.0791559,0.50679,0.20428,-0.0980371,-0.00296273,-0.0123978
4.12,-0.00858307,-0.0722895,-0.483902,-0.204661,-0.102306,0.00078126,0.00247955,0.0791559,0.50679,0.20428,-0.0980371,-0.00296273,-0.0123978
4.14,-0.00858307,-0.0722895,-0.483902,-0.204661,-0.102491,0.00047083,0.00247955,0.0791559,0.50679,0.20428,-0.0980371,-0.00296273,-0.0123978
4.16,-0.00858307,-0.0722895,-0.483902,-0.204661,-0.102491,0.00047083,0.00247955,0.0791559,0.50679,0.20428,-0.0980371,-0.00296273,-0.0123978
4.18,-0.00858307,-0.0722895,-0.483902,-0.204661,-0.102491,0.00047083,0.00247955,0.0791559,0.50679,0.20428,-0.0980371,-0.00296273,-0.0123978
4.2,-0.00858307,-0.0722895,-0.483902,-0.204661,-0.102491,0.00047083,0.00247955,0.0791559,0.50679,0.20428,-0.0980371,-0.00296273,-0.0123978
4.22,-0.00858307,-0.0726709,-0.483902,-0.204661,-0.102306,0.00078126,0.00247955,0.0791559,0.50679,0.20428,-0.0980371,-0.00296273,-0.0123978
4.24,-0.00858307,-0.0726709,-0.483902,-0.204661,-0.102306,0.00078126,0.00247955,0.0791559,0.50679,0.20428,-0.0980371,-0.00296273,-0.0123978
4.26,-0.00858307,-0.0726709,-0.483902,-0.204661,-0.102491,0.00047083,0.00247955,0.0791559,0.50679,0.20428,-0.0980371,-0.00296273,-0.0123978
4.28,-0.00858307,-0.0726709,-0.483902,-0.204661,-0.102491,0.00047083,0.00247955,0.0791559,0.50679,0.20428,-0.0980371,-0.00296273,-0.0123978
4.3,-0.00858307,-0.0726709,-0.483902,-0.204661,-0.102306,0.00078126,0.00247955,0.0791559,0.50679,0.20428,-0.0980371,-0.00296273,-0.0123978
4.32,-0.00858307,-0.0726709,-0.483902,-0.204661,-0.102491,0.00047083,0.00247955,0.0791559,0.50679,0.20428,-0.0980371,-0.00296273,-0.0123978
4.34,-0.00858307,-0.0726709,-0.483902,-0.204661,-0.102491,0.00047083,0.00247955,0.0791559,0.50679,0.203898,-0.0980371,-0.00296273,-0.0123978
4.36,-0.00858307,-0.0726709,-0.483902,-0.204661,-0.102491,0.00047083,0.00247955,0.0791559,0.50679,0.20428,-0.0980371,-0.00296273,-0.0123978
4.38,-0.00858307,-0.0726709,-0.483902,-0.204661,-0.102491,0.00047083,0.00247955,0.0791559,0.50679,0.20428,-0.0980371,-0.00296273,-0.0123978
4.4,-0.00858307,-0.0726709,-0.483902,-0.204661,-0.102491,0.00047083,0.00247955,0.0791559,0.50679,0.20428,-0.0980371,-0.00296273,-0.0123978
4.42,-0.00858307,-0.0722895,-0.483902,-0.204661,-0.102491,0.00047083,0.00247955,0.0791559,0.50679,0.203898,-0.0980371,-0.00296273,-0.0123978
4.44,-0.00858307,-0.0726709,-0.483902,-0.204661,-0.102491,0.00047083,0.00247955,0.0791559,0.50679,0.20428,-0.0980371,-0.00296273,-0.0123978
4.46,-0.00858307,-0.0726709,-0.483902,-0.204661,-0.102491,0.00047083,0.00247955,0.0791559,0.50679,0.20428,-0.0980371,-0.00296273,-0.0123978
4.48,-0.00858307,-0.0726709,-0.483902,-0.204661,-0.102491,0.00047083,0.00247955,0.0791559,0.50679,0.20428,-0.0980371,-0.00296273,-0.0123978
4.5,-0.00858307,-0.0726709,-0.483902,-0.204661,-0.102491,0.00047083,0.00247955,0.0791559,0.50679,0.20428,-0.0980371,-0.00296273,-0.0123978
4.52,-0.00858307,-0.0726709,-0.483902,-0.204661,-0.102491,0.00047083,0.00247955,0.0791559,0.50679,0.203898,-0.0980371,-0.00296273,-0.0123978
4.54,-0.00858307,-0.0726709,-0.483902,-0.204661,-0.102491,0.00047083,0.00247955,0.0791559,0.50679,0.203898,-0.0980371,-0.00296273,-0.0123978
4.56,-0.00858307,-0.0726709,-0.483902,-0.204661,-0.102491,0.00047083,0.00247955,0.0791559,0.50679,0.203898,-0.0980371,-0.00296273,-0.0123978
4.58,-0.00858307,-0.0726709,-0.483902,-0.204661,-0.102491,0.00047083,0.00247955,0.0791559,0.50679,0.20428,-0.0980371,-0.00296273,-0.0123978
4.6,-0.00858307,-0.0726709,-0.483902,-0.204661,-0.102306,0.00078126,0.00247955,0.0791559,0.50679,0.203898,-0.0980371,-0.00296273,-0.0123978
4.62,-0.00858307,-0.0726709,-0.483902,-0.204661,-0.102306,0.00078126,0.00247955,0.0791559,0.50679,0.20428,-0.0980371,-0.00296273,-0.0123978
4.64,-0.00858307,-0.0726709,-0.483902,-0.204661,-0.102491,0.00047083,0.00247955,0.0791559,0.50679,0.20428,-0.0980371,-0.00296273,-0.0123978
4.66,-0.00858307,-0.0726709,-0.483902,-0.204661,-0.102306,0.00078126,0.00247955,0.0791559,0.50679,0.20428,-0.0980371,-0.00296273,-0.0123978
4.68,-0.00858307,-0.0726709,-0.483902,-0.204661,-0.102306,0.00078126,0.00247955,0.0791559,0.50679,0.20428,-0.0980371,-0.00296273,-0.0123978
4.7,-0.00858307,-0.0726709,-0.483902,-0.204661,-0.102491,0.00047083,0.00247955,0.0791559,0.50679,0.20428,-0.0980371,-0.00296273,-0.0123978
4.72,-0.00858307,-0.0726709,-0.483902,-0.204661,-0.102306,0.00078126,0.00247955,0.0791559,0.50679,0.20428,-0.0980371,-0.00296273,-0.0123978
4.74,-0.00858307,-0.0726709,-0.483902,-0.204661,-0.102491,0.00047083,0.00247955,0.0791559,0.50679,0.20428,-0.0980371,-0.00296273,-0.0123978
4.76,-0.00858307,-0.0726709,-0.483902,-0.204661,-0.102491,0.00047083,0.00247955,0.0791559,0.50679,0.20428,-0.0980371,-0.00296273,-0.0123978
4.78,-0.00858307,-0.0722895,-0.483902,-0.204661,-0.102491,0.00047083,0.00247955,0.0791559,0.50679,0.20428,-0.0980371,-0.00296273,-0.0123978
4.8,-0.00858307,-0.0722895,-0.483902,-0.204661,-0.102491,0.00047083,0.00247955,0.0791559,0.50679,0.20428,-0.0980371,-0.00296273,-0.0123978
4.82,-0.00858307,-0.0722895,-0.483902,-0.204661,-0.102491,0.00047083,0.00247955,0.0791559,0.50679,0.20428,-0.0980371,-0.00296273,-0.0123978
4.84,-0.00858307,-0.0722895,-0.483902,-0.204661,-0.102491,0.00047083,0.00247955,0.0791559,0.50679,0.20428,-0.0980371,-0.00296273,-0.0123978
4.86,-0.00858307,-0.0726709,-0.483902,-0.204661,-0.102491,0.00047083,0.00247955,0.0791559,0.50679,0.20428,-0.0980371,-0.00296273,-0.0123978
4.88,-0.00858307,-0.0726709,-0.483902,-0.204661,-0.102491,0.00047083,0.00247955,0.0791559,0.50679,0.20428,-0.0980371,-0.00296273,-0.0123978
4.9,-0.00858307,-0.0726709,-0.483902,-0.204661,-0.102491,0.00047083,0.00247955,0.0791559,0.50679,0.20428,-0.0980371,-0.00296273,-0.0123978
4.92,-0.00858307,-0.0726709,-0.483902,-0.204661,-0.102491,0.00047083,0.00247955,0.0791559,0.50679,0.20428,-0.0980371,-0.00296273,-0.0123978
4.94,-0.00858307,-0.0726709,-0.483902,-0.204661,-0.102491,0.00047083,0.00247955,0.0791559,0.50679,0.20428,-0.0980371,-0.00296273,-0.0123978
4.96,-0.00858307,-0.0726709,-0.483902,-0.204661,-0.102306,0.00078126,0.00247955,0.0791559,0.50679,0.20428,-0.0980371,-0.00296273,-0.0123978
4.98,-0.00858307,-0.0726709,-0.483902,-0.204661,-0.102306,0.00078126,0.00247955,0.0791559,0.50679,0.20428,-0.0980371,-0.00296273,-0.0123978
5,-0.00858307,-0.0726709,-0.483902,-0.204661,-0.102306,0.00078126,0.00247955,0.0791559,0.50679,0.20428,-0.0980371,-0.00296273,-0.0123978
5.02,-0.00858307,-0.0726709,-0.483902,-0.204661,-0.102306,0.00078126,0.00247955,0.0791559,0.50679,0.20428,-0.0980371,-0.00296273,-0.0123978
5.04,-0.00858307,-0.0726709,-0.483902,-0.204661,-0.102306,0.00078126,0.00247955,0.0791559,0.50679,0.20428,-0.0980371,-0.00296273,-0.0123978
5.06,-0.00858307,-0.0726709,-0.483902,-0.204661,-0.102306,0.00078126,0.00247955,0.0791559,0.50679,0.20428,-0.0980371,-0.00296273,-0.0123978
5.08,-0.00858307,-0.0726709,-0.483902,-0.204661,-0.102306,0.00078126,0.00247955,0.0791559,0.50679,0.20428,-0.0980371,-0.00296273,-0.0123978
5.1,-0.00858307,-0.0726709,-0.483902,-0.204661,-0.102306,0.00078126,0.00247955,0.0791559,0.50679,0.20428,-0.0980371,-0.00296273,-0.0123978
5.12,-0.00858307,-0.0726709,-0.483902,-0.204661,-0.102306,0.00078126,0.00247955,0.0791559,0.50679,0.20428,-0.0980371,-0.00296273,-0.0123978
5.14,-0.00858307,-0.0726709,-0.483902,-0.204661,-0.102306,0.00078126,0.00247955,0.0791559,0.50679,0.20428,-0.0980371,-0.00296273,-0.0123978
5.16,-0.00858307,-0.0726709,-0.483902,-0.204661,-0.102306,0.00078126,0.00247955,0.0791559,0.50679,0.20428,-0.0980371,-0.00296273,-0.0123978
5.18,-0.00858307,-0.0726709,-0.483902,-0.204661,-0.102306,0.00078126,0.00247955,0.0791559,0.50679,0.20428,-0.0980371,-0.00296273,-0.0123978
5.2,-0.00858307,-0.0726709,-0.483902,-0.204661,-0.102306,0.00078126,0.00247955,0.0791559,0.50679,0.20428,-0.0980371,-0.00296273,-0.0123978
5.22,-0.00858307,-0.0726709,-0.483902,-0.204661,-0.102306,0.00078126,0.00247955,0.0791559,0.50679,0.20428,-0.0980371,-0.00296273,-0.0123978
5.24,-0.00858307,-0.0726709,-0.483902,-0.204661,-0.102491,0.00047083,0.00247955,0.0791559,0.50679,0.20428,-0.0980371,-0.00296273,-0.0123978
5.26,-0.00858307,-0.0726709,-0.483902,-0.204661,-0.102306,0.00078126,0.00247955,0.0791559,0.50679,0.20428,-0.0980371,-0.00296273,-0.0123978
5.28,-0.00858307,-0.0726709,-0.483902,-0.204661,-0.102491,0.00047083,0.00247955,0.0791559,0.50679,0.20428,-0.0980371,-0.00296273,-0.0123978
5.3,-0.00858307,-0.0726709,-0.483902,-0.204661,-0.102306,0.00078126,0.00247955,0.0791559,0.50679,0.20428,-0.0980371,-0.00296273,-0.0123978
5.32,-0.00858307,-0.0726709,-0.483902,-0.204661,-0.102491,0.00047083,0.00247955,0.0791559,0.50679,0.20428,-0.0980371,-0.00296273,-0.0123978
5.34,-0.00858307,-0.0726709,-0.483902,-0.204661,-0.102491,0.00047083,0.00247955,0.0791559,0.50679,0.20428,-0.0980371,-0.00296273,-0.0123978
5.36,-0.00858307,-0.0726709,-0.483902,-0.204661,-0.102491,0.00047083,0.00247955,0.0791559,0.50679,0.20428,-0.0980371,-0.00296273,-0.0123978
5.38,-0.00858307,-0.0726709,-0.483902,-0.204661,-0.102491,0.00047083,0.00247955,0.0791559,0.50679,0.20428,-0.0980371,-0.00296273,-0.0123978
5.4,-0.00858307,-0.0726709,-0.483902,-0.204661,-0.102491,0.00047083,0.00247955,0.0791559,0.50679,0.20428,-0.0980371,-0.00296273,-0.0123978
5.42,-0.00858307,-0.0726709,-0.483902,-0.204661,-0.102491,0.00047083,0.00247955,0.0791559,0.50679,0.20428,-0.0980371,-0.00296273,-0.0123978
5.44,-0.00858307,-0.0726709,-0.483902,-0.204661,-0.102491,0.00047083,0.00247955,0.0791559,0.50679,0.20428,-0.0980371,-0.00296273,-0.0123978
5.46,-0.00858307,-0.0726709,-0.483902,-0.204661,-0.102306,0.00078126,0.00247955,0.0791559,0.50679,0.20428,-0.0980371,-0.00296273,-0.0123978
5.48,-0.00858307,-0.0726709,-0.483902,-0.204661,-0.102491,0.00047083,0.00247955,0.0791559,0.50679,0.20428,-0.0980371,-0.00296273,-0.0123978
5.5,-0.00858307,-0.0726709,-0.483902,-0.204661,-0.102306,0.00078126,0.00247955,0.0791559,0.50679,0.20428,-0.0980371,-0.00296273,-0.0123978
5.52,-0.00858307,-0.0726709,-0.483902,-0.204661,-0.102306,0.00078126,0.00247955,0.0791559,0.50679,0.20428,-0.0980371,-0.00296273,-0.0123978
5.54,-0.00858307,-0.0726709,-0.483902,-0.204661,-0.102306,0.00078126,0.00247955,0.0791559,0.50679,0.20428,-0.0980371,-0.00296273,-0.0123978
5.56,-0.00858307,-0.0726709,-0.483902,-0.204661,-0.102306,0.00078126,0.00247955,0.0791559,0.50679,0.20428,-0.0980371,-0.00296273,-0.0123978
5.58,-0.00858307,-0.0726709,-0.483902,-0.204661,-0.102306,0.00078126,0.00247955,0.0791559,0.50679,0.20428,-0.0980371,-0.00296273,-0.0123978
5.6,-0.00858307,-0.0726709,-0.483902,-0.204661,-0.102306,0.00078126,0.00247955,0.0791559,0.50679,0.20428,-0.0980371,-0.00296273,-0.0123978
5.62,-0.00858307,-0.0726709,-0.483902,-0.204661,-0.102306,0.00078126,0.00247955,0.0791559,0.50679,0.20428,-0.0980371,-0.00296273,-0.0123978
5.64,-0.00858307,-0.0726709,-0.483902,-0.204661,-0.102306,0.00078126,0.00247955,0.0791559,0.50679,0.20428,-0.0980371,-0.00296273,-0.0123978
5.66,-0.00858307,-0.0726709,-0.483902,-0.204661,-0.102306,0.00078126,0.00247955,0.0791559,0.50679,0.20428,-0.0980371,-0.00296273,-0.0123978
5.68,-0.00858307,-0.0726709,-0.483902,-0.204661,-0.102306,0.00078126,0.00247955,0.0791559,0.50679,0.20428,-0.0980371,-0.00296273,-0.0123978
5.7,-0.00858307,-0.0726709,-0.483902,-0.204661,-0.102306,0.00078126,0.00247955,0.0791559,0.50679,0.20428,-0.0980371,-0.00296273,-0.0123978
5.72,-0.00858307,-0.0726709,-0.483902,-0.204661,-0.102491,0.00047083,0.00247955,0.0791559,0.50679,0.20428,-0.0980371,-0.00296273,-0.0123978
5.74,-0.00858307,-0.0726709,-0.483902,-0.204661,-0.102306,0.00078126,0.00247955,0.0791559,0.50679,0.20428,-0.0980371,-0.00296273,-0.0123978
5.76,-0.00858307,-0.0726709,-0.483902,-0.204661,-0.102491,0.00047083,0.00247955,0.0791559,0.50679,0.20428,-0.0980371,-0.00296273,-0.0123978
5.78,-0.00858307,-0.0726709,-0.483902,-0.204661,-0.102491,0.00047083,0.00247955,0.0791559,0.50679,0.20428,-0.0980371,-0.00296273,-0.0123978
5.8,-0.00858307,-0.0726709,-0.483902,-0.204661,-0.102491,0.00047083,0.00247955,0.0791559,0.50679,0.20428,-0.0980371,-0.00296273,-0.0123978
5.82,-0.00858307,-0.0726709,-0.483902,-0.204661,-0.102491,0.00047083,0.00247955,0.0791559,0.50679,0.20428,-0.0980371,-0.00296273,-0.0123978
5.84,-0.00858307,-0.0726709,-0.483902,-0.204661,-0.102306,0.00078126,0.00247955,0.0791559,0.50679,0.20428,-0.0980371,-0.00296273,-0.0123978
5.86,-0.00858307,-0.0726709,-0.483902,-0.204661,-0.102491,0.00047083,0.00247955,0.0791559,0.50679,0.20428,-0.0980371,-0.00296273,-0.0123978
5.88,-0.00858307,-0.0726709,-0.483902,-0.204661,-0.102491,0.00047083,0.00247955,0.0791559,0.50679,0.20428,-0.0980371,-0.00296273,-0.0123978
5.9,-0.00858307,-0.0726709,-0.483902,-0.204661,-0.102491,0.00047083,0.00247955,0.0791559,0.50679,0.20428,-0.0980371,-0.00296273,-0.0123978
5.92,-0.00858307,-0.0726709,-0.483902,-0.204661,-0.102491,0.00047083,0.00247955,0.0791559,0.50679,0.20428,-0.0980371,-0.00296273,-0.0123978
5.94,-0.00858307,-0.0726709,-0.483902,-0.204661,-0.102306,0.00078126,0.00247955,0.0791559,0.50679,0.20428,-0.0980371,-0.00296273,-0.0123978
5.96,-0.00858307,-0.0726709,-0.483902,-0.204661,-0.102491,0.00047083,0.00247955,0.0791559,0.50679,0.20428,-0.0980371,-0.00296273,-0.0123978
5.98,-0.00858307,-0.0726709,-0.483902,-0.204661,-0.102491,0.00047083,0.00247955,0.0791559,0.50679,0.20428,-0.0980371,-0.00296273,-0.0123978
6,-0.00858307,-0.0726709,-0.483902,-0.204661,-0.102491,0.00047083,0.00247955,0.0791559,0.50679,0.20428,-0.0980371,-0.00296273,-0.0123978
6.02,-0.00858307,-0.0726709,-0.483902,-0.204661,-0.102491,0.00047083,0.00247955,0.0791559,0.50679,0.20428,-0.0980371,-0.00296273,-0.0123978
6.04,-0.00858307,-0.0726709,-0.483902,-0.204661,-0.102491,0.00047083,0.00247955,0.0791559,0.50679,0.20428,-0.0980371,-0.00296273,-0.0123978
6.06,-0.00858307,-0.0726709,-0.483902,-0.204661,-0.102306,0.00078126,0.00247955,0.0791559,0.50679,0.20428,-0.0980371,-0.00296273,-0.0123978
6.08,-0.00858307,-0.0726709,-0.483902,-0.204661,-0.102306,0.00078126,0.00247955,0.0791559,0.50679,0.20428,-0.0980371,-0.00296273,-0.0123978
6.1,-0.00858307,-0.0726709,-0.483902,-0.204661,-0.102306,0.00078126,0.00247955,0.0791559,0.50679,0.20428,-0.0980371,-0.00296273,-0.0123978
6.12,-0.00858307,-0.0726709,-0.483902,-0.204661,-0.102306,0.00078126,0.00247955,0.0791559,0.50679,0.20428,-0.0980371,-0.00296273,-0.0123978
6.14,-0.00858307,-0.0726709,-0.483902,-0.204661,-0.102491,0.00047083,0.00247955,0.0791559,0.50679,0.20428,-0.0980371,-0.00296273,-0.0123978
6.16,-0.00858307,-0.0726709,-0.483902,-0.204661,-0.102306,0.00078126,0.00247955,0.0791559,0.50679,0.20428,-0.0980371,-0.00296273,-0.0123978
6.18,-0.00858307,-0.0726709,-0.483902,-0.204661,-0.102306,0.00078126,0.00247955,0.0791559,0.50679,0.20428,-0.0980371,-0.00296273,-0.0123978
6.2,-0.00858307,-0.0726709,-0.483902,-0.204661,-0.102306,0.00078126,0.00247955,0.0791559,0.50679,0.20428,-0.0980371,-0.00296273,-0.0123978
6.22,-0.00858307,-0.0726709,-0.483902,-0.204661,-0.102306,0.00078126,0.00247955,0.0791559,0.50679,0.20428,-0.0980371,-0.00296273,-0.0123978
6.24,-0.00858307,-0.0726709,-0.483902,-0.204661,-0.102306,0.00078126,0.00247955,0.0791559,0.50679,0.20428,-0.0980371,-0.00296273,-0.0123978
6.26,-0.00858307,-0.0726709,-0.483902,-0.204661,-0.102306,0.00078126,0.00247955,0.0791559,0.50679,0.20428,-0.0980371,-0.00296273,-0.0123978
6.28,-0.00858307,-0.0726709,-0.483902,-0.204661,-0.102306,0.00078126,0.00247955,0.0791559,0.50679,0.20428,-0.0980371,-0.00296273,-0.0123978
6.3,-0.00858307,-0.0726709,-0.483902,-0.204661,-0.102306,0.00078126,0.00247955,0.0791559,0.50679,0.20428,-0.0980371,-0.00296273,-0.0123978
6.32,-0.00858307,-0.0726709,-0.483902,-0.204661,-0.102306,0.00078126,0.00247955,0.0791559,0.50679,0.20428,-0.0980371,-0.00296273,-0.0123978
6.34,-0.00858307,-0.0726709,-0.483902,-0.204661,-0.102306,0.00078126,0.00247955,0.0791559,0.50679,0.20428,-0.0980371,-0.00296273,-0.0123978
6.36,-0.00858307,-0.0726709,-0.483902,-0.204661,-0.102306,0.00078126,0.00247955,0.0791559,0.50679,0.20428,-0.0980371,-0.00296273,-0.0123978
6.38,-0.00858307,-0.0726709,-0.483902,-0.204661,-0.102306,0.00078126,0.00247955,0.0791559,0.50679,0.20428,-0.0980371,-0.00296273,-0.0123978
6.4,-0.00858307,-0.0726709,-0.483902,-0.204661,-0.102306,0.00078126,0.00247955,0.0791559,0.50679,0.20428,-0.0980371,-0.00296273,-0.0123978
6.42,-0.00858307,-0.0726709,-0.483902,-0.204661,-0.102491,0.00047083,0.00247955,0.0791559,0.50679,0.20428,-0.0980371,-0.00296273,-0.0123978
6.44,-0.00858307,-0.0726709,-0.483902,-0.204661,-0.102306,0.00078126,0.00247955,0.0791559,0.50679,0.20428,-0.0980371,-0.00296273,-0.0123978
6.46,-0.00858307,-0.0726709,-0.483902,-0.204661,-0.102306,0.00078126,0.00247955,0.0791559,0.50679,0.20428,-0.0980371,-0.00296273,-0.0123978
6.48,-0.00858307,-0.0726709,-0.483902,-0.204661,-0.102306,0.00078126,0.00247955,0.0791559,0.50679,0.20428,-0.0980371,-0.00296273,-0.0123978
6.5,-0.00858307,-0.0726709,-0.483902,-0.204661,-0.102306,0.00078126,0.00247955,0.0791559,0.50679,0.20428,-0.0980371,-0.00296273,-0.0123978
6.52,-0.00858307,-0.0726709,-0.483902,-0.204661,-0.102306,0.00078126,0.00247955,0.0791559,0.50679,0.20428,-0.0980371,-0.00296273,-0.0123978
6.54,-0.00858307,-0.0726709,-0.483902,-0.204661,-0.102306,0.00078126,0.00247955,0.0791559,0.50679,0.20428,-0.0980371,-0.00296273,-0.0123978
6.56,-0.00858307,-0.0726709,-0.483902,-0.204661,-0.102491,0.00047083,0.00247955,0.0791559,0.50679,0.20428,-0.0980371,-0.00296273,-0.0123978
6.58,-0.00858307,-0.0726709,-0.483902,-0.204661,-0.102491,0.00047083,0.00247955,0.0791559,0.50679,0.20428,-0.0980371,-0.00296273,-0.0123978
6.6,-0.00858307,-0.0726709,-0.483902,-0.204661,-0.102491,0.00047083,0.00247955,0.0791559,0.50679,0.20428,-0.0980371,-0.00296273,-0.0123978
6.62,-0.00858307,-0.0726709,-0.483902,-0.204661,-0.102491,0.00047083,0.00247955,0.0791559,0.50679,0.20428,-0.0980371,-0.00296273,-0.0123978
6.64,-0.00858307,-0.0726709,-0.483902,-0.204661,-0.102491,0.00047083,0.00247955,0.0791559,0.50679,0.20428,-0.0980371,-0.00296273,-0.0123978
6.66,-0.00858307,-0.0726709,-0.483902,-0.204661,-0.102491,0.00047083,0.00247955,0.0791559,0.50679,0.20428,-0.0980371,-0.00296273,-0.0123978
6.68,-0.00858307,-0.0726709,-0.483902,-0.204661,-0.102491,0.00047083,0.00247955,0.0791559,0.50679,0.20428,-0.0980371,-0.00296273,-0.0123978
6.7,-0.00858307,-0.0726709,-0.483902,-0.204661,-0.102491,0.00047083,0.00247955,0.0791559,0.50679,0.20428,-0.0980371,-0.00296273,-0.0123978
6.72,-0.00858307,-0.0726709,-0.483902,-0.204661,-0.102491,0.00047083,0.00247955,0.0791559,0.50679,0.20428,-0.0980371,-0.00296273,-0.0123978
6.74,-0.00858307,-0.0726709,-0.483902,-0.204661,-0.102491,0.00047083,0.00247955,0.0791559,0.50679,0.20428,-0.0980371,-0.00296273,-0.0123978
6.76,-0.00858307,-0.0726709,-0.483902,-0.204661,-0.102491,0.00047083,0.00247955,0.0791559,0.50679,0.20428,-0.0980371,-0.00296273,-0.0123978
6.78,-0.00858307,-0.0726709,-0.483902,-0.204661,-0.102491,0.00047083,0.00247955,0.0791559,0.50679,0.20428,-0.0980371,-0.00296273,-0.0123978
6.8,-0.00858307,-0.0726709,-0.483902,-0.204661,-0.102306,0.00078126,0.00247955,0.0791559,0.50679,0.20428,-0.0980371,-0.00296273,-0.0123978
6.82,-0.00858307,-0.0726709,-0.483902,-0.204661,-0.102491,0.00047083,0.00247955,0.0791559,0.50679,0.20428,-0.0980371,-0.00296273,-0.0123978
6.84,-0.00858307,-0.0726709,-0.483902,-0.204661,-0.102306,0.00078126,0.00247955,0.0791559,0.50679,0.20428,-0.0980371,-0.00296273,-0.0123978
6.86,-0.00858307,-0.0726709,-0.483902,-0.204661,-0.102491,0.00047083,0.00247955,0.0791559,0.50679,0.20428,-0.0980371,-0.00296273,-0.0123978
6.88,-0.00858307,-0.0726709,-0.483902,-0.204661,-0.102491,0.00047083,0.00247955,0.0791559,0.50679,0.20428,-0.0980371,-0.00296273,-0.0123978
6.9,-0.00858307,-0.0726709,-0.483902,-0.204661,-0.102306,0.00078126,0.00247955,0.0791559,0.50679,0.20428,-0.0980371,-0.00296273,-0.0123978
6.92,-0.00858307,-0.0726709,-0.483902,-0.204661,-0.102491,0.00047083,0.00247955,0.0791559,0.50679,0.20428,-0.0980371,-0.00296273,-0.0123978
6.94,-0.00858307,-0.0726709,-0.483902,-0.204661,-0.102491,0.00047083,0.00247955,0.0791559,0.50679,0.20428,-0.0980371,-0.00296273,-0.0123978
6.96,-0.00858307,-0.0726709,-0.483902,-0.204661,-0.102306,0.00078126,0.00247955,0.0791559,0.50679,0.20428,-0.0980371,-0.00296273,-0.0123978
6.98,-0.00858307,-0.0726709,-0.483902,-0.204661,-0.102306,0.00078126,0.00247955,0.0791559,0.50679,0.20428,-0.0980371,-0.00296273,-0.0123978
7,-0.00858307,-0.0726709,-0.483902,-0.204661,-0.102306,0.00078126,0.00247955,0.0791559,0.50679,0.20428,-0.0980371,-0.00296273,-0.0123978
7.02,-0.00858307,-0.0726709,-0.483902,-0.204661,-0.102491,0.00047083,0.00247955,0.0791559,0.50679,0.20428,-0.0980371,-0.00296273,-0.0123978
7.04,-0.00858307,-0.0726709,-0.483902,-0.204661,-0.102491,0.00047083,0.00247955,0.0791559,0.50679,0.20428,-0.0980371,-0.00296273,-0.0123978
7.06,-0.00858307,-0.0726709,-0.483902,-0.204661,-0.102491,0.00047083,0.00247955,0.0791559,0.50679,0.20428,-0.0980371,-0.00296273,-0.0123978
7.08,-0.00858307,-0.0726709,-0.483902,-0.204661,-0.102306,0.00078126,0.00247955,0.0791559,0.50679,0.20428,-0.0980371,-0.00296273,-0.0123978
7.1,-0.00858307,-0.0726709,-0.483902,-0.204661,-0.102306,0.00078126,0.00247955,0.0791559,0.50679,0.20428,-0.0980371,-0.00296273,-0.0123978
7.12,-0.00858307,-0.0726709,-0.483902,-0.204661,-0.102306,0.00078126,0.00247955,0.0791559,0.50679,0.20428,-0.0980371,-0.00296273,-0.0123978
7.14,-0.00858307,-0.0726709,-0.483902,-0.204661,-0.102306,0.00078126,0.00247955,0.0791559,0.50679,0.20428,-0.0980371,-0.00296273,-0.0123978
7.16,-0.00858307,-0.0726709,-0.483902,-0.204661,-0.102306,0.00078126,0.00247955,0.0791559,0.50679,0.20428,-0.0980371,-0.00296273,-0.0123978
7.18,-0.00858307,-0.0726709,-0.483902,-0.204661,-0.102491,0.00047083,0.00247955,0.0791559,0.50679,0.20428,-0.0980371,-0.00296273,-0.0123978
7.2,-0.00858307,-0.0726709,-0.483902,-0.204661,-0.102306,0.00078126,0.00247955,0.0791559,0.50679,0.20428,-0.0980371,-0.00296273,-0.0123978
7.22,-0.00858307,-0.0726709,-0.483902,-0.204661,-0.102491,0.00047083,0.00247955,0.0791559,0.50679,0.20428,-0.098223,-0.00265233,-0.0123978
7.24,-0.00858307,-0.0726709,-0.483902,-0.204661,-0.102491,0.00047083,0.00247955,0.0791559,0.50679,0.20428,-0.0980371,-0.00296273,-0.0123978
7.26,-0.00858307,-0.0726709,-0.483902,-0.204661,-0.102306,0.00078126,0.00247955,0.0791559,0.50679,0.20428,-0.098223,-0.00265233,-0.0123978
7.28,-0.00858307,-0.0726709,-0.483902,-0.204661,-0.102306,0.00078126,0.00247955,0.0791559,0.50679,0.20428,-0.0980371,-0.00296273,-0.0123978
7.3,-0.00858307,-0.0726709,-0.483902,-0.204661,-0.102491,0.00047083,0.00247955,0.0791559,0.50679,0.20428,-0.098223,-0.00265233,-0.0123978
7.32,-0.00858307,-0.0726709,-0.483902,-0.204661,-0.102306,0.00078126,0.00247955,0.0791559,0.50679,0.203898,-0.098223,-0.00265233,-0.0123978
7.34,-0.00858307,-0.0726709,-0.483902,-0.204661,-0.102306,0.00078126,0.00247955,0.0791559,0.50679,0.203898,-0.098223,-0.00265233,-0.0123978
7.36,-0.00858307,-0.0726709,-0.483902,-0.204661,-0.102491,0.00047083,0.00247955,0.0791559,0.50679,0.203898,-0.098223,-0.00265233,-0.0123978
7.38,-0.00858307,-0.0726709,-0.483902,-0.204661,-0.102491,0.00047083,0.00247955,0.0791559,0.50679,0.203898,-0.098223,-0.00265233,-0.0123978
7.4,-0.00858307,-0.0726709,-0.483902,-0.204661,-0.102306,0.00078126,0.00247955,0.0791559,0.50679,0.203898,-0.098223,-0.00265233,-0.0123978
7.42,-0.00858307,-0.0726709,-0.483902,-0.204661,-0.102306,0.00078126,0.00247955,0.0791559,0.50679,0.203898,-0.098223,-0.00265233,-0.0123978
7.44,-0.00858307,-0.0726709,-0.483902,-0.204661,-0.102491,0.00047083,0.00247955,0.0791559,0.50679,0.203898,-0.098223,-0.00265233,-0.0123978
7.46,-0.00858307,-0.0726709,-0.483902,-0.204661,-0.102306,0.00078126,0.00247955,0.0791559,0.50679,0.203898,-0.098223,-0.00265233,-0.0123978
7.48,-0.00858307,-0.0726709,-0.483902,-0.204661,-0.102491,0.00047083,0.00247955,0.0791559,0.50679,0.203898,-0.098223,-0.00265233,-0.0123978
7.5,-0.00858307,-0.0726709,-0.483902,-0.204661,-0.102491,0.00047083,0.00247955,0.0791559,0.50679,0.203898,-0.098223,-0.00265233,-0.0123978
7.52,-0.00858307,-0.0726709,-0.483902,-0.204661,-0.102491,0.00047083,0.00247955,0.0791559,0.50679,0.203898,-0.098223,-0.00265233,-0.0123978
7.54,-0.00858307,-0.0726709,-0.483902,-0.204661,-0.102491,0.00047083,0.00247955,0.0791559,0.50679,0.20428,-0.098223,-0.00265233,-0.0123978
7.56,-0.00858307,-0.0726709,-0.483902,-0.204661,-0.102491,0.00047083,0.00247955,0.0791559,0.50679,0.20428,-0.098223,-0.00265233,-0.0123978
7.58,-0.00858307,-0.0726709,-0.483902,-0.204661,-0.102491,0.00047083,0.00247955,0.0791559,0.50679,0.20428,-0.098223,-0.00265233,-0.0123978
7.6,-0.00858307,-0.0726709,-0.483902,-0.204661,-0.102491,0.00047083,0.00247955,0.0791559,0.50679,0.20428,-0.098223,-0.00265233,-0.0123978
7.62,-0.00858307,-0.0726709,-0.483902,-0.204661,-0.102491,0.00047083,0.00247955,0.0791559,0.50679,0.20428,-0.098223,-0.00265233,-0.0123978
7.64,-0.00858307,-0.0726709,-0.483902,-0.204661,-0.102491,0.00047083,0.00247955,0.0791559,0.50679,0.20428,-0.098223,-0.00265233,-0.0123978
7.66,-0.00858307,-0.0726709,-0.483902,-0.204661,-0.102491,0.00047083,0.00247955,0.0791559,0.50679,0.20428,-0.098223,-0.00265233,-0.0123978
7.68,-0.00858307,-0.0726709,-0.483902,-0.204661,-0.102306,0.00078126,0.00247955,0.0791559,0.50679,0.20428,-0.098223,-0.00265233,-0.0123978
7.7,-0.00858307,-0.0726709,-0.483902,-0.204661,-0.102491,0.00047083,0.00247955,0.0791559,0.50679,0.20428,-0.098223,-0.00265233,-0.0123978
7.72,-0.00858307,-0.0726709,-0.483902,-0.204661,-0.102491,0.00047083,0.00247955,0.0791559,0.50679,0.20428,-0.098223,-0.00265233,-0.0123978
7.74,-0.00858307,-0.0726709,-0.483902,-0.204661,-0.102306,0.00078126,0.00247955,0.0791559,0.50679,0.20428,-0.098223,-0.00265233,-0.0123978
7.76,-0.00858307,-0.0726709,-0.483902,-0.204661,-0.102491,0.00047083,0.00247955,0.0791559,0.50679,0.20428,-0.098223,-0.00265233,-0.0123978
7.78,-0.00858307,-0.0726709,-0.483902,-0.204661,-0.102491,0.00047083,0.00247955,0.0791559,0.50679,0.20428,-0.098223,-0.00265233,-0.0123978
7.8,-0.00858307,-0.0726709,-0.483902,-0.204661,-0.102491,0.00047083,0.00247955,0.0791559,0.50679,0.20428,-0.0980371,-0.00296273,-0.0123978
7.82,-0.00858307,-0.0726709,-0.483902,-0.204661,-0.102306,0.00078126,0.00247955,0.0791559,0.50679,0.20428,-0.0980371,-0.00296273,-0.0123978
7.84,-0.00858307,-0.0726709,-0.483902,-0.204661,-0.102491,0.00047083,0.00247955,0.0791559,0.50679,0.20428,-0.0980371,-0.00296273,-0.0123978
7.86,-0.00858307,-0.0726709,-0.483902,-0.204661,-0.102491,0.00047083,0.00247955,0.0791559,0.50679,0.20428,-0.098223,-0.00265233,-0.0123978
7.88,-0.00858307,-0.0726709,-0.483902,-0.204661,-0.102491,0.00047083,0.00247955,0.0791559,0.50679,0.20428,-0.098223,-0.00265233,-0.0123978
7.9,-0.00858307,-0.0726709,-0.483902,-0.204661,-0.102491,0.00047083,0.00247955,0.0791559,0.50679,0.20428,-0.098223,-0.00265233,-0.0123978
7.92,-0.00858307,-0.0726709,-0.483902,-0.204661,-0.102491,0.00047083,0.00247955,0.0791559,0.50679,0.20428,-0.098223,-0.00265233,-0.0123978
7.94,-0.00858307,-0.0726709,-0.483902,-0.204661,-0.102491,0.00047083,0.00247955,0.0791559,0.50679,0.20428,-0.098223,-0.00265233,-0.0123978
7.96,-0.00858307,-0.0726709,-0.483902,-0.204661,-0.102491,0.00047083,0.00247955,0.0791559,0.50679,0.20428,-0.098223,-0.00265233,-0.0123978
7.98,-0.00858307,-0.0726709,-0.483902,-0.204661,-0.102491,0.00047083,0.00247955,0.0791559,0.50679,0.20428,-0.098223,-0.00265233,-0.0123978
8,-0.00858307,-0.0726709,-0.483902,-0.204661,-0.102491,0.00047083,0.00247955,0.0791559,0.50679,0.20428,-0.098223,-0.00265233,-0.0123978
8.02,-0.00858307,-0.0726709,-0.483902,-0.204661,-0.102491,0.00047083,0.00247955,0.0791559,0.50679,0.20428,-0.098223,-0.00265233,-0.0123978
8.04,-0.00858307,-0.0726709,-0.483902,-0.204661,-0.102491,0.00047083,0.00247955,0.0791559,0.50679,0.20428,-0.098223,-0.00265233,-0.0123978
8.06,-0.00858307,-0.0726709,-0.483902,-0.204661,-0.102491,0.00047083,0.00247955,0.0791559,0.50679,0.20428,-0.098223,-0.00265233,-0.0123978
8.08,-0.00858307,-0.0726709,-0.483902,-0.204661,-0.102491,0.00047083,0.00247955,0.0791559,0.50679,0.20428,-0.098223,-0.00265233,-0.0123978
8.1,-0.00858307,-0.0726709,-0.483902,-0.204661,-0.102306,0.00078126,0.00247955,0.0791559,0.50679,0.20428,-0.098223,-0.00265233,-0.0123978
8.12,-0.00858307,-0.0726709,-0.483902,-0.204661,-0.102491,0.00047083,0.00247955,0.0791559,0.50679,0.20428,-0.098223,-0.00265233,-0.0123978
8.14,-0.00858307,-0.0726709,-0.483902,-0.204661,-0.102491,0.00047083,0.00247955,0.0791559,0.50679,0.20428,-0.098223,-0.00265233,-0.0123978
8.16,-0.00858307,-0.0726709,-0.483902,-0.204661,-0.102491,0.00047083,0.00247955,0.0791559,0.50679,0.20428,-0.098223,-0.00265233,-0.0123978
8.18,-0.00858307,-0.0726709,-0.483902,-0.204661,-0.102491,0.00047083,0.00247955,0.0791559,0.50679,0.20428,-0.098223,-0.00265233,-0.0123978
8.2,-0.00858307,-0.0726709,-0.483902,-0.204661,-0.102306,0.00078126,0.00247955,0.0791559,0.50679,0.20428,-0.098223,-0.00265233,-0.0123978
8.22,-0.00858307,-0.0726709,-0.483902,-0.204661,-0.102306,0.00078126,0.00247955,0.0791559,0.50679,0.20428,-0.098223,-0.00265233,-0.0123978
8.24,-0.00858307,-0.0726709,-0.483902,-0.204661,-0.102491,0.00047083,0.00247955,0.0791559,0.50679,0.20428,-0.098223,-0.00265233,-0.0123978
8.26,-0.00858307,-0.0726709,-0.483902,-0.204661,-0.102306,0.00078126,0.00247955,0.0791559,0.50679,0.20428,-0.098223,-0.00265233,-0.0123978
8.28,-0.00858307,-0.0726709,-0.483902,-0.204661,-0.102306,0.00078126,0.00247955,0.0791559,0.50679,0.20428,-0.098223,-0.00265233,-0.0123978
8.3,-0.00858307,-0.0726709,-0.483902,-0.204661,-0.102491,0.00047083,0.00247955,0.0791559,0.50679,0.20428,-0.098223,-0.00265233,-0.0123978
8.32,-0.00858307,-0.0726709,-0.483902,-0.204661,-0.102306,0.00078126,0.00247955,0.0791559,0.50679,0.20428,-0.098223,-0.00265233,-0.0123978
8.34,-0.00858307,-0.0722895,-0.483902,-0.204661,-0.102306,0.00078126,0.00247955,0.0791559,0.50679,0.20428,-0.098223,-0.00265233,-0.0123978
8.36,-0.00858307,-0.0722895,-0.483902,-0.204661,-0.102306,0.00078126,0.00247955,0.0791559,0.50679,0.20428,-0.098223,-0.00265233,-0.0123978
8.38,-0.00858307,-0.0722895,-0.483902,-0.204661,-0.102491,0.00047083,0.00247955,0.0791559,0.50679,0.20428,-0.098223,-0.00265233,-0.0123978
8.4,-0.00858307,-0.0726709,-0.483902,-0.204661,-0.102306,0.00078126,0.00247955,0.0791559,0.50679,0.20428,-0.098223,-0.00265233,-0.0123978
8.42,-0.00858307,-0.0726709,-0.483902,-0.204661,-0.102491,0.00047083,0.00247955,0.0791559,0.50679,0.20428,-0.098223,-0.00265233,-0.0123978
8.44,-0.00858307,-0.0726709,-0.483902,-0.204661,-0.102306,0.00078126,0.00247955,0.0791559,0.50679,0.20428,-0.098223,-0.00265233,-0.0123978
8.46,-0.00858307,-0.0726709,-0.483902,-0.204661,-0.102491,0.00047083,0.00247955,0.0791559,0.50679,0.20428,-0.098223,-0.00265233,-0.0123978
8.48,-0.00858307,-0.0726709,-0.483902,-0.204661,-0.102306,0.00078126,0.00247955,0.0791559,0.50679,0.20428,-0.098223,-0.00265233,-0.0123978
8.5,-0.00858307,-0.0726709,-0.483902,-0.204661,-0.102306,0.00078126,0.00247955,0.0791559,0.50679,0.20428,-0.098223,-0.00265233,-0.0123978
8.52,-0.00858307,-0.0726709,-0.483902,-0.204661,-0.102306,0.00078126,0.00247955,0.0791559,0.50679,0.20428,-0.098223,-0.00265233,-0.0123978
8.54,-0.00858307,-0.0726709,-0.483902,-0.204661,-0.102306,0.00078126,0.00247955,0.0791559,0.50679,0.20428,-0.098223,-0.00265233,-0.0123978
8.56,-0.00858307,-0.0726709,-0.483902,-0.204661,-0.102306,0.00078126,0.00247955,0.0791559,0.50679,0.20428,-0.098223,-0.00265233,-0.0123978
8.58,-0.00858307,-0.0726709,-0.483902,-0.204661,-0.102306,0.00078126,0.00247955,0.0791559,0.50679,0.20428,-0.098223,-0.00265233,-0.0123978
8.6,-0.00858307,-0.0726709,-0.483902,-0.204661,-0.102306,0.00078126,0.00247955,0.0791559,0.50679,0.20428,-0.098223,-0.00265233,-0.0123978
8.62,-0.00858307,-0.0726709,-0.483902,-0.204661,-0.102491,0.00047083,0.00247955,0.0791559,0.50679,0.20428,-0.098223,-0.00265233,-0.0123978
8.64,-0.00858307,-0.0726709,-0.483902,-0.204661,-0.102491,0.00047083,0.00247955,0.0791559,0.50679,0.20428,-0.098223,-0.00265233,-0.0123978
8.66,-0.00858307,-0.0726709,-0.483902,-0.204661,-0.102491,0.00047083,0.00247955,0.0791559,0.50679,0.20428,-0.098223,-0.00265233,-0.0123978
8.68,-0.00858307,-0.0726709,-0.483902,-0.204661,-0.102491,0.00047083,0.00247955,0.0791559,0.50679,0.20428,-0.098223,-0.00265233,-0.0123978
8.7,-0.00858307,-0.0726709,-0.483902,-0.204661,-0.102306,0.00078126,0.00247955,0.0791559,0.50679,0.20428,-0.098223,-0.00265233,-0.0123978
8.72,-0.00858307,-0.0726709,-0.483902,-0.204661,-0.102491,0.00047083,0.00247955,0.0791559,0.50679,0.20428,-0.098223,-0.00265233,-0.0123978
8.74,-0.00858307,-0.0726709,-0.483902,-0.204661,-0.102306,0.00078126,0.00247955,0.0791559,0.50679,0.20428,-0.098223,-0.00265233,-0.0123978
8.76,-0.00858307,-0.0722895,-0.483902,-0.204661,-0.102491,0.00047083,0.00247955,0.0791559,0.50679,0.20428,-0.098223,-0.00265233,-0.0123978
8.78,-0.00858307,-0.0722895,-0.483902,-0.204661,-0.102491,0.00047083,0.00247955,0.0791559,0.50679,0.20428,-0.098223,-0.00265233,-0.0123978
8.8,-0.00858307,-0.0722895,-0.483902,-0.204661,-0.102306,0.00078126,0.00247955,0.0791559,0.50679,0.20428,-0.098223,-0.00265233,-0.0123978
8.82,-0.00858307,-0.0722895,-0.483902,-0.204661,-0.102491,0.00047083,0.00247955,0.0791559,0.50679,0.20428,-0.098223,-0.00265233,-0.0123978
8.84,-0.00858307,-0.0726709,-0.483902,-0.204661,-0.102491,0.00047083,0.00247955,0.0791559,0.50679,0.20428,-0.098223,-0.00265233,-0.0123978
8.86,-0.00858307,-0.0726709,-0.483902,-0.204661,-0.102491,0.00047083,0.00247955,0.0791559,0.50679,0.20428,-0.098223,-0.00265233,-0.0123978
8.88,-0.00858307,-0.0726709,-0.483902,-0.204661,-0.102491,0.00047083,0.00247955,0.0791559,0.50679,0.20428,-0.098223,-0.00265233,-0.0123978
8.9,-0.00858307,-0.0726709,-0.483902,-0.204661,-0.102491,0.00047083,0.00247955,0.0791559,0.50679,0.203898,-0.098223,-0.00265233,-0.0123978
8.92,-0.00858307,-0.0726709,-0.483902,-0.204661,-0.102491,0.00047083,0.00247955,0.0791559,0.50679,0.203898,-0.098223,-0.00265233,-0.0123978
8.94,-0.00858307,-0.0726709,-0.483902,-0.204661,-0.102306,0.00078126,0.00247955,0.0791559,0.50679,0.20428,-0.0980371,-0.00296273,-0.0123978
8.96,-0.00858307,-0.0726709,-0.483902,-0.204661,-0.102491,0.00047083,0.00247955,0.0791559,0.50679,0.20428,-0.0980371,-0.00296273,-0.0123978
8.98,-0.00858307,-0.0726709,-0.483902,-0.204661,-0.102491,0.00047083,0.00247955,0.0791559,0.50679,0.20428,-0.0980371,-0.00296273,-0.0123978
9,-0.00858307,-0.0726709,-0.483902,-0.204661,-0.102491,0.00047083,0.00247955,0.0791559,0.50679,0.20428,-0.0980371,-0.00296273,-0.0123978
9.02,-0.00858307,-0.0726709,-0.483902,-0.204661,-0.102306,0.00078126,0.00247955,0.0791559,0.50679,0.20428,-0.0980371,-0.00296273,-0.0123978
9.04,-0.00858307,-0.0722895,-0.483902,-0.204661,-0.102491,0.00047083,0.00247955,0.0791559,0.50679,0.203898,-0.0980371,-0.00296273,-0.0123978
9.06,-0.00858307,-0.0722895,-0.483902,-0.204661,-0.102491,0.00047083,0.00247955,0.0791559,0.50679,0.20428,-0.0980371,-0.00296273,-0.0123978
9.08,-0.00858307,-0.0722895,-0.483902,-0.204661,-0.102491,0.00047083,0.00247955,0.0791559,0.50679,0.20428,-0.0980371,-0.00296273,-0.0123978
9.1,-0.00858307,-0.0722895,-0.483902,-0.204661,-0.102491,0.00047083,0.00247955,0.0791559,0.50679,0.20428,-0.0980371,-0.00296273,-0.0123978
9.12,-0.00858307,-0.0726709,-0.483902,-0.204661,-0.102306,0.00078126,0.00247955,0.0791559,0.50679,0.203898,-0.0980371,-0.00296273,-0.0123978
9.14,-0.00858307,-0.0722895,-0.483902,-0.204661,-0.102491,0.00047083,0.00247955,0.0791559,0.50679,0.20428,-0.0980371,-0.00296273,-0.0123978
9.16,-0.00858307,-0.0722895,-0.483902,-0.204661,-0.102491,0.00047083,0.00247955,0.0791559,0.50679,0.20428,-0.0980371,-0.00296273,-0.0123978
9.18,-0.00858307,-0.0726709,-0.483902,-0.204661,-0.102306,0.00078126,0.00247955,0.0791559,0.50679,0.20428,-0.0980371,-0.00296273,-0.0123978
9.2,-0.00858307,-0.0726709,-0.483902,-0.204661,-0.102491,0.00047083,0.00247955,0.0791559,0.50679,0.20428,-0.0980371,-0.00296273,-0.0123978
9.22,-0.00858307,-0.0722895,-0.483902,-0.204661,-0.102306,0.00078126,0.00247955,0.0791559,0.50679,0.203898,-0.0980371,-0.00296273,-0.0123978
9.24,-0.00858307,-0.0726709,-0.483902,-0.204661,-0.102306,0.00078126,0.00247955,0.0791559,0.50679,0.20428,-0.0980371,-0.00296273,-0.0123978
9.26,-0.00858307,-0.0726709,-0.483902,-0.204661,-0.102491,0.00047083,0.00247955,0.0791559,0.50679,0.20428,-0.098223,-0.00265233,-0.0123978
9.28,-0.00858307,-0.0726709,-0.483902,-0.204661,-0.102306,0.00078126,0.00247955,0.0791559,0.50679,0.20428,-0.0980371,-0.00296273,-0.0123978
9.3,-0.00858307,-0.0726709,-0.483902,-0.204661,-0.102491,0.00047083,0.00247955,0.0791559,0.50679,0.20428,-0.098223,-0.00265233,-0.0123978
9.32,-0.00858307,-0.0726709,-0.483902,-0.204661,-0.102491,0.00047083,0.00247955,0.0791559,0.50679,0.20428,-0.0980371,-0.00296273,-0.0123978
9.34,-0.00858307,-0.0726709,-0.483902,-0.204661,-0.102306,0.00078126,0.00247955,0.0791559,0.50679,0.20428,-0.0980371,-0.00296273,-0.0123978
9.36,-0.00858307,-0.0722895,-0.483902,-0.204661,-0.102491,0.00047083,0.00247955,0.0791559,0.50679,0.20428,-0.0980371,-0.00296273,-0.0123978
9.38,-0.00858307,-0.0722895,-0.483902,-0.204661,-0.102491,0.00047083,0.00247955,0.0791559,0.50679,0.20428,-0.0980371,-0.00296273,-0.0123978
9.4,-0.00858307,-0.0722895,-0.483902,-0.204661,-0.102306,0.00078126,0.00247955,0.0791559,0.50679,0.20428,-0.098223,-0.00265233,-0.0123978
9.42,-0.00858307,-0.0722895,-0.483902,-0.204661,-0.102306,0.00078126,0.00247955,0.0791559,0.50679,0.20428,-0.0980371,-0.00296273,-0.0123978
9.44,-0.00858307,-0.0722895,-0.483902,-0.204661,-0.102306,0.00078126,0.00247955,0.0791559,0.50679,0.20428,-0.0980371,-0.00296273,-0.0123978
9.46,-0.00858307,-0.0726709,-0.483902,-0.204661,-0.102306,0.00078126,0.00247955,0.0791559,0.50679,0.203898,-0.0980371,-0.00296273,-0.0123978
9.48,-0.00858307,-0.0726709,-0.483902,-0.204661,-0.102306,0.00078126,0.00247955,0.0791559,0.50679,0.203898,-0.0980371,-0.00296273,-0.0123978
9.5,-0.00858307,-0.0726709,-0.483902,-0.204661,-0.102306,0.00078126,0.00247955,0.0791559,0.50679,0.203898,-0.0980371,-0.00296273,-0.0123978
9.52,-0.00858307,-0.0726709,-0.483902,-0.204661,-0.102306,0.00078126,0.00247955,0.0791559,0.50679,0.203898,-0.0980371,-0.00296273,-0.0123978
9.54,-0.00858307,-0.0726709,-0.483902,-0.204661,-0.102306,0.00078126,0.00247955,0.0791559,0.50679,0.20428,-0.0980371,-0.00296273,-0.0123978
9.56,-0.00858307,-0.0726709,-0.483902,-0.204661,-0.102306,0.00078126,0.00247955,0.0791559,0.50679,0.203898,-0.0980371,-0.00296273,-0.0123978
9.58,-0.00858307,-0.0726709,-0.483902,-0.204661,-0.102306,0.00078126,0.00247955,0.0791559,0.50679,0.203898,-0.0980371,-0.00296273,-0.0123978
9.6,-0.00858307,-0.0726709,-0.483902,-0.204661,-0.102306,0.00078126,0.00247955,0.0791559,0.50679,0.20428,-0.0980371,-0.00296273,-0.0123978
9.62,-0.00858307,-0.0726709,-0.483902,-0.204661,-0.102306,0.00078126,0.00247955,0.0791559,0.50679,0.20428,-0.0980371,-0.00296273,-0.0123978
9.64,-0.00858307,-0.0726709,-0.483902,-0.204661,-0.102306,0.00078126,0.00247955,0.0791559,0.50679,0.20428,-0.0980371,-0.00296273,-0.0123978
9.66,-0.00858307,-0.0726709,-0.483902,-0.204661,-0.102306,0.00078126,0.00247955,0.0791559,0.50679,0.20428,-0.0980371,-0.00296273,-0.0123978
9.68,-0.00858307,-0.0722895,-0.483902,-0.204661,-0.102306,0.00078126,0.00247955,0.0791559,0.50679,0.20428,-0.0980371,-0.00296273,-0.0123978
9.7,-0.00858307,-0.0722895,-0.483902,-0.204661,-0.102306,0.00078126,0.00247955,0.0791559,0.50679,0.20428,-0.0980371,-0.00296273,-0.0123978
9.72,-0.00858307,-0.0722895,-0.483902,-0.204661,-0.102306,0.00078126,0.00247955,0.0791559,0.50679,0.20428,-0.0980371,-0.00296273,-0.0123978
9.74,-0.00858307,-0.0722895,-0.483902,-0.204661,-0.102306,0.00078126,0.00247955,0.0791559,0.50679,0.20428,-0.0980371,-0.00296273,-0.0123978
9.76,-0.00858307,-0.0722895,-0.483902,-0.204661,-0.102306,0.00078126,0.00247955,0.0791559,0.50679,0.203898,-0.0980371,-0.00296273,-0.0123978
9.78,-0.00858307,-0.0726709,-0.483902,-0.204661,-0.102306,0.00078126,0.00247955,0.0791559,0.50679,0.20428,-0.0980371,-0.00296273,-0.0123978
9.8,-0.00858307,-0.0722895,-0.483902,-0.204661,-0.102306,0.00078126,0.00247955,0.0791559,0.50679,0.20428,-0.0980371,-0.00296273,-0.0123978
9.82,-0.00858307,-0.0722895,-0.483902,-0.204661,-0.102306,0.00078126,0.00247955,0.0791559,0.50679,0.20428,-0.0980371,-0.00296273,-0.0123978
9.84,-0.00858307,-0.0726709,-0.483902,-0.204661,-0.102306,0.00078126,0.00247955,0.0791559,0.50679,0.20428,-0.0980371,-0.00296273,-0.0123978
9.86,-0.00858307,-0.0726709,-0.483902,-0.204661,-0.102306,0.00078126,0.00247955,0.0791559,0.50679,0.20428,-0.0980371,-0.00296273,-0.0123978
9.88,-0.00858307,-0.0726709,-0.483902,-0.204661,-0.102306,0.00078126,0.00247955,0.0791559,0.50679,0.20428,-0.0980371,-0.00296273,-0.0123978
9.9,-0.00858307,-0.0726709,-0.483902,-0.204661,-0.102306,0.00078126,0.00247955,0.0791559,0.50679,0.20428,-0.0980371,-0.00296273,-0.0123978
9.92,-0.00858307,-0.0726709,-0.483902,-0.204661,-0.102306,0.00078126,0.00247955,0.0791559,0.50679,0.20428,-0.0980371,-0.00296273,-0.0123978
9.94,-0.00858307,-0.0726709,-0.483902,-0.204661,-0.102306,0.00078126,0.00247955,0.0791559,0.50679,0.20428,-0.0980371,-0.00296273,-0.0123978
9.96,-0.00858307,-0.0726709,-0.483902,-0.204661,-0.102306,0.00078126,0.00247955,0.0791559,0.50679,0.20428,-0.0980371,-0.00296273,-0.0123978
9.98,-0.00858307,-0.0726709,-0.483902,-0.204661,-0.102306,0.00078126,0.00247955,0.0791559,0.50679,0.20428,-0.0980371,-0.00296273,-0.0123978
10,-0.00858307,-0.0726709,-0.483902,-0.204661,-0.102306,0.00078126,0.00247955,0.0791559,0.50679,0.20428,-0.0980371,-0.00296273,-0.0123978
10.02,-0.00858307,-0.0726709,-0.483902,-0.204661,-0.102306,0.00078126,0.00247955,0.0791559,0.50679,0.20428,-0.0980371,-0.00296273,-0.0123978
10.04,-0.00858307,-0.0726709,-0.483902,-0.204661,-0.102491,0.00047083,0.00247955,0.0791559,0.50679,0.20428,-0.0980371,-0.00296273,-0.0123978
10.06,-0.00858307,-0.0726709,-0.483902,-0.204661,-0.102491,0.00047083,0.00247955,0.0791559,0.50679,0.20428,-0.0980371,-0.00296273,-0.0123978
10.08,-0.00858307,-0.0726709,-0.483902,-0.204661,-0.102491,0.00047083,0.00247955,0.0791559,0.50679,0.20428,-0.0980371,-0.00296273,-0.0123978
10.1,-0.00858307,-0.0726709,-0.483902,-0.204661,-0.102491,0.00047083,0.00247955,0.0791559,0.50679,0.20428,-0.0980371,-0.00296273,-0.0123978
10.12,-0.00858307,-0.0726709,-0.483902,-0.204661,-0.102491,0.00047083,0.00247955,0.0791559,0.50679,0.20428,-0.0980371,-0.00296273,-0.0123978
10.14,-0.00858307,-0.0722895,-0.483902,-0.204661,-0.102491,0.00047083,0.00247955,0.0791559,0.50679,0.20428,-0.0980371,-0.00296273,-0.0123978
10.16,-0.00858307,-0.0722895,-0.483902,-0.204661,-0.102491,0.00047083,0.00247955,0.0791559,0.50679,0.20428,-0.0980371,-0.00296273,-0.0123978
10.18,-0.00858307,-0.0722895,-0.483902,-0.204661,-0.102491,0.00047083,0.00247955,0.0791559,0.50679,0.20428,-0.0980371,-0.00296273,-0.0123978
10.2,-0.00858307,-0.0722895,-0.483902,-0.204661,-0.102491,0.00047083,0.00247955,0.0791559,0.50679,0.20428,-0.0980371,-0.00296273,-0.0123978
10.22,-0.00858307,-0.0726709,-0.483902,-0.204661,-0.102491,0.00047083,0.00247955,0.0791559,0.50679,0.20428,-0.0980371,-0.00296273,-0.0123978
10.24,-0.00858307,-0.0726709,-0.483902,-0.204661,-0.102491,0.00047083,0.00247955,0.0791559,0.50679,0.20428,-0.0980371,-0.00296273,-0.0123978
10.26,-0.00858307,-0.0726709,-0.483902,-0.204661,-0.102491,0.00047083,0.00247955,0.0791559,0.50679,0.20428,-0.0980371,-0.00296273,-0.0123978
10.28,-0.00858307,-0.0726709,-0.483902,-0.204661,-0.102491,0.00047083,0.00247955,0.0791559,0.50679,0.20428,-0.0980371,-0.00296273,-0.0123978
10.3,-0.00858307,-0.0726709,-0.483902,-0.204661,-0.102491,0.00047083,0.00247955,0.0791559,0.50679,0.20428,-0.0980371,-0.00296273,-0.0123978
10.32,-0.00858307,-0.0726709,-0.483902,-0.204661,-0.102491,0.00047083,0.00247955,0.0791559,0.50679,0.20428,-0.098223,-0.00265233,-0.0123978
10.34,-0.00858307,-0.0726709,-0.483902,-0.204661,-0.102491,0.00047083,0.00247955,0.0791559,0.50679,0.203898,-0.098223,-0.00265233,-0.0123978
10.36,-0.00858307,-0.0726709,-0.483902,-0.204661,-0.102491,0.00047083,0.00247955,0.0791559,0.50679,0.20428,-0.098223,-0.00265233,-0.0123978
10.38,-0.00858307,-0.0722895,-0.483902,-0.204661,-0.102491,0.00047083,0.00247955,0.0791559,0.50679,0.20428,-0.0984089,-0.00234193,-0.0123978
10.4,-0.00858307,-0.0722895,-0.483902,-0.204661,-0.102491,0.00047083,0.00247955,0.0787745,0.50679,0.203898,-0.0985943,-0.00265127,-0.0123978
10.42,-0.00858307,-0.0722895,-0.483902,-0.204661,-0.102491,0.00047083,0.00247955,0.0787745,0.506409,0.203898,-0.0989655,-0.00265021,-0.0123978
10.44,-0.00858307,-0.0722895,-0.483902,-0.204661,-0.102491,0.00047083,0.00247955,0.0791559,0.506409,0.203898,-0.0995225,-0.00233875,-0.0123978
10.46,-0.00858307,-0.0722895,-0.483902,-0.204661,-0.102491,0.00047083,0.00247955,0.0791559,0.506409,0.203898,-0.100079,-0.00264701,-0.0123978
10.48,-0.00858307,-0.0722895,-0.483902,-0.204661,-0.102491,0.00047083,0.00247955,0.0791559,0.506409,0.203517,-0.100636,-0.00233553,-0.0123978
10.5,-0.00858307,-0.0726709,-0.483902,-0.204661,-0.102491,0.00047083,0.00247955,0.0791559,0.506409,0.203517,-0.101377,-0.00295309,-0.0123978
10.52,-0.00858307,-0.0726709,-0.483902,-0.204661,-0.102491,0.00047083,0.00247955,0.0791559,0.506409,0.203517,-0.102118,-0.00357062,-0.0123978
10.54,-0.00858307,-0.0726709,-0.483902,-0.204661,-0.102491,0.00047083,0.00247955,0.0791559,0.506409,0.203135,-0.103044,-0.0044974,-0.0123978
10.56,-0.00858307,-0.0722895,-0.483902,-0.204661,-0.102491,0.00047083,0.00247955,0.0791559,0.506409,0.202754,-0.103784,-0.00573453,-0.0123978
10.58,-0.00858307,-0.0722895,-0.483902,-0.204661,-0.102491,0.00047083,0.00247955,0.0791559,0.506409,0.202373,-0.104339,-0.00604267,-0.0123978
10.6,-0.00858307,-0.0722895,-0.483902,-0.204661,-0.102491,0.00047083,0.00247955,0.0791559,0.506409,0.201991,-0.104894,-0.0063508,-0.0123978
10.62,-0.00858307,-0.0726709,-0.483902,-0.204661,-0.102491,0.00047083,0.00286102,0.0791559,0.506409,0.201991,-0.10545,-0.00665892,-0.0123978
10.64,-0.00858307,-0.0726709,-0.483902,-0.204661,-0.102491,0.00047083,0.00324249,0.0791559,0.506409,0.201991,-0.10582,-0.00665777,-0.0123978
10.66,-0.00858307,-0.0726709,-0.483902,-0.204661,-0.102491,0.00047083,0.00400543,0.0791559,0.506409,0.201991,-0.106189,-0.00727626,-0.0123978
10.68,-0.00858307,-0.0726709,-0.483902,-0.204661,-0.102491,0.00047083,0.00476837,0.0791559,0.506409,0.20161,-0.106375,-0.00696586,-0.0123978
10.7,-0.00858307,-0.0726709,-0.483902,-0.204661,-0.102491,0.00047083,0.00553131,0.0791559,0.506409,0.201228,-0.10656,-0.0072751,-0.0123978
10.72,-0.00858307,-0.0726709,-0.483902,-0.204661,-0.102491,0.00047083,0.00591278,0.0791559,0.506409,0.200084,-0.106746,-0.00696471,-0.0123978
10.74,-0.00858307,-0.0722895,-0.483902,-0.204661,-0.102491,0.00047083,0.00667572,0.0791559,0.506409,0.199321,-0.10693,-0.00727394,-0.0123978
10.76,-0.00858307,-0.0722895,-0.483902,-0.204661,-0.102491,0.00047083,0.00743866,0.0791559,0.506409,0.198939,-0.1073,-0.00727278,-0.0123978
10.78,-0.00858307,-0.0722895,-0.483902,-0.204661,-0.102491,0.00047083,0.0082016,0.0791559,0.506409,0.198558,-0.107671,-0.00727161,-0.0123978
10.8,-0.00858307,-0.0722895,-0.483902,-0.204661,-0.102491,0.00047083,0.00896454,0.0791559,0.506409,0.198176,-0.107855,-0.00758084,-0.0123978
10.82,-0.00858307,-0.0722895,-0.483902,-0.204661,-0.102491,0.00047083,0.00972748,0.0791559,0.506409,0.197795,-0.108041,-0.00727044,-0.0123978
10.84,-0.00858307,-0.0726709,-0.483902,-0.204661,-0.102491,0.00047083,0.0108719,0.0791559,0.506409,0.197795,-0.108411,-0.00726926,-0.0123978
10.86,-0.00858307,-0.0726709,-0.483902,-0.204661,-0.102491,0.00047083,0.0108719,0.0791559,0.506409,0.197795,-0.10878,-0.0078877,-0.0123978
10.88,-0.00858307,-0.0726709,-0.483902,-0.204661,-0.102491,0.00047083,0.0108719,0.0791559,0.506409,0.197413,-0.10915,-0.00788652,-0.0123978
10.9,-0.00858307,-0.0726709,-0.483902,-0.204661,-0.102491,0.00047083,0.0108719,0.0791559,0.506409,0.197413,-0.109334,-0.00819573,-0.0123978
10.92,-0.00858307,-0.0726709,-0.483902,-0.204661,-0.102491,0.00047083,0.0108719,0.0791559,0.506409,0.197413,-0.109519,-0.00850493,-0.0123978
10.94,-0.00858307,-0.0726709,-0.483902,-0.204661,-0.102491,0.00047083,0.0108719,0.0791559,0.506409,0.196269,-0.109889,-0.00850374,-0.0123978
10.96,-0.00858307,-0.0726709,-0.483902,-0.204661,-0.102491,0.00047083,0.0108719,0.0791559,0.506409,0.195506,-0.110073,-0.00881294,-0.0123978
10.98,-0.00858307,-0.0726709,-0.483902,-0.204661,-0.102491,0.00047083,0.0108719,0.0791559,0.506409,0.194362,-0.110441,-0.00943132,-0.0123978
11,-0.00858307,-0.0726709,-0.483902,-0.204661,-0.102491,0.00047083,0.0108719,0.0791559,0.506409,0.193217,-0.110625,-0.00974051,-0.0123978
11.02,-0.00858307,-0.0726709,-0.483902,-0.204661,-0.102491,0.00047083,0.0108719,0.0791559,0.506409,0.192073,-0.110993,-0.0103589,-0.0123978
11.04,-0.00858307,-0.0726709,-0.483902,-0.204661,-0.102491,0.00047083,0.0108719,0.0791559,0.506409,0.191691,-0.111361,-0.0109772,-0.0123978
11.06,-0.00858307,-0.0726709,-0.483902,-0.204661,-0.102491,0.00047083,0.0112534,0.0791559,0.506409,0.191691,-0.111915,-0.0112852,-0.0123978
11.08,-0.00858307,-0.0726709,-0.483902,-0.204661,-0.102306,0.00078126,0.0112534,0.0791559,0.506409,0.191691,-0.112466,-0.0122126,-0.0123978
11.1,-0.00858307,-0.0726709,-0.483902,-0.204661,-0.102491,0.00047083,0.0116348,0.0791559,0.506409,0.191691,-0.112649,-0.0125218,-0.0123978
11.12,-0.00858307,-0.0726709,-0.483902,-0.204661,-0.102491,0.00047083,0.0123978,0.0791559,0.506409,0.19131,-0.112833,-0.0128309,-0.0123978
11.14,-0.00858307,-0.0726709,-0.483902,-0.204661,-0.102491,0.00047083,0.0123978,0.0791559,0.506409,0.19131,-0.113019,-0.0125205,-0.0123978
11.16,-0.00858307,-0.0722895,-0.483902,-0.204661,-0.102491,0.00047083,0.0123978,0.0791559,0.506409,0.19131,-0.113389,-0.0125193,-0.0123978
11.18,-0.00858307,-0.0722895,-0.483902,-0.204661,-0.102491,0.00047083,0.0123978,0.0791559,0.506409,0.190928,-0.113942,-0.0128272,-0.0123978
11.2,-0.00858307,-0.0726709,-0.483902,-0.204661,-0.102491,0.00047083,0.0123978,0.0791559,0.506409,0.189784,-0.114126,-0.0131363,-0.0123978
11.22,-0.00858307,-0.0726709,-0.483902,-0.204661,-0.102491,0.00047083,0.0123978,0.0791559,0.506409,0.189403,-0.114495,-0.0131351,-0.0123978
11.24,-0.00858307,-0.0726709,-0.483902,-0.204661,-0.102491,0.00047083,0.0127792,0.0791559,0.506409,0.189403,-0.114679,-0.0134442,-0.0123978
11.26,-0.00858307,-0.0726709,-0.483902,-0.204661,-0.102306,0.00078126,0.0139236,0.0791559,0.506409,0.189403,-0.115046,-0.0140624,-0.0123978
11.28,-0.00858307,-0.0726709,-0.483902,-0.204661,-0.102306,0.00078126,0.0150681,0.0791559,0.506409,0.189403,-0.115598,-0.0143703,-0.0123978
11.3,-0.00858307,-0.0726709,-0.483902,-0.204661,-0.102306,0.00078126,0.0154495,0.0791559,0.506409,0.189021,-0.115782,-0.0146794,-0.0123978
11.32,-0.00858307,-0.0726709,-0.483902,-0.204661,-0.102306,0.00078126,0.015831,0.0791559,0.506409,0.18864,-0.115968,-0.014369,-0.0123978
11.34,-0.00858307,-0.0726709,-0.483902,-0.204661,-0.102306,0.00078126,0.0165939,0.0791559,0.506409,0.18864,-0.116154,-0.0140586,-0.0123978
11.36,-0.00858307,-0.0726709,-0.483902,-0.204661,-0.102491,0.00047083,0.0165939,0.0791559,0.506409,0.187877,-0.116337,-0.0143677,-0.0123978
11.38,-0.00858307,-0.0722895,-0.483902,-0.204661,-0.102677,0.000160397,0.0165939,0.0791559,0.506409,0.187114,-0.11652,-0.0146768,-0.0123978
11.4,-0.00858307,-0.0722895,-0.482758,-0.204661,-0.103047,0.000159296,0.0165939,0.0791559,0.506409,0.185969,-0.11652,-0.0146768,-0.0123978
11.42,-0.00858307,-0.0722895,-0.482376,-0.204661,-0.103047,0.000159296,0.0165939,0.0791559,0.506027,0.185588,-0.11652,-0.0146768,-0.0123978
11.44,-0.00858307,-0.0726709,-0.482376,-0.204661,-0.103047,0.000159296,0.0173569,0.0791559,0.505646,0.185969,-0.11652,-0.0146768,-0.0123978
11.46,-0.00858307,-0.0726709,-0.482758,-0.204661,-0.103047,0.000159296,0.0173569,0.0791559,0.505264,0.186732,-0.11652,-0.0146768,-0.0123978
11.48,-0.00858307,-0.0730524,-0.482758,-0.204661,-0.103047,0.000159296,0.0173569,0.0791559,0.505264,0.187495,-0.11652,-0.0146768,-0.0123978
11.5,-0.00858307,-0.0730524,-0.483139,-0.204661,-0.102862,0.000469731,0.0173569,0.0791559,0.505264,0.18864,-0.11652,-0.0146768,-0.0123978
11.52,-0.00858307,-0.0734339,-0.483139,-0.204661,-0.103233,0.00108839,0.0173569,0.0791559,0.505264,0.189784,-0.11652,-0.0146768,-0.0123978
11.54,-0.00858307,-0.0745783,-0.483139,-0.204661,-0.103233,0.00108839,0.0173569,0.0791559,0.505264,0.190166,-0.11652,-0.0146768,-0.0123978
11.56,-0.00858307,-0.0757227,-0.482758,-0.204661,-0.103233,0.00108839,0.0173569,0.0791559,0.505264,0.190928,-0.116337,-0.0143677,-0.0123978
11.58,-0.00858307,-0.0761042,-0.482758,-0.204661,-0.103233,0.00108839,0.0173569,0.0791559,0.505264,0.192073,-0.116337,-0.0143677,-0.0123978
11.6,-0.00858307,-0.0772486,-0.483139,-0.204661,-0.103233,0.00108839,0.0173569,0.0791559,0.505264,0.192454,-0.116337,-0.0143677,-0.0123978
11.62,-0.00858307,-0.0772486,-0.483139,-0.204661,-0.103418,0.00139771,0.0173569,0.0787745,0.505264,0.193217,-0.116337,-0.0143677,-0.0123978
11.64,-0.00858307,-0.0772486,-0.482758,-0.204661,-0.103418,0.00139771,0.0173569,0.0787745,0.505264,0.194362,-0.116154,-0.0140586,-0.0123978
11.66,-0.00858307,-0.0772486,-0.482758,-0.204661,-0.103418,0.00139771,0.0173569,0.0787745,0.505264,0.195125,-0.116154,-0.0140586,-0.0123978
11.68,-0.00858307,-0.0772486,-0.482758,-0.204661,-0.103418,0.00139771,0.0173569,0.0791559,0.505264,0.196269,-0.116154,-0.0140586,-0.0123978
11.7,-0.00858307,-0.0772486,-0.482758,-0.205043,-0.103233,0.00108839,0.0173569,0.0791559,0.505264,0.196651,-0.116154,-0.0140586,-0.0123978
11.72,-0.00858307,-0.0772486,-0.482758,-0.205043,-0.103233,0.00108839,0.0173569,0.0787745,0.505264,0.197032,-0.115968,-0.014369,-0.0123978
11.74,-0.00858307,-0.0772486,-0.483139,-0.205043,-0.103233,0.00108839,0.0173569,0.0791559,0.505264,0.197795,-0.115785,-0.0140599,-0.0123978
11.76,-0.00858307,-0.0772486,-0.483139,-0.205043,-0.103233,0.00108839,0.0173569,0.0791559,0.505264,0.198558,-0.115785,-0.0140599,-0.0123978
11.78,-0.00858307,-0.0772486,-0.483139,-0.205043,-0.103233,0.00108839,0.0173569,0.0791559,0.505264,0.198558,-0.115785,-0.0140599,-0.0123978
11.8,-0.00858307,-0.0772486,-0.483139,-0.205043,-0.103233,0.00108839,0.0169754,0.0787745,0.505264,0.200084,-0.115785,-0.0140599,-0.0123978
11.82,-0.00858307,-0.0772486,-0.482758,-0.205043,-0.103233,0.00108839,0.0165939,0.0787745,0.505264,0.200465,-0.115785,-0.0140599,-0.0123978
11.84,-0.00858307,-0.0772486,-0.483139,-0.205043,-0.103418,0.00139771,0.015831,0.078393,0.505264,0.200847,-0.115601,-0.0137507,-0.0123978
11.86,-0.00858307,-0.0772486,-0.483139,-0.205424,-0.103418,0.00139771,0.015831,0.0780115,0.505264,0.201991,-0.115601,-0.0137507,-0.0123978
11.88,-0.00858307,-0.078393,-0.483139,-0.206187,-0.103233,0.00108839,0.015831,0.0780115,0.505264,0.203135,-0.115601,-0.0137507,-0.0123978
11.9,-0.00858307,-0.0787745,-0.483139,-0.208858,-0.103233,0.00108839,0.0150681,0.07763,0.505264,0.203898,-0.115601,-0.0137507,-0.0123978
11.92,-0.00858307,-0.0795374,-0.483139,-0.210383,-0.103418,0.00139771,0.0146866,0.0772486,0.505264,0.20428,-0.115601,-0.0137507,-0.0123978
11.94,-0.00858307,-0.0795374,-0.482758,-0.210765,-0.103232,0.00170813,0.0143051,0.0772486,0.505264,0.204661,-0.115601,-0.0137507,-0.0123978
11.96,-0.00858307,-0.0795374,-0.482758,-0.210765,-0.103232,0.00170813,0.0135422,0.07763,0.505264,0.204661,-0.115232,-0.013752,-0.0123978
11.98,-0.00858307,-0.0795374,-0.482758,-0.210765,-0.103047,0.00139881,0.0131607,0.07763,0.505264,0.204661,-0.114679,-0.0134442,-0.0123978
12,-0.00858307,-0.0795374,-0.482758,-0.211146,-0.103047,0.00139881,0.0135422,0.07763,0.505264,0.204661,-0.114495,-0.0131351,-0.0123978
12.02,-0.00858307,-0.0795374,-0.482758,-0.211146,-0.103047,0.00139881,0.0135422,0.07763,0.505264,0.204661,-0.113942,-0.0128272,-0.0123978
12.04,-0.00858307,-0.0795374,-0.482758,-0.211528,-0.103047,0.00139881,0.0135422,0.07763,0.505264,0.204661,-0.113573,-0.0128284,-0.0123978
12.06,-0.0082016,-0.0795374,-0.482758,-0.211909,-0.103047,0.00139881,0.0135422,0.07763,0.505264,0.204661,-0.113389,-0.0125193,-0.0123978
12.08,-0.00858307,-0.0799189,-0.482758,-0.213054,-0.103232,0.00170813,0.0135422,0.07763,0.505264,0.204661,-0.113203,-0.0128297,-0.0123978
12.1,-0.0082016,-0.0810633,-0.482758,-0.213435,-0.103047,0.00139881,0.0135422,0.07763,0.505264,0.204661,-0.113203,-0.0128297,-0.0123978
12.12,-0.0082016,-0.0810633,-0.482758,-0.213435,-0.102862,0.00108949,0.0135422,0.07763,0.505264,0.205424,-0.113389,-0.0125193,-0.0123978
12.14,-0.0082016,-0.0814447,-0.482758,-0.213817,-0.102676,0.00139992,0.0135422,0.07763,0.505264,0.20695,-0.113389,-0.0125193,-0.0123978
12.16,-0.0082016,-0.0814447,-0.482758,-0.213817,-0.102676,0.00139992,0.0135422,0.07763,0.505264,0.207713,-0.113389,-0.0125193,-0.0123978
12.18,-0.0082016,-0.0822077,-0.482758,-0.214198,-0.102305,0.00202076,0.0135422,0.07763,0.504883,0.208476,-0.113389,-0.0125193,-0.0123978
12.2,-0.0082016,-0.0825891,-0.482758,-0.215343,-0.10212,0.00171144,0.0135422,0.07763,0.504883,0.209239,-0.113389,-0.0125193,-0.0123978
12.22,-0.0082016,-0.0825891,-0.482758,-0.215343,-0.101934,0.00202185,0.0131607,0.07763,0.504883,0.210002,-0.113389,-0.0125193,-0.0123978
12.24,-0.0082016,-0.0825891,-0.482758,-0.216105,-0.101749,0.00233227,0.0135422,0.07763,0.504883,0.211146,-0.113389,-0.0125193,-0.0123978
12.26,-0.00782013,-0.0829706,-0.482758,-0.217631,-0.101749,0.00233227,0.0131607,0.07763,0.505264,0.211146,-0.113389,-0.0125193,-0.0123978
12.28,-0.00743866,-0.0837336,-0.482758,-0.218394,-0.101934,0.00202185,0.0131607,0.07763,0.505264,0.211528,-0.113203,-0.0128297,-0.0123978
12.3,-0.00705719,-0.0837336,-0.482758,-0.21954,-0.101934,0.00202185,0.0127792,0.07763,0.505264,0.212291,-0.113019,-0.0125205,-0.0123978
12.32,-0.00667572,-0.084115,-0.482758,-0.220303,-0.10212,0.00233117,0.0120163,0.07763,0.505264,0.212291,-0.112836,-0.0122114,-0.0123978
12.34,-0.00629425,-0.084115,-0.482758,-0.221447,-0.10212,0.00233117,0.0116348,0.07763,0.505264,0.212672,-0.112466,-0.0122126,-0.0123978
12.36,-0.00591278,-0.0852594,-0.482758,-0.222591,-0.101934,0.00202185,0.0112534,0.07763,0.505264,0.212672,-0.112282,-0.0119035,-0.0123978
12.38,-0.00591278,-0.0852594,-0.482758,-0.223354,-0.101934,0.00202185,0.0108719,0.07763,0.505264,0.213054,-0.111912,-0.0119047,-0.0123978
12.4,-0.00591278,-0.0852594,-0.482758,-0.223354,-0.101749,0.00233227,0.0108719,0.07763,0.504883,0.213817,-0.111729,-0.0115956,-0.0123978
12.42,-0.00553131,-0.0856409,-0.482758,-0.223736,-0.101563,0.00264268,0.0108719,0.07763,0.504883,0.21458,-0.111359,-0.0115968,-0.0123978
12.44,-0.00553131,-0.0864038,-0.482758,-0.224117,-0.101378,0.00233336,0.0108719,0.07763,0.504883,0.21458,-0.110991,-0.0109784,-0.0123978
12.46,-0.00553131,-0.0867853,-0.482758,-0.224117,-0.101378,0.00233336,0.0108719,0.07763,0.504883,0.21458,-0.110071,-0.00943253,-0.0123978
12.48,-0.00553131,-0.0871668,-0.482758,-0.22488,-0.101192,0.00202403,0.0104904,0.07763,0.504883,0.21458,-0.109334,-0.00819573,-0.0123978
12.5,-0.00553131,-0.0875483,-0.482376,-0.225643,-0.101192,0.00202403,0.0104904,0.07763,0.504883,0.21458,-0.108596,-0.00757849,-0.0123978
12.52,-0.00553131,-0.0875483,-0.482376,-0.225643,-0.100821,0.00202512,0.0104904,0.07763,0.504883,0.21458,-0.108042,-0.00665081,-0.0123978
12.54,-0.00553131,-0.0879297,-0.482376,-0.225643,-0.100265,0.00171686,0.0104904,0.07763,0.504883,0.214961,-0.107672,-0.00665198,-0.0123978
12.56,-0.00553131,-0.0879297,-0.481613,-0.225643,-0.099894,0.00171793,0.0104904,0.07763,0.504883,0.214961,-0.107117,-0.00634391,-0.0123978
12.58,-0.00514984,-0.0879297,-0.481613,-0.226025,-0.0995229,0.001719,0.0104904,0.07763,0.505264,0.214961,-0.106747,-0.00634507,-0.0123978
12.6,-0.0043869,-0.0879297,-0.481613,-0.226025,-0.099152,0.00110031,0.0104904,0.07763,0.505264,0.215343,-0.106376,-0.00634622,-0.0123978
12.62,-0.00400543,-0.0879297,-0.481613,-0.226406,-0.0989665,0.000790953,0.0104904,0.07763,0.505264,0.216487,-0.106376,-0.00634622,-0.0123978
12.64,-0.00324249,-0.0879297,-0.481613,-0.226788,-0.0989665,0.000790953,0.0104904,0.0780115,0.505264,0.21725,-0.106376,-0.00634622,-0.0123978
12.66,-0.00286102,-0.0879297,-0.481613,-0.227169,-0.0989665,0.000790953,0.0104904,0.07763,0.505264,0.217631,-0.106376,-0.00634622,-0.0123978
12.68,-0.00209808,-0.0879297,-0.481613,-0.227169,-0.0985953,0.00079201,0.0104904,0.07763,0.505264,0.218013,-0.106006,-0.00634737,-0.0123978
12.7,-0.00171661,-0.0879297,-0.481613,-0.227169,-0.0985953,0.00079201,0.0104904,0.07763,0.505264,0.218777,-0.105821,-0.00603812,-0.0123978
12.72,-0.00133514,-0.0879297,-0.481613,-0.227551,-0.0985953,0.00079201,0.0104904,0.07763,0.504883,0.219158,-0.105635,-0.00634852,-0.0123978
12.74,-0.000953674,-0.0879297,-0.481613,-0.227551,-0.0982241,0.000793062,0.0104904,0.0780115,0.504883,0.219158,-0.105266,-0.00573,-0.0123978
12.76,-0.000572205,-0.0879297,-0.481613,-0.227551,-0.0974815,0.000175373,0.0104904,0.0780115,0.504883,0.219158,-0.104711,-0.00542187,-0.0123978
12.78,-0.000572205,-0.0879297,-0.481613,-0.227932,-0.0971101,-0.000443383,0.0104904,0.0787745,0.505264,0.21954,-0.104711,-0.00542187,-0.0123978
12.8,-0.000572205,-0.0879297,-0.481232,-0.227932,-0.0965528,-0.00137155,0.0104904,0.0791559,0.505264,0.219921,-0.104526,-0.0051126,-0.0123978
12.82,-0.000572205,-0.0879297,-0.481232,-0.227932,-0.0963669,-0.00168095,0.0104904,0.0791559,0.505264,0.220303,-0.10434,-0.005423,-0.0123978
12.84,-0.000190735,-0.0879297,-0.48085,-0.227932,-0.095995,-0.00229976,0.0108719,0.0791559,0.505264,0.221066,-0.10434,-0.005423,-0.0123978
12.86,-0.000190735,-0.0879297,-0.480469,-0.228313,-0.095995,-0.00229976,0.0104904,0.0791559,0.505264,0.221447,-0.10434,-0.005423,-0.0123978
12.88,-0.000190735,-0.0879297,-0.480469,-0.228313,-0.0956235,-0.00229875,0.0104904,0.0791559,0.505264,0.221447,-0.10434,-0.005423,-0.0123978
12.9,-0.000190735,-0.0879297,-0.480469,-0.228313,-0.0956235,-0.00229875,0.0108719,0.0791559,0.505264,0.221828,-0.104526,-0.0051126,-0.0123978
12.92,-0.000190735,-0.0883112,-0.480469,-0.228695,-0.0954379,-0.00198832,0.0108719,0.0791559,0.505264,0.221828,-0.104526,-0.0051126,-0.0123978
12.94,-0.000190735,-0.0883112,-0.480469,-0.229076,-0.0954379,-0.00198832,0.0108719,0.0791559,0.505264,0.22221,-0.104526,-0.0051126,-0.0123978
12.96,-0.000190735,-0.0890741,-0.480469,-0.229458,-0.0956235,-0.00229875,0.0108719,0.0791559,0.505264,0.222591,-0.104526,-0.0051126,-0.0123978
12.98,-0.000190735,-0.0890741,-0.480087,-0.229839,-0.0956235,-0.00229875,0.0108719,0.0787745,0.505264,0.222973,-0.104526,-0.0051126,-0.0123978
13,-0.000190735,-0.0890741,-0.480087,-0.229839,-0.0956235,-0.00229875,0.0108719,0.0787745,0.505264,0.222973,-0.104526,-0.0051126,-0.0123978
13.02,-0.000190735,-0.0890741,-0.480087,-0.229839,-0.0954379,-0.00198832,0.0108719,0.0787745,0.505264,0.222973,-0.104526,-0.0051126,-0.0123978
13.04,-0.000190735,-0.0894556,-0.480087,-0.229839,-0.0954379,-0.00198832,0.0108719,0.0787745,0.505264,0.222973,-0.104526,-0.0051126,-0.0123978
13.06,-0.000190735,-0.0890741,-0.480087,-0.229839,-0.0956235,-0.00229875,0.0108719,0.0787745,0.505264,0.222973,-0.104711,-0.00542187,-0.0123978
13.08,-0.000190735,-0.0890741,-0.480087,-0.229839,-0.0956235,-0.00229875,0.0108719,0.0787745,0.505264,0.222973,-0.104711,-0.00542187,-0.0123978
13.1,-0.000190735,-0.0890741,-0.480087,-0.229839,-0.0956235,-0.00229875,0.0108719,0.0787745,0.505264,0.222973,-0.104711,-0.00542187,-0.0123978
13.12,-0.000190735,-0.0890741,-0.480087,-0.229839,-0.0956235,-0.00229875,0.0108719,0.0787745,0.505264,0.222973,-0.104897,-0.00511147,-0.0123978
13.14,-0.000190735,-0.0890741,-0.480087,-0.229839,-0.0956235,-0.00229875,0.0108719,0.0787745,0.505264,0.222973,-0.104897,-0.00511147,-0.0123978
13.16,-0.000572205,-0.0890741,-0.480087,-0.229839,-0.0956235,-0.00229875,0.0104904,0.0787745,0.505264,0.222973,-0.105081,-0.00542074,-0.0123978
13.18,-0.000572205,-0.0890741,-0.480087,-0.229839,-0.0958095,-0.00198933,0.0104904,0.0787745,0.505264,0.222973,-0.105266,-0.00573,-0.0123978
13.2,-0.000572205,-0.0890741,-0.480087,-0.229839,-0.095995,-0.00229976,0.0104904,0.0787745,0.505264,0.222973,-0.105452,-0.0054196,-0.0123978
13.22,-0.000572205,-0.0890741,-0.480087,-0.229839,-0.095995,-0.00229976,0.0104904,0.0787745,0.505264,0.222973,-0.105637,-0.00572886,-0.0123978
13.24,-0.000572205,-0.0890741,-0.480087,-0.229839,-0.096181,-0.00199036,0.0104904,0.0787745,0.505264,0.222973,-0.105637,-0.00572886,-0.0123978
13.26,-0.000572205,-0.0890741,-0.480469,-0.229839,-0.0965525,-0.00199138,0.0104904,0.0787745,0.505264,0.222973,-0.105821,-0.00603812,-0.0123978
13.28,-0.000572205,-0.0890741,-0.480469,-0.229839,-0.0967383,-0.00168198,0.0104904,0.0791559,0.505264,0.222973,-0.105821,-0.00603812,-0.0123978
13.3,-0.000572205,-0.0890741,-0.480469,-0.229839,-0.0969242,-0.00137258,0.0104904,0.0791559,0.505264,0.222973,-0.106006,-0.00634737,-0.0123978
13.32,-0.000572205,-0.0890741,-0.480469,-0.229839,-0.0969242,-0.00137258,0.0104904,0.0791559,0.505264,0.222973,-0.106191,-0.00665662,-0.0123978
13.34,-0.000572205,-0.0890741,-0.480469,-0.229839,-0.0969242,-0.00137258,0.0104904,0.0791559,0.505264,0.222973,-0.106376,-0.00634622,-0.0123978
13.36,-0.000572205,-0.0890741,-0.480469,-0.229839,-0.0969242,-0.00137258,0.0104904,0.0791559,0.505264,0.222973,-0.106561,-0.00665547,-0.0123978
13.38,-0.000572205,-0.0890741,-0.480469,-0.229839,-0.0969242,-0.00137258,0.0104904,0.0791559,0.505264,0.222973,-0.106561,-0.00665547,-0.0123978
13.4,-0.000572205,-0.0890741,-0.480469,-0.229839,-0.09711,-0.00106319,0.0101089,0.0791559,0.505264,0.222973,-0.106561,-0.00665547,-0.0123978
13.42,-0.000572205,-0.0890741,-0.480469,-0.229839,-0.09711,-0.00106319,0.0101089,0.0791559,0.505264,0.222973,-0.106747,-0.00634507,-0.0123978
13.44,-0.000572205,-0.0890741,-0.480469,-0.229839,-0.0972956,-0.00137362,0.0101089,0.0791559,0.505264,0.222973,-0.106931,-0.00665431,-0.0123978
13.46,-0.000572205,-0.0890741,-0.480469,-0.229839,-0.0972956,-0.00137362,0.0101089,0.0791559,0.505264,0.222973,-0.106931,-0.00665431,-0.0123978
13.48,-0.000572205,-0.0890741,-0.480469,-0.229839,-0.0972956,-0.00137362,0.0101089,0.0791559,0.505264,0.222973,-0.106931,-0.00665431,-0.0123978
13.5,-0.000572205,-0.0890741,-0.480469,-0.229839,-0.0972956,-0.00137362,0.00972748,0.0791559,0.505264,0.222973,-0.106931,-0.00665431,-0.0123978
13.52,-0.000572205,-0.0890741,-0.480469,-0.229839,-0.0972956,-0.00137362,0.00972748,0.0791559,0.505264,0.222591,-0.106931,-0.00665431,-0.0123978
13.54,-0.000572205,-0.0890741,-0.480469,-0.229839,-0.0972956,-0.00137362,0.00934601,0.0791559,0.505264,0.222591,-0.106931,-0.00665431,-0.0123978
13.56,-0.000572205,-0.0890741,-0.480469,-0.229839,-0.0972956,-0.00137362,0.00934601,0.0791559,0.505264,0.222591,-0.106931,-0.00665431,-0.0123978
13.58,-0.000572205,-0.0890741,-0.480469,-0.229839,-0.09711,-0.00106319,0.00934601,0.0791559,0.505264,0.222591,-0.106931,-0.00665431,-0.0123978
13.6,-0.000572205,-0.0890741,-0.480469,-0.229839,-0.09711,-0.00106319,0.00934601,0.0791559,0.505264,0.222591,-0.106931,-0.00665431,-0.0123978
13.62,-0.000572205,-0.0890741,-0.480469,-0.229839,-0.09711,-0.00106319,0.00934601,0.0791559,0.505264,0.222591,-0.106931,-0.00665431,-0.0123978
13.64,-0.000572205,-0.0890741,-0.480469,-0.229839,-0.09711,-0.00106319,0.00934601,0.0791559,0.505264,0.222591,-0.106931,-0.00665431,-0.0123978
13.66,-0.000572205,-0.0890741,-0.480087,-0.229839,-0.09711,-0.00106319,0.00934601,0.0791559,0.505264,0.222973,-0.106931,-0.00665431,-0.0123978
13.68,-0.000572205,-0.0890741,-0.480469,-0.229839,-0.09711,-0.00106319,0.00934601,0.0791559,0.505264,0.222973,-0.106747,-0.00634507,-0.0123978
13.7,-0.000572205,-0.0890741,-0.480087,-0.229839,-0.09711,-0.00106319,0.00934601,0.0791559,0.505264,0.222973,-0.106747,-0.00634507,-0.0123978
13.72,-0.000572205,-0.0890741,-0.480087,-0.229839,-0.09711,-0.00106319,0.00934601,0.0791559,0.505264,0.222973,-0.106747,-0.00634507,-0.0120163
13.74,-0.000572205,-0.0890741,-0.480087,-0.229839,-0.09711,-0.00106319,0.00934601,0.0791559,0.505264,0.222973,-0.106747,-0.00634507,-0.0120163
13.76,-0.000572205,-0.0890741,-0.480087,-0.229839,-0.09711,-0.00106319,0.00934601,0.0791559,0.505264,0.222973,-0.106747,-0.00634507,-0.0123978
13.78,-0.000572205,-0.0890741,-0.480087,-0.229839,-0.09711,-0.00106319,0.00934601,0.0791559,0.505264,0.222973,-0.106747,-0.00634507,-0.0120163
13.8,-0.000572205,-0.0890741,-0.480087,-0.229839,-0.09711,-0.00106319,0.00934601,0.0791559,0.505264,0.222973,-0.106747,-0.00634507,-0.0123978
13.82,-0.000572205,-0.0890741,-0.480087,-0.229839,-0.09711,-0.00106319,0.00934601,0.0791559,0.505264,0.222973,-0.106747,-0.00634507,-0.0123978
13.84,-0.000572205,-0.0890741,-0.480087,-0.229839,-0.09711,-0.00106319,0.00934601,0.0791559,0.505264,0.222973,-0.106747,-0.00634507,-0.0120163
13.86,-0.000572205,-0.0890741,-0.480087,-0.229839,-0.09711,-0.00106319,0.00934601,0.0791559,0.505264,0.222973,-0.106747,-0.00634507,-0.0120163
13.88,-0.000572205,-0.0890741,-0.480087,-0.229839,-0.09711,-0.00106319,0.00934601,0.0791559,0.505264,0.222973,-0.106747,-0.00634507,-0.0120163
13.9,-0.000572205,-0.0890741,-0.480087,-0.229839,-0.09711,-0.00106319,0.00934601,0.0791559,0.505264,0.222973,-0.106561,-0.00665547,-0.0120163
13.92,-0.000572205,-0.0890741,-0.480087,-0.229839,-0.09711,-0.00106319,0.00934601,0.0791559,0.505264,0.222973,-0.106561,-0.00665547,-0.0120163
13.94,-0.000572205,-0.0894556,-0.480087,-0.229839,-0.09711,-0.00106319,0.00934601,0.0791559,0.505264,0.222973,-0.106561,-0.00665547,-0.0120163
13.96,-0.000572205,-0.0894556,-0.480087,-0.229839,-0.09711,-0.00106319,0.00934601,0.0791559,0.505264,0.222973,-0.106561,-0.00665547,-0.0120163
13.98,-0.000572205,-0.0894556,-0.480087,-0.229839,-0.09711,-0.00106319,0.00934601,0.0791559,0.505264,0.222973,-0.106561,-0.00665547,-0.0120163
14,-0.000572205,-0.0894556,-0.480469,-0.229839,-0.09711,-0.00106319,0.00934601,0.0791559,0.505264,0.222591,-0.106747,-0.00634507,-0.0120163
14.02,-0.000572205,-0.0890741,-0.480469,-0.229839,-0.09711,-0.00106319,0.00934601,0.0791559,0.505264,0.222591,-0.106747,-0.00634507,-0.0120163
14.04,-0.000572205,-0.0890741,-0.480469,-0.229839,-0.0974814,-0.00106423,0.00934601,0.0791559,0.505264,0.222591,-0.106747,-0.00634507,-0.0120163
14.06,-0.000572205,-0.0890741,-0.480469,-0.229839,-0.0974814,-0.00106423,0.00934601,0.0791559,0.505264,0.222591,-0.106747,-0.00634507,-0.0120163
14.08,-0.000572205,-0.0890741,-0.480469,-0.229839,-0.0974814,-0.00106423,0.00934601,0.0791559,0.505264,0.222591,-0.106747,-0.00634507,-0.0120163
14.1,-0.000572205,-0.0890741,-0.480469,-0.229839,-0.0974814,-0.00106423,0.00934601,0.0791559,0.505264,0.222591,-0.106931,-0.00665431,-0.0120163
14.12,-0.000572205,-0.0890741,-0.480469,-0.229839,-0.0974814,-0.00106423,0.00934601,0.0791559,0.505264,0.222591,-0.106931,-0.00665431,-0.0120163
14.14,-0.000572205,-0.0890741,-0.480469,-0.229839,-0.0974814,-0.00106423,0.00934601,0.0791559,0.505264,0.222591,-0.106931,-0.00665431,-0.0120163
14.16,-0.000572205,-0.0890741,-0.480469,-0.229839,-0.0974814,-0.00106423,0.00934601,0.0791559,0.505264,0.222591,-0.106931,-0.00665431,-0.0120163
14.18,-0.000572205,-0.0890741,-0.480469,-0.229839,-0.0976671,-0.000754843,0.00934601,0.0791559,0.505264,0.222591,-0.106931,-0.00665431,-0.0120163
14.2,-0.000572205,-0.0890741,-0.480469,-0.229839,-0.0976671,-0.000754843,0.00934601,0.0791559,0.505264,0.222591,-0.106931,-0.00665431,-0.0120163
14.22,-0.000572205,-0.0890741,-0.480469,-0.229839,-0.0978527,-0.00106527,0.00896454,0.0791559,0.505264,0.222591,-0.106931,-0.00665431,-0.0120163
14.24,-0.000572205,-0.0890741,-0.480469,-0.229839,-0.0978527,-0.00106527,0.00896454,0.0791559,0.505264,0.222591,-0.106931,-0.00665431,-0.0120163
14.26,-0.000953674,-0.0890741,-0.480469,-0.229839,-0.0978527,-0.00106527,0.00896454,0.0791559,0.505264,0.222591,-0.107116,-0.00696355,-0.0120163
14.28,-0.000953674,-0.0890741,-0.480469,-0.229839,-0.0978527,-0.00106527,0.00896454,0.0791559,0.505264,0.222591,-0.107116,-0.00696355,-0.0120163
14.3,-0.000953674,-0.0890741,-0.480469,-0.229839,-0.0980384,-0.000755886,0.00896454,0.0791559,0.505264,0.222591,-0.107116,-0.00696355,-0.0120163
14.32,-0.000953674,-0.0890741,-0.480469,-0.229839,-0.0980384,-0.000755886,0.00896454,0.0791559,0.505264,0.222591,-0.107486,-0.00696238,-0.0120163
14.34,-0.000953674,-0.0890741,-0.480469,-0.229839,-0.0982241,-0.000446509,0.00896454,0.0791559,0.505264,0.222591,-0.107486,-0.00696238,-0.0120163
14.36,-0.000953674,-0.0890741,-0.480469,-0.229839,-0.0982241,-0.000446509,0.00896454,0.0791559,0.505264,0.222591,-0.107671,-0.00727161,-0.0120163
14.38,-0.000953674,-0.0890741,-0.480469,-0.229839,-0.0982241,-0.000446509,0.00896454,0.0791559,0.505264,0.222591,-0.107857,-0.00696121,-0.0120163
14.4,-0.000953674,-0.0890741,-0.480469,-0.229839,-0.0984098,-0.000137136,0.00896454,0.0791559,0.505264,0.222591,-0.107857,-0.00696121,-0.0120163
14.42,-0.000953674,-0.0890741,-0.480469,-0.229839,-0.0985954,0.000172232,0.00896454,0.0791559,0.505264,0.222591,-0.108042,-0.00665081,-0.0120163
14.44,-0.000953674,-0.0890741,-0.480469,-0.229839,-0.0985954,0.000172232,0.00934601,0.0791559,0.505264,0.222591,-0.108042,-0.00665081,-0.0120163
14.46,-0.000953674,-0.0890741,-0.480469,-0.229839,-0.098781,0.000481595,0.00934601,0.0791559,0.505264,0.22221,-0.108042,-0.00665081,-0.0120163
14.48,-0.000953674,-0.0890741,-0.480469,-0.229839,-0.098781,0.000481595,0.00934601,0.0791559,0.505264,0.22221,-0.108042,-0.00665081,-0.0120163
14.5,-0.000953674,-0.0890741,-0.480469,-0.229839,-0.098781,0.000481595,0.00934601,0.0791559,0.505264,0.22221,-0.108227,-0.00696004,-0.0120163
14.52,-0.000953674,-0.0890741,-0.480469,-0.229839,-0.098781,0.000481595,0.00934601,0.0791559,0.505264,0.22221,-0.108227,-0.00696004,-0.0120163
14.54,-0.000953674,-0.0890741,-0.480469,-0.229839,-0.0989665,0.000790953,0.00934601,0.0791559,0.505264,0.221828,-0.108227,-0.00696004,-0.0120163
14.56,-0.000953674,-0.0890741,-0.480469,-0.229458,-0.0989665,0.000790953,0.00934601,0.0791559,0.505264,0.221828,-0.108227,-0.00696004,-0.0120163
14.58,-0.000953674,-0.0890741,-0.480469,-0.229839,-0.0989665,0.000790953,0.00934601,0.0791559,0.505264,0.221828,-0.108042,-0.00665081,-0.0120163
14.6,-0.000953674,-0.0890741,-0.480469,-0.229458,-0.0989665,0.000790953,0.00934601,0.0791559,0.505264,0.221828,-0.108042,-0.00665081,-0.0120163
14.62,-0.000953674,-0.0890741,-0.480087,-0.229839,-0.0989665,0.000790953,0.00934601,0.0791559,0.505264,0.221828,-0.108042,-0.00665081,-0.0120163
14.64,-0.000953674,-0.0890741,-0.480469,-0.229839,-0.0989665,0.000790953,0.00934601,0.0791559,0.505264,0.221828,-0.108042,-0.00665081,-0.0120163
14.66,-0.000953674,-0.0890741,-0.480469,-0.229839,-0.0989665,0.000790953,0.00934601,0.0791559,0.505264,0.221828,-0.108227,-0.00696004,-0.0112534
14.68,-0.000953674,-0.0890741,-0.480469,-0.229839,-0.0989665,0.000790953,0.00896454,0.0791559,0.505264,0.221828,-0.108042,-0.00665081,-0.0108719
14.7,-0.000953674,-0.0890741,-0.480087,-0.229839,-0.0989665,0.000790953,0.00896454,0.0791559,0.505264,0.22221,-0.108042,-0.00665081,-0.0108719
14.72,-0.000953674,-0.0890741,-0.480087,-0.229839,-0.0989665,0.000790953,0.00896454,0.0791559,0.505264,0.22221,-0.108042,-0.00665081,-0.0108719
14.74,-0.000953674,-0.0890741,-0.480087,-0.229839,-0.0989665,0.000790953,0.00896454,0.0791559,0.505264,0.22221,-0.108042,-0.00665081,-0.0108719
14.76,-0.000953674,-0.0890741,-0.480469,-0.229839,-0.0989665,0.000790953,0.00896454,0.0791559,0.505264,0.22221,-0.108042,-0.00665081,-0.0108719
14.78,-0.000953674,-0.0890741,-0.480087,-0.229839,-0.0989665,0.000790953,0.00896454,0.0791559,0.505264,0.22221,-0.108042,-0.00665081,-0.0108719
14.8,-0.000953674,-0.0890741,-0.480469,-0.229839,-0.0989665,0.000790953,0.00896454,0.0791559,0.505264,0.22221,-0.108042,-0.00665081,-0.0108719
14.82,-0.000953674,-0.0890741,-0.480469,-0.229839,-0.0989665,0.000790953,0.00896454,0.0791559,0.505264,0.22221,-0.108042,-0.00665081,-0.0108719
14.84,-0.000953674,-0.0890741,-0.480087,-0.229839,-0.0989665,0.000790953,0.00896454,0.0791559,0.505264,0.22221,-0.108042,-0.00665081,-0.0108719
14.86,-0.000953674,-0.0890741,-0.480469,-0.229839,-0.0989665,0.000790953,0.00896454,0.0791559,0.505264,0.22221,-0.108042,-0.00665081,-0.0108719
14.88,-0.000953674,-0.0890741,-0.480469,-0.229839,-0.0989665,0.000790953,0.00934601,0.0791559,0.505264,0.22221,-0.108042,-0.00665081,-0.0108719
14.9,-0.000953674,-0.0890741,-0.480469,-0.229839,-0.0989665,0.000790953,0.00896454,0.0791559,0.505264,0.22221,-0.108042,-0.00665081,-0.0108719
14.92,-0.000953674,-0.0890741,-0.480469,-0.229839,-0.0989665,0.000790953,0.00934601,0.0791559,0.505264,0.22221,-0.108042,-0.00665081,-0.0108719
14.94,-0.000953674,-0.0890741,-0.480087,-0.229839,-0.0989665,0.000790953,0.00896454,0.0791559,0.505264,0.22221,-0.108042,-0.00665081,-0.0108719
14.96,-0.000953674,-0.0890741,-0.480087,-0.229839,-0.0989665,0.000790953,0.00896454,0.0791559,0.505264,0.22221,-0.108042,-0.00665081,-0.0108719
14.98,-0.000953674,-0.0890741,-0.480087,-0.229839,-0.0989665,0.000790953,0.00896454,0.0791559,0.505264,0.22221,-0.108042,-0.00665081,-0.0108719
15,-0.000953674,-0.0890741,-0.480469,-0.229839,-0.0989665,0.000790953,0.00896454,0.0791559,0.505264,0.22221,-0.108042,-0.00665081,-0.0108719
15.02,-0.000953674,-0.0890741,-0.480469,-0.229839,-0.0989665,0.000790953,0.00896454,0.0791559,0.505264,0.22221,-0.108042,-0.00665081,-0.0108719
15.04,-0.000953674,-0.0890741,-0.480469,-0.229839,-0.0989665,0.000790953,0.00896454,0.0791559,0.505264,0.22221,-0.108042,-0.00665081,-0.0108719
15.06,-0.000953674,-0.0890741,-0.480469,-0.229839,-0.0989665,0.000790953,0.00896454,0.0791559,0.505264,0.22221,-0.108042,-0.00665081,-0.0108719
15.08,-0.000953674,-0.0890741,-0.480469,-0.229839,-0.0989665,0.000790953,0.00896454,0.0791559,0.505264,0.22221,-0.108042,-0.00665081,-0.0108719
15.1,-0.000953674,-0.0890741,-0.480469,-0.229839,-0.0989665,0.000790953,0.00896454,0.0791559,0.505264,0.22221,-0.108042,-0.00665081,-0.0108719
15.12,-0.000953674,-0.0890741,-0.480469,-0.229839,-0.0989665,0.000790953,0.00896454,0.0791559,0.505264,0.22221,-0.108042,-0.00665081,-0.0108719
15.14,-0.000953674,-0.0890741,-0.480469,-0.229839,-0.0989665,0.000790953,0.00896454,0.0791559,0.505264,0.22221,-0.108042,-0.00665081,-0.0108719
15.16,-0.000953674,-0.0890741,-0.480469,-0.229839,-0.098781,0.000481595,0.00896454,0.0791559,0.505264,0.22221,-0.108042,-0.00665081,-0.0108719
15.18,-0.000953674,-0.0890741,-0.480469,-0.229839,-0.0989665,0.000790953,0.00896454,0.0791559,0.505264,0.22221,-0.108042,-0.00665081,-0.0108719
15.2,-0.000953674,-0.0890741,-0.480469,-0.229839,-0.098781,0.000481595,0.00896454,0.0791559,0.505264,0.22221,-0.108042,-0.00665081,-0.0108719
15.22,-0.000953674,-0.0890741,-0.480469,-0.229839,-0.098781,0.000481595,0.00896454,0.0791559,0.505264,0.22221,-0.108042,-0.00665081,-0.0108719
15.24,-0.000953674,-0.0890741,-0.480469,-0.229839,-0.0989665,0.000790953,0.00896454,0.0791559,0.505264,0.22221,-0.108042,-0.00665081,-0.0108719
15.26,-0.000953674,-0.0890741,-0.480469,-0.229839,-0.0989665,0.000790953,0.00896454,0.0791559,0.505264,0.22221,-0.108042,-0.00665081,-0.0108719
15.28,-0.000953674,-0.0890741,-0.480469,-0.229839,-0.0989665,0.000790953,0.00896454,0.0791559,0.505264,0.22221,-0.108042,-0.00665081,-0.0108719
15.3,-0.000953674,-0.0890741,-0.480469,-0.229839,-0.0989665,0.000790953,0.00896454,0.0791559,0.505264,0.22221,-0.108042,-0.00665081,-0.0108719
15.32,-0.000953674,-0.0890741,-0.480469,-0.229839,-0.0989665,0.000790953,0.00896454,0.0791559,0.505264,0.22221,-0.108042,-0.00665081,-0.0108719
15.34,-0.000953674,-0.0890741,-0.480469,-0.229839,-0.098781,0.000481595,0.00896454,0.0791559,0.505264,0.22221,-0.108042,-0.00665081,-0.0108719
15.36,-0.000953674,-0.0890741,-0.480469,-0.229839,-0.0989665,0.000790953,0.00896454,0.0791559,0.505264,0.22221,-0.108042,-0.00665081,-0.0108719
15.38,-0.000953674,-0.0890741,-0.480469,-0.229839,-0.0989665,0.000790953,0.00896454,0.0791559,0.505264,0.22221,-0.108042,-0.00665081,-0.0108719
15.4,-0.000953674,-0.0890741,-0.480469,-0.229839,-0.0989665,0.000790953,0.00896454,0.0791559,0.505264,0.22221,-0.108042,-0.00665081,-0.0108719
15.42,-0.000953674,-0.0890741,-0.480469,-0.229839,-0.0989665,0.000790953,0.00896454,0.0791559,0.505264,0.22221,-0.108042,-0.00665081,-0.0108719
15.44,-0.000953674,-0.0890741,-0.480469,-0.229839,-0.0989665,0.000790953,0.00896454,0.0791559,0.505264,0.22221,-0.108042,-0.00665081,-0.0108719
15.46,-0.000953674,-0.0890741,-0.480469,-0.229839,-0.0989665,0.000790953,0.00896454,0.0791559,0.505264,0.22221,-0.108042,-0.00665081,-0.0108719
15.48,-0.000953674,-0.0890741,-0.480469,-0.229839,-0.0989665,0.000790953,0.00896454,0.0791559,0.505264,0.22221,-0.108042,-0.00665081,-0.0108719
15.5,-0.000953674,-0.0890741,-0.480469,-0.229839,-0.098781,0.000481595,0.00896454,0.0791559,0.505264,0.22221,-0.108042,-0.00665081,-0.0108719
15.52,-0.000953674,-0.0890741,-0.480087,-0.229839,-0.098781,0.000481595,0.00896454,0.0791559,0.505264,0.22221,-0.108042,-0.00665081,-0.0108719
15.54,-0.000953674,-0.0890741,-0.480087,-0.229839,-0.098781,0.000481595,0.00896454,0.0791559,0.505264,0.22221,-0.108042,-0.00665081,-0.0108719
15.56,-0.000953674,-0.0890741,-0.480469,-0.229839,-0.098781,0.000481595,0.00896454,0.0791559,0.505264,0.22221,-0.108042,-0.00665081,-0.0108719
15.58,-0.000953674,-0.0890741,-0.480087,-0.229839,-0.098781,0.000481595,0.00896454,0.0791559,0.505264,0.22221,-0.108042,-0.00665081,-0.0108719
15.6,-0.000953674,-0.0890741,-0.480469,-0.229839,-0.098781,0.000481595,0.00896454,0.0791559,0.505264,0.22221,-0.108042,-0.00665081,-0.0108719
15.62,-0.000953674,-0.0890741,-0.480087,-0.229839,-0.098781,0.000481595,0.00896454,0.0791559,0.505264,0.22221,-0.108042,-0.00665081,-0.0108719
15.64,-0.000953674,-0.0890741,-0.480469,-0.229839,-0.098781,0.000481595,0.00896454,0.0791559,0.505264,0.22221,-0.108042,-0.00665081,-0.0108719
15.66,-0.000953674,-0.0890741,-0.480087,-0.229839,-0.098781,0.000481595,0.00896454,0.0791559,0.505264,0.22221,-0.108042,-0.00665081,-0.0108719
15.68,-0.000953674,-0.0890741,-0.480087,-0.229839,-0.098781,0.000481595,0.00896454,0.0791559,0.505264,0.22221,-0.108042,-0.00665081,-0.0108719
15.7,-0.000953674,-0.0890741,-0.480087,-0.229839,-0.098781,0.000481595,0.00896454,0.0791559,0.505264,0.22221,-0.108042,-0.00665081,-0.0108719
15.72,-0.000953674,-0.0890741,-0.480087,-0.229839,-0.098781,0.000481595,0.00896454,0.0791559,0.505264,0.22221,-0.108042,-0.00665081,-0.0108719
15.74,-0.000953674,-0.0890741,-0.480087,-0.229839,-0.098781,0.000481595,0.00896454,0.0791559,0.505264,0.22221,-0.108042,-0.00665081,-0.0108719
15.76,-0.000953674,-0.0890741,-0.480087,-0.229839,-0.098781,0.000481595,0.00896454,0.0791559,0.505264,0.22221,-0.108042,-0.00665081,-0.0108719
15.78,-0.000953674,-0.0890741,-0.480087,-0.229839,-0.098781,0.000481595,0.00896454,0.0791559,0.505264,0.22221,-0.108042,-0.00665081,-0.0108719
15.8,-0.000953674,-0.0890741,-0.480087,-0.229839,-0.098781,0.000481595,0.00896454,0.0791559,0.505264,0.22221,-0.108042,-0.00665081,-0.0108719
15.82,-0.000953674,-0.0890741,-0.480087,-0.229839,-0.098781,0.000481595,0.00896454,0.0791559,0.505264,0.22221,-0.108042,-0.00665081,-0.0108719
15.84,-0.000953674,-0.0890741,-0.480087,-0.229839,-0.098781,0.000481595,0.00896454,0.0791559,0.505264,0.22221,-0.108042,-0.00665081,-0.0108719
15.86,-0.000572205,-0.0890741,-0.480087,-0.229839,-0.098781,0.000481595,0.00896454,0.0791559,0.505264,0.22221,-0.108042,-0.00665081,-0.0108719
15.88,-0.000572205,-0.0890741,-0.480087,-0.229839,-0.098781,0.000481595,0.00896454,0.0791559,0.505264,0.22221,-0.108042,-0.00665081,-0.0108719
15.9,-0.000572205,-0.0890741,-0.480087,-0.229839,-0.098781,0.000481595,0.00896454,0.0791559,0.505264,0.22221,-0.108042,-0.00665081,-0.0108719
15.92,-0.000572205,-0.0890741,-0.480087,-0.229839,-0.098781,0.000481595,0.00896454,0.0791559,0.505264,0.22221,-0.108042,-0.00665081,-0.0108719
15.94,-0.000572205,-0.0890741,-0.480087,-0.229839,-0.098781,0.000481595,0.00896454,0.0791559,0.505264,0.22221,-0.108042,-0.00665081,-0.0108719
15.96,-0.000572205,-0.0890741,-0.480087,-0.229839,-0.098781,0.000481595,0.00896454,0.0791559,0.505264,0.22221,-0.108042,-0.00665081,-0.0108719
15.98,-0.000572205,-0.0890741,-0.480087,-0.229839,-0.098781,0.000481595,0.00896454,0.0791559,0.505264,0.22221,-0.108042,-0.00665081,-0.0108719
16,-0.000572205,-0.0890741,-0.480087,-0.229839,-0.098781,0.000481595,0.00896454,0.0791559,0.505264,0.22221,-0.108042,-0.00665081,-0.0108719
16.02,-0.000572205,-0.0890741,-0.480087,-0.229839,-0.098781,0.000481595,0.00896454,0.0791559,0.505264,0.22221,-0.108042,-0.00665081,-0.0108719
16.04,-0.000572205,-0.0890741,-0.480087,-0.229839,-0.098781,0.000481595,0.00896454,0.0791559,0.505264,0.22221,-0.108042,-0.00665081,-0.0108719
16.06,-0.000572205,-0.0890741,-0.480087,-0.229839,-0.098781,0.000481595,0.00896454,0.0791559,0.505264,0.22221,-0.108042,-0.00665081,-0.0108719
16.08,-0.000572205,-0.0890741,-0.480087,-0.229839,-0.098781,0.000481595,0.00896454,0.0791559,0.505264,0.22221,-0.108042,-0.00665081,-0.0108719
16.1,-0.000572205,-0.0890741,-0.480087,-0.229839,-0.098781,0.000481595,0.00896454,0.0791559,0.505264,0.22221,-0.108042,-0.00665081,-0.0108719
16.12,-0.000572205,-0.0890741,-0.480087,-0.229839,-0.098781,0.000481595,0.00896454,0.0791559,0.505264,0.22221,-0.108042,-0.00665081,-0.0108719
16.14,-0.000572205,-0.0890741,-0.480087,-0.229839,-0.098781,0.000481595,0.00896454,0.0791559,0.505264,0.22221,-0.108042,-0.00665081,-0.0108719
16.16,-0.000572205,-0.0890741,-0.480087,-0.229839,-0.098781,0.000481595,0.00896454,0.0791559,0.505264,0.22221,-0.108042,-0.00665081,-0.0108719
16.18,-0.000572205,-0.0890741,-0.480087,-0.229839,-0.098781,0.000481595,0.00896454,0.0791559,0.505264,0.22221,-0.108042,-0.00665081,-0.0108719
16.2,-0.000572205,-0.0890741,-0.480087,-0.229839,-0.098781,0.000481595,0.00896454,0.0791559,0.505264,0.22221,-0.108042,-0.00665081,-0.0108719
16.22,-0.000572205,-0.0890741,-0.480087,-0.229839,-0.098781,0.000481595,0.00896454,0.0791559,0.505264,0.22221,-0.108042,-0.00665081,-0.0108719
16.24,-0.000572205,-0.0890741,-0.480087,-0.229839,-0.098781,0.000481595,0.00896454,0.0791559,0.505264,0.22221,-0.108042,-0.00665081,-0.0108719
16.26,-0.000572205,-0.0890741,-0.480087,-0.229839,-0.098781,0.000481595,0.00896454,0.0791559,0.505264,0.22221,-0.108042,-0.00665081,-0.0108719
16.28,-0.000572205,-0.0890741,-0.480087,-0.229839,-0.098781,0.000481595,0.00896454,0.0791559,0.505264,0.22221,-0.108042,-0.00665081,-0.0108719
16.3,-0.000572205,-0.0890741,-0.480087,-0.229839,-0.098781,0.000481595,0.00896454,0.0791559,0.505264,0.22221,-0.108042,-0.00665081,-0.0108719
16.32,-0.000572205,-0.0890741,-0.480087,-0.229839,-0.098781,0.000481595,0.00896454,0.0791559,0.505264,0.22221,-0.108042,-0.00665081,-0.0108719
16.34,-0.000572205,-0.0890741,-0.480087,-0.229839,-0.098781,0.000481595,0.00896454,0.0791559,0.505264,0.222591,-0.108042,-0.00665081,-0.0108719
16.36,-0.000572205,-0.0890741,-0.480087,-0.229839,-0.098781,0.000481595,0.00896454,0.0791559,0.505264,0.222591,-0.108042,-0.00665081,-0.0108719
16.38,-0.000572205,-0.0890741,-0.480087,-0.229839,-0.098781,0.000481595,0.00896454,0.0791559,0.505264,0.222591,-0.108042,-0.00665081,-0.0108719
16.4,-0.000572205,-0.0890741,-0.480087,-0.229839,-0.098781,0.000481595,0.00896454,0.0791559,0.505264,0.222591,-0.108042,-0.00665081,-0.0108719
16.42,-0.000572205,-0.0890741,-0.480087,-0.229839,-0.0985953,0.00079201,0.00896454,0.0791559,0.505264,0.222591,-0.108042,-0.00665081,-0.0108719
16.44,-0.000572205,-0.0890741,-0.480087,-0.229839,-0.0985953,0.00079201,0.00896454,0.0791559,0.505264,0.222591,-0.108042,-0.00665081,-0.0108719
16.46,-0.000572205,-0.0890741,-0.480087,-0.229839,-0.0985953,0.00079201,0.00896454,0.0791559,0.505264,0.222591,-0.108042,-0.00665081,-0.0108719
16.48,-0.000572205,-0.0890741,-0.480087,-0.229839,-0.0985953,0.00079201,0.00896454,0.0791559,0.505264,0.222591,-0.108042,-0.00665081,-0.0108719
16.5,-0.000572205,-0.0890741,-0.480087,-0.229839,-0.0984098,0.000482649,0.00896454,0.0791559,0.505264,0.222591,-0.108042,-0.00665081,-0.0108719
16.52,-0.000572205,-0.0890741,-0.480087,-0.229839,-0.0984098,0.000482649,0.00896454,0.0791559,0.505264,0.222591,-0.108042,-0.00665081,-0.0108719
16.54,-0.000572205,-0.0890741,-0.480087,-0.229839,-0.0984098,0.000482649,0.00896454,0.0791559,0.505264,0.222591,-0.108042,-0.00665081,-0.0108719
16.56,-0.000572205,-0.0890741,-0.480087,-0.229839,-0.0984098,0.000482649,0.00896454,0.0791559,0.505264,0.222591,-0.108042,-0.00665081,-0.0108719
16.58,-0.000572205,-0.0890741,-0.480087,-0.229839,-0.0985954,0.000172232,0.00896454,0.0791559,0.505264,0.222591,-0.108042,-0.00665081,-0.0108719
16.6,-0.000572205,-0.0890741,-0.480087,-0.229839,-0.0984098,0.000482649,0.00896454,0.0791559,0.505264,0.222591,-0.108042,-0.00665081,-0.0108719
16.62,-0.000572205,-0.0890741,-0.480087,-0.229839,-0.0984098,0.000482649,0.00896454,0.0791559,0.505264,0.222591,-0.108042,-0.00665081,-0.0108719
16.64,-0.000572205,-0.0890741,-0.480087,-0.229839,-0.0984098,0.000482649,0.00896454,0.0791559,0.505264,0.222591,-0.108042,-0.00665081,-0.0108719
16.66,-0.000572205,-0.0890741,-0.480087,-0.229839,-0.0984098,0.000482649,0.00896454,0.0791559,0.505264,0.222591,-0.108042,-0.00665081,-0.0108719
16.68,-0.000572205,-0.0890741,-0.480087,-0.229839,-0.0984098,0.000482649,0.00896454,0.0791559,0.505264,0.222591,-0.108042,-0.00665081,-0.0108719
16.7,-0.000572205,-0.0890741,-0.480087,-0.229839,-0.0984098,0.000482649,0.00896454,0.0791559,0.505264,0.222591,-0.108042,-0.00665081,-0.0108719
16.72,-0.000572205,-0.0890741,-0.480087,-0.229839,-0.0984098,0.000482649,0.00896454,0.0791559,0.505264,0.222591,-0.107857,-0.00696121,-0.0108719
16.74,-0.000572205,-0.0890741,-0.480087,-0.229839,-0.0984098,0.000482649,0.00896454,0.0791559,0.505264,0.222591,-0.107857,-0.00696121,-0.0108719
16.76,-0.000572205,-0.0890741,-0.480087,-0.229839,-0.0984098,0.000482649,0.00896454,0.0791559,0.505264,0.222591,-0.107857,-0.00696121,-0.0108719
16.78,-0.000572205,-0.0890741,-0.480087,-0.229839,-0.0984098,0.000482649,0.00896454,0.0791559,0.505264,0.222591,-0.107857,-0.00696121,-0.0108719
16.8,-0.000572205,-0.0890741,-0.480087,-0.229839,-0.0984098,0.000482649,0.00896454,0.0791559,0.505264,0.222591,-0.107857,-0.00696121,-0.0108719
16.82,-0.000572205,-0.0890741,-0.480087,-0.229839,-0.0984098,0.000482649,0.00896454,0.0791559,0.505264,0.222591,-0.107857,-0.00696121,-0.0108719
16.84,-0.000572205,-0.0890741,-0.480087,-0.229839,-0.0984098,0.000482649,0.00896454,0.0791559,0.505264,0.222591,-0.107857,-0.00696121,-0.0108719
16.86,-0.000572205,-0.0890741,-0.480087,-0.229839,-0.0984098,0.000482649,0.00896454,0.0791559,0.505264,0.222591,-0.107857,-0.00696121,-0.0108719
16.88,-0.000572205,-0.0890741,-0.480087,-0.229839,-0.0984098,0.000482649,0.00896454,0.0791559,0.505264,0.222591,-0.107857,-0.00696121,-0.0108719
16.9,-0.000572205,-0.0890741,-0.480087,-0.229839,-0.0984098,0.000482649,0.00896454,0.0791559,0.505264,0.222591,-0.107857,-0.00696121,-0.0108719
16.92,-0.000572205,-0.0890741,-0.480087,-0.229839,-0.0984098,0.000482649,0.00896454,0.0791559,0.505264,0.222591,-0.107857,-0.00696121,-0.0108719
16.94,-0.000572205,-0.0890741,-0.480087,-0.229839,-0.0984098,0.000482649,0.00896454,0.0791559,0.505264,0.222591,-0.107857,-0.00696121,-0.0108719
16.96,-0.000572205,-0.0890741,-0.480087,-0.229839,-0.0984098,0.000482649,0.00896454,0.0791559,0.505264,0.222591,-0.107857,-0.00696121,-0.0108719
16.98,-0.000572205,-0.0890741,-0.480087,-0.229839,-0.0984098,0.000482649,0.00896454,0.0791559,0.505264,0.222591,-0.107857,-0.00696121,-0.0108719
17,-0.000572205,-0.0890741,-0.480087,-0.229839,-0.0984098,0.000482649,0.00896454,0.0791559,0.505264,0.222591,-0.107857,-0.00696121,-0.0108719
17.02,-0.000572205,-0.0890741,-0.480087,-0.229839,-0.0984098,0.000482649,0.00896454,0.0791559,0.505264,0.222591,-0.107857,-0.00696121,-0.0108719
17.04,-0.000572205,-0.0890741,-0.480087,-0.229839,-0.0984098,0.000482649,0.00896454,0.0791559,0.505264,0.222591,-0.107857,-0.00696121,-0.0108719
17.06,-0.000572205,-0.0890741,-0.480087,-0.229839,-0.0984098,0.000482649,0.00896454,0.0791559,0.505264,0.222591,-0.107857,-0.00696121,-0.0108719
17.08,-0.000572205,-0.0890741,-0.480087,-0.229839,-0.0984098,0.000482649,0.00896454,0.0791559,0.505264,0.222591,-0.107857,-0.00696121,-0.0108719
17.1,-0.000572205,-0.0890741,-0.480087,-0.229839,-0.0984098,0.000482649,0.00896454,0.0791559,0.505264,0.222591,-0.107857,-0.00696121,-0.0108719
17.12,-0.000572205,-0.0890741,-0.480087,-0.229839,-0.0984098,0.000482649,0.00896454,0.0791559,0.505264,0.222591,-0.107857,-0.00696121,-0.0108719
17.14,-0.000572205,-0.0890741,-0.480087,-0.229839,-0.0984098,0.000482649,0.00896454,0.0791559,0.505264,0.222591,-0.107857,-0.00696121,-0.0108719
17.16,-0.000572205,-0.0890741,-0.480087,-0.229839,-0.0984098,0.000482649,0.00896454,0.0791559,0.505264,0.222591,-0.107857,-0.00696121,-0.0108719
17.18,-0.000572205,-0.0890741,-0.480087,-0.229839,-0.0984098,0.000482649,0.00896454,0.0791559,0.505264,0.222591,-0.107857,-0.00696121,-0.0108719
17.2,-0.000572205,-0.0890741,-0.480087,-0.229839,-0.0984098,0.000482649,0.00896454,0.0791559,0.505264,0.222591,-0.107857,-0.00696121,-0.0108719
17.22,-0.000572205,-0.0890741,-0.480087,-0.229839,-0.0984098,0.000482649,0.00896454,0.0791559,0.505264,0.222591,-0.107857,-0.00696121,-0.0108719
17.24,-0.000572205,-0.0890741,-0.480087,-0.229839,-0.0984098,0.000482649,0.00896454,0.0791559,0.505264,0.222591,-0.107857,-0.00696121,-0.0108719
17.26,-0.000572205,-0.0890741,-0.480087,-0.229839,-0.0984098,0.000482649,0.00896454,0.0791559,0.505264,0.222591,-0.107857,-0.00696121,-0.0108719
17.28,-0.000572205,-0.0890741,-0.480087,-0.229839,-0.0984098,0.000482649,0.00896454,0.0791559,0.505264,0.222591,-0.107857,-0.00696121,-0.0108719
17.3,-0.000572205,-0.0890741,-0.480087,-0.229839,-0.0984098,0.000482649,0.00896454,0.0791559,0.505264,0.222591,-0.107857,-0.00696121,-0.0108719
17.32,-0.000572205,-0.0890741,-0.480087,-0.229839,-0.0984098,0.000482649,0.00896454,0.0791559,0.505264,0.222591,-0.107857,-0.00696121,-0.0108719
17.34,-0.000572205,-0.0890741,-0.480087,-0.229839,-0.0984098,0.000482649,0.00896454,0.0791559,0.505264,0.222591,-0.107857,-0.00696121,-0.0108719
17.36,-0.000572205,-0.0890741,-0.480087,-0.229839,-0.0984098,0.000482649,0.00896454,0.0791559,0.505264,0.222591,-0.107857,-0.00696121,-0.0108719
17.38,-0.000572205,-0.0890741,-0.480087,-0.229839,-0.0984098,0.000482649,0.00896454,0.0791559,0.505264,0.222591,-0.107857,-0.00696121,-0.0108719
17.4,-0.000572205,-0.0890741,-0.480087,-0.229839,-0.0984098,0.000482649,0.00896454,0.0791559,0.505264,0.222591,-0.107857,-0.00696121,-0.0108719
17.42,-0.000572205,-0.0890741,-0.480087,-0.229839,-0.0984098,0.000482649,0.00896454,0.0791559,0.505264,0.222591,-0.107857,-0.00696121,-0.0108719
17.44,-0.000572205,-0.0890741,-0.480087,-0.229839,-0.0984098,0.000482649,0.00896454,0.0791559,0.505264,0.222591,-0.107857,-0.00696121,-0.0108719
17.46,-0.000572205,-0.0890741,-0.480087,-0.229839,-0.0984098,0.000482649,0.00896454,0.0791559,0.505264,0.222591,-0.107857,-0.00696121,-0.0108719
17.48,-0.000572205,-0.0890741,-0.480087,-0.229839,-0.0984098,0.000482649,0.00896454,0.0791559,0.505264,0.222591,-0.107857,-0.00696121,-0.0108719
17.5,-0.000572205,-0.0890741,-0.480087,-0.229839,-0.0984098,0.000482649,0.00896454,0.0791559,0.505264,0.222591,-0.107857,-0.00696121,-0.0108719
17.52,-0.000572205,-0.0890741,-0.480087,-0.229839,-0.0984098,0.000482649,0.00896454,0.0791559,0.505264,0.222591,-0.107857,-0.00696121,-0.0108719
17.54,-0.000572205,-0.0890741,-0.480087,-0.229839,-0.0984098,0.000482649,0.00896454,0.0791559,0.505264,0.222591,-0.107857,-0.00696121,-0.0108719
17.56,-0.000572205,-0.0890741,-0.480087,-0.229839,-0.0984098,0.000482649,0.00896454,0.0791559,0.505264,0.222591,-0.107857,-0.00696121,-0.0108719
17.58,-0.000572205,-0.0890741,-0.480087,-0.229839,-0.0984098,0.000482649,0.00896454,0.0791559,0.505264,0.222591,-0.107857,-0.00696121,-0.0108719
17.6,-0.000572205,-0.0890741,-0.480087,-0.229839,-0.0984098,0.000482649,0.00896454,0.0791559,0.505264,0.222591,-0.107857,-0.00696121,-0.0108719
17.62,-0.000572205,-0.0890741,-0.480087,-0.229839,-0.0984098,0.000482649,0.00896454,0.0791559,0.505264,0.222591,-0.107857,-0.00696121,-0.0108719
17.64,-0.000572205,-0.0890741,-0.480087,-0.229839,-0.0984098,0.000482649,0.00896454,0.0791559,0.505264,0.222591,-0.107857,-0.00696121,-0.0108719
17.66,-0.000572205,-0.0890741,-0.480087,-0.229839,-0.0984098,0.000482649,0.00896454,0.0791559,0.505264,0.222591,-0.107857,-0.00696121,-0.0108719
17.68,-0.000572205,-0.0890741,-0.480087,-0.229839,-0.0984098,0.000482649,0.00896454,0.0791559,0.505264,0.222973,-0.107857,-0.00696121,-0.0108719
17.7,-0.000572205,-0.0890741,-0.480087,-0.229839,-0.0982242,0.000173283,0.00896454,0.0791559,0.505264,0.222973,-0.107857,-0.00696121,-0.0108719
17.72,-0.000572205,-0.0890741,-0.480087,-0.229839,-0.0982242,0.000173283,0.00896454,0.0791559,0.505264,0.222973,-0.107857,-0.00696121,-0.0108719
17.74,-0.000572205,-0.0890741,-0.480087,-0.229839,-0.0982242,0.000173283,0.00896454,0.0791559,0.505264,0.222973,-0.107857,-0.00696121,-0.0108719
17.76,-0.000572205,-0.0890741,-0.480087,-0.229839,-0.0982242,0.000173283,0.00896454,0.0791559,0.505264,0.222973,-0.107857,-0.00696121,-0.0108719
17.78,-0.000572205,-0.0890741,-0.480087,-0.229839,-0.0982242,0.000173283,0.00896454,0.0791559,0.505264,0.222973,-0.107857,-0.00696121,-0.0108719
17.8,-0.000572205,-0.0890741,-0.480087,-0.229839,-0.0982242,0.000173283,0.00896454,0.0791559,0.505264,0.222973,-0.107857,-0.00696121,-0.0108719
17.82,-0.000572205,-0.0890741,-0.480087,-0.229839,-0.0982242,0.000173283,0.00896454,0.0791559,0.505264,0.222973,-0.107857,-0.00696121,-0.0108719
17.84,-0.000572205,-0.0890741,-0.480087,-0.229839,-0.0982242,0.000173283,0.00896454,0.0791559,0.505264,0.222973,-0.107857,-0.00696121,-0.0108719
17.86,-0.000572205,-0.0890741,-0.480087,-0.229839,-0.0982242,0.000173283,0.00896454,0.0791559,0.505264,0.222973,-0.107857,-0.00696121,-0.0108719
17.88,-0.000572205,-0.0890741,-0.480087,-0.229839,-0.0982242,0.000173283,0.00896454,0.0791559,0.505264,0.222973,-0.107857,-0.00696121,-0.0108719
17.9,-0.000572205,-0.0890741,-0.480087,-0.229839,-0.0982242,0.000173283,0.00896454,0.0791559,0.505264,0.222973,-0.107857,-0.00696121,-0.0108719
17.92,-0.000572205,-0.0890741,-0.480087,-0.229839,-0.0980385,0.000483698,0.00896454,0.0791559,0.505264,0.222973,-0.107857,-0.00696121,-0.0108719
17.94,-0.000572205,-0.0890741,-0.480087,-0.229839,-0.0980385,0.000483698,0.00896454,0.0791559,0.505264,0.222973,-0.107857,-0.00696121,-0.0108719
17.96,-0.000572205,-0.0890741,-0.480087,-0.229839,-0.0982242,0.000173283,0.00896454,0.0791559,0.505264,0.222973,-0.107857,-0.00696121,-0.0108719
17.98,-0.000572205,-0.0890741,-0.480087,-0.229839,-0.0982242,0.000173283,0.00896454,0.0791559,0.505264,0.222973,-0.107857,-0.00696121,-0.0108719
18,-0.000572205,-0.0890741,-0.480087,-0.229839,-0.0982242,0.000173283,0.00896454,0.0791559,0.505264,0.222973,-0.107857,-0.00696121,-0.0108719
18.02,-0.000572205,-0.0890741,-0.480087,-0.229839,-0.0982242,0.000173283,0.00896454,0.0791559,0.505264,0.222973,-0.107857,-0.00696121,-0.0108719
18.04,-0.000572205,-0.0890741,-0.480087,-0.229839,-0.0982242,0.000173283,0.00896454,0.0791559,0.505264,0.222973,-0.107671,-0.00727161,-0.0108719
18.06,-0.000572205,-0.0890741,-0.480087,-0.229839,-0.0982242,0.000173283,0.00896454,0.0791559,0.505264,0.222973,-0.107671,-0.00727161,-0.0108719
18.08,-0.000572205,-0.0890741,-0.480087,-0.229839,-0.0982242,0.000173283,0.00896454,0.0791559,0.505264,0.222973,-0.107671,-0.00727161,-0.0108719
18.1,-0.000572205,-0.0890741,-0.480087,-0.229839,-0.0980385,0.000483698,0.00896454,0.0791559,0.505264,0.222973,-0.107671,-0.00727161,-0.0108719
18.12,-0.000572205,-0.0890741,-0.480087,-0.229839,-0.0980385,0.000483698,0.00896454,0.0791559,0.505264,0.222973,-0.107671,-0.00727161,-0.0108719
18.14,-0.000572205,-0.0890741,-0.480087,-0.229839,-0.0978529,0.00017433,0.00896454,0.0791559,0.505264,0.222973,-0.107671,-0.00727161,-0.0108719
18.16,-0.000572205,-0.0890741,-0.480087,-0.229839,-0.0978529,0.00017433,0.00896454,0.0791559,0.505264,0.222973,-0.107671,-0.00727161,-0.0108719
18.18,-0.000572205,-0.0890741,-0.480087,-0.229839,-0.0980385,-0.000136088,0.00896454,0.0791559,0.505264,0.222973,-0.107486,-0.00696238,-0.0108719
18.2,-0.000572205,-0.0890741,-0.480087,-0.229839,-0.0978529,0.00017433,0.00896454,0.0791559,0.505264,0.222973,-0.107486,-0.00696238,-0.0108719
18.22,-0.000572205,-0.0890741,-0.480087,-0.229839,-0.0978529,0.00017433,0.00896454,0.0791559,0.505264,0.222973,-0.107486,-0.00696238,-0.0108719
18.24,-0.000572205,-0.0890741,-0.480087,-0.229839,-0.0978529,0.00017433,0.00896454,0.0791559,0.505264,0.222973,-0.107486,-0.00696238,-0.0108719
18.26,-0.000572205,-0.0890741,-0.480087,-0.229839,-0.0978529,0.00017433,0.00896454,0.0791559,0.505264,0.222973,-0.107486,-0.00696238,-0.0108719
18.28,-0.000572205,-0.0890741,-0.480087,-0.229839,-0.0978529,0.00017433,0.00896454,0.0791559,0.505264,0.222973,-0.107486,-0.00696238,-0.0108719
18.3,-0.000572205,-0.0890741,-0.480087,-0.229839,-0.0978529,0.00017433,0.00896454,0.0791559,0.505264,0.222973,-0.107486,-0.00696238,-0.0108719
18.32,-0.000572205,-0.0890741,-0.480087,-0.229839,-0.0978529,0.00017433,0.00896454,0.0791559,0.505264,0.222973,-0.107486,-0.00696238,-0.0108719
18.34,-0.000572205,-0.0890741,-0.480087,-0.229839,-0.0978529,0.00017433,0.00896454,0.0791559,0.505264,0.222973,-0.107486,-0.00696238,-0.0108719
18.36,-0.000572205,-0.0890741,-0.480087,-0.229839,-0.0978529,0.00017433,0.00896454,0.0791559,0.505264,0.222973,-0.107486,-0.00696238,-0.0108719
18.38,-0.000572205,-0.0890741,-0.480087,-0.229839,-0.0978529,0.00017433,0.00896454,0.0791559,0.505264,0.222973,-0.107486,-0.00696238,-0.0108719
18.4,-0.000572205,-0.0890741,-0.480087,-0.229839,-0.0978529,0.00017433,0.00896454,0.0791559,0.505264,0.222973,-0.107486,-0.00696238,-0.0108719
18.42,-0.000572205,-0.0890741,-0.480087,-0.229839,-0.0978529,0.00017433,0.00896454,0.0791559,0.505264,0.222973,-0.107486,-0.00696238,-0.0108719
18.44,-0.000572205,-0.0890741,-0.480087,-0.229839,-0.0978529,0.00017433,0.00896454,0.0791559,0.505264,0.222973,-0.107486,-0.00696238,-0.0108719
18.46,-0.000572205,-0.0890741,-0.480087,-0.229839,-0.0978529,0.00017433,0.00896454,0.0791559,0.505264,0.222973,-0.107486,-0.00696238,-0.0108719
18.48,-0.000572205,-0.0890741,-0.480087,-0.229839,-0.0976672,-0.000135043,0.00896454,0.0791559,0.505264,0.222973,-0.107486,-0.00696238,-0.0108719
18.5,-0.000572205,-0.0890741,-0.480087,-0.229839,-0.0976672,-0.000135043,0.00896454,0.0791559,0.505264,0.222973,-0.107486,-0.00696238,-0.0108719
18.52,-0.000572205,-0.0890741,-0.480087,-0.229839,-0.0976672,-0.000135043,0.00896454,0.0791559,0.505264,0.222973,-0.107486,-0.00696238,-0.0108719
18.54,-0.000572205,-0.0890741,-0.480087,-0.229839,-0.0976672,-0.000135043,0.00896454,0.0791559,0.505264,0.222973,-0.107486,-0.00696238,-0.0108719
18.56,-0.000572205,-0.0890741,-0.480087,-0.229839,-0.0976672,-0.000135043,0.00896454,0.0791559,0.505264,0.222973,-0.1073,-0.00727278,-0.0108719
18.58,-0.000572205,-0.0890741,-0.480087,-0.229839,-0.0976672,-0.000135043,0.00896454,0.0791559,0.505264,0.222973,-0.1073,-0.00727278,-0.0108719
18.6,-0.000572205,-0.0890741,-0.480087,-0.229839,-0.0976672,-0.000135043,0.00896454,0.0791559,0.505264,0.222973,-0.1073,-0.00727278,-0.0108719
18.62,-0.000572205,-0.0890741,-0.480087,-0.229839,-0.0976672,-0.000135043,0.00896454,0.0791559,0.505264,0.222973,-0.1073,-0.00727278,-0.0108719
18.64,-0.000572205,-0.0890741,-0.480087,-0.229839,-0.0976672,-0.000135043,0.00896454,0.0791559,0.505264,0.222973,-0.1073,-0.00727278,-0.0108719
18.66,-0.000572205,-0.0890741,-0.480087,-0.229839,-0.0976672,-0.000135043,0.00896454,0.0791559,0.505264,0.222973,-0.1073,-0.00727278,-0.0108719
18.68,-0.000572205,-0.0890741,-0.480087,-0.229839,-0.0976672,-0.000135043,0.00896454,0.0791559,0.505264,0.222973,-0.1073,-0.00727278,-0.0108719
18.7,-0.000572205,-0.0890741,-0.480087,-0.230221,-0.0976672,-0.000135043,0.00896454,0.0791559,0.505264,0.222973,-0.1073,-0.00727278,-0.0108719
18.72,-0.000572205,-0.0890741,-0.480087,-0.229839,-0.0976672,-0.000135043,0.00896454,0.0791559,0.505264,0.222973,-0.1073,-0.00727278,-0.0108719
18.74,-0.000572205,-0.0890741,-0.480087,-0.229839,-0.0976672,-0.000135043,0.00896454,0.0791559,0.505264,0.222973,-0.1073,-0.00727278,-0.0108719
18.76,-0.000572205,-0.0890741,-0.480087,-0.230221,-0.0976672,-0.000135043,0.00896454,0.0791559,0.505264,0.222973,-0.1073,-0.00727278,-0.0108719
18.78,-0.000572205,-0.0890741,-0.480087,-0.229839,-0.0976672,-0.000135043,0.00896454,0.0791559,0.505264,0.222973,-0.1073,-0.00727278,-0.0108719
18.8,-0.000572205,-0.0890741,-0.480087,-0.230221,-0.0976672,-0.000135043,0.00896454,0.0791559,0.505264,0.222973,-0.1073,-0.00727278,-0.0108719
18.82,-0.000572205,-0.0890741,-0.480087,-0.229839,-0.0976672,-0.000135043,0.00896454,0.0791559,0.505264,0.222973,-0.1073,-0.00727278,-0.0108719
18.84,-0.000572205,-0.0890741,-0.480087,-0.229839,-0.0976672,-0.000135043,0.00896454,0.0791559,0.505264,0.222973,-0.1073,-0.00727278,-0.0108719
18.86,-0.000572205,-0.0890741,-0.480087,-0.229839,-0.0976672,-0.000135043,0.00896454,0.0791559,0.505264,0.222973,-0.1073,-0.00727278,-0.0108719
18.88,-0.000572205,-0.0890741,-0.480087,-0.230221,-0.0976672,-0.000135043,0.00896454,0.0791559,0.505264,0.222973,-0.1073,-0.00727278,-0.0108719
18.9,-0.000572205,-0.0890741,-0.480087,-0.230221,-0.0976672,-0.000135043,0.00896454,0.0791559,0.505264,0.222973,-0.1073,-0.00727278,-0.0108719
18.92,-0.000572205,-0.0890741,-0.480087,-0.229839,-0.0976672,-0.000135043,0.00896454,0.0791559,0.505264,0.222973,-0.1073,-0.00727278,-0.0108719
18.94,-0.000572205,-0.0890741,-0.480087,-0.230221,-0.0976672,-0.000135043,0.00896454,0.0791559,0.505264,0.222973,-0.1073,-0.00727278,-0.0108719
18.96,-0.000572205,-0.0890741,-0.480087,-0.230221,-0.0976672,-0.000135043,0.00896454,0.0791559,0.505264,0.222973,-0.1073,-0.00727278,-0.0108719
18.98,-0.000572205,-0.0890741,-0.480087,-0.230221,-0.0976672,-0.000135043,0.00896454,0.0791559,0.505264,0.222973,-0.1073,-0.00727278,-0.0108719
19,-0.000572205,-0.0890741,-0.480087,-0.230221,-0.0976672,-0.000135043,0.00896454,0.0791559,0.505264,0.222973,-0.1073,-0.00727278,-0.0108719
19.02,-0.000572205,-0.0890741,-0.480087,-0.230221,-0.0976672,-0.000135043,0.00896454,0.0791559,0.505264,0.222973,-0.1073,-0.00727278,-0.0108719
19.04,-0.000572205,-0.0890741,-0.480087,-0.230221,-0.0976672,-0.000135043,0.00896454,0.0791559,0.505264,0.222973,-0.1073,-0.00727278,-0.0108719
19.06,-0.000572205,-0.0890741,-0.480087,-0.230221,-0.0976672,-0.000135043,0.00896454,0.0791559,0.505264,0.222973,-0.1073,-0.00727278,-0.0108719
19.08,-0.000572205,-0.0890741,-0.480087,-0.230221,-0.0976672,-0.000135043,0.00896454,0.0791559,0.505264,0.222973,-0.1073,-0.00727278,-0.0108719
19.1,-0.000572205,-0.0890741,-0.480087,-0.230221,-0.0976672,-0.000135043,0.00896454,0.0791559,0.505264,0.222973,-0.1073,-0.00727278,-0.0108719
19.12,-0.000572205,-0.0890741,-0.480087,-0.230221,-0.0976672,-0.000135043,0.00896454,0.0791559,0.505264,0.222973,-0.1073,-0.00727278,-0.0108719
19.14,-0.000572205,-0.0890741,-0.480087,-0.230221,-0.0976672,-0.000135043,0.00896454,0.0791559,0.505264,0.222973,-0.1073,-0.00727278,-0.0108719
19.16,-0.000572205,-0.0890741,-0.480087,-0.230221,-0.0976672,-0.000135043,0.00896454,0.0791559,0.505264,0.222973,-0.1073,-0.00727278,-0.0108719
19.18,-0.000572205,-0.0890741,-0.480087,-0.230221,-0.0976672,-0.000135043,0.00896454,0.0791559,0.505264,0.222973,-0.1073,-0.00727278,-0.0108719
19.2,-0.000572205,-0.0890741,-0.480087,-0.230221,-0.0976672,-0.000135043,0.00896454,0.0791559,0.505264,0.222973,-0.1073,-0.00727278,-0.0108719
19.22,-0.000572205,-0.0890741,-0.480087,-0.230221,-0.0976672,-0.000135043,0.00896454,0.0791559,0.505264,0.222973,-0.1073,-0.00727278,-0.0108719
19.24,-0.000572205,-0.0890741,-0.480087,-0.230221,-0.0976672,-0.000135043,0.00896454,0.0791559,0.505264,0.222973,-0.107116,-0.00696355,-0.0108719
19.26,-0.000572205,-0.0890741,-0.480087,-0.230221,-0.0976672,-0.000135043,0.00896454,0.0791559,0.505264,0.222973,-0.107116,-0.00696355,-0.0108719
19.28,-0.000572205,-0.0890741,-0.480087,-0.230221,-0.0976672,-0.000135043,0.00896454,0.0791559,0.505264,0.222973,-0.107116,-0.00696355,-0.0108719
19.3,-0.000572205,-0.0890741,-0.480087,-0.230221,-0.0976672,-0.000135043,0.00896454,0.0791559,0.505264,0.222973,-0.107116,-0.00696355,-0.0108719
19.32,-0.000572205,-0.0890741,-0.480087,-0.230221,-0.0976672,-0.000135043,0.00896454,0.0791559,0.505264,0.222973,-0.107116,-0.00696355,-0.0108719
19.34,-0.000572205,-0.0890741,-0.480087,-0.230221,-0.0976672,-0.000135043,0.00896454,0.0791559,0.505264,0.222973,-0.107116,-0.00696355,-0.0108719
19.36,-0.000572205,-0.0890741,-0.480087,-0.230221,-0.0976672,-0.000135043,0.00896454,0.0791559,0.505264,0.222973,-0.107116,-0.00696355,-0.0108719
19.38,-0.000572205,-0.0890741,-0.480087,-0.230221,-0.0976672,-0.000135043,0.00896454,0.0791559,0.505264,0.222973,-0.107116,-0.00696355,-0.0108719
19.4,-0.000572205,-0.0890741,-0.480087,-0.230221,-0.0976672,-0.000135043,0.00896454,0.0791559,0.505264,0.222973,-0.107116,-0.00696355,-0.0108719
19.42,-0.000572205,-0.0890741,-0.480087,-0.230221,-0.0976672,-0.000135043,0.00896454,0.0791559,0.505264,0.222973,-0.107116,-0.00696355,-0.0108719
19.44,-0.000572205,-0.0890741,-0.480087,-0.230221,-0.0976672,-0.000135043,0.00896454,0.0791559,0.505264,0.222973,-0.107116,-0.00696355,-0.0108719
19.46,-0.000572205,-0.0890741,-0.480087,-0.230221,-0.0976672,-0.000135043,0.00896454,0.0791559,0.505264,0.222973,-0.107116,-0.00696355,-0.0108719
19.48,-0.000572205,-0.0890741,-0.480087,-0.230221,-0.0976672,-0.000135043,0.00896454,0.0791559,0.505264,0.222973,-0.107116,-0.00696355,-0.0108719
19.5,-0.000572205,-0.0890741,-0.480087,-0.230221,-0.0976672,-0.000135043,0.00896454,0.0791559,0.505264,0.222973,-0.107116,-0.00696355,-0.0108719
19.52,-0.000572205,-0.0890741,-0.480087,-0.230221,-0.0976672,-0.000135043,0.00896454,0.0791559,0.505264,0.222973,-0.107116,-0.00696355,-0.0108719
19.54,-0.000572205,-0.0890741,-0.480087,-0.230221,-0.0976672,-0.000135043,0.00896454,0.0791559,0.505264,0.222973,-0.107116,-0.00696355,-0.0108719
19.56,-0.000572205,-0.0890741,-0.480087,-0.230602,-0.0976672,-0.000135043,0.00896454,0.0791559,0.505264,0.222973,-0.106931,-0.00665431,-0.0108719
19.58,-0.000572205,-0.0890741,-0.480087,-0.230602,-0.0976672,-0.000135043,0.00896454,0.0791559,0.505264,0.222973,-0.106746,-0.00696471,-0.0108719
19.6,-0.000572205,-0.0890741,-0.480087,-0.230602,-0.0976672,-0.000135043,0.00896454,0.0791559,0.505264,0.222973,-0.106746,-0.00696471,-0.0108719
19.62,-0.000572205,-0.0890741,-0.480087,-0.230602,-0.0976672,-0.000135043,0.00896454,0.0791559,0.505264,0.222973,-0.106746,-0.00696471,-0.0108719
19.64,-0.000572205,-0.0890741,-0.480087,-0.230984,-0.0976672,-0.000135043,0.00896454,0.0791559,0.505264,0.222973,-0.106746,-0.00696471,-0.0108719
19.66,-0.000572205,-0.0894556,-0.480087,-0.231365,-0.0976672,-0.000135043,0.00896454,0.0791559,0.505264,0.222973,-0.106746,-0.00696471,-0.0108719
19.68,-0.000572205,-0.0894556,-0.480087,-0.231747,-0.0976672,-0.000135043,0.00896454,0.0791559,0.505264,0.222973,-0.106746,-0.00696471,-0.0108719
19.7,-0.000572205,-0.0894556,-0.480087,-0.231747,-0.0976672,-0.000135043,0.00896454,0.0791559,0.505264,0.222973,-0.106746,-0.00696471,-0.0108719
19.72,-0.000572205,-0.0894556,-0.480087,-0.231747,-0.0976672,-0.000135043,0.00896454,0.0791559,0.505264,0.222973,-0.106746,-0.00696471,-0.0108719
19.74,-0.000572205,-0.0894556,-0.480087,-0.231747,-0.0976672,-0.000135043,0.00896454,0.0791559,0.505264,0.222973,-0.106746,-0.00696471,-0.0108719
19.76,-0.000572205,-0.0894556,-0.480087,-0.231747,-0.0976672,-0.000135043,0.00896454,0.0791559,0.505264,0.223354,-0.106746,-0.00696471,-0.0108719
19.78,-0.000572205,-0.0894556,-0.480087,-0.232128,-0.0976672,-0.000135043,0.00896454,0.0791559,0.505264,0.223354,-0.106746,-0.00696471,-0.0108719
19.8,-0.000572205,-0.0894556,-0.480087,-0.232128,-0.0976672,-0.000135043,0.00896454,0.0791559,0.505264,0.223354,-0.106561,-0.00665547,-0.0108719
19.82,-0.000572205,-0.0894556,-0.480087,-0.232128,-0.0976672,-0.000135043,0.00896454,0.0791559,0.505264,0.223354,-0.106561,-0.00665547,-0.0108719
19.84,-0.000572205,-0.0894556,-0.480087,-0.232128,-0.0976672,-0.000135043,0.00896454,0.0791559,0.505264,0.223354,-0.106561,-0.00665547,-0.0108719
19.86,-0.000572205,-0.0894556,-0.480087,-0.232128,-0.0976672,-0.000135043,0.00896454,0.0791559,0.505264,0.223354,-0.106191,-0.00665662,-0.0108719
19.88,-0.000572205,-0.0894556,-0.480087,-0.232128,-0.0976672,-0.000135043,0.00896454,0.0791559,0.505264,0.223354,-0.106191,-0.00665662,-0.0108719
19.9,-0.000572205,-0.0894556,-0.480087,-0.232128,-0.0976672,-0.000135043,0.00896454,0.0791559,0.505264,0.223354,-0.106191,-0.00665662,-0.0108719
19.92,-0.000572205,-0.0894556,-0.480087,-0.232128,-0.0974815,-0.000444421,0.00896454,0.0791559,0.505264,0.223354,-0.106191,-0.00665662,-0.0108719
19.94,-0.000572205,-0.0894556,-0.480087,-0.23251,-0.0974815,-0.000444421,0.00896454,0.0791559,0.505264,0.223354,-0.106191,-0.00665662,-0.0108719
19.96,-0.000572205,-0.0894556,-0.480087,-0.232128,-0.0974815,-0.000444421,0.00896454,0.0791559,0.505264,0.223354,-0.106191,-0.00665662,-0.0108719
19.98,-0.000572205,-0.0894556,-0.480087,-0.23251,-0.0974815,-0.000444421,0.00896454,0.0791559,0.505264,0.223354,-0.106191,-0.00665662,-0.0108719
20,-0.000572205,-0.0894556,-0.480087,-0.23251,-0.0974815,-0.000444421,0.00896454,0.0791559,0.505264,0.223354,-0.106005,-0.00696702,-0.0108719
20.02,-0.000572205,-0.0894556,-0.480087,-0.23251,-0.0972959,-0.000134003,0.00896454,0.0791559,0.505264,0.223354,-0.106005,-0.00696702,-0.0108719
20.04,-0.000572205,-0.0894556,-0.480087,-0.23251,-0.0971101,-0.000443383,0.00896454,0.0791559,0.505264,0.223354,-0.106005,-0.00696702,-0.0108719
20.06,-0.000572205,-0.0894556,-0.480087,-0.23251,-0.0971101,-0.000443383,0.00896454,0.0791559,0.505264,0.223354,-0.10582,-0.00665777,-0.0108719
20.08,-0.000572205,-0.0894556,-0.480087,-0.23251,-0.0971101,-0.000443383,0.00896454,0.0791559,0.505264,0.223736,-0.10582,-0.00665777,-0.0108719
20.1,-0.000572205,-0.0894556,-0.480087,-0.232891,-0.0971101,-0.000443383,0.00896454,0.0791559,0.505264,0.223736,-0.10582,-0.00665777,-0.0108719
20.12,-0.000572205,-0.0894556,-0.480087,-0.233273,-0.0971101,-0.000443383,0.00896454,0.0791559,0.505264,0.224117,-0.10582,-0.00665777,-0.0108719
20.14,-0.000572205,-0.0894556,-0.480087,-0.233654,-0.0971101,-0.000443383,0.00896454,0.0791559,0.505264,0.224499,-0.10582,-0.00665777,-0.0108719
20.16,-0.000572205,-0.0894556,-0.480087,-0.233654,-0.0971101,-0.000443383,0.00896454,0.0791559,0.505264,0.22488,-0.10582,-0.00665777,-0.0108719
20.18,-0.000572205,-0.0894556,-0.480087,-0.234035,-0.0971101,-0.000443383,0.00896454,0.0791559,0.505264,0.22488,-0.10582,-0.00665777,-0.0108719
20.2,-0.000190735,-0.0894556,-0.480087,-0.234035,-0.0967387,-0.000442349,0.00896454,0.0791559,0.505264,0.22488,-0.10545,-0.00665892,-0.0112534
20.22,-0.000190735,-0.0894556,-0.480087,-0.234417,-0.0967387,-0.000442349,0.00896454,0.0791559,0.505264,0.22488,-0.10545,-0.00665892,-0.0112534
20.24,-0.000190735,-0.0894556,-0.480087,-0.234417,-0.0963673,-0.00044132,0.00896454,0.0791559,0.505264,0.225262,-0.105079,-0.00666006,-0.0112534
20.26,0.000190735,-0.0894556,-0.480087,-0.23518,-0.0961815,-0.00075071,0.00896454,0.0791559,0.505264,0.225262,-0.104894,-0.0063508,-0.0112534
20.28,0.000190735,-0.0894556,-0.480087,-0.235943,-0.0959958,-0.000440294,0.00896454,0.0791559,0.505264,0.225643,-0.104524,-0.00635193,-0.0112534
20.3,0.000190735,-0.0894556,-0.480087,-0.236324,-0.09581,-0.000749687,0.00896454,0.0791559,0.505264,0.226025,-0.104153,-0.00635306,-0.0112534
20.32,0.000190735,-0.0894556,-0.480087,-0.237469,-0.0954385,-0.000748668,0.00896454,0.0791559,0.505264,0.226788,-0.103782,-0.00635419,-0.0112534
20.34,0.000190735,-0.0894556,-0.480087,-0.238232,-0.0954385,-0.000748668,0.00896454,0.0791559,0.505264,0.227169,-0.103598,-0.00604492,-0.0112534
20.36,0.000953674,-0.0894556,-0.480087,-0.238232,-0.0950667,-0.00136747,0.00896454,0.0791559,0.505264,0.227169,-0.103227,-0.00604604,-0.0108719
20.38,0.00133514,-0.0894556,-0.479706,-0.238613,-0.0945087,-0.00229572,0.00896454,0.0791559,0.505264,0.227169,-0.102671,-0.00573788,-0.0108719
20.4,0.00133514,-0.0894556,-0.479324,-0.239376,-0.094137,-0.00229471,0.00896454,0.0791559,0.505264,0.227169,-0.102116,-0.0054297,-0.0108719
20.42,0.00133514,-0.0894556,-0.478561,-0.239758,-0.0937644,-0.00291434,0.00896454,0.0791559,0.505264,0.227169,-0.101005,-0.0041936,-0.0112534
20.44,0.00133514,-0.0894556,-0.478561,-0.240139,-0.0932064,-0.00322279,0.00896454,0.0795374,0.505264,0.227169,-0.0998936,-0.00233768,-0.0108719
20.46,0.00133514,-0.0894556,-0.478561,-0.240139,-0.0926484,-0.00353125,0.00896454,0.0799189,0.505264,0.227169,-0.0989663,-0.00141072,-0.0108719
20.48,0.00133514,-0.0894556,-0.478561,-0.240902,-0.0919046,-0.00352929,0.00896454,0.0806818,0.505264,0.227169,-0.0985953,-0.00079201,-0.0108719
20.5,0.00133514,-0.0894556,-0.478561,-0.241665,-0.0917183,-0.00383875,0.00896454,0.0806818,0.505264,0.227551,-0.0982241,-0.000793062,-0.0108719
20.52,0.00133514,-0.0894556,-0.478561,-0.242809,-0.0917183,-0.00383875,0.00896454,0.0806818,0.505264,0.227551,-0.0980383,-0.00110347,-0.0108719
20.54,0.00209808,-0.0894556,-0.478561,-0.243572,-0.0913463,-0.00383778,0.00896454,0.0806818,0.505264,0.227932,-0.0978525,-0.00141388,-0.0108719
20.56,0.00247955,-0.0894556,-0.478561,-0.244335,-0.0913463,-0.00383778,0.00896454,0.0806818,0.505264,0.228695,-0.0974812,-0.00141492,-0.0108719
20.58,0.00324249,-0.0894556,-0.478561,-0.245861,-0.0913463,-0.00383778,0.00896454,0.0806818,0.505264,0.229076,-0.0971098,-0.00141597,-0.0108719
20.6,0.00400543,-0.0894556,-0.478561,-0.247005,-0.0913463,-0.00383778,0.00896454,0.0806818,0.505264,0.229458,-0.0969243,-0.0011066,-0.0108719
20.62,0.00476837,-0.0894556,-0.47818,-0.247768,-0.0913463,-0.00383778,0.00896454,0.0806818,0.505264,0.229839,-0.0965528,-0.00110763,-0.0108719
20.64,0.00629425,-0.0894556,-0.47818,-0.24815,-0.0909743,-0.00383681,0.00896454,0.0806818,0.505264,0.230221,-0.0961814,-0.00110867,-0.0108719
20.66,0.00782013,-0.0894556,-0.47818,-0.24815,-0.0907879,-0.00414628,0.00896454,0.0806818,0.505264,0.231365,-0.0961814,-0.00110867,-0.0108719
20.68,0.00934601,-0.0894556,-0.47818,-0.248531,-0.090415,-0.00476523,0.00896454,0.0806818,0.505264,0.232128,-0.0959955,-0.00141906,-0.0108719
20.7,0.0101089,-0.0894556,-0.47818,-0.248531,-0.0902285,-0.00507471,0.00896454,0.0806818,0.505264,0.23251,-0.0959955,-0.00141906,-0.0108719
20.72,0.0108719,-0.0894556,-0.47818,-0.248531,-0.0894832,-0.00569274,0.00896454,0.0806818,0.505264,0.233654,-0.0959955,-0.00141906,-0.0108719
20.74,0.0108719,-0.0894556,-0.47818,-0.248913,-0.0889239,-0.00600052,0.00896454,0.0806818,0.505264,0.234035,-0.095624,-0.00142009,-0.0108719
20.76,0.0108719,-0.0894556,-0.47818,-0.249294,-0.0885504,-0.00661953,0.00896454,0.0806818,0.505264,0.234417,-0.095624,-0.00142009,-0.0108719
20.78,0.0108719,-0.0898371,-0.47818,-0.250057,-0.0883649,-0.00630909,0.00896454,0.0810633,0.505264,0.235561,-0.095624,-0.00142009,-0.0108719
20.8,0.0108719,-0.0898371,-0.47818,-0.250439,-0.0883649,-0.00630909,0.00896454,0.0810633,0.505264,0.235943,-0.0954383,-0.00111071,-0.0108719
20.82,0.0108719,-0.0906,-0.47818,-0.25082,-0.0881781,-0.0066186,0.00896454,0.0806818,0.505264,0.235943,-0.0954383,-0.00111071,-0.0108719
20.84,0.0108719,-0.0909815,-0.47818,-0.251202,-0.0879913,-0.00692812,0.00896454,0.0806818,0.505264,0.235943,-0.0952526,-0.000801333,-0.0108719
20.86,0.0108719,-0.0909815,-0.47818,-0.251583,-0.0878045,-0.00723764,0.00896454,0.0806818,0.505264,0.236324,-0.0950669,-0.000491949,-0.0108719
20.88,0.0108719,-0.0909815,-0.47818,-0.251965,-0.087619,-0.0069272,0.00896454,0.0806818,0.505264,0.236706,-0.0948811,-0.00018256,-0.0108719
20.9,0.0108719,-0.0909815,-0.47818,-0.251965,-0.0874321,-0.00723672,0.00896454,0.0806818,0.505264,0.237087,-0.0946953,0.000126834,-0.0108719
20.92,0.0108719,-0.0909815,-0.47818,-0.251965,-0.0874321,-0.00723672,0.00896454,0.0806818,0.505264,0.237469,-0.0945095,-0.00018357,-0.0108719
20.94,0.0108719,-0.0909815,-0.477798,-0.251965,-0.0870597,-0.0072358,0.00896454,0.0806818,0.505264,0.237469,-0.0945095,-0.00018357,-0.0108719
20.96,0.0108719,-0.0909815,-0.477417,-0.251965,-0.0868728,-0.00754534,0.00896454,0.0806818,0.505264,0.237469,-0.0943237,0.000125827,-0.0108719
20.98,0.0108719,-0.0909815,-0.477036,-0.251965,-0.0868728,-0.00754534,0.00896454,0.0806818,0.505264,0.237469,-0.0941378,0.000435227,-0.0108719
21,0.0108719,-0.0909815,-0.476654,-0.251965,-0.0866858,-0.00785488,0.00896454,0.0806818,0.505264,0.237469,-0.0941378,0.000435227,-0.0108719
21.02,0.0108719,-0.0909815,-0.476654,-0.251965,-0.0866858,-0.00785488,0.00896454,0.0806818,0.505264,0.237469,-0.0939519,0.000744633,-0.0108719
21.04,0.0108719,-0.0909815,-0.476654,-0.251965,-0.0866858,-0.00785488,0.00896454,0.0806818,0.505264,0.237469,-0.0939519,0.000744633,-0.0108719
21.06,0.0108719,-0.0909815,-0.476654,-0.251965,-0.0866858,-0.00785488,0.00896454,0.0806818,0.505264,0.237469,-0.0939519,0.000744633,-0.0108719
21.08,0.0108719,-0.0909815,-0.476654,-0.251965,-0.0868713,-0.00816533,0.00896454,0.0806818,0.505264,0.237469,-0.0939519,0.000744633,-0.0108719
21.1,0.0108719,-0.0909815,-0.476654,-0.251965,-0.0868713,-0.00816533,0.00896454,0.0806818,0.505264,0.237469,-0.0939519,0.000744633,-0.0108719
21.12,0.0108719,-0.0909815,-0.476654,-0.251965,-0.0868713,-0.00816533,0.00896454,0.0806818,0.505264,0.237469,-0.0939519,0.000744633,-0.0108719
21.14,0.0108719,-0.0909815,-0.476654,-0.251965,-0.0868713,-0.00816533,0.00896454,0.0806818,0.505264,0.237469,-0.0941377,0.00105504,-0.0108719
21.16,0.0108719,-0.0909815,-0.476654,-0.251965,-0.0870583,-0.00785579,0.00896454,0.0806818,0.505264,0.237469,-0.0941377,0.00105504,-0.0108719
21.18,0.0108719,-0.0909815,-0.476654,-0.251965,-0.0870583,-0.00785579,0.00896454,0.0806818,0.505264,0.237469,-0.0941377,0.00105504,-0.0108719
21.2,0.0108719,-0.091363,-0.476654,-0.251965,-0.0870583,-0.00785579,0.00896454,0.0806818,0.505264,0.237469,-0.0943234,0.00136546,-0.0108719
21.22,0.0108719,-0.091363,-0.476654,-0.251965,-0.0870583,-0.00785579,0.00896454,0.0806818,0.505646,0.237469,-0.0943234,0.00136546,-0.0108719
21.24,0.0108719,-0.0917444,-0.476654,-0.251965,-0.0872452,-0.00754625,0.00934601,0.0806818,0.505264,0.237469,-0.0945094,0.00105605,-0.0108719
21.26,0.0108719,-0.0921259,-0.476654,-0.251965,-0.0872452,-0.00754625,0.00934601,0.0806818,0.505646,0.237087,-0.0946951,0.00136646,-0.0108719
21.28,0.0108719,-0.0921259,-0.476654,-0.251965,-0.0872452,-0.00754625,0.00934601,0.0806818,0.505646,0.237087,-0.0946951,0.00136646,-0.0108719
21.3,0.0108719,-0.0925074,-0.476654,-0.251965,-0.0872452,-0.00754625,0.00934601,0.0806818,0.505646,0.237087,-0.0950667,0.00136747,-0.0108719
21.32,0.0108719,-0.0925074,-0.476654,-0.251965,-0.0872452,-0.00754625,0.00934601,0.0806818,0.505646,0.237087,-0.0950667,0.00136747,-0.0108719
21.34,0.0108719,-0.0925074,-0.476654,-0.251965,-0.0872452,-0.00754625,0.00934601,0.0806818,0.505646,0.237087,-0.0950667,0.00136747,-0.0108719
21.36,0.0108719,-0.0925074,-0.476654,-0.251965,-0.0872452,-0.00754625,0.00934601,0.0806818,0.505646,0.237087,-0.0952523,0.00167789,-0.0108719
21.38,0.0108719,-0.0925074,-0.476654,-0.251965,-0.0872452,-0.00754625,0.00934601,0.0806818,0.505646,0.237087,-0.0952523,0.00167789,-0.0108719
21.4,0.0108719,-0.0925074,-0.476654,-0.251965,-0.0874321,-0.00723672,0.00934601,0.0806818,0.505646,0.237087,-0.0952523,0.00167789,-0.0108719
21.42,0.0108719,-0.0925074,-0.476654,-0.251965,-0.0874321,-0.00723672,0.00934601,0.0806818,0.505646,0.237087,-0.0952523,0.00167789,-0.0108719
21.44,0.0108719,-0.0925074,-0.476654,-0.251965,-0.0874321,-0.00723672,0.00934601,0.0806818,0.505646,0.237087,-0.0952523,0.00167789,-0.0108719
21.46,0.0108719,-0.0925074,-0.476654,-0.251965,-0.0874321,-0.00723672,0.00934601,0.0806818,0.505646,0.237087,-0.0952523,0.00167789,-0.0108719
21.48,0.0108719,-0.0925074,-0.476654,-0.251965,-0.0874321,-0.00723672,0.00934601,0.0806818,0.505646,0.237087,-0.0952523,0.00167789,-0.0108719
21.5,0.0108719,-0.0925074,-0.476654,-0.251965,-0.0874321,-0.00723672,0.00934601,0.0806818,0.505646,0.237087,-0.0952523,0.00167789,-0.0108719
21.52,0.0108719,-0.0925074,-0.476654,-0.251965,-0.0874321,-0.00723672,0.00934601,0.0806818,0.505646,0.237087,-0.0952523,0.00167789,-0.0108719
21.54,0.0108719,-0.0925074,-0.476654,-0.251965,-0.0874321,-0.00723672,0.00934601,0.0806818,0.505646,0.237087,-0.0952523,0.00167789,-0.0108719
21.56,0.0108719,-0.0925074,-0.476654,-0.251965,-0.0874321,-0.00723672,0.00934601,0.0806818,0.505646,0.237087,-0.0952523,0.00167789,-0.0108719
21.58,0.0108719,-0.0925074,-0.476654,-0.251965,-0.0874321,-0.00723672,0.00934601,0.0806818,0.505646,0.237087,-0.0952523,0.00167789,-0.0108719
21.6,0.0108719,-0.0925074,-0.476654,-0.251965,-0.0874321,-0.00723672,0.00934601,0.0806818,0.505646,0.237087,-0.0952523,0.00167789,-0.0108719
21.62,0.0108719,-0.0925074,-0.476654,-0.251965,-0.0874321,-0.00723672,0.00934601,0.0806818,0.505646,0.237087,-0.0952523,0.00167789,-0.0108719
21.64,0.0108719,-0.0925074,-0.476654,-0.251583,-0.0874321,-0.00723672,0.00934601,0.0806818,0.505646,0.237087,-0.0952523,0.00167789,-0.0108719
21.66,0.0108719,-0.0925074,-0.476654,-0.251583,-0.0874321,-0.00723672,0.00934601,0.0806818,0.505646,0.237087,-0.0952523,0.00167789,-0.0108719
21.68,0.0108719,-0.0925074,-0.476654,-0.251965,-0.0874321,-0.00723672,0.00934601,0.0806818,0.505646,0.237087,-0.0952523,0.00167789,-0.0108719
21.7,0.0108719,-0.0925074,-0.476654,-0.251965,-0.0874321,-0.00723672,0.00934601,0.0806818,0.505646,0.237087,-0.0952523,0.00167789,-0.0108719
21.72,0.0108719,-0.0925074,-0.476654,-0.251583,-0.0874321,-0.00723672,0.00934601,0.0806818,0.505646,0.237087,-0.0952523,0.00167789,-0.0108719
21.74,0.0108719,-0.0925074,-0.476654,-0.251583,-0.0874321,-0.00723672,0.00934601,0.0806818,0.505646,0.237087,-0.0952523,0.00167789,-0.0108719
21.76,0.0108719,-0.0925074,-0.476654,-0.251965,-0.087619,-0.0069272,0.00934601,0.0806818,0.505646,0.237087,-0.0954383,0.00136849,-0.0108719
21.78,0.0108719,-0.0925074,-0.476654,-0.251965,-0.087619,-0.0069272,0.00934601,0.0806818,0.505646,0.237087,-0.0954383,0.00136849,-0.0108719
21.8,0.0108719,-0.0925074,-0.476654,-0.251583,-0.087619,-0.0069272,0.00934601,0.0806818,0.505646,0.237087,-0.0954383,0.00136849,-0.0108719
21.82,0.0108719,-0.0925074,-0.476654,-0.251583,-0.0878045,-0.00723764,0.00934601,0.0806818,0.505646,0.237087,-0.0954383,0.00136849,-0.0108719
21.84,0.0108719,-0.0925074,-0.476654,-0.251583,-0.0878045,-0.00723764,0.00934601,0.0806818,0.505646,0.237087,-0.0954383,0.00136849,-0.0108719
21.86,0.0108719,-0.0925074,-0.476654,-0.251583,-0.0878045,-0.00723764,0.00934601,0.0806818,0.505646,0.237087,-0.0954383,0.00136849,-0.0108719
21.88,0.0108719,-0.0925074,-0.476654,-0.251583,-0.0878045,-0.00723764,0.00934601,0.0806818,0.505646,0.237087,-0.0954383,0.00136849,-0.0108719
21.9,0.0108719,-0.0925074,-0.476654,-0.251583,-0.0878045,-0.00723764,0.00934601,0.0806818,0.505646,0.237087,-0.0954383,0.00136849,-0.0108719
21.92,0.0108719,-0.0925074,-0.476654,-0.251583,-0.0878045,-0.00723764,0.00934601,0.0806818,0.505646,0.237087,-0.0958098,0.0013695,-0.0108719
21.94,0.0108719,-0.0925074,-0.476654,-0.251583,-0.0878045,-0.00723764,0.00934601,0.0806818,0.505646,0.237087,-0.0958098,0.0013695,-0.0108719
21.96,0.0108719,-0.0925074,-0.476654,-0.251583,-0.0878045,-0.00723764,0.00934601,0.0806818,0.505646,0.237087,-0.0958098,0.0013695,-0.0108719
21.98,0.0108719,-0.0925074,-0.476654,-0.251583,-0.0878045,-0.00723764,0.00934601,0.0806818,0.505646,0.237087,-0.0958098,0.0013695,-0.0108719
22,0.0108719,-0.0925074,-0.476654,-0.251583,-0.0878045,-0.00723764,0.00934601,0.0806818,0.505646,0.237087,-0.0958098,0.0013695,-0.0108719
22.02,0.0108719,-0.0925074,-0.476654,-0.251583,-0.0878045,-0.00723764,0.00934601,0.0806818,0.505646,0.237087,-0.0959957,0.0010601,-0.0108719
22.04,0.0108719,-0.0925074,-0.476654,-0.251583,-0.0878045,-0.00723764,0.00934601,0.0806818,0.505646,0.237087,-0.0959957,0.0010601,-0.0108719
22.06,0.0108719,-0.0925074,-0.476654,-0.251583,-0.0879913,-0.00692812,0.00934601,0.0806818,0.505646,0.237087,-0.0959957,0.0010601,-0.0108719
22.08,0.0108719,-0.0925074,-0.476654,-0.251583,-0.0879913,-0.00692812,0.00934601,0.0806818,0.505646,0.237087,-0.0959957,0.0010601,-0.0108719
22.1,0.0108719,-0.0925074,-0.476654,-0.251583,-0.0879913,-0.00692812,0.00934601,0.0806818,0.505646,0.237087,-0.0959957,0.0010601,-0.0108719
22.12,0.0108719,-0.0925074,-0.476654,-0.251583,-0.0879913,-0.00692812,0.00934601,0.0806818,0.505646,0.237087,-0.0959957,0.0010601,-0.0108719
22.14,0.0108719,-0.0925074,-0.476654,-0.251583,-0.0879913,-0.00692812,0.00934601,0.0806818,0.505646,0.237087,-0.0959957,0.0010601,-0.0108719
22.16,0.0108719,-0.0925074,-0.476654,-0.251583,-0.0879913,-0.00692812,0.00934601,0.0806818,0.505646,0.237087,-0.0961815,0.00075071,-0.0108719
22.18,0.0108719,-0.0925074,-0.476654,-0.251583,-0.0879913,-0.00692812,0.00934601,0.0806818,0.505646,0.237087,-0.0959957,0.0010601,-0.0108719
22.2,0.0108719,-0.0925074,-0.476654,-0.251583,-0.0879913,-0.00692812,0.00934601,0.0806818,0.505646,0.237087,-0.0961815,0.00075071,-0.0108719
22.22,0.0108719,-0.0925074,-0.476654,-0.251583,-0.0879913,-0.00692812,0.00934601,0.0806818,0.505646,0.237087,-0.0961815,0.00075071,-0.0108719
22.24,0.0108719,-0.0925074,-0.476654,-0.251583,-0.0879913,-0.00692812,0.00934601,0.0806818,0.505646,0.237087,-0.0961815,0.00075071,-0.0108719
22.26,0.0108719,-0.0925074,-0.476654,-0.251583,-0.0879913,-0.00692812,0.00934601,0.0806818,0.505646,0.237087,-0.0961815,0.00075071,-0.0108719
22.28,0.0108719,-0.0925074,-0.476654,-0.251583,-0.0879913,-0.00692812,0.00934601,0.0806818,0.505646,0.237087,-0.0961815,0.00075071,-0.0108719
22.3,0.0108719,-0.0925074,-0.476654,-0.251583,-0.0879913,-0.00692812,0.00934601,0.0806818,0.505646,0.237087,-0.0961815,0.00075071,-0.0108719
22.32,0.0108719,-0.0925074,-0.476654,-0.251583,-0.0879913,-0.00692812,0.00934601,0.0806818,0.505646,0.237087,-0.0961815,0.00075071,-0.0108719
22.34,0.0108719,-0.0925074,-0.476654,-0.251583,-0.0879913,-0.00692812,0.00934601,0.0806818,0.505646,0.237087,-0.0961815,0.00075071,-0.0108719
22.36,0.0108719,-0.0925074,-0.476654,-0.251583,-0.0879913,-0.00692812,0.00934601,0.0806818,0.505646,0.237087,-0.0961815,0.00075071,-0.0108719
22.38,0.0108719,-0.0925074,-0.476654,-0.251583,-0.0879913,-0.00692812,0.00934601,0.0806818,0.505646,0.237087,-0.0961815,0.00075071,-0.0108719
22.4,0.0108719,-0.0925074,-0.476654,-0.251583,-0.0879913,-0.00692812,0.00934601,0.0806818,0.505646,0.237087,-0.0961815,0.00075071,-0.0108719
22.42,0.0108719,-0.0925074,-0.476654,-0.251583,-0.0879913,-0.00692812,0.00934601,0.0806818,0.505646,0.237087,-0.0961815,0.00075071,-0.0108719
22.44,0.0108719,-0.0925074,-0.476654,-0.251583,-0.0879913,-0.00692812,0.00934601,0.0806818,0.505646,0.237087,-0.0961815,0.00075071,-0.0108719
22.46,0.0108719,-0.0925074,-0.476654,-0.251583,-0.0879913,-0.00692812,0.00934601,0.0806818,0.505646,0.237087,-0.0961815,0.00075071,-0.0108719
22.48,0.0108719,-0.0925074,-0.476654,-0.251583,-0.0879913,-0.00692812,0.00934601,0.0806818,0.505646,0.237087,-0.0961815,0.00075071,-0.0108719
22.5,0.0108719,-0.0925074,-0.476654,-0.251583,-0.0879913,-0.00692812,0.00934601,0.0806818,0.505646,0.237087,-0.0961815,0.00075071,-0.0108719
22.52,0.0108719,-0.0925074,-0.476654,-0.251583,-0.0879913,-0.00692812,0.00934601,0.0806818,0.505646,0.237087,-0.0961815,0.00075071,-0.0108719
22.54,0.0108719,-0.0925074,-0.476654,-0.251583,-0.0879913,-0.00692812,0.00934601,0.0806818,0.505646,0.237087,-0.0961815,0.00075071,-0.0108719
22.56,0.0108719,-0.0925074,-0.476654,-0.251583,-0.0879913,-0.00692812,0.00934601,0.0806818,0.505646,0.237087,-0.0961815,0.00075071,-0.0108719
22.58,0.0108719,-0.0925074,-0.476654,-0.251583,-0.0879913,-0.00692812,0.00934601,0.0806818,0.505646,0.237087,-0.0961815,0.00075071,-0.0108719
22.6,0.0108719,-0.0925074,-0.476654,-0.251583,-0.0879913,-0.00692812,0.00934601,0.0806818,0.505646,0.237087,-0.0961815,0.00075071,-0.0108719
22.62,0.0108719,-0.0925074,-0.476654,-0.251583,-0.0879913,-0.00692812,0.00934601,0.0806818,0.505646,0.237087,-0.0961815,0.00075071,-0.0108719
22.64,0.0108719,-0.0925074,-0.476654,-0.251583,-0.0879913,-0.00692812,0.00934601,0.0806818,0.505646,0.237087,-0.0961815,0.00075071,-0.0108719
22.66,0.0108719,-0.0925074,-0.476654,-0.251583,-0.0879913,-0.00692812,0.00934601,0.0806818,0.505646,0.237087,-0.0961815,0.00075071,-0.0108719
22.68,0.0108719,-0.0925074,-0.476654,-0.251583,-0.0879913,-0.00692812,0.00934601,0.0806818,0.505646,0.237087,-0.0961815,0.00075071,-0.0108719
22.7,0.0108719,-0.0925074,-0.476654,-0.251583,-0.0879913,-0.00692812,0.00934601,0.0806818,0.505646,0.237087,-0.0961815,0.00075071,-0.0108719
22.72,0.0108719,-0.0925074,-0.476654,-0.251583,-0.0879913,-0.00692812,0.00934601,0.0806818,0.505646,0.237087,-0.0961815,0.00075071,-0.0108719
22.74,0.0108719,-0.0925074,-0.476654,-0.251583,-0.0879913,-0.00692812,0.00934601,0.0806818,0.505646,0.237087,-0.0961815,0.00075071,-0.0108719
22.76,0.0108719,-0.0925074,-0.476654,-0.251583,-0.0879913,-0.00692812,0.00934601,0.0806818,0.505646,0.237087,-0.0961815,0.00075071,-0.0108719
22.78,0.0108719,-0.0925074,-0.476654,-0.251583,-0.0879913,-0.00692812,0.00934601,0.0806818,0.505646,0.237087,-0.0961815,0.00075071,-0.0108719
22.8,0.0108719,-0.0925074,-0.476654,-0.251583,-0.0879913,-0.00692812,0.00934601,0.0806818,0.505646,0.237087,-0.0961815,0.00075071,-0.0108719
22.82,0.0108719,-0.0925074,-0.476654,-0.251583,-0.0879913,-0.00692812,0.00934601,0.0806818,0.505646,0.237087,-0.0961815,0.00075071,-0.0108719
22.84,0.0108719,-0.0925074,-0.476654,-0.251583,-0.0879913,-0.00692812,0.00934601,0.0806818,0.505646,0.237087,-0.0961815,0.00075071,-0.0108719
22.86,0.0108719,-0.0925074,-0.476654,-0.251583,-0.0879913,-0.00692812,0.00934601,0.0806818,0.505646,0.237087,-0.0961815,0.00075071,-0.0108719
22.88,0.0108719,-0.0925074,-0.476654,-0.251583,-0.0879913,-0.00692812,0.00934601,0.0806818,0.505646,0.237087,-0.0961815,0.00075071,-0.0108719
22.9,0.0108719,-0.0925074,-0.476654,-0.251583,-0.0879913,-0.00692812,0.00934601,0.0806818,0.505646,0.237087,-0.0961815,0.00075071,-0.0108719
22.92,0.0108719,-0.0925074,-0.476654,-0.251583,-0.0879913,-0.00692812,0.00934601,0.0806818,0.505646,0.237087,-0.0961815,0.00075071,-0.0108719
22.94,0.0108719,-0.0925074,-0.476654,-0.251583,-0.0879913,-0.00692812,0.00934601,0.0806818,0.505646,0.237087,-0.0961815,0.00075071,-0.0108719
22.96,0.0108719,-0.0925074,-0.476654,-0.251583,-0.0879913,-0.00692812,0.00934601,0.0806818,0.505646,0.237087,-0.0961815,0.00075071,-0.0108719
22.98,0.0108719,-0.0925074,-0.476654,-0.251583,-0.0879913,-0.00692812,0.00934601,0.0806818,0.505646,0.237087,-0.0961815,0.00075071,-0.0108719
23,0.0108719,-0.0925074,-0.476654,-0.251583,-0.0879913,-0.00692812,0.00934601,0.0806818,0.505646,0.237087,-0.0961815,0.00075071,-0.0108719
23.02,0.0108719,-0.0925074,-0.476654,-0.251583,-0.0879913,-0.00692812,0.00934601,0.0806818,0.505646,0.237087,-0.0961815,0.00075071,-0.0108719
23.04,0.0108719,-0.0925074,-0.476654,-0.251583,-0.0879913,-0.00692812,0.00934601,0.0806818,0.505646,0.237087,-0.0961815,0.00075071,-0.0108719
23.06,0.0108719,-0.0925074,-0.476654,-0.251583,-0.0879913,-0.00692812,0.00934601,0.0806818,0.505646,0.237087,-0.0961815,0.00075071,-0.0108719
23.08,0.0108719,-0.0925074,-0.476654,-0.251583,-0.0879913,-0.00692812,0.00934601,0.0806818,0.505646,0.237087,-0.0961815,0.00075071,-0.0108719
23.1,0.0108719,-0.0925074,-0.476654,-0.251583,-0.0879913,-0.00692812,0.00934601,0.0806818,0.505646,0.237087,-0.0961815,0.00075071,-0.0108719
23.12,0.0108719,-0.0925074,-0.476654,-0.251583,-0.0879913,-0.00692812,0.00934601,0.0806818,0.505646,0.237087,-0.0961815,0.00075071,-0.0108719
23.14,0.0108719,-0.0925074,-0.476654,-0.251583,-0.0879913,-0.00692812,0.00934601,0.0806818,0.505646,0.237087,-0.0961815,0.00075071,-0.0108719
23.16,0.0108719,-0.0925074,-0.476654,-0.251583,-0.0879913,-0.00692812,0.00934601,0.0806818,0.505646,0.237087,-0.0961815,0.00075071,-0.0108719
23.18,0.0108719,-0.0925074,-0.476654,-0.251583,-0.0879913,-0.00692812,0.00934601,0.0806818,0.505646,0.237087,-0.0961815,0.00075071,-0.0108719
23.2,0.0108719,-0.0925074,-0.476654,-0.251583,-0.0879913,-0.00692812,0.00934601,0.0806818,0.505646,0.237087,-0.0961815,0.00075071,-0.0108719
23.22,0.0108719,-0.0925074,-0.476654,-0.251583,-0.0879913,-0.00692812,0.00934601,0.0806818,0.505646,0.237087,-0.0961815,0.00075071,-0.0108719
23.24,0.0108719,-0.0925074,-0.476273,-0.251583,-0.0879913,-0.00692812,0.00934601,0.0806818,0.505646,0.237087,-0.0961815,0.00075071,-0.0108719
23.26,0.0108719,-0.0925074,-0.476654,-0.251583,-0.0879913,-0.00692812,0.00934601,0.0806818,0.505646,0.237087,-0.0961815,0.00075071,-0.0108719
23.28,0.0108719,-0.0925074,-0.476273,-0.251583,-0.0879913,-0.00692812,0.00934601,0.0806818,0.505646,0.237087,-0.0961815,0.00075071,-0.0108719
23.3,0.0108719,-0.0925074,-0.476273,-0.251583,-0.0879913,-0.00692812,0.00934601,0.0806818,0.506409,0.237087,-0.0961815,0.00075071,-0.0108719
23.32,0.0108719,-0.0925074,-0.475891,-0.251583,-0.0879913,-0.00692812,0.00934601,0.0806818,0.50679,0.237087,-0.0961815,0.00075071,-0.0108719
23.34,0.0108719,-0.0925074,-0.475128,-0.251583,-0.0881781,-0.0066186,0.00934601,0.0806818,0.50679,0.237087,-0.0961815,0.00075071,-0.0108719
23.36,0.0108719,-0.0925074,-0.475128,-0.251583,-0.0881781,-0.0066186,0.00934601,0.0806818,0.50679,0.237087,-0.0961815,0.00075071,-0.0108719
23.38,0.0108719,-0.0925074,-0.475128,-0.251202,-0.0881781,-0.0066186,0.00934601,0.0806818,0.50679,0.237087,-0.0961815,0.00075071,-0.0108719
23.4,0.0108719,-0.0925074,-0.475128,-0.251202,-0.0885504,-0.00661953,0.00934601,0.0806818,0.50679,0.237087,-0.0961815,0.00075071,-0.0108719
23.42,0.0108719,-0.0925074,-0.475128,-0.251202,-0.0885504,-0.00661953,0.00934601,0.0806818,0.50679,0.237087,-0.0961815,0.00075071,-0.0108719
23.44,0.0108719,-0.0925074,-0.475128,-0.251202,-0.0885504,-0.00661953,0.00934601,0.0806818,0.50679,0.237087,-0.0961815,0.00075071,-0.0108719
23.46,0.0108719,-0.0925074,-0.475128,-0.25082,-0.0887372,-0.00631002,0.00934601,0.0806818,0.50679,0.237087,-0.0961815,0.00075071,-0.0104904
23.48,0.0108719,-0.0925074,-0.475128,-0.25082,-0.0887372,-0.00631002,0.00934601,0.0806818,0.50679,0.237087,-0.096553,0.000751737,-0.0104904
23.5,0.0108719,-0.0925074,-0.475128,-0.25082,-0.0887372,-0.00631002,0.00934601,0.0806818,0.50679,0.237087,-0.0963673,0.00044132,-0.0101089
23.52,0.0108719,-0.0925074,-0.475128,-0.250439,-0.0889239,-0.00600052,0.00934601,0.0806818,0.50679,0.237087,-0.096553,0.000751737,-0.00972748
23.54,0.0108719,-0.0925074,-0.475128,-0.250439,-0.0889239,-0.00600052,0.00934601,0.0806818,0.50679,0.237087,-0.096553,0.000751737,-0.00972748
23.56,0.0108719,-0.0925074,-0.475128,-0.250439,-0.0889239,-0.00600052,0.00934601,0.0806818,0.50679,0.237087,-0.096553,0.000751737,-0.00972748
23.58,0.0108719,-0.0925074,-0.475128,-0.250439,-0.0889239,-0.00600052,0.00934601,0.0806818,0.50679,0.237087,-0.0967387,0.000442349,-0.00972748
23.6,0.0108719,-0.0925074,-0.475128,-0.250439,-0.0889239,-0.00600052,0.00934601,0.0806818,0.50679,0.237087,-0.0967387,0.000442349,-0.00972748
23.62,0.0108719,-0.0925074,-0.475128,-0.250439,-0.0891106,-0.00569102,0.00934601,0.0806818,0.50679,0.237087,-0.0967387,0.000442349,-0.00972748
23.64,0.0108719,-0.0925074,-0.475128,-0.250057,-0.0891106,-0.00569102,0.00934601,0.0806818,0.50679,0.237087,-0.0969244,0.000752768,-0.00972748
23.66,0.0108719,-0.0925074,-0.475128,-0.250057,-0.0891106,-0.00569102,0.00934601,0.0806818,0.50679,0.237087,-0.0969244,0.000752768,-0.00972748
23.68,0.0108719,-0.0925074,-0.475128,-0.250057,-0.0891106,-0.00569102,0.00934601,0.0806818,0.50679,0.237087,-0.0969244,0.000752768,-0.00972748
23.7,0.0108719,-0.0925074,-0.475128,-0.250057,-0.0892972,-0.00538152,0.00934601,0.0806818,0.50679,0.237087,-0.0969244,0.000752768,-0.00972748
23.72,0.0108719,-0.0925074,-0.475128,-0.250057,-0.0892972,-0.00538152,0.00934601,0.0806818,0.50679,0.237087,-0.0969244,0.000752768,-0.00972748
23.74,0.0108719,-0.0925074,-0.475128,-0.250057,-0.0892972,-0.00538152,0.00934601,0.0806818,0.507172,0.237087,-0.0969244,0.000752768,-0.00972748
23.76,0.0108719,-0.0925074,-0.475128,-0.250057,-0.0892972,-0.00538152,0.00934601,0.0806818,0.507172,0.237087,-0.09711,0.00106319,-0.00972748
23.78,0.0108719,-0.0925074,-0.475128,-0.250057,-0.0894838,-0.00507203,0.00934601,0.0806818,0.507172,0.237087,-0.09711,0.00106319,-0.00972748
23.8,0.0108719,-0.0925074,-0.475128,-0.250057,-0.0894838,-0.00507203,0.00934601,0.0806818,0.507172,0.237087,-0.09711,0.00106319,-0.00972748
23.82,0.0108719,-0.0928888,-0.475128,-0.250057,-0.0894838,-0.00507203,0.00934601,0.0806818,0.507172,0.237087,-0.09711,0.00106319,-0.00972748
23.84,0.0108719,-0.0932703,-0.475128,-0.250439,-0.0894838,-0.00507203,0.00934601,0.0806818,0.507172,0.237087,-0.0972958,0.000753803,-0.00972748
23.86,0.0108719,-0.0936518,-0.475128,-0.250439,-0.0894838,-0.00507203,0.00934601,0.0806818,0.507172,0.237087,-0.0972958,0.000753803,-0.00972748
23.88,0.0108719,-0.0936518,-0.475128,-0.250439,-0.0894838,-0.00507203,0.00934601,0.0806818,0.507172,0.237087,-0.0972958,0.000753803,-0.00972748
23.9,0.0108719,-0.0936518,-0.475128,-0.250439,-0.0894838,-0.00507203,0.00934601,0.0806818,0.507172,0.237087,-0.09711,0.00106319,-0.00972748
23.92,0.0108719,-0.0936518,-0.475128,-0.250439,-0.0894838,-0.00507203,0.00934601,0.0806818,0.507172,0.237087,-0.09711,0.00106319,-0.00972748
23.94,0.0108719,-0.0936518,-0.475128,-0.250439,-0.0894838,-0.00507203,0.00934601,0.0806818,0.507172,0.237087,-0.09711,0.00106319,-0.00972748
23.96,0.0108719,-0.0936518,-0.475128,-0.250439,-0.0894838,-0.00507203,0.00934601,0.0806818,0.507172,0.237087,-0.09711,0.00106319,-0.00972748
23.98,0.0108719,-0.0936518,-0.475128,-0.250439,-0.0894838,-0.00507203,0.00934601,0.0806818,0.507172,0.237087,-0.0972958,0.000753803,-0.00972748
24,0.0108719,-0.0936518,-0.475128,-0.250439,-0.0894838,-0.00507203,0.00934601,0.0806818,0.507172,0.237087,-0.0972958,0.000753803,-0.00972748
24.02,0.0108719,-0.0936518,-0.475128,-0.250439,-0.0894838,-0.00507203,0.00972748,0.0806818,0.507172,0.237087,-0.0972958,0.000753803,-0.00972748
24.04,0.0108719,-0.0936518,-0.475128,-0.250057,-0.0894838,-0.00507203,0.00972748,0.0806818,0.507172,0.236706,-0.0972958,0.000753803,-0.00934601
24.06,0.0108719,-0.0936518,-0.475128,-0.250057,-0.0894838,-0.00507203,0.00972748,0.0806818,0.507172,0.236706,-0.0974814,0.00106423,-0.00934601
24.08,0.0108719,-0.0936518,-0.475128,-0.250057,-0.0894838,-0.00507203,0.0104904,0.0806818,0.507172,0.236706,-0.0974814,0.00106423,-0.00934601
24.1,0.0108719,-0.0936518,-0.475128,-0.250057,-0.0894838,-0.00507203,0.0104904,0.0806818,0.507172,0.236706,-0.0972956,0.00137362,-0.00934601
24.12,0.0108719,-0.0936518,-0.475128,-0.250057,-0.0896703,-0.00476255,0.0108719,0.0806818,0.507172,0.236706,-0.09711,0.00106319,-0.00934601
24.14,0.0108719,-0.0936518,-0.475128,-0.250057,-0.0898568,-0.00445307,0.0108719,0.0806818,0.507172,0.236706,-0.09711,0.00106319,-0.00934601
24.16,0.0108719,-0.0940342,-0.474747,-0.250057,-0.0898568,-0.00445307,0.0108719,0.0806818,0.507553,0.236706,-0.09711,0.00106319,-0.00934601
24.18,0.0108719,-0.0944157,-0.474365,-0.250057,-0.0898568,-0.00445307,0.0108719,0.0806818,0.508316,0.236706,-0.09711,0.00106319,-0.00934601
24.2,0.0108719,-0.0947971,-0.473602,-0.250439,-0.0898568,-0.00445307,0.0108719,0.0806818,0.508698,0.236706,-0.09711,0.00106319,-0.00934601
24.22,0.0108719,-0.0947971,-0.473602,-0.250439,-0.0898568,-0.00445307,0.0108719,0.0806818,0.508698,0.237087,-0.09711,0.00106319,-0.00934601
24.24,0.0112534,-0.0951786,-0.473602,-0.250439,-0.0898568,-0.00445307,0.0108719,0.0806818,0.509079,0.237087,-0.09711,0.00106319,-0.00934601
24.26,0.0112534,-0.0951786,-0.473602,-0.250439,-0.0898568,-0.00445307,0.0108719,0.0806818,0.509079,0.237087,-0.09711,0.00106319,-0.00934601
24.28,0.0112534,-0.0959415,-0.473602,-0.250439,-0.0898568,-0.00445307,0.0108719,0.0806818,0.509079,0.236706,-0.09711,0.00106319,-0.00934601
24.3,0.0112534,-0.0959415,-0.473602,-0.250439,-0.0898568,-0.00445307,0.0108719,0.0806818,0.509079,0.236706,-0.09711,0.00106319,-0.00896454
24.32,0.0112534,-0.0959415,-0.473602,-0.250057,-0.0900433,-0.00414359,0.0108719,0.0806818,0.509079,0.236706,-0.09711,0.00106319,-0.00782013
24.34,0.0112534,-0.0959415,-0.472458,-0.250057,-0.0900433,-0.00414359,0.0108719,0.0806818,0.50946,0.236706,-0.0972956,0.00137362,-0.00782013
24.36,0.0112534,-0.096323,-0.472458,-0.250057,-0.0904161,-0.00352465,0.0108719,0.0806818,0.510223,0.236324,-0.0972956,0.00137362,-0.00782013
24.38,0.0112534,-0.096323,-0.472458,-0.250057,-0.0909751,-0.00259629,0.0108719,0.0806818,0.510605,0.236324,-0.0972956,0.00137362,-0.00782013
24.4,0.0112534,-0.096323,-0.472458,-0.250057,-0.0911613,-0.00228684,0.0112534,0.0806818,0.510605,0.236324,-0.0972956,0.00137362,-0.00782013
24.42,0.0112534,-0.096323,-0.472458,-0.250057,-0.0911613,-0.00228684,0.0116348,0.0806818,0.510605,0.236324,-0.0972956,0.00137362,-0.00782013
24.44,0.0112534,-0.097086,-0.472458,-0.250057,-0.0911613,-0.00228684,0.0120163,0.0806818,0.510605,0.236324,-0.0972956,0.00137362,-0.00782013
24.46,0.0112534,-0.0974674,-0.472458,-0.250057,-0.0911613,-0.00228684,0.0120163,0.0806818,0.510605,0.236324,-0.0972956,0.00137362,-0.00782013
24.48,0.0112534,-0.0978489,-0.472458,-0.250057,-0.0913475,-0.0019774,0.0120163,0.0806818,0.510223,0.236324,-0.0972956,0.00137362,-0.00782013
24.5,0.0116348,-0.0982304,-0.472458,-0.250057,-0.0913475,-0.0019774,0.0120163,0.0806818,0.510223,0.236324,-0.0972956,0.00137362,-0.0082016
24.52,0.0120163,-0.0986118,-0.472458,-0.250057,-0.0915337,-0.00166796,0.0120163,0.0806818,0.510223,0.236324,-0.0972956,0.00137362,-0.0082016
24.54,0.0120163,-0.0989933,-0.472458,-0.250057,-0.0915337,-0.00166796,0.0120163,0.0806818,0.510223,0.236324,-0.0972956,0.00137362,-0.00782013
24.56,0.0123978,-0.0989933,-0.472076,-0.250057,-0.0917198,-0.00135853,0.0120163,0.0806818,0.510605,0.236324,-0.0972956,0.00137362,-0.00782013
24.58,0.0127792,-0.0986118,-0.469406,-0.250057,-0.0920922,-0.00136028,0.0123978,0.0806818,0.510223,0.236324,-0.09711,0.00106319,-0.00743866
24.6,0.0139236,-0.0955601,-0.46559,-0.250057,-0.0939515,0.00173454,0.0123978,0.0806818,0.507553,0.235943,-0.09711,0.00106319,-0.00553131
24.62,0.0146866,-0.0936518,-0.464065,-0.250057,-0.0948765,0.00514133,0.0123978,0.0803003,0.505264,0.235561,-0.0969244,0.000752768,-0.00476837
24.64,0.0150681,-0.0928888,-0.461776,-0.250439,-0.0956174,0.00637867,0.0123978,0.0795374,0.501831,0.235561,-0.0969244,0.000752768,-0.00400543
24.66,0.0150681,-0.0925074,-0.46025,-0.250057,-0.0958012,0.00730767,0.0123978,0.0787745,0.498398,0.235561,-0.09711,0.00106319,-0.00400543
24.68,0.0150681,-0.0925074,-0.46025,-0.250057,-0.0961712,0.0079263,0.0123978,0.0780115,0.495728,0.235561,-0.09711,0.00106319,-0.00400543
24.7,0.0150681,-0.0936518,-0.460631,-0.250057,-0.0963562,0.00823561,0.0135422,0.0768671,0.492676,0.235561,-0.0976666,0.00199448,-0.0043869
24.72,0.0150681,-0.0940342,-0.460631,-0.250057,-0.0963562,0.00823561,0.0139236,0.0757227,0.491531,0.235561,-0.0978521,0.00230492,-0.00514984
24.74,0.0150681,-0.0951786,-0.460631,-0.250057,-0.0963562,0.00823561,0.0139236,0.0757227,0.491531,0.235561,-0.0980375,0.00261536,-0.00591278
24.76,0.0150681,-0.0959415,-0.460631,-0.250057,-0.0963562,0.00823561,0.0143051,0.0757227,0.492294,0.235943,-0.0987794,0.0032373,-0.00591278
24.78,0.0146866,-0.0967045,-0.460631,-0.249676,-0.0963562,0.00823561,0.0135422,0.0749598,0.493057,0.235943,-0.0998914,0.0044802,-0.00553131
24.8,0.0146866,-0.0986118,-0.461013,-0.247387,-0.0965427,0.00792526,0.0135422,0.0741968,0.493439,0.235561,-0.100819,0.00417292,-0.00553131
24.82,0.0146866,-0.0989933,-0.461394,-0.245861,-0.0952481,0.00514031,0.0135422,0.0738153,0.494583,0.23518,-0.101005,0.00448339,-0.00553131
24.84,0.0146866,-0.0989933,-0.461013,-0.245861,-0.0954365,0.00358973,0.0139236,0.0738153,0.494583,0.23518,-0.101561,0.00417507,-0.00553131
24.86,0.0146866,-0.0989933,-0.461013,-0.245861,-0.0956226,0.00327935,0.0146866,0.0738153,0.494965,0.23518,-0.101561,0.00417507,-0.00553131
24.88,0.0146866,-0.0989933,-0.461013,-0.245861,-0.0959941,0.00327832,0.0150681,0.0738153,0.495346,0.234798,-0.101376,0.0038646,-0.00553131
24.9,0.0146866,-0.0989933,-0.461013,-0.24548,-0.0961802,0.00296793,0.0150681,0.0738153,0.495346,0.234798,-0.101376,0.0038646,-0.00553131
24.92,0.0146866,-0.0989933,-0.461013,-0.245861,-0.0961802,0.00296793,0.0150681,0.0738153,0.495346,0.234798,-0.101191,0.00355413,-0.00553131
24.94,0.0146866,-0.0989933,-0.461013,-0.245861,-0.0961802,0.00296793,0.0150681,0.0738153,0.495346,0.234798,-0.10082,0.00355306,-0.00553131
24.96,0.0150681,-0.0989933,-0.461013,-0.245861,-0.0958087,0.00296896,0.0150681,0.0741968,0.495346,0.234798,-0.100264,0.00324153,-0.00553131
24.98,0.0150681,-0.0989933,-0.461013,-0.246243,-0.0956226,0.00327935,0.0150681,0.0749598,0.495346,0.23518,-0.0998935,0.00262062,-0.00553131
25,0.0154495,-0.0993748,-0.461013,-0.246243,-0.0954371,0.00296999,0.0150681,0.0749598,0.495346,0.235561,-0.0993365,0.00292895,-0.00553131
25.02,0.0162125,-0.0993748,-0.461013,-0.246243,-0.09488,0.00266165,0.0150681,0.0757227,0.494965,0.235561,-0.0989658,0.00230806,-0.00553131
25.04,0.0165939,-0.0989933,-0.461013,-0.246243,-0.0945088,0.00204291,0.0150681,0.0761042,0.494583,0.235561,-0.0985946,0.00230701,-0.00553131
25.06,0.0165939,-0.0989933,-0.461013,-0.246243,-0.0943232,0.00173353,0.0150681,0.0761042,0.494583,0.235561,-0.0978521,0.00230492,-0.00553131
25.08,0.0173569,-0.0989933,-0.461013,-0.246243,-0.0941375,0.00142415,0.0150681,0.0764856,0.494583,0.235943,-0.0972953,0.00199344,-0.00553131
25.1,0.0177383,-0.0989933,-0.461013,-0.246243,-0.093766,0.00080537,0.0150681,0.0768671,0.494583,0.235943,-0.0972953,0.00199344,-0.00553131
25.12,0.0177383,-0.0993748,-0.461013,-0.246243,-0.093766,0.00080537,0.0150681,0.0772486,0.494583,0.236324,-0.0969239,0.00199241,-0.00553131
25.14,0.0177383,-0.0993748,-0.461013,-0.246243,-0.0935802,0.000495976,0.0150681,0.0772486,0.494583,0.236324,-0.0967383,0.00168198,-0.00553131
25.16,0.0177383,-0.0993748,-0.461013,-0.246243,-0.0932084,0.000496972,0.0150681,0.0772486,0.494583,0.236324,-0.0965525,0.00199138,-0.00553131
25.18,0.0181198,-0.0993748,-0.461013,-0.246624,-0.0932084,0.000496972,0.0150681,0.0772486,0.494583,0.236324,-0.0963665,0.00230079,-0.00553131
25.2,0.0181198,-0.0993748,-0.461013,-0.246624,-0.0932084,0.000496972,0.0150681,0.0768671,0.494583,0.236324,-0.0961805,0.0026102,-0.00553131
25.22,0.0181198,-0.0989933,-0.461013,-0.246624,-0.0928362,0.00049874,0.0150681,0.0772486,0.494583,0.236324,-0.0961805,0.0026102,-0.00553131
25.24,0.0181198,-0.0989933,-0.461013,-0.246624,-0.0926503,0.000189336,0.0150681,0.0768671,0.494583,0.236324,-0.0959945,0.00291961,-0.00553131
25.26,0.0181198,-0.0989933,-0.461013,-0.246624,-0.0926503,0.000189336,0.0154495,0.0768671,0.494583,0.236324,-0.0959945,0.00291961,-0.00553131
25.28,0.0181198,-0.0989933,-0.461013,-0.246624,-0.0924639,-0.000120847,0.0154495,0.0768671,0.494583,0.236324,-0.0959945,0.00291961,-0.00553131
25.3,0.0177383,-0.0989933,-0.461013,-0.246243,-0.0924639,-0.000120847,0.0162125,0.0768671,0.494583,0.236706,-0.0959945,0.00291961,-0.00553131
25.32,0.0177383,-0.0989933,-0.461013,-0.246624,-0.0926503,-0.000432021,0.0165939,0.0768671,0.494583,0.236706,-0.0959945,0.00291961,-0.00553131
25.34,0.0181198,-0.0989933,-0.461013,-0.246624,-0.0924639,-0.000120847,0.0165939,0.0768671,0.494583,0.236706,-0.0959945,0.00291961,-0.00553131
25.36,0.0181198,-0.0993748,-0.461013,-0.246624,-0.0924639,-0.000120847,0.0165939,0.0768671,0.494583,0.236706,-0.0959945,0.00291961,-0.00553131
25.38,0.0188828,-0.0993748,-0.461013,-0.246243,-0.0924639,-0.000120847,0.0165939,0.0764856,0.494583,0.237087,-0.0959945,0.00291961,-0.00553131
25.4,0.0188828,-0.0993748,-0.461013,-0.246624,-0.0924639,-0.000120847,0.0165939,0.0761042,0.494583,0.237087,-0.0959945,0.00291961,-0.00553131
25.42,0.0192642,-0.0993748,-0.461013,-0.246624,-0.0924639,-0.000120847,0.0165939,0.0761042,0.494583,0.237087,-0.0959945,0.00291961,-0.00553131
25.44,0.0192642,-0.0993748,-0.461013,-0.246243,-0.0924639,-0.000120847,0.0173569,0.0761042,0.494965,0.237087,-0.0959945,0.00291961,-0.00553131
25.46,0.0192642,-0.0997562,-0.461013,-0.246243,-0.0924639,-0.000120847,0.0177383,0.0761042,0.494965,0.237087,-0.0959945,0.00291961,-0.00553131
25.48,0.0192642,-0.100519,-0.461013,-0.246624,-0.0924639,-0.000120847,0.0181198,0.0757227,0.495346,0.237087,-0.0958085,0.00322903,-0.00553131
25.5,0.0192642,-0.100519,-0.461013,-0.246624,-0.0924639,-0.000120847,0.0181198,0.0757227,0.495346,0.237087,-0.0958078,0.0038489,-0.00553131
25.52,0.0192642,-0.100901,-0.461013,-0.246624,-0.0924639,-0.000120847,0.0185013,0.0757227,0.495346,0.237087,-0.0958078,0.0038489,-0.00553131
25.54,0.0192642,-0.100901,-0.461013,-0.246243,-0.0924639,-0.000120847,0.0192642,0.0757227,0.495346,0.237469,-0.0958078,0.0038489,-0.00553131
25.56,0.0192642,-0.100901,-0.461013,-0.246243,-0.0922779,0.000189548,0.0196457,0.0757227,0.495346,0.237469,-0.0956217,0.00415834,-0.00553131
25.58,0.0192642,-0.101664,-0.461013,-0.246243,-0.0922779,0.000189548,0.0204086,0.0757227,0.495346,0.237469,-0.0954355,0.00446778,-0.00553131
25.6,0.0196457,-0.101664,-0.461013,-0.246243,-0.0922779,0.000189548,0.0204086,0.0757227,0.495728,0.237469,-0.0950625,0.00508744,-0.00553131
25.62,0.0204086,-0.102045,-0.461013,-0.246243,-0.0922779,0.000189548,0.0204086,0.0753412,0.495728,0.237469,-0.0948751,0.00601682,-0.00553131
25.64,0.0204086,-0.102045,-0.461013,-0.246243,-0.0922779,0.000189548,0.0204086,0.0749598,0.495728,0.237469,-0.0946887,0.00632628,-0.00553131
25.66,0.0207901,-0.102427,-0.461013,-0.246243,-0.092092,0.000499939,0.0207901,0.0749598,0.495728,0.237469,-0.0946887,0.00632628,-0.00553131
25.68,0.0207901,-0.103189,-0.461013,-0.246624,-0.092092,0.000499939,0.0207901,0.0745783,0.495728,0.237469,-0.0945022,0.00663576,-0.00553131
25.7,0.0207901,-0.103189,-0.461013,-0.246243,-0.0919059,0.000810327,0.0211716,0.0745783,0.495728,0.237469,-0.0945009,0.00725571,-0.00553131
25.72,0.0211716,-0.103571,-0.461013,-0.246243,-0.0919059,0.000810327,0.021553,0.0745783,0.495728,0.237469,-0.0943144,0.00756519,-0.00553131
25.74,0.0219345,-0.104334,-0.461013,-0.246624,-0.09172,0.00050092,0.021553,0.0745783,0.495728,0.237469,-0.0941278,0.00787468,-0.00591278
25.76,0.022316,-0.104334,-0.461013,-0.246624,-0.09172,0.00050092,0.0219345,0.0745783,0.495728,0.237469,-0.0937545,0.00849368,-0.00591278
25.78,0.0234604,-0.104334,-0.461013,-0.246243,-0.09172,0.00050092,0.021553,0.0745783,0.495728,0.237469,-0.0935678,0.00880319,-0.00591278
25.8,0.0242233,-0.104334,-0.461013,-0.246243,-0.09172,0.00050092,0.021553,0.0745783,0.495728,0.23785,-0.0933827,0.0084927,-0.00591278
25.82,0.0249863,-0.104334,-0.461013,-0.246624,-0.09172,0.00050092,0.021553,0.0745783,0.495728,0.23785,-0.093196,0.0088022,-0.00591278
25.84,0.0253677,-0.104334,-0.461013,-0.246624,-0.09172,0.00050092,0.0219345,0.0745783,0.496109,0.238232,-0.093196,0.0088022,-0.00591278
25.86,0.0261307,-0.104334,-0.461013,-0.246243,-0.09172,0.00050092,0.021553,0.0745783,0.496872,0.238232,-0.093196,0.0088022,-0.00591278
25.88,0.0261307,-0.104334,-0.460631,-0.246243,-0.09172,0.00050092,0.0219345,0.0745783,0.496872,0.238232,-0.093196,0.0088022,-0.00591278
25.9,0.0265121,-0.104334,-0.460631,-0.246624,-0.09172,0.00050092,0.0219345,0.0745783,0.497253,0.238232,-0.0930093,0.00911172,-0.00553131
25.92,0.0265121,-0.104334,-0.460631,-0.246624,-0.09172,0.00050092,0.0219345,0.0741968,0.497635,0.238613,-0.0930093,0.00911172,-0.00591278
25.94,0.0272751,-0.104334,-0.461013,-0.246624,-0.09172,0.00050092,0.0219345,0.0738153,0.497635,0.238613,-0.0930093,0.00911172,-0.00591278
25.96,0.0276566,-0.104334,-0.461013,-0.246624,-0.09172,0.00050092,0.0219345,0.0738153,0.497635,0.238613,-0.0930093,0.00911172,-0.00591278
25.98,0.0276566,-0.104334,-0.461013,-0.246624,-0.09172,0.00050092,0.0219345,0.0734339,0.498016,0.238613,-0.0928225,0.00942124,-0.00591278
26,0.0276566,-0.104334,-0.461013,-0.246624,-0.09172,0.00050092,0.0219345,0.0734339,0.498398,0.238613,-0.0928225,0.00942124,-0.00591278
26.02,0.0276566,-0.104334,-0.461013,-0.246624,-0.091534,0.000811306,0.0219345,0.0734339,0.498398,0.238613,-0.0928225,0.00942124,-0.00591278
26.04,0.0276566,-0.104715,-0.461013,-0.246624,-0.0913481,0.000501896,0.0219345,0.0734339,0.498779,0.238613,-0.0928225,0.00942124,-0.00591278
26.06,0.028038,-0.104715,-0.461013,-0.246624,-0.0913481,0.000501896,0.0219345,0.0734339,0.499161,0.238995,-0.0928225,0.00942124,-0.00591278
26.08,0.0284195,-0.104715,-0.461013,-0.246624,-0.091162,0.00081228,0.022316,0.0734339,0.499924,0.238995,-0.0928225,0.00942124,-0.00591278
26.1,0.028801,-0.104715,-0.461013,-0.247005,-0.091162,0.00081228,0.022316,0.0734339,0.500305,0.238995,-0.0926356,0.00973076,-0.00591278
26.12,0.028801,-0.104334,-0.461013,-0.247005,-0.091162,0.00081228,0.022316,0.0734339,0.500305,0.238995,-0.0924487,0.0100403,-0.00591278
26.14,0.028801,-0.104334,-0.461013,-0.247768,-0.0909761,0.000502868,0.022316,0.0730524,0.500305,0.238995,-0.0924487,0.0100403,-0.00591278
26.16,0.028801,-0.104334,-0.461013,-0.247768,-0.0909761,0.000502868,0.0226974,0.0726709,0.500305,0.239376,-0.0922618,0.0103498,-0.00591278
26.18,0.028801,-0.104334,-0.461394,-0.247768,-0.090604,0.000503835,0.0230789,0.0722895,0.500305,0.239376,-0.0920769,0.0100393,-0.00591278
26.2,0.028801,-0.104334,-0.461394,-0.24815,-0.090604,0.000503835,0.0230789,0.0722895,0.500305,0.239376,-0.0918899,0.0103489,-0.00591278
26.22,0.028801,-0.104334,-0.461394,-0.24815,-0.090232,0.000504799,0.0234604,0.0722895,0.500305,0.239376,-0.0917049,0.0100384,-0.00629425
26.24,0.028801,-0.104334,-0.461394,-0.24815,-0.0900459,0.000195377,0.0234604,0.071908,0.500305,0.239376,-0.091518,0.0103479,-0.00705719
26.26,0.0291824,-0.104334,-0.462157,-0.248531,-0.0896738,0.000196334,0.0234604,0.071908,0.501068,0.239758,-0.091518,0.0103479,-0.00705719
26.28,0.0291824,-0.104334,-0.462539,-0.248531,-0.0894877,-0.000113095,0.0234604,0.071908,0.501831,0.239758,-0.091333,0.0100374,-0.00705719
26.3,0.0295639,-0.104334,-0.46292,-0.248531,-0.0891155,-0.000112144,0.0234604,0.071908,0.502213,0.239758,-0.091146,0.0103469,-0.00705719
26.32,0.0299454,-0.104334,-0.463683,-0.248531,-0.0891155,-0.000112144,0.0234604,0.071908,0.503357,0.240139,-0.091146,0.0103469,-0.00705719
26.34,0.0303268,-0.104334,-0.464065,-0.248913,-0.0891155,-0.000112144,0.0238419,0.071908,0.504501,0.240139,-0.091146,0.0103469,-0.00705719
26.36,0.0303268,-0.104334,-0.463683,-0.249294,-0.0893016,-0.000422529,0.0249863,0.071908,0.505264,0.240902,-0.091146,0.0103469,-0.00705719
26.38,0.0303268,-0.103952,-0.463683,-0.249294,-0.0894876,-0.000732917,0.0265121,0.071908,0.505646,0.241283,-0.090959,0.0106565,-0.00705719
26.4,0.0303268,-0.103189,-0.463683,-0.249294,-0.0900459,-0.000424437,0.028038,0.0715265,0.50679,0.241283,-0.090772,0.010966,-0.00705719
26.42,0.0303268,-0.102808,-0.463683,-0.249294,-0.090418,0.000194416,0.0295639,0.0703821,0.50679,0.241283,-0.090772,0.010966,-0.00705719
26.44,0.0303268,-0.102808,-0.463683,-0.249294,-0.090418,0.000194416,0.0307083,0.0696192,0.507172,0.241283,-0.090772,0.010966,-0.00705719
26.46,0.0303268,-0.102808,-0.463683,-0.249294,-0.090418,0.000194416,0.0310898,0.0684748,0.507172,0.241283,-0.0905849,0.0112756,-0.00705719
26.48,0.0303268,-0.103189,-0.464065,-0.249294,-0.0900459,0.000195377,0.0310898,0.0669489,0.507172,0.241283,-0.0903977,0.0115852,-0.00705719
26.5,0.0303268,-0.103189,-0.464065,-0.250057,-0.0894877,-0.000113095,0.0310898,0.066186,0.507172,0.241283,-0.0903954,0.0122053,-0.00705719
26.52,0.0307083,-0.103189,-0.464065,-0.250439,-0.0893016,0.000197288,0.0314722,0.0650415,0.507172,0.241283,-0.090021,0.0128244,-0.00705719
26.54,0.0314722,-0.103189,-0.464065,-0.250439,-0.0891155,0.000507666,0.0314722,0.0650415,0.507172,0.241665,-0.0898336,0.013134,-0.00705719
26.56,0.0329981,-0.103189,-0.464065,-0.25082,-0.0891155,0.000507666,0.0314722,0.0642786,0.507172,0.241665,-0.0896463,0.0134436,-0.00705719
26.58,0.0341425,-0.103189,-0.464065,-0.251202,-0.0887432,0.000508614,0.0314722,0.0638971,0.507553,0.242046,-0.0892741,0.0134427,-0.00705719
26.6,0.0352869,-0.103189,-0.464065,-0.251583,-0.0885572,0.000199182,0.0314722,0.0638971,0.509079,0.242046,-0.0887118,0.0143715,-0.00705719
26.62,0.0360498,-0.103189,-0.464065,-0.251965,-0.0885572,0.000199182,0.0318537,0.0638971,0.50946,0.242046,-0.0879615,0.0156101,-0.00705719
26.64,0.0368128,-0.103189,-0.464065,-0.252346,-0.088371,-0.000110255,0.0318537,0.0638971,0.510986,0.242046,-0.0872106,0.0168487,-0.00705719
26.66,0.0375757,-0.103189,-0.464065,-0.252346,-0.0879986,-0.000729142,0.0318537,0.0638971,0.511749,0.242046,-0.086647,0.0177777,-0.00705719
26.68,0.0383387,-0.103189,-0.464065,-0.252346,-0.08744,-0.00103766,0.0326166,0.0635157,0.512512,0.242046,-0.086459,0.0180874,-0.00667572
26.7,0.0387201,-0.103189,-0.464065,-0.252346,-0.0870674,-0.00165658,0.0333796,0.0631342,0.513657,0.242428,-0.086271,0.0183971,-0.00667572
26.72,0.0387201,-0.103189,-0.464065,-0.252728,-0.0863221,-0.0022746,0.0341425,0.0623713,0.514038,0.242428,-0.086083,0.0187068,-0.00667572
26.74,0.0394831,-0.103189,-0.464065,-0.252728,-0.0859491,-0.00289356,0.034524,0.0623713,0.514801,0.242809,-0.0857105,0.0187059,-0.00667572
26.76,0.0398645,-0.102808,-0.464065,-0.252728,-0.0857625,-0.00320305,0.0349054,0.0619898,0.514801,0.243191,-0.0857068,0.0193262,-0.00667572
26.78,0.0398645,-0.102808,-0.464065,-0.252728,-0.0857625,-0.00320305,0.0349054,0.0619898,0.514801,0.243191,-0.0857068,0.0193262,-0.00667572
26.8,0.0398645,-0.102808,-0.464446,-0.253872,-0.0852033,-0.00351164,0.0360498,0.0604639,0.514801,0.243572,-0.0857068,0.0193262,-0.00667572
26.82,0.0398645,-0.102808,-0.464828,-0.254635,-0.0852033,-0.00351164,0.0368128,0.059701,0.514801,0.243572,-0.0858912,0.0196369,-0.00667572
26.84,0.0398645,-0.102808,-0.46559,-0.254635,-0.0852033,-0.00351164,0.0371943,0.058938,0.514801,0.243572,-0.0857068,0.0193262,-0.00667572
26.86,0.0398645,-0.102808,-0.466353,-0.254635,-0.0852033,-0.00351164,0.0375757,0.058938,0.514801,0.243572,-0.0858912,0.0196369,-0.00667572
26.88,0.0398645,-0.102808,-0.466353,-0.254635,-0.0852033,-0.00351164,0.0383387,0.0581751,0.514801,0.243572,-0.0858912,0.0196369,-0.00667572
26.9,0.0394831,-0.102808,-0.466353,-0.255016,-0.0852033,-0.00351164,0.0383387,0.0577936,0.51442,0.243572,-0.0858912,0.0196369,-0.00667572
26.92,0.0398645,-0.102808,-0.466353,-0.255398,-0.0850166,-0.00382114,0.0383387,0.0570307,0.51442,0.243572,-0.0860756,0.0199475,-0.00667572
26.94,0.0398645,-0.102808,-0.466353,-0.256542,-0.0850166,-0.00382114,0.0387201,0.0566492,0.51442,0.243572,-0.0858874,0.0202572,-0.00667572
26.96,0.0398645,-0.102808,-0.466353,-0.256924,-0.0850166,-0.00382114,0.0387201,0.0566492,0.51442,0.243572,-0.0860717,0.0205678,-0.00667572
26.98,0.0398645,-0.102808,-0.466353,-0.257305,-0.0850166,-0.00382114,0.0391016,0.0558863,0.51442,0.243572,-0.0860717,0.0205678,-0.00667572
27,0.0398645,-0.102427,-0.466353,-0.257687,-0.0848299,-0.00413064,0.0394831,0.0558863,0.51442,0.243572,-0.0860717,0.0205678,-0.00667572
27.02,0.0398645,-0.102045,-0.466353,-0.258831,-0.0848299,-0.00413064,0.0394831,0.0558863,0.514801,0.243572,-0.0860717,0.0205678,-0.00667572
27.04,0.0394831,-0.101282,-0.466353,-0.25845,-0.0853892,-0.00382204,0.0394831,0.0558863,0.514801,0.243191,-0.0860717,0.0205678,-0.00667572
27.06,0.0391016,-0.100519,-0.466735,-0.25845,-0.0855752,-0.00413244,0.0391016,0.0562677,0.51442,0.243191,-0.0858874,0.0202572,-0.00667572
27.08,0.0383387,-0.100138,-0.466735,-0.25845,-0.085761,-0.00444285,0.0383387,0.0570307,0.51442,0.242809,-0.0862599,0.0202581,-0.00667572
27.1,0.0371943,-0.0997562,-0.466735,-0.25845,-0.085761,-0.00444285,0.0379572,0.0570307,0.51442,0.242428,-0.0862599,0.0202581,-0.00667572
27.12,0.0364313,-0.0989933,-0.466735,-0.25845,-0.085761,-0.00444285,0.0379572,0.0574121,0.514038,0.242046,-0.0860756,0.0199475,-0.00667572
27.14,0.0364313,-0.0989933,-0.468261,-0.25845,-0.0861336,-0.00444376,0.0368128,0.0574121,0.513275,0.241665,-0.0860756,0.0199475,-0.00667572
27.16,0.0364313,-0.0989933,-0.468642,-0.25845,-0.0861336,-0.00444376,0.0356684,0.0581751,0.512894,0.242046,-0.0862637,0.0196378,-0.00705719
27.18,0.0364313,-0.0989933,-0.469406,-0.25845,-0.0863194,-0.00475418,0.034524,0.0581751,0.512131,0.242046,-0.0862637,0.0196378,-0.00705719
27.2,0.0364313,-0.0989933,-0.469788,-0.25845,-0.0863194,-0.00475418,0.033761,0.0585566,0.512131,0.242046,-0.0862637,0.0196378,-0.00705719
27.22,0.0360498,-0.0989933,-0.469788,-0.25845,-0.0863194,-0.00475418,0.0326166,0.0593195,0.511368,0.242046,-0.0862637,0.0196378,-0.00705719
27.24,0.0356684,-0.0989933,-0.469788,-0.25845,-0.0863194,-0.00475418,0.0322351,0.059701,0.510986,0.242046,-0.0862674,0.0190174,-0.00705719
27.26,0.0352869,-0.0989933,-0.469788,-0.25845,-0.0863194,-0.00475418,0.0310898,0.0608454,0.510986,0.242046,-0.086083,0.0187068,-0.00705719
27.28,0.0352869,-0.0989933,-0.469788,-0.25845,-0.0863194,-0.00475418,0.0299454,0.0616083,0.510986,0.242046,-0.086083,0.0187068,-0.00705719
27.3,0.0349054,-0.0989933,-0.469788,-0.25845,-0.0863194,-0.00475418,0.0299454,0.0627527,0.510986,0.242046,-0.0860865,0.0180865,-0.00705719
27.32,0.0341425,-0.0989933,-0.469788,-0.25845,-0.0863194,-0.00475418,0.0299454,0.0631342,0.510986,0.241665,-0.0860865,0.0180865,-0.00705719
27.34,0.0333796,-0.0989933,-0.469788,-0.25845,-0.0865052,-0.00506459,0.0299454,0.0642786,0.510986,0.241665,-0.0860865,0.0180865,-0.00705719
27.36,0.0326166,-0.0989933,-0.469788,-0.258068,-0.0865052,-0.00506459,0.0299454,0.0646601,0.510605,0.241665,-0.0860865,0.0180865,-0.00705719
27.38,0.0310898,-0.0989933,-0.469788,-0.258068,-0.0865052,-0.00506459,0.0299454,0.0650415,0.510605,0.241665,-0.0864624,0.0174671,-0.00705719
27.4,0.0299454,-0.0989933,-0.469788,-0.258068,-0.0865052,-0.00506459,0.0299454,0.065423,0.510605,0.241665,-0.0866503,0.0171575,-0.00705719
27.42,0.0295639,-0.0993748,-0.469788,-0.257687,-0.0865052,-0.00506459,0.0295639,0.065423,0.510223,0.241665,-0.0868382,0.0168478,-0.00705719
27.44,0.028801,-0.0993748,-0.469788,-0.256924,-0.0865052,-0.00506459,0.0291824,0.0658045,0.510223,0.241665,-0.087026,0.0165381,-0.00705719
27.46,0.0284195,-0.0989933,-0.469788,-0.256542,-0.0865052,-0.00506459,0.028801,0.0665674,0.510223,0.241665,-0.0872106,0.0168487,-0.00705719
27.48,0.0284195,-0.0989933,-0.469788,-0.256161,-0.0866909,-0.00537502,0.0284195,0.0665674,0.510223,0.241665,-0.0873984,0.016539,-0.00705719
27.5,0.0284195,-0.0989933,-0.469788,-0.255779,-0.08725,-0.00506643,0.0284195,0.0669489,0.510223,0.241283,-0.0879615,0.0156101,-0.00705719
27.52,0.028038,-0.0989933,-0.469788,-0.255779,-0.0878099,-0.00413794,0.028038,0.0673304,0.510223,0.241283,-0.0883367,0.0149908,-0.00705719
27.54,0.0276566,-0.0989933,-0.469788,-0.255398,-0.0885553,-0.00351991,0.028038,0.0677118,0.510223,0.241283,-0.0885243,0.0146812,-0.00705719
27.56,0.0272751,-0.0989933,-0.469788,-0.254635,-0.0889281,-0.00290097,0.0272751,0.0677118,0.510223,0.240902,-0.0888993,0.0140619,-0.00705719
27.58,0.0272751,-0.0989933,-0.469788,-0.254253,-0.0894871,-0.0019726,0.0268936,0.0677118,0.510223,0.240902,-0.0894615,0.0131331,-0.00705719
27.6,0.0272751,-0.0989933,-0.470169,-0.254253,-0.0900458,-0.00104426,0.0268936,0.0680933,0.510223,0.24052,-0.0900234,0.0122043,-0.00705719
27.62,0.0272751,-0.0989933,-0.470169,-0.25349,-0.0907899,-0.00104619,0.0257492,0.0680933,0.510223,0.240139,-0.090772,0.010966,-0.00705719
27.64,0.0272751,-0.0989933,-0.470169,-0.251965,-0.091162,-0.00104715,0.0253677,0.0688562,0.510223,0.239376,-0.090959,0.0106565,-0.00667572
27.66,0.0268936,-0.0989933,-0.470169,-0.251583,-0.0913478,-0.00135756,0.0246048,0.0692377,0.510223,0.238613,-0.091518,0.0103479,-0.00667572
27.68,0.0265121,-0.0986118,-0.470169,-0.251202,-0.0928359,-0.00136225,0.0242233,0.0696192,0.510223,0.238232,-0.0920769,0.0100393,-0.00667572
27.7,0.0257492,-0.0982304,-0.470169,-0.251202,-0.09358,-0.00136346,0.0246048,0.0703821,0.510223,0.237469,-0.0924506,0.00942027,-0.00667572
27.72,0.0253677,-0.0974674,-0.470169,-0.249676,-0.0946953,-0.000746642,0.0246048,0.0711451,0.510223,0.236706,-0.0924506,0.00942027,-0.00667572
27.74,0.0246048,-0.097086,-0.470169,-0.248913,-0.0956243,-0.000439273,0.0246048,0.0711451,0.510223,0.235561,-0.0928225,0.00942124,-0.00705719
27.76,0.0242233,-0.0967045,-0.470551,-0.247768,-0.0963673,0.000178477,0.0246048,0.0715265,0.510223,0.234798,-0.093381,0.0091127,-0.00667572
27.78,0.0242233,-0.0955601,-0.471313,-0.246624,-0.0969244,0.000486823,0.0246048,0.0726709,0.510223,0.234035,-0.0941245,0.00911467,-0.00667572
27.8,0.0238419,-0.0947971,-0.471313,-0.245861,-0.0978525,0.00141388,0.0242233,0.0726709,0.509079,0.233273,-0.0946845,0.00818616,-0.00705719
27.82,0.0226974,-0.0944157,-0.471313,-0.245861,-0.0984093,0.00172218,0.0246048,0.0730524,0.509079,0.232891,-0.0954277,0.00818817,-0.00705719
27.84,0.022316,-0.0944157,-0.471313,-0.245861,-0.0987801,0.00234088,0.0246048,0.0726709,0.509079,0.232128,-0.0961722,0.00757021,-0.00705719
27.86,0.021553,-0.0947971,-0.471313,-0.245861,-0.0997065,0.00388753,0.0246048,0.0726709,0.509079,0.230602,-0.0965437,0.00757123,-0.00705719
27.88,0.0200272,-0.0947971,-0.471313,-0.24548,-0.100447,0.00512477,0.0246048,0.0726709,0.509079,0.228695,-0.0965437,0.00757123,-0.00705719
27.9,0.0196457,-0.0951786,-0.471313,-0.244335,-0.100261,0.00543516,0.0246048,0.0726709,0.509079,0.228313,-0.097102,0.00726201,-0.00667572
27.92,0.0192642,-0.0951786,-0.471313,-0.241665,-0.0998898,0.00543624,0.0246048,0.0734339,0.509079,0.228313,-0.097661,0.00633364,-0.00705719
27.94,0.0188828,-0.0959415,-0.471313,-0.239376,-0.0995187,0.00543732,0.0246048,0.0738153,0.509079,0.228313,-0.0989631,0.0047875,-0.00705719
27.96,0.0188828,-0.0974674,-0.471313,-0.23785,-0.0995187,0.00543732,0.0246048,0.0738153,0.509079,0.228313,-0.0998929,0.00324046,-0.00705719
27.98,0.0185013,-0.0989933,-0.471313,-0.237469,-0.0995187,0.00543732,0.0246048,0.0738153,0.509079,0.228313,-0.10045,0.0023123,-0.00705719
28,0.0177383,-0.100138,-0.471313,-0.237469,-0.0995187,0.00543732,0.0246048,0.0741968,0.508698,0.228313,-0.10045,0.0023123,-0.00705719
28.02,0.0177383,-0.101282,-0.471313,-0.237469,-0.0993326,0.00574769,0.0246048,0.0749598,0.508698,0.228313,-0.10045,0.0023123,-0.00705719
28.04,0.0177383,-0.102427,-0.471313,-0.237469,-0.0995176,0.006057,0.0246048,0.0757227,0.508316,0.228313,-0.10045,0.0023123,-0.00705719
28.06,0.0177383,-0.103571,-0.471313,-0.237469,-0.0997025,0.0063663,0.0246048,0.0764856,0.508316,0.228313,-0.10045,0.0023123,-0.00705719
28.08,0.0177383,-0.105097,-0.471313,-0.237469,-0.0997025,0.0063663,0.0246048,0.0780115,0.508316,0.228695,-0.100079,0.00231123,-0.00705719
28.1,0.0177383,-0.107004,-0.471313,-0.237469,-0.0997025,0.0063663,0.0246048,0.0780115,0.507935,0.229076,-0.0998939,0.00200079,-0.00705719
28.12,0.0177383,-0.10853,-0.471313,-0.237469,-0.0995163,0.00667667,0.0246048,0.0795374,0.507172,0.229076,-0.0995228,0.00199973,-0.00705719
28.14,0.0181198,-0.109674,-0.471313,-0.237469,-0.0993301,0.00698704,0.0246048,0.0791559,0.50679,0.229458,-0.0991516,0.00199867,-0.00705719
28.16,0.0185013,-0.110819,-0.471313,-0.237469,-0.0993301,0.00698704,0.0246048,0.0791559,0.50679,0.229458,-0.0985946,0.00230701,-0.00743866
28.18,0.0188828,-0.111582,-0.471313,-0.237469,-0.0993301,0.00698704,0.0246048,0.0791559,0.50679,0.229839,-0.0982234,0.00230596,-0.00743866
28.2,0.0188828,-0.111963,-0.471313,-0.237469,-0.0993286,0.0076067,0.0246048,0.0799189,0.50679,0.230602,-0.0978521,0.00230492,-0.00858307
28.22,0.0192642,-0.112345,-0.471313,-0.237469,-0.0995135,0.00791599,0.0246048,0.0814447,0.50679,0.231747,-0.0978521,0.00230492,-0.00858307
28.24,0.0192642,-0.113108,-0.470932,-0.237469,-0.0996982,0.00822527,0.0246048,0.0822077,0.50679,0.232128,-0.0978521,0.00230492,-0.00858307
28.26,0.0192642,-0.114252,-0.470932,-0.237469,-0.0995119,0.00853563,0.0246048,0.0833521,0.50679,0.232128,-0.0976666,0.00199448,-0.00858307
28.28,0.0192642,-0.115015,-0.470932,-0.237087,-0.0996982,0.00822527,0.0246048,0.0833521,0.50679,0.232128,-0.0976666,0.00199448,-0.00858307
28.3,0.0192642,-0.116159,-0.470932,-0.237087,-0.0995119,0.00853563,0.0246048,0.0833521,0.506409,0.232128,-0.0974811,0.00168405,-0.00858307
28.32,0.0192642,-0.117304,-0.471313,-0.237087,-0.0995119,0.00853563,0.0242233,0.0837336,0.506409,0.232128,-0.0974811,0.00168405,-0.00858307
28.34,0.0188828,-0.117304,-0.471313,-0.237087,-0.0995119,0.00853563,0.0242233,0.084878,0.506409,0.232128,-0.0974811,0.00168405,-0.00858307
28.36,0.0188828,-0.117685,-0.471313,-0.237087,-0.0995119,0.00853563,0.0242233,0.0856409,0.506409,0.23251,-0.0972956,0.00137362,-0.00858307
28.38,0.0188828,-0.117685,-0.471313,-0.236706,-0.0996966,0.00884491,0.0242233,0.0864038,0.506409,0.233273,-0.0974811,0.00168405,-0.00858307
28.4,0.0188828,-0.118067,-0.471313,-0.236324,-0.0996966,0.00884491,0.0242233,0.0867853,0.506409,0.233273,-0.0974814,0.00106423,-0.00858307
28.42,0.0188828,-0.118067,-0.470932,-0.235561,-0.0996966,0.00884491,0.0242233,0.0875483,0.506409,0.233273,-0.0974814,0.00106423,-0.00858307
28.44,0.0188828,-0.118067,-0.470932,-0.235561,-0.0996982,0.00822527,0.0242233,0.0875483,0.506409,0.233273,-0.0976671,0.000754843,-0.00858307
28.46,0.0188828,-0.118067,-0.470932,-0.23518,-0.099883,0.00853455,0.0242233,0.0875483,0.506409,0.233273,-0.0980385,0.000136088,-0.00858307
28.48,0.0188828,-0.118067,-0.470932,-0.234417,-0.099883,0.00853455,0.0242233,0.0875483,0.506409,0.233273,-0.0980385,0.000136088,-0.00858307
28.5,0.0188828,-0.118067,-0.470932,-0.233654,-0.099883,0.00853455,0.0242233,0.0879297,0.506409,0.233273,-0.0982242,-0.000173283,-0.00858307
28.52,0.0188828,-0.118067,-0.471313,-0.233654,-0.099883,0.00853455,0.0242233,0.0879297,0.506409,0.233273,-0.0985954,-0.000172232,-0.00858307
28.54,0.0188828,-0.118067,-0.471313,-0.233654,-0.100069,0.00822419,0.0242233,0.0879297,0.506409,0.233273,-0.098781,-0.000481595,-0.00858307
28.56,0.0188828,-0.118067,-0.471313,-0.233273,-0.100254,0.00853347,0.0238419,0.0879297,0.506409,0.233273,-0.098781,-0.000481595,-0.00858307
28.58,0.0188828,-0.118067,-0.471313,-0.233273,-0.100439,0.00884274,0.0234604,0.0886927,0.506409,0.232891,-0.098781,-0.000481595,-0.00858307
28.6,0.0188828,-0.118067,-0.470932,-0.233273,-0.100623,0.00915201,0.0230789,0.0890741,0.506409,0.232891,-0.098781,-0.000481595,-0.00858307
28.62,0.0188828,-0.118448,-0.470932,-0.233273,-0.100623,0.00915201,0.0230789,0.0890741,0.506409,0.232891,-0.0989665,-0.000790953,-0.00858307
28.64,0.0188828,-0.118448,-0.470932,-0.233273,-0.100623,0.00915201,0.0230789,0.0890741,0.506409,0.232891,-0.0989665,-0.000790953,-0.00858307
28.66,0.0188828,-0.118448,-0.470932,-0.233273,-0.100623,0.00915201,0.0230789,0.0894556,0.506409,0.232891,-0.0989665,-0.000790953,-0.00858307
28.68,0.0188828,-0.118448,-0.470932,-0.232891,-0.100623,0.00915201,0.0230789,0.0894556,0.506409,0.232891,-0.0989665,-0.000790953,-0.00858307
28.7,0.0188828,-0.118448,-0.470932,-0.232891,-0.10081,0.00884165,0.0230789,0.0894556,0.506409,0.232891,-0.0989665,-0.000790953,-0.00858307
28.72,0.0188828,-0.118448,-0.470932,-0.232891,-0.100623,0.00915201,0.0230789,0.0894556,0.506409,0.232891,-0.0989665,-0.000790953,-0.00858307
28.74,0.0188828,-0.118448,-0.470932,-0.232891,-0.100623,0.00915201,0.0226974,0.0902185,0.506409,0.233273,-0.0989665,-0.000790953,-0.00858307
28.76,0.0188828,-0.118448,-0.470932,-0.232891,-0.100623,0.00915201,0.022316,0.0902185,0.506409,0.233273,-0.0985953,-0.00079201,-0.00858307
28.78,0.0188828,-0.118448,-0.470932,-0.232891,-0.100623,0.00915201,0.021553,0.0906,0.506409,0.233273,-0.0985953,-0.00079201,-0.00858307
28.8,0.0188828,-0.118448,-0.470932,-0.232891,-0.100623,0.00915201,0.021553,0.0906,0.506409,0.233273,-0.0985953,-0.00079201,-0.00858307
28.82,0.0188828,-0.118448,-0.470932,-0.232891,-0.100439,0.00884274,0.0211716,0.0906,0.506409,0.233273,-0.0985953,-0.00079201,-0.00858307
28.84,0.0188828,-0.118448,-0.470932,-0.232891,-0.100439,0.00884274,0.0207901,0.0906,0.506027,0.233273,-0.0984096,-0.00110242,-0.00858307
28.86,0.0188828,-0.118448,-0.470932,-0.232891,-0.100439,0.00884274,0.0204086,0.0909815,0.506027,0.233273,-0.0984096,-0.00110242,-0.00858307
28.88,0.0188828,-0.118067,-0.470932,-0.232891,-0.100439,0.00884274,0.0200272,0.091363,0.505646,0.233273,-0.0984096,-0.00110242,-0.00858307
28.9,0.0188828,-0.118067,-0.471313,-0.232891,-0.100254,0.00853347,0.0200272,0.0917444,0.505264,0.233273,-0.0984096,-0.00110242,-0.00858307
28.92,0.0188828,-0.118067,-0.471313,-0.232891,-0.100069,0.00822419,0.0200272,0.0917444,0.505264,0.233273,-0.0982238,-0.00141283,-0.00858307
28.94,0.0188828,-0.118067,-0.471313,-0.233273,-0.100069,0.00822419,0.0200272,0.0917444,0.505264,0.233273,-0.0984093,-0.00172218,-0.00858307
28.96,0.0188828,-0.118067,-0.471313,-0.233273,-0.100069,0.00822419,0.0196457,0.0917444,0.505264,0.233273,-0.0984093,-0.00172218,-0.00858307
28.98,0.0188828,-0.118067,-0.471313,-0.233273,-0.0998846,0.00791491,0.0196457,0.0917444,0.505264,0.233273,-0.0982235,-0.00203259,-0.00858307
29,0.0188828,-0.118067,-0.471313,-0.233654,-0.0998846,0.00791491,0.0192642,0.0921259,0.505264,0.233273,-0.0982235,-0.00203259,-0.00858307
29.02,0.0188828,-0.118067,-0.471313,-0.233654,-0.0996982,0.00822527,0.0188828,0.0921259,0.505264,0.233273,-0.0982235,-0.00203259,-0.00858307
29.04,0.0188828,-0.118067,-0.471313,-0.233654,-0.0993271,0.00822635,0.0188828,0.0925074,0.505264,0.233273,-0.0982235,-0.00203259