0,0,0,0
0.02,0,0,0
0.04,0,0,0
0.06,0,0,0
0.08,0,0,0
0.1,0,0,0
0.12,0,0,0
0.14,0,0,0
0.16,0,0,0
0.18,0,0,0
0.2,-0.00714079,-0.0140449,-0.999876
0.22,-0.00804462,-0.0142582,-0.999866
0.24,-0.00811832,-0.0141786,-0.999867
0.26,-0.00831653,-0.0139144,-0.999869
0.28,-0.00811856,-0.01411,-0.999867
0.3,-0.00876445,-0.0135113,-0.99987
0.32,-0.00937468,-0.0128891,-0.999873
0.34,-0.00915061,-0.0142423,-0.999857
0.36,-0.00674626,-0.0161502,-0.999847
0.38,-0.0071659,-0.0167214,-0.999835
0.4,-0.00758017,-0.0159392,-0.999844
0.42,-0.00726053,-0.0155401,-0.999853
0.44,-0.0109975,-0.0143591,-0.999836
0.46,-0.01134,-0.0144254,-0.999832
0.48,-0.00850921,-0.0161751,-0.999833
0.5,-0.00912056,-0.0173393,-0.999808
0.52,-0.0103188,-0.0157176,-0.999823
0.54,-0.0110795,-0.0148515,-0.999828
0.56,-0.012269,-0.0154926,-0.999805
0.58,-0.0117556,-0.015364,-0.999813
0.6,-0.0123982,-0.0155259,-0.999803
0.62,-0.00976412,-0.017477,-0.9998
0.64,-0.0102214,-0.0172592,-0.999799
0.66,-0.0136053,-0.0146464,-0.9998
0.68,-0.0135602,-0.0147104,-0.9998
0.7,-0.0133883,-0.0146863,-0.999803
0.72,-0.0105829,-0.0164067,-0.999809
0.74,-0.011458,-0.016495,-0.999798
0.76,-0.0111375,-0.0167371,-0.999798
0.78,-0.0110199,-0.0165819,-0.999802
0.8,-0.0109799,-0.0169784,-0.999796
0.82,-0.0108805,-0.0168807,-0.999798
0.84,-0.0106134,-0.0171434,-0.999797
0.86,-0.0111432,-0.0169429,-0.999794
0.88,-0.0107782,-0.0166485,-0.999803
0.9,-0.0109409,-0.016864,-0.999798
0.92,-0.0142031,-0.0148162,-0.999789
0.94,-0.0108222,-0.0167443,-0.999801
0.96,-0.0141707,-0.0153011,-0.999783
0.98,-0.0138984,-0.0153986,-0.999785
1,-0.0137072,-0.0153873,-0.999788
1.02,-0.0137877,-0.014557,-0.999799
1.04,-0.013691,-0.0147864,-0.999797
1.06,-0.0135624,-0.0150626,-0.999795
1.08,-0.0130275,-0.0153042,-0.999798
1.1,-0.0106483,-0.0167713,-0.999803
1.12,-0.0102731,-0.0173305,-0.999797
1.14,-0.00977355,-0.0174342,-0.9998
1.16,-0.0130654,-0.0159591,-0.999787
1.18,-0.0120306,-0.0152641,-0.999811
1.2,-0.0121097,-0.0140838,-0.999827
1.22,-0.0110738,-0.013083,-0.999853
1.24,-0.00767464,-0.0157175,-0.999847
1.26,-0.00845075,-0.0159326,-0.999837
1.28,-0.0113278,-0.0139752,-0.999838
1.3,-0.0111963,-0.0137319,-0.999843
1.32,-0.00768361,-0.015307,-0.999853
1.34,-0.00805994,-0.0161229,-0.999838
1.36,-0.00700304,-0.0175098,-0.999822
1.38,-0.00853633,-0.0171466,-0.999817
1.4,-0.00558512,-0.016174,-0.999854
1.42,-0.00964854,-0.0145086,-0.999848
1.44,-0.00852884,-0.0133646,-0.999874
1.46,-0.00888009,-0.0141496,-0.99986
1.48,-0.00862564,-0.0142539,-0.999861
1.5,-0.00851384,-0.0137167,-0.99987
1.52,-0.00808137,-0.0136849,-0.999874
1.54,-0.00790403,-0.013758,-0.999874
1.56,-0.00743065,-0.0140338,-0.999874
1.58,-0.00991248,-0.0139418,-0.999854
1.6,-0.0100408,-0.0132226,-0.999862
1.62,-0.0145652,-0.0126766,-0.999814
1.64,-0.00747964,-0.0159921,-0.999844
1.66,-0.00172852,-0.0141915,-0.999898
1.68,-0.0019329,-0.0131996,-0.999911
1.7,-0.00712681,-0.0130155,-0.99989
1.72,-0.0134373,-0.0137252,-0.999816
1.74,-0.0167826,-0.0132189,-0.999772
1.76,-0.0157896,-0.0136959,-0.999782
1.78,-0.0141475,-0.0130293,-0.999815
1.8,-0.0113586,-0.0126469,-0.999856
1.82,-0.0128301,-0.0128258,-0.999835
1.84,-0.0130955,-0.0126165,-0.999835
1.86,-0.0138748,-0.0121436,-0.99983
1.88,-0.019468,-0.0128214,-0.999728
1.9,-0.0202456,-0.0133387,-0.999706
1.92,-0.0186157,-0.0121537,-0.999753
1.94,-0.0196972,-0.0132103,-0.999719
1.96,-0.0213235,-0.0117644,-0.999703
1.98,-0.0218082,-0.0113982,-0.999697
2,-0.0203304,-0.0131345,-0.999707
2.02,-0.020816,-0.013,-0.999699
2.04,-0.0207986,-0.013328,-0.999695
2.06,-0.0213695,-0.013292,-0.999683
2.08,-0.0206168,-0.0134146,-0.999697
2.1,-0.0198897,-0.0136859,-0.999709
2.12,-0.0202894,-0.013309,-0.999706
2.14,-0.0287822,-0.00850978,-0.999549
2.16,-0.0211091,-0.0146092,-0.99967
2.18,-0.0284662,-0.00799244,-0.999563
2.2,-0.0192753,-0.0133882,-0.999725
2.22,-0.0303214,-0.00881467,-0.999501
2.24,-0.0298829,-0.00821494,-0.99952
2.26,-0.0304047,-0.00791857,-0.999506
2.28,-0.0305246,-0.00915962,-0.999492
2.3,-0.0299657,-0.0092444,-0.999508
2.32,-0.0315679,-0.0105596,-0.999446
2.34,-0.0305239,-0.00943009,-0.99949
2.36,-0.0323532,-0.00885184,-0.999437
2.38,-0.0337216,-0.0109836,-0.999371
2.4,-0.0347031,-0.0112502,-0.999334
2.42,-0.0322917,-0.0107748,-0.99942
2.44,-0.0208707,-0.0183809,-0.999613
2.46,-0.0223158,-0.0177496,-0.999593
2.48,-0.0224763,-0.0182127,-0.999581
2.5,-0.0253124,-0.019266,-0.999494
2.52,-0.0249347,-0.0183294,-0.999521
2.54,-0.0246058,-0.0183207,-0.999529
2.56,-0.0256867,-0.0181056,-0.999506
2.58,-0.0368684,-0.0140406,-0.999221
2.6,-0.0326723,-0.0135913,-0.999374
2.62,-0.0376297,-0.015452,-0.999172
2.64,-0.0378522,-0.0149248,-0.999172
2.66,-0.0359718,-0.0155439,-0.999232
2.68,-0.0366074,-0.0154852,-0.99921
2.7,-0.0379591,-0.0138687,-0.999183
2.72,-0.0327564,-0.0183107,-0.999296
2.74,-0.0342752,-0.0184858,-0.999241
2.76,-0.0342254,-0.0166932,-0.999275
2.78,-0.0331151,-0.0164034,-0.999317
2.8,-0.0343189,-0.0161103,-0.999281
2.82,-0.036599,-0.0169471,-0.999186
2.84,-0.0369572,-0.0171129,-0.99917
2.86,-0.0367055,-0.0174652,-0.999173
2.88,-0.0342597,-0.0161029,-0.999283
2.9,-0.0344307,-0.0173275,-0.999257
2.92,-0.033228,-0.0168892,-0.999305
2.94,-0.0332263,-0.0160958,-0.999318
2.96,-0.0301374,-0.0164793,-0.99941
2.98,-0.0308848,-0.0166104,-0.999385
3,-0.0316604,-0.0163252,-0.999365
3.02,-0.0331214,-0.0160823,-0.999322
3.04,-0.0332654,-0.0155706,-0.999325
3.06,-0.0352917,-0.0157275,-0.999253
3.08,-0.0347461,-0.0159022,-0.99927
3.1,-0.0347215,-0.0157985,-0.999272
3.12,-0.0352874,-0.0161564,-0.999247
3.14,-0.0358334,-0.0164425,-0.999223
3.16,-0.0337387,-0.0160976,-0.999301
3.18,-0.0325272,-0.0162477,-0.999339
3.2,-0.0338007,-0.0169988,-0.999284
3.22,-0.0348913,-0.0154732,-0.999271
3.24,-0.0337374,-0.0148865,-0.99932
3.26,-0.0336871,-0.0139804,-0.999335
3.28,-0.0347558,-0.0158174,-0.999271
3.3,-0.0371707,-0.0152116,-0.999193
3.32,-0.0349511,-0.0163742,-0.999255
3.34,-0.0344953,-0.0154883,-0.999285
3.36,-0.034137,-0.0156427,-0.999295
3.38,-0.035178,-0.0155672,-0.99926
3.4,-0.0321509,-0.0150577,-0.99937
3.42,-0.0338913,-0.0154465,-0.999306
3.44,-0.0312098,-0.0142087,-0.999412
3.46,-0.0298208,-0.0139055,-0.999459
3.48,-0.029613,-0.0138321,-0.999466
3.5,-0.0301157,-0.0141946,-0.999446
3.52,-0.0290374,-0.0138688,-0.999482
3.54,-0.0279468,-0.0125953,-0.99953
3.56,-0.0267661,-0.0129534,-0.999558
3.58,-0.0278859,-0.0133992,-0.999521
3.6,-0.0266909,-0.0135181,-0.999552
3.62,-0.0218484,-0.00906113,-0.99972
3.64,-0.0208738,-0.00853053,-0.999746
3.66,-0.0243375,-0.0122713,-0.999628
3.68,-0.0257553,-0.0128751,-0.999585
3.7,-0.0225915,-0.0119992,-0.999673
3.72,-0.0252507,-0.0126777,-0.999601
3.74,-0.0241327,-0.0100182,-0.999659
3.76,-0.0230811,-0.0112347,-0.99967
3.78,-0.0222106,-0.0105305,-0.999698
3.8,-0.0225835,-0.00884292,-0.999706
3.82,-0.0260439,-0.0102099,-0.999609
3.84,-0.0266568,-0.00980024,-0.999597
3.86,-0.0259277,-0.00955425,-0.999618
3.88,-0.0259535,-0.0103727,-0.999609
3.9,-0.0273249,-0.00933432,-0.999583
3.92,-0.0267869,-0.00791699,-0.99961
3.94,-0.0259481,-0.00795504,-0.999632
3.96,-0.0264826,-0.00850605,-0.999613
3.98,-0.028563,-0.0090752,-0.999551
4,-0.0294254,-0.00938513,-0.999523
4.02,-0.030131,-0.00847699,-0.99951
4.04,-0.0310205,-0.00885974,-0.999479
4.06,-0.0301742,-0.00788255,-0.999514
4.08,-0.0308744,-0.00771943,-0.999493
4.1,-0.0307585,-0.00887198,-0.999487
4.12,-0.0292742,-0.00642924,-0.999551
4.14,-0.0289138,-0.00647236,-0.999561
4.16,-0.0283383,-0.00701997,-0.999574
4.18,-0.0285884,-0.00706388,-0.999566
4.2,-0.0281097,-0.00706203,-0.99958
4.22,-0.0270899,-0.00640687,-0.999612
4.24,-0.0270182,-0.00629509,-0.999615
4.26,-0.0273196,-0.005964,-0.999609
4.28,-0.0311899,-0.00705687,-0.999489
4.3,-0.0312199,-0.00697249,-0.999488
4.32,-0.0307751,-0.00699788,-0.999502
4.34,-0.0301225,-0.00734643,-0.999519
4.36,-0.0280991,-0.00673473,-0.999582
4.38,-0.0272473,-0.00721067,-0.999603
4.4,-0.0271196,-0.00658943,-0.99961
4.42,-0.0271234,-0.00683872,-0.999609
4.44,-0.0270291,-0.00648749,-0.999614
4.46,-0.0273339,-0.00614999,-0.999607
4.48,-0.0279653,-0.00679702,-0.999586
4.5,-0.0305509,-0.00707459,-0.999508
4.52,-0.030884,-0.00694285,-0.999499
4.54,-0.0319447,-0.00726988,-0.999463
4.56,-0.0311437,-0.007815,-0.999484
4.58,-0.0324158,-0.00847306,-0.999439
4.6,-0.0318735,-0.00816467,-0.999459
4.62,-0.0326477,-0.00829871,-0.999432
4.64,-0.0304351,-0.00852984,-0.9995
4.66,-0.030812,-0.00915114,-0.999483
4.68,-0.03051,-0.0088242,-0.999496
4.7,-0.030581,-0.00842205,-0.999497
4.72,-0.0297875,-0.00764305,-0.999527
4.74,-0.0298674,-0.00864739,-0.999516
4.76,-0.0296506,-0.00854027,-0.999524
4.78,-0.0292146,-0.00816329,-0.99954
4.8,-0.0332229,-0.011957,-0.999376
4.82,-0.0323853,-0.0114016,-0.99941
4.84,-0.0325605,-0.0108484,-0.999411
4.86,-0.0323491,-0.011932,-0.999405
4.88,-0.0325022,-0.0122048,-0.999397
4.9,-0.0304427,-0.0119302,-0.999465
4.92,-0.0306171,-0.0114438,-0.999466
4.94,-0.0310201,-0.0119107,-0.999448
4.96,-0.0306725,-0.0120563,-0.999457
4.98,-0.0306767,-0.012305,-0.999454
5,-0.030802,-0.012854,-0.999443
5.02,-0.0321726,-0.0134999,-0.999391
5.04,-0.0316975,-0.0133761,-0.999408
5.06,-0.0315545,-0.0130915,-0.999416
5.08,-0.0318089,-0.0127494,-0.999413
5.1,-0.0316284,-0.0132718,-0.999412
5.12,-0.0317983,-0.0134208,-0.999404
5.14,-0.0315936,-0.0134663,-0.99941
5.16,-0.0325378,-0.0142418,-0.999369
5.18,-0.0324569,-0.0142325,-0.999372
5.2,-0.0347331,-0.0143802,-0.999293
5.22,-0.0339273,-0.014616,-0.999317
5.24,-0.033532,-0.014664,-0.99933
5.26,-0.0336573,-0.0146109,-0.999327
5.28,-0.0333313,-0.0147394,-0.999336
5.3,-0.0309673,-0.0154438,-0.999401
5.32,-0.0331934,-0.0146357,-0.999342
5.34,-0.0331677,-0.0143331,-0.999347
5.36,-0.0333881,-0.0144909,-0.999337
5.38,-0.0333224,-0.0148077,-0.999335
5.4,-0.0330697,-0.014724,-0.999345
5.42,-0.0329527,-0.0147521,-0.999348
5.44,-0.0332875,-0.0150004,-0.999333
5.46,-0.0323608,-0.0141103,-0.999377
5.48,-0.0323183,-0.0142499,-0.999376
5.5,-0.0321938,-0.0146053,-0.999375
5.52,-0.0311978,-0.0119963,-0.999441
5.54,-0.0318017,-0.0137923,-0.999399
5.56,-0.0313044,-0.0133876,-0.99942
5.58,-0.0310971,-0.013443,-0.999426
5.6,-0.0309126,-0.0129054,-0.999439
5.62,-0.0302101,-0.012679,-0.999463
5.64,-0.0310137,-0.0120834,-0.999446
5.66,-0.0307947,-0.0118313,-0.999456
5.68,-0.0304895,-0.0117054,-0.999467
5.7,-0.0305726,-0.0120314,-0.99946
5.72,-0.0320397,-0.0118526,-0.999416
5.74,-0.033657,-0.012535,-0.999355
5.76,-0.0296984,-0.0117707,-0.99949
5.78,-0.030348,-0.01198,-0.999468
5.8,-0.0307292,-0.0116691,-0.99946
5.82,-0.0330784,-0.0125856,-0.999374
5.84,-0.0329356,-0.0133226,-0.999369
5.86,-0.0326794,-0.0129771,-0.999382
5.88,-0.0327576,-0.0132647,-0.999375
5.9,-0.0334248,-0.0134482,-0.999351
5.92,-0.0309494,-0.0137628,-0.999426
5.94,-0.0312845,-0.0126901,-0.99943
5.96,-0.0285195,-0.0103021,-0.99954
5.98,-0.0280747,-0.00985967,-0.999557
6,-0.0280624,-0.00960576,-0.99956
6.02,-0.0283798,-0.00895471,-0.999557
6.04,-0.0285452,-0.0100471,-0.999542
6.06,-0.028033,-0.00925268,-0.999564
6.08,-0.0282954,-0.00938784,-0.999556
6.1,-0.0276112,-0.00909843,-0.999577
6.12,-0.0268021,-0.00943529,-0.999596
6.14,-0.0258583,-0.00916951,-0.999624
6.16,-0.0252451,-0.00972924,-0.999634
6.18,-0.0264815,-0.00999855,-0.999599
6.2,-0.0255296,-0.0105688,-0.999618
6.22,-0.0275727,-0.00952824,-0.999574
6.24,-0.0278008,-0.0104268,-0.999559
6.26,-0.0264914,-0.00995447,-0.999599
6.28,-0.0265231,-0.00931077,-0.999605
6.3,-0.0262158,-0.00956107,-0.999611
6.32,-0.0237499,-0.00867966,-0.99968
6.34,-0.0247829,-0.00929683,-0.99965
6.36,-0.02488,-0.0095363,-0.999645
6.38,-0.0242391,-0.00971098,-0.999659
6.4,-0.023956,-0.0100764,-0.999662
6.42,-0.0233877,-0.0108822,-0.999667
6.44,-0.0236623,-0.00991387,-0.999671
6.46,-0.0247873,-0.0108695,-0.999634
6.48,-0.024322,-0.0108905,-0.999645
6.5,-0.0233315,-0.00926291,-0.999685
6.52,-0.0244727,-0.0111919,-0.999638
6.54,-0.0244615,-0.00971502,-0.999654
6.56,-0.0244243,-0.0100986,-0.999651
6.58,-0.0340494,-0.00600738,-0.999402
6.6,-0.0337157,-0.00593175,-0.999414
6.62,-0.0348641,-0.0060309,-0.999374
6.64,-0.0354108,-0.00639226,-0.999352
6.66,-0.036087,-0.00598538,-0.999331
6.68,-0.036344,-0.0056022,-0.999324
6.7,-0.0361915,-0.00576021,-0.999328
6.72,-0.0364765,-0.00556612,-0.999319
6.74,-0.0362108,-0.00559596,-0.999329
6.76,-0.0410987,-0.00732124,-0.999128
6.78,-0.0366083,-0.00535565,-0.999315
6.8,-0.0369898,-0.00571776,-0.999299
6.82,-0.0369282,-0.00571077,-0.999302
6.84,-0.0413647,-0.00743541,-0.999116
6.86,-0.0414389,-0.00742162,-0.999113
6.88,-0.0412282,-0.00750755,-0.999122
6.9,-0.0409318,-0.00712156,-0.999137
6.92,-0.0412613,-0.00715885,-0.999123
6.94,-0.0354629,-0.00691106,-0.999347
6.96,-0.0367547,-0.00537839,-0.99931
6.98,-0.0363222,-0.00670901,-0.999318
7,-0.0413269,-0.00749731,-0.999118
7.02,-0.041209,-0.00761315,-0.999122
7.04,-0.0419108,-0.00824507,-0.999087
7.06,-0.0369759,-0.00799466,-0.999284
7.08,-0.0342598,-0.0065635,-0.999391
7.1,-0.0342643,-0.00660735,-0.999391
7.12,-0.0339767,-0.00719104,-0.999397
7.14,-0.0337511,-0.00612249,-0.999412
7.16,-0.0338016,-0.00609317,-0.99941
7.18,-0.0340083,-0.00602845,-0.999403
7.2,-0.0338631,-0.00592312,-0.999409
7.22,-0.0363089,-0.00748585,-0.999313
7.24,-0.0338743,-0.00587812,-0.999409
7.26,-0.0337791,-0.00577273,-0.999413
7.28,-0.035912,-0.00726594,-0.999329
7.3,-0.035935,-0.0074261,-0.999327
7.32,-0.035967,-0.00754139,-0.999325
7.34,-0.0357926,-0.00744835,-0.999331
7.36,-0.0356612,-0.00762872,-0.999335
7.38,-0.0360289,-0.00757429,-0.999322
7.4,-0.035598,-0.00716762,-0.99934
7.42,-0.0359515,-0.00717923,-0.999328
7.44,-0.0359188,-0.00748796,-0.999327
7.46,-0.0355921,-0.00744447,-0.999339
7.48,-0.0357042,-0.0073671,-0.999335
7.5,-0.0354863,-0.00681699,-0.999347
7.52,-0.0335819,-0.00579915,-0.999419
7.54,-0.0336086,-0.00590307,-0.999418
7.56,-0.0338398,-0.00572646,-0.999411
7.58,-0.0331898,-0.0059639,-0.999431
7.6,-0.0331652,-0.00583198,-0.999433
7.62,-0.033278,-0.00660393,-0.999424
7.64,-0.0359775,-0.0073534,-0.999326
7.66,-0.0333763,-0.00625049,-0.999423
7.68,-0.0331197,-0.00643494,-0.999431
7.7,-0.0357318,-0.00746756,-0.999334
7.72,-0.041402,-0.00779724,-0.999112
7.74,-0.0409891,-0.00755912,-0.999131
7.76,-0.0413076,-0.00725946,-0.99912
7.78,-0.0408364,-0.00779958,-0.999135
7.8,-0.0414375,-0.00748842,-0.999113
7.82,-0.0414146,-0.00744806,-0.999114
7.84,-0.0337557,-0.00554469,-0.999415
7.86,-0.0361471,-0.00704791,-0.999322
7.88,-0.0332621,-0.00601626,-0.999429
7.9,-0.0335455,-0.00591534,-0.99942
7.92,-0.0332068,-0.00598895,-0.999431
7.94,-0.0361357,-0.00718165,-0.999321
7.96,-0.0354575,-0.00755548,-0.999343
7.98,-0.0348056,-0.00836135,-0.999359
8,-0.0354776,-0.00832171,-0.999336
8.02,-0.0349606,-0.00854687,-0.999352
8.04,-0.0348907,-0.00880108,-0.999352
8.06,-0.0348944,-0.0088298,-0.999352
8.08,-0.0389771,-0.009314,-0.999197
8.1,-0.0344809,-0.00755533,-0.999377
8.12,-0.0336596,-0.00708886,-0.999408
8.14,-0.0340354,-0.00715788,-0.999395
8.16,-0.0338788,-0.00729915,-0.999399
8.18,-0.0297464,-0.00679752,-0.999534
8.2,-0.0314491,-0.00830751,-0.999471
8.22,-0.0311268,-0.0082156,-0.999482
8.24,-0.0368682,-0.00850082,-0.999284
8.26,-0.0330164,-0.00699636,-0.99943
8.28,-0.0335822,-0.0070664,-0.999411
8.3,-0.0340336,-0.00663182,-0.999399
8.32,-0.0342646,-0.00720768,-0.999387
8.34,-0.0341723,-0.00670526,-0.999393
8.36,-0.0339223,-0.00660124,-0.999403
8.38,-0.0334934,-0.00668413,-0.999417
8.4,-0.0337154,-0.00603314,-0.999413
8.42,-0.0343148,-0.00619192,-0.999392
8.44,-0.0341406,-0.00605652,-0.999399
8.46,-0.0302631,-0.0053862,-0.999527
8.48,-0.0307376,-0.00496712,-0.999515
8.5,-0.0349396,-0.00562807,-0.999374
8.52,-0.0310867,-0.00500895,-0.999504
8.54,-0.0354376,-0.00529695,-0.999358
8.56,-0.03575,-0.00580186,-0.999344
8.58,-0.0364878,-0.00532347,-0.99932
8.6,-0.036801,-0.00551056,-0.999307
8.62,-0.0378113,-0.00566927,-0.999269
8.64,-0.0479246,-0.00877825,-0.998812
8.66,-0.0369485,-0.00733446,-0.99929
8.68,-0.0404735,-0.00819682,-0.999147
8.7,-0.0340852,-0.00765823,-0.99939
8.72,-0.0404391,-0.00806806,-0.999149
8.74,-0.0362612,-0.00643659,-0.999322
8.76,-0.0367595,-0.0063504,-0.999304
8.78,-0.0362076,-0.00647046,-0.999323
8.8,-0.035745,-0.00644582,-0.99934
8.82,-0.0372863,-0.00662333,-0.999283
8.84,-0.0404444,-0.00838871,-0.999147
8.86,-0.0407985,-0.00868775,-0.99913
8.88,-0.0360428,-0.00732793,-0.999323
8.9,-0.0361797,-0.00672574,-0.999323
8.92,-0.0331949,-0.00683119,-0.999426
8.94,-0.0329075,-0.00668113,-0.999436
8.96,-0.0356028,-0.0080445,-0.999334
8.98,-0.035528,-0.00811465,-0.999336
9,-0.0330464,-0.00674051,-0.999431
9.02,-0.0354028,-0.00822088,-0.999339
9.04,-0.0357191,-0.00849756,-0.999326
9.06,-0.0351162,-0.00833623,-0.999348
9.08,-0.0352088,-0.00832475,-0.999345
9.1,-0.0352771,-0.00827215,-0.999343
9.12,-0.0351252,-0.00844588,-0.999347
9.14,-0.0404622,-0.00907844,-0.99914
9.16,-0.0405824,-0.00921585,-0.999134
9.18,-0.0405296,-0.00916932,-0.999136
9.2,-0.0403703,-0.00917441,-0.999143
9.22,-0.0349204,-0.0087016,-0.999352
9.24,-0.0344517,-0.00870024,-0.999368
9.26,-0.0344586,-0.00942277,-0.999362
9.28,-0.0345445,-0.00874222,-0.999365
9.3,-0.0349827,-0.00892774,-0.999348
9.32,-0.0347449,-0.00921415,-0.999354
9.34,-0.0353648,-0.00853727,-0.999338
9.36,-0.0351173,-0.00898846,-0.999343
9.38,-0.0349375,-0.0090936,-0.999348
9.4,-0.0357067,-0.00909105,-0.999321
9.42,-0.0330111,-0.00756745,-0.999426
9.44,-0.0329046,-0.00728438,-0.999432
9.46,-0.0327579,-0.00744521,-0.999436
9.48,-0.0324506,-0.00707265,-0.999448
9.5,-0.0325831,-0.0074264,-0.999441
9.52,-0.0324801,-0.00734062,-0.999445
9.54,-0.0316897,-0.00768288,-0.999468
9.56,-0.0321445,-0.0075849,-0.999454
9.58,-0.0318555,-0.00753413,-0.999464
9.6,-0.0317781,-0.00764858,-0.999466
9.62,-0.0315811,-0.00783633,-0.99947
9.64,-0.0316433,-0.00762442,-0.99947
9.66,-0.0320103,-0.00766673,-0.999458
9.68,-0.032022,-0.0075209,-0.999459
9.7,-0.0355037,-0.00766627,-0.99934
9.72,-0.0356585,-0.00734037,-0.999337
9.74,-0.0354273,-0.00753754,-0.999344
9.76,-0.0353907,-0.00736022,-0.999346
9.78,-0.0352888,-0.00726788,-0.999351
9.8,-0.035136,-0.00736174,-0.999355
9.82,-0.0353838,-0.00732387,-0.999347
9.84,-0.0355187,-0.00734543,-0.999342
9.86,-0.0352204,-0.00742142,-0.999352
9.88,-0.0373892,-0.00709794,-0.999276
9.9,-0.0378058,-0.00709734,-0.99926
9.92,-0.0379559,-0.00663526,-0.999257
9.94,-0.0382723,-0.00583678,-0.99925
9.96,-0.0381872,-0.00569475,-0.999254
9.98,-0.0377751,-0.00623549,-0.999267
10,-0.0370256,-0.00584314,-0.999297
10.02,-0.0385077,-0.00679166,-0.999235
10.04,-0.0386217,-0.00661818,-0.999232
10.06,-0.0386964,-0.00689625,-0.999227
10.08,-0.0385148,-0.00708547,-0.999233
10.1,-0.0383816,-0.00706894,-0.999238
10.12,-0.038239,-0.00694208,-0.999245
10.14,-0.0381562,-0.00681548,-0.999249
10.16,-0.0383004,-0.00664791,-0.999244
10.18,-0.0379964,-0.00638415,-0.999257
10.2,-0.0379371,-0.00564184,-0.999264
10.22,-0.0358056,-0.00514835,-0.999346
10.24,-0.0354362,-0.00490465,-0.99936
10.26,-0.0367786,-0.00595026,-0.999306
10.28,-0.0356678,-0.00439295,-0.999354
10.3,-0.0378087,-0.00515954,-0.999272
10.32,-0.0418863,-0.00542435,-0.999108
10.34,-0.0393743,-0.00480337,-0.999213
10.36,-0.0355371,-0.00492157,-0.999356
10.38,-0.0390331,-0.00583505,-0.999221
10.4,-0.0353689,-0.00561276,-0.999359
10.42,-0.0357759,-0.006213,-0.999341
10.44,-0.0390051,-0.00727132,-0.999213
10.46,-0.0400443,-0.00751201,-0.99917
10.48,-0.0388824,-0.00751548,-0.999216
10.5,-0.0397594,-0.00757043,-0.999181
10.52,-0.0385554,-0.00723701,-0.99923
10.54,-0.0391121,-0.00691166,-0.999211
10.56,-0.0399924,-0.00680469,-0.999177
10.58,-0.0399673,-0.00639907,-0.99918
10.6,-0.0406452,-0.0066432,-0.999152
10.62,-0.0398061,-0.00623586,-0.999188
10.64,-0.035938,-0.00542006,-0.999339
10.66,-0.0364349,-0.00524379,-0.999322
10.68,-0.0366185,-0.00526244,-0.999315
10.7,-0.0373056,-0.00548953,-0.999289
10.72,-0.0365979,-0.00548422,-0.999315
10.74,-0.0403338,-0.00681709,-0.999163
10.76,-0.0416169,-0.00645862,-0.999113
10.78,-0.0417514,-0.00775995,-0.999098
10.8,-0.0426258,-0.00745433,-0.999063
10.82,-0.0434797,-0.00830366,-0.99902
10.84,-0.0437794,-0.00864669,-0.999004
10.86,-0.0422741,-0.00723084,-0.99908
10.88,-0.0425022,-0.0076156,-0.999067
10.9,-0.0405775,-0.00670065,-0.999154
10.92,-0.0421619,-0.00713547,-0.999085
10.94,-0.0393641,-0.00679937,-0.999202
10.96,-0.0425871,-0.00755712,-0.999064
10.98,-0.0425555,-0.00761501,-0.999065
11,-0.0389121,-0.00736188,-0.999216
11.02,-0.0407856,-0.00827396,-0.999134
11.04,-0.04003,-0.00913231,-0.999157
11.06,-0.0403169,-0.00878437,-0.999148
11.08,-0.0390031,-0.00935203,-0.999195
11.1,-0.0389196,-0.00922336,-0.9992
11.12,-0.0393035,-0.0093497,-0.999184
11.14,-0.0388087,-0.0092162,-0.999204
11.16,-0.035481,-0.00936595,-0.999326
11.18,-0.0357865,-0.00953359,-0.999314
11.2,-0.0355268,-0.00918989,-0.999326
11.22,-0.0369421,-0.00925493,-0.999275
11.24,-0.0371157,-0.0088541,-0.999272
11.26,-0.0372483,-0.00876693,-0.999268
11.28,-0.0371669,-0.00880133,-0.99927
11.3,-0.0379998,-0.00897159,-0.999237
11.32,-0.0381447,-0.0089509,-0.999232
11.34,-0.0356126,-0.00721511,-0.99934
11.36,-0.0341234,-0.00652982,-0.999396
11.38,-0.0356028,-0.00713949,-0.999341
11.4,-0.035649,-0.007378,-0.999337
11.42,-0.0380576,-0.00951671,-0.99923
11.44,-0.0382099,-0.00911399,-0.999228
11.46,-0.0381135,-0.00898779,-0.999233
11.48,-0.0427742,-0.00987585,-0.999036
11.5,-0.0428114,-0.00983017,-0.999035
11.52,-0.0421602,-0.00958504,-0.999065
11.54,-0.0422629,-0.00928224,-0.999063
11.56,-0.0370024,-0.00755046,-0.999287
11.58,-0.0364459,-0.00778649,-0.999305
11.6,-0.0356946,-0.0074134,-0.999335
11.62,-0.035563,-0.00744338,-0.99934
11.64,-0.0350916,-0.00720311,-0.999358
11.66,-0.0349834,-0.00672405,-0.999365
11.68,-0.0351371,-0.00656079,-0.999361
11.7,-0.0396447,-0.00816908,-0.99918
11.72,-0.0392717,-0.00865798,-0.999191
11.74,-0.0399235,-0.00854526,-0.999166
11.76,-0.0402002,-0.00821875,-0.999158
11.78,-0.0397518,-0.00853164,-0.999173
11.8,-0.0355115,-0.00810973,-0.999336
11.82,-0.0325371,-0.00684677,-0.999447
11.84,-0.0333871,-0.00663517,-0.99942
11.86,-0.0333436,-0.00677528,-0.999421
11.88,-0.0327578,-0.00665926,-0.999441
11.9,-0.0327528,-0.00622057,-0.999444
11.92,-0.0336824,-0.00591496,-0.999415
11.94,-0.0356091,-0.00729856,-0.999339
11.96,-0.0352126,-0.00736953,-0.999353
11.98,-0.033878,-0.00700627,-0.999401
12,-0.0326058,-0.00521567,-0.999455
12.02,-0.0384424,-0.00551512,-0.999246
12.04,-0.0414883,-0.00743152,-0.999111
12.06,-0.0418109,-0.00752315,-0.999097
12.08,-0.0333043,-0.00582223,-0.999428
12.1,-0.0354176,-0.00579274,-0.999356
12.12,-0.0396626,-0.00694663,-0.999189
12.14,-0.0404202,-0.00665745,-0.999161
12.16,-0.0388042,-0.00672296,-0.999224
12.18,-0.0387385,-0.00777098,-0.999219
12.2,-0.036668,-0.00588366,-0.99931
12.22,-0.0376795,-0.00621296,-0.999271
12.24,-0.0453861,-0.00851365,-0.998933
12.26,-0.040804,-0.00674977,-0.999144
12.28,-0.0530962,-0.00944417,-0.998545
12.3,-0.0393435,-0.00693736,-0.999202
12.32,-0.040137,-0.00748801,-0.999166
12.34,-0.0454423,-0.00924007,-0.998924
12.36,-0.0393042,-0.00702601,-0.999203
12.38,-0.0393288,-0.00691523,-0.999202
12.4,-0.0419769,-0.00763507,-0.999089
12.42,-0.0406452,-0.00950722,-0.999128
12.44,-0.0399651,-0.00838162,-0.999166
12.46,-0.0430656,-0.00893402,-0.999032
12.48,-0.0388621,-0.00816451,-0.999211
12.5,-0.0383943,-0.00869264,-0.999225
12.52,-0.0480303,-0.010139,-0.998794
12.54,-0.0378486,-0.00819166,-0.99925
12.56,-0.0392844,-0.00799128,-0.999196
12.58,-0.0439246,-0.00845027,-0.998999
12.6,-0.0412109,-0.00801776,-0.999118
12.62,-0.0421626,-0.00920612,-0.999068
12.64,-0.0405154,-0.00741176,-0.999151
12.66,-0.0452329,-0.00766965,-0.998947
12.68,-0.0412952,-0.00761227,-0.999118
12.7,-0.0412885,-0.0080156,-0.999115
12.72,-0.0507233,-0.00928791,-0.99867
12.74,-0.0468465,-0.0079891,-0.99887
12.76,-0.0456958,-0.009117,-0.998914
12.78,-0.0428314,-0.00804059,-0.99905
12.8,-0.0466093,-0.0082933,-0.998879
12.82,-0.052236,-0.0100225,-0.998584
12.84,-0.0429431,-0.0081253,-0.999044
12.86,-0.0421689,-0.00817127,-0.999077
12.88,-0.0472176,-0.0080488,-0.998852
12.9,-0.0440107,-0.0081519,-0.998998
12.92,-0.0453032,-0.009272,-0.99893
12.94,-0.0461638,-0.00835156,-0.998899
12.96,-0.0470072,-0.0102345,-0.998842
12.98,-0.0443635,-0.00915056,-0.998974
13,-0.045282,-0.0112733,-0.998911
13.02,-0.0468716,-0.010627,-0.998844
13.04,-0.0469106,-0.00865012,-0.998862
13.06,-0.0516193,-0.00872214,-0.998629
13.08,-0.0516368,-0.00910533,-0.998624
13.1,-0.0520394,-0.00748074,-0.998617
13.12,-0.0530923,-0.00798913,-0.998558
13.14,-0.0518212,-0.00557266,-0.998641
13.16,-0.0559676,-0.00553112,-0.998417
13.18,-0.0600174,-0.00704742,-0.998172
13.2,-0.0516205,-0.00413561,-0.998658
13.22,-0.0590158,-0.00436523,-0.998248
13.24,-0.0588879,-0.00441717,-0.998255
13.26,-0.0564355,-0.00345537,-0.9984
13.28,-0.061007,-0.00384895,-0.99813
13.3,-0.0660075,-0.00543835,-0.997804
13.32,-0.0593264,-0.00457765,-0.998228
13.34,-0.0593787,-0.00305397,-0.998231
13.36,-0.0642348,-0.0032353,-0.99793
13.38,-0.0656618,-0.00359004,-0.997835
13.4,-0.0687711,-0.00213369,-0.99763
13.42,-0.0643056,-0.00196304,-0.997928
13.44,-0.0679638,-0.00155131,-0.997687
13.46,-0.0705145,-0.0018263,-0.997509
13.48,-0.0707133,-0.0026488,-0.997493
13.5,-0.0731364,-0.00190115,-0.99732
13.52,-0.0744912,-0.0019555,-0.99722
13.54,-0.0743919,-0.0025024,-0.997226
13.56,-0.0764936,-0.000489471,-0.99707
13.58,-0.0740587,1.73284e-05,-0.997254
13.6,-0.0772516,-0.00139932,-0.997011
13.62,-0.0819287,-0.00272703,-0.996634
13.64,-0.0826627,-0.00219355,-0.996575
13.66,-0.0804288,-0.000716015,-0.99676
13.68,-0.0850508,-0.00250118,-0.996373
13.7,-0.0828249,-0.000399199,-0.996564
13.72,-0.0845201,-0.000560923,-0.996422
13.74,-0.0874279,-0.00248514,-0.996168
13.76,-0.086315,-0.000726062,-0.996268
13.78,-0.0830115,0.000194186,-0.996549
13.8,-0.0861298,-0.00151278,-0.996283
13.82,-0.0864953,0.000375898,-0.996252
13.84,-0.0881874,-0.00109602,-0.996103
13.86,-0.0899389,-0.000323825,-0.995947
13.88,-0.0966426,-0.000835213,-0.995319
13.9,-0.0930173,-0.000265914,-0.995664
13.92,-0.095353,0.000479966,-0.995443
13.94,-0.10086,-0.000892183,-0.9949
13.96,-0.10195,-0.00112255,-0.994789
13.98,-0.0980917,0.000949844,-0.995177
14,-0.106187,-0.00046674,-0.994346
14.02,-0.0994052,0.0012989,-0.995046
14.04,-0.10331,0.00129686,-0.994648
14.06,-0.102732,0.00175046,-0.994708
14.08,-0.107003,0.00106496,-0.994258
14.1,-0.106927,0.000643526,-0.994267
14.12,-0.109061,0.00179024,-0.994033
14.14,-0.110328,0.00175356,-0.993894
14.16,-0.114323,0.00265219,-0.99344
14.18,-0.11048,0.00334068,-0.993873
14.2,-0.11483,0.00344903,-0.993379
14.22,-0.11442,0.00392691,-0.993425
14.24,-0.122657,0.00159379,-0.992448
14.26,-0.123664,0.00190362,-0.992322
14.28,-0.116251,0.00373227,-0.993213
14.3,-0.120023,0.00229064,-0.992768
14.32,-0.121191,0.00397116,-0.992621
14.34,-0.119899,0.00348826,-0.99278
14.36,-0.123674,0.00237957,-0.99232
14.38,-0.123302,0.00181565,-0.992367
14.4,-0.122747,0.00169142,-0.992437
14.42,-0.123654,0.00174747,-0.992324
14.44,-0.125532,0.00198843,-0.992088
14.46,-0.125955,0.00242072,-0.992033
14.48,-0.131442,0.00200317,-0.991322
14.5,-0.125769,0.00248685,-0.992056
14.52,-0.123923,0.00378514,-0.992285
14.54,-0.123985,0.00360343,-0.992278
14.56,-0.124507,0.00375435,-0.992212
14.58,-0.126717,0.00215181,-0.991937
14.6,-0.124493,0.00356432,-0.992214
14.62,-0.126241,0.00245337,-0.991997
14.64,-0.123745,0.00368051,-0.992307
14.66,-0.126963,0.00329798,-0.991902
14.68,-0.127432,0.00315651,-0.991842
14.7,-0.123987,0.00369217,-0.992277
14.72,-0.12551,0.0026868,-0.992089
14.74,-0.124166,0.00272115,-0.992258
14.76,-0.124032,0.00279318,-0.992274
14.78,-0.12401,0.00277526,-0.992277
14.8,-0.124029,0.00280841,-0.992275
14.82,-0.123965,0.00266799,-0.992283
14.84,-0.120844,0.00464641,-0.992661
14.86,-0.123888,0.00309716,-0.992291
14.88,-0.124449,0.00325718,-0.992221
14.9,-0.123772,0.00366649,-0.992304
14.92,-0.122894,0.00338148,-0.992414
14.94,-0.123346,0.0029284,-0.992359
14.96,-0.122999,0.00294088,-0.992402
14.98,-0.121958,0.00392347,-0.992528
15,-0.122237,0.00380485,-0.992494
15.02,-0.122212,0.00391962,-0.992496
15.04,-0.122251,0.00401052,-0.992491
15.06,-0.122293,0.00420953,-0.992485
15.08,-0.122262,0.00387786,-0.99249
15.1,-0.122363,0.00407419,-0.992477
15.12,-0.122455,0.00392474,-0.992466
15.14,-0.122566,0.00426928,-0.992451
15.16,-0.122474,0.00419365,-0.992463
15.18,-0.128501,0.00268518,-0.991706
15.2,-0.123779,0.00333076,-0.992304
15.22,-0.123171,0.00347381,-0.992379
15.24,-0.123037,0.00346519,-0.992396
15.26,-0.12324,0.00364109,-0.99237
15.28,-0.123654,0.00341783,-0.992319
15.3,-0.123875,0.00373776,-0.992291
15.32,-0.124107,0.00361329,-0.992262
15.34,-0.124016,0.00351868,-0.992274
15.36,-0.124186,0.00365053,-0.992252
15.38,-0.124193,0.0032408,-0.992253
15.4,-0.124226,0.00318114,-0.992249
15.42,-0.124059,0.003616,-0.992268
15.44,-0.123864,0.00356355,-0.992293
15.46,-0.123918,0.00382369,-0.992285
15.48,-0.124074,0.00396647,-0.992265
15.5,-0.123964,0.00371981,-0.99228
15.52,-0.124188,0.00350289,-0.992253
15.54,-0.123981,0.00374792,-0.992277
15.56,-0.129047,0.0030855,-0.991634
15.58,-0.122831,0.0046234,-0.992417
15.6,-0.122612,0.0048336,-0.992443
15.62,-0.123958,0.00330842,-0.992282
15.64,-0.124124,0.00363032,-0.99226
15.66,-0.123719,0.00370294,-0.99231
15.68,-0.121889,0.00328619,-0.992538
15.7,-0.121932,0.00341658,-0.992533
15.72,-0.121331,0.00361313,-0.992606
15.74,-0.121185,0.00350551,-0.992624
15.76,-0.120378,0.00493801,-0.992716
15.78,-0.120031,0.00514962,-0.992757
15.8,-0.119476,0.00586593,-0.99282
15.82,-0.119069,0.00588906,-0.992868
15.84,-0.120221,0.00499729,-0.992735
15.86,-0.119826,0.0049477,-0.992783
15.88,-0.119264,0.00494466,-0.99285
15.9,-0.121441,0.0038514,-0.992591
15.92,-0.119154,0.00538511,-0.992861
15.94,-0.121046,0.00418379,-0.992638
15.96,-0.118283,0.00527493,-0.992966
15.98,-0.120828,0.00383589,-0.992666
16,-0.120647,0.00378748,-0.992688
16.02,-0.117815,0.0047312,-0.993024
16.04,-0.117145,0.00522472,-0.993101
16.06,-0.117188,0.00526943,-0.993096
16.08,-0.117127,0.0051992,-0.993103
16.1,-0.11722,0.00537629,-0.993091
16.12,-0.117223,0.00513002,-0.993092
16.14,-0.117371,0.00512637,-0.993075
16.16,-0.117084,0.00498577,-0.993109
16.18,-0.117155,0.00506195,-0.993101
16.2,-0.117408,0.00513515,-0.99307
16.22,-0.11765,0.00486269,-0.993043
16.24,-0.117572,0.00477672,-0.993053
16.26,-0.11784,0.00523877,-0.993019
16.28,-0.118066,0.00532419,-0.992991
16.3,-0.120031,0.00380929,-0.992763
16.32,-0.118081,0.00512788,-0.992991
16.34,-0.119307,0.0036873,-0.992851
16.36,-0.120207,0.00389857,-0.992741
16.38,-0.118209,0.00487655,-0.992977
16.4,-0.118483,0.00505773,-0.992943
16.42,-0.118066,0.00494877,-0.992993
16.44,-0.118039,0.00490836,-0.992997
16.46,-0.118061,0.00489083,-0.992994
16.48,-0.117798,0.00472529,-0.993026
16.5,-0.117908,0.00496414,-0.993012
16.52,-0.117921,0.00499069,-0.99301
16.54,-0.118144,0.00494199,-0.992984
16.56,-0.117912,0.00506616,-0.993011
16.58,-0.117877,0.0052581,-0.993014
16.6,-0.117811,0.00510621,-0.993023
16.62,-0.120244,0.00392877,-0.992737
16.64,-0.120073,0.0039295,-0.992757
16.66,-0.120607,0.00415742,-0.992692
16.68,-0.120373,0.00404492,-0.99272
16.7,-0.119557,0.00391994,-0.99282
16.72,-0.119436,0.00406357,-0.992834
16.74,-0.120542,0.00413817,-0.9927
16.76,-0.120404,0.004104,-0.992716
16.78,-0.120345,0.00410251,-0.992724
16.8,-0.120389,0.00401152,-0.992719
16.82,-0.118148,0.00530972,-0.992982
16.84,-0.120288,0.00410759,-0.992731
16.86,-0.120062,0.00389832,-0.992759
16.88,-0.118684,0.00514456,-0.992919
16.9,-0.120214,0.00413183,-0.992739
16.92,-0.117903,0.00517613,-0.993012
16.94,-0.118273,0.00540585,-0.992966
16.96,-0.120005,0.00404462,-0.992765
16.98,-0.118135,0.00529475,-0.992983
17,-0.120363,0.00414436,-0.992721
17.02,-0.120311,0.00396094,-0.992728
17.04,-0.120354,0.0039505,-0.992723
17.06,-0.120362,0.00383009,-0.992723
17.08,-0.120702,0.00409335,-0.99268
17.1,-0.119851,0.00390151,-0.992784
17.12,-0.120967,0.00408617,-0.992648
17.14,-0.12018,0.00402099,-0.992744
17.16,-0.11829,0.00520071,-0.992965
17.18,-0.118705,0.00540025,-0.992915
17.2,-0.118499,0.0051818,-0.992941
17.22,-0.118942,0.00537001,-0.992887
17.24,-0.119258,0.00536225,-0.992849
17.26,-0.119068,0.00505754,-0.992873
17.28,-0.121192,0.00394436,-0.992621
17.3,-0.121075,0.00412063,-0.992635
17.32,-0.120964,0.0041345,-0.992648
17.34,-0.121163,0.00404724,-0.992624
17.36,-0.121072,0.00402976,-0.992636
17.38,-0.12116,0.00382628,-0.992626
17.4,-0.121637,0.00401877,-0.992566
17.42,-0.121691,0.00409896,-0.99256
17.44,-0.121718,0.00401864,-0.992557
17.46,-0.121648,0.00382084,-0.992566
17.48,-0.121989,0.00411436,-0.992523
17.5,-0.122028,0.00419272,-0.992518
17.52,-0.122154,0.00417631,-0.992502
17.54,-0.122298,0.00403627,-0.992485
17.56,-0.122209,0.00416983,-0.992496
17.58,-0.122243,0.00425509,-0.992491
17.6,-0.122296,0.00434118,-0.992484
17.62,-0.122195,0.00433952,-0.992497
17.64,-0.122173,0.00417567,-0.9925
17.66,-0.122188,0.00424386,-0.992498
17.68,-0.121792,0.00421986,-0.992547
17.7,-0.121955,0.0041814,-0.992527
17.72,-0.121896,0.00420456,-0.992534
17.74,-0.121939,0.00419966,-0.992529
17.76,-0.121962,0.0041828,-0.992526
17.78,-0.122091,0.00415588,-0.99251
17.8,-0.122049,0.00447697,-0.992514
17.82,-0.122121,0.00433226,-0.992506
17.84,-0.122235,0.00438751,-0.992491
17.86,-0.122126,0.00431176,-0.992505
17.88,-0.122012,0.0043622,-0.992519
17.9,-0.121846,0.0040562,-0.992541
17.92,-0.122056,0.00411511,-0.992515
17.94,-0.12229,0.00426105,-0.992485
17.96,-0.122214,0.00424925,-0.992495
17.98,-0.122287,0.00411,-0.992486
18,-0.122343,0.00409897,-0.992479
18.02,-0.125241,0.00503945,-0.992114
18.04,-0.125502,0.00504572,-0.992081
18.06,-0.125641,0.00515774,-0.992062
18.08,-0.123008,0.00439274,-0.992396
18.1,-0.123155,0.00414273,-0.992379
18.12,-0.123828,0.00389353,-0.992296
18.14,-0.124505,0.00363929,-0.992212
18.16,-0.125685,0.00380189,-0.992063
18.18,-0.127145,0.00469656,-0.991873
18.2,-0.131179,0.00402107,-0.991351
18.22,-0.131026,0.00423169,-0.99137
18.24,-0.131498,0.00418051,-0.991308
18.26,-0.130973,0.00444309,-0.991376
18.28,-0.13106,0.0042023,-0.991366
18.3,-0.131165,0.00452298,-0.99135
18.32,-0.131033,0.00429961,-0.991369
18.34,-0.131151,0.00415624,-0.991354
18.36,-0.131524,0.00424687,-0.991304
18.38,-0.131621,0.00421239,-0.991291
18.4,-0.131224,0.00428836,-0.991343
18.42,-0.131559,0.00414132,-0.9913
18.44,-0.131507,0.00409267,-0.991307
18.46,-0.131446,0.00397042,-0.991315
18.48,-0.131562,0.00394673,-0.9913
18.5,-0.131574,0.00419974,-0.991297
18.52,-0.131668,0.00429144,-0.991285
18.54,-0.131518,0.003999,-0.991306
18.56,-0.126676,0.00466295,-0.991933
18.58,-0.131614,0.0040802,-0.991293
18.6,-0.126669,0.00465308,-0.991934
18.62,-0.126746,0.00469879,-0.991924
18.64,-0.131476,0.00380523,-0.991312
18.66,-0.126729,0.00449107,-0.991927
18.68,-0.131321,0.00381036,-0.991333
18.7,-0.131624,0.00365739,-0.991293
18.72,-0.126523,0.0042665,-0.991955
18.74,-0.131455,0.00351249,-0.991316
18.76,-0.126814,0.00418133,-0.991918
18.78,-0.131242,0.00377675,-0.991343
18.8,-0.126545,0.00427804,-0.991952
18.82,-0.126615,0.00430578,-0.991943
18.84,-0.126808,0.00437768,-0.991918
18.86,-0.126691,0.00421574,-0.991933
18.88,-0.12646,0.00441734,-0.991962
18.9,-0.126603,0.00440293,-0.991944
18.92,-0.131317,0.00393445,-0.991333
18.94,-0.126524,0.00444078,-0.991954
18.96,-0.131279,0.00375756,-0.991338
18.98,-0.126613,0.00438682,-0.991943
19,-0.131462,0.00373805,-0.991314
19.02,-0.126439,0.00436436,-0.991965
19.04,-0.131246,0.00357247,-0.991343
19.06,-0.126727,0.0043855,-0.991928
19.08,-0.131263,0.00377493,-0.99134
19.1,-0.131461,0.00370868,-0.991314
19.12,-0.126864,0.00416615,-0.991911
19.14,-0.126931,0.00424276,-0.991903
19.16,-0.126935,0.00414885,-0.991902
19.18,-0.126736,0.00418165,-0.991928
19.2,-0.126768,0.00423925,-0.991923
19.22,-0.126969,0.00441282,-0.991897
19.24,-0.127057,0.00428768,-0.991886
19.26,-0.1271,0.0042234,-0.991881
19.28,-0.126487,0.00431252,-0.991959
19.3,-0.127257,0.0042636,-0.991861
19.32,-0.12663,0.00429211,-0.991941
19.34,-0.126484,0.00434327,-0.991959
19.36,-0.126446,0.00434061,-0.991964
19.38,-0.126873,0.00425871,-0.99191
19.4,-0.126832,0.00426268,-0.991915
19.42,-0.12685,0.00453094,-0.991912
19.44,-0.127711,0.00448571,-0.991801
19.46,-0.12669,0.00442003,-0.991933
19.48,-0.127542,0.00444708,-0.991823
19.5,-0.127696,0.00446836,-0.991803
19.52,-0.126347,0.00442023,-0.991976
19.54,-0.127689,0.00452645,-0.991804
19.56,-0.127912,0.0045492,-0.991775
19.58,-0.127824,0.00451937,-0.991787
19.6,-0.127773,0.00441781,-0.991794
19.62,-0.127766,0.00435582,-0.991795
19.64,-0.127809,0.00432148,-0.991789
19.66,-0.128321,0.00464639,-0.991722
19.68,-0.127948,0.00470775,-0.99177
19.7,-0.127812,0.00466965,-0.991787
19.72,-0.128162,0.00448056,-0.991743
19.74,-0.128149,0.00454467,-0.991744
19.76,-0.128409,0.00462473,-0.991711
19.78,-0.128146,0.00449162,-0.991745
19.8,-0.128212,0.00469703,-0.991736
19.82,-0.128681,0.00461959,-0.991675
19.84,-0.128524,0.0045597,-0.991696
19.86,-0.128348,0.0045891,-0.991719
19.88,-0.12855,0.00464502,-0.991692
19.9,-0.128399,0.00448785,-0.991712
19.92,-0.128201,0.00478976,-0.991737
19.94,-0.129064,0.0046275,-0.991625
19.96,-0.128256,0.00454932,-0.991731
19.98,-0.13144,0.00587189,-0.991307
20,-0.13224,0.00605603,-0.991199
20.02,-0.132664,0.0058631,-0.991144
20.04,-0.13064,0.00729685,-0.991403
20.06,-0.132796,0.00625755,-0.991124
20.08,-0.132754,0.00609693,-0.99113
20.1,-0.129823,0.00501524,-0.991525
20.12,-0.129903,0.00488913,-0.991515
20.14,-0.12797,0.00609522,-0.991759
20.16,-0.128134,0.00617869,-0.991738
20.18,-0.128125,0.00607228,-0.991739
20.2,-0.127998,0.00589436,-0.991757
20.22,-0.128083,0.0060219,-0.991745
20.24,-0.128247,0.00600432,-0.991724
20.26,-0.128208,0.00634901,-0.991727
20.28,-0.131748,0.00551945,-0.991268
20.3,-0.128022,0.00581636,-0.991754
20.32,-0.128277,0.00615301,-0.991719
20.34,-0.126496,0.00686551,-0.991943
20.36,-0.13162,0.00542487,-0.991285
20.38,-0.128103,0.00613808,-0.991742
20.4,-0.128387,0.00621718,-0.991705
20.42,-0.128074,0.00610424,-0.991746
20.44,-0.128347,0.00632564,-0.991709
20.46,-0.128065,0.00595685,-0.991748
20.48,-0.128161,0.00601623,-0.991735
20.5,-0.128195,0.00624578,-0.991729
20.52,-0.128057,0.00612928,-0.991748
20.54,-0.130318,0.00481732,-0.991461
20.56,-0.130438,0.00468991,-0.991445
20.58,-0.130476,0.00474063,-0.99144
20.6,-0.130365,0.00469572,-0.991455
20.62,-0.128254,0.00613296,-0.991722
20.64,-0.130436,0.00466381,-0.991446
20.66,-0.130488,0.0046301,-0.991439
20.68,-0.130547,0.00465955,-0.991431
20.7,-0.130519,0.00470249,-0.991435
20.72,-0.130522,0.00489225,-0.991433
20.74,-0.130576,0.0047548,-0.991427
20.76,-0.130576,0.00481911,-0.991427
20.78,-0.130427,0.00474858,-0.991447
20.8,-0.130511,0.00470646,-0.991436
20.82,-0.130611,0.0048484,-0.991422
20.84,-0.1356,0.00412311,-0.990755
20.86,-0.135174,0.00393412,-0.990814
20.88,-0.132273,0.0054401,-0.991198
20.9,-0.131888,0.00552247,-0.991249
20.92,-0.131777,0.0055467,-0.991264
20.94,-0.134092,0.00534556,-0.990954
20.96,-0.131796,0.00542823,-0.991262
20.98,-0.131857,0.00522527,-0.991255
21,-0.131897,0.00525103,-0.991249
21.02,-0.133454,0.00571743,-0.991039
21.04,-0.131512,0.00528685,-0.991301
21.06,-0.132406,0.00583806,-0.991178
21.08,-0.131806,0.00533215,-0.991261
21.1,-0.13181,0.00533752,-0.991261
21.12,-0.132416,0.00575833,-0.991177
21.14,-0.131964,0.00526797,-0.99124
21.16,-0.132677,0.00581595,-0.991142
21.18,-0.132448,0.00539665,-0.991175
21.2,-0.132571,0.00507579,-0.99116
21.22,-0.132972,0.00503623,-0.991107
21.24,-0.133271,0.00504976,-0.991067
21.26,-0.136706,0.00413985,-0.990603
21.28,-0.136479,0.00418486,-0.990634
21.3,-0.130534,0.00468443,-0.991433
21.32,-0.130503,0.0045039,-0.991438
21.34,-0.130826,0.00479923,-0.991394
21.36,-0.131349,0.00451124,-0.991326
21.38,-0.131416,0.00505854,-0.991314
21.4,-0.131225,0.00463134,-0.991342
21.42,-0.13616,0.00412277,-0.990678
21.44,-0.136236,0.00423748,-0.990667
21.46,-0.136424,0.00409553,-0.990642
21.48,-0.132217,0.00454952,-0.99121
21.5,-0.132531,0.00457568,-0.991168
21.52,-0.132546,0.00447466,-0.991167
21.54,-0.13249,0.0044248,-0.991175
21.56,-0.132485,0.00428905,-0.991176
21.58,-0.132814,0.00486114,-0.991129
21.6,-0.136799,0.00427224,-0.99059
21.62,-0.136889,0.00461216,-0.990576
21.64,-0.137035,0.00434217,-0.990557
21.66,-0.136982,0.00391263,-0.990566
21.68,-0.139061,0.00429983,-0.990274
21.7,-0.139213,0.00439407,-0.990253
21.72,-0.135292,0.00526928,-0.990792
21.74,-0.135197,0.00500284,-0.990806
21.76,-0.137081,0.00474067,-0.990548
21.78,-0.143765,0.00470222,-0.989601
21.8,-0.144341,0.00510287,-0.989515
21.82,-0.145035,0.00544867,-0.989412
21.84,-0.148104,0.00537288,-0.988957
21.86,-0.149422,0.00540634,-0.988759
21.88,-0.150796,0.00537551,-0.98855
21.9,-0.149754,0.00517609,-0.98871
21.92,-0.153504,0.00528832,-0.988134
21.94,-0.153826,0.00503344,-0.988085
21.96,-0.154863,0.00520453,-0.987922
21.98,-0.15713,0.00517805,-0.987564
22,-0.158283,0.00523254,-0.98738
22.02,-0.160411,0.00492705,-0.987038
22.04,-0.159708,0.00514138,-0.987151
22.06,-0.162056,0.00474088,-0.98677
22.08,-0.161276,0.00485911,-0.986897
22.1,-0.164507,0.00499452,-0.986363
22.12,-0.165625,0.00486404,-0.986177
22.14,-0.167063,0.00461675,-0.985935
22.16,-0.169493,0.00487981,-0.985519
22.18,-0.170745,0.00437225,-0.985306
22.2,-0.173549,0.00432068,-0.984816
22.22,-0.175567,0.00378205,-0.98446
22.24,-0.178051,0.00433273,-0.984012
22.26,-0.179045,0.00422109,-0.983832
22.28,-0.182387,0.00322035,-0.983221
22.3,-0.182213,0.00383424,-0.983252
22.32,-0.183792,0.00377021,-0.982958
22.34,-0.185298,0.00365582,-0.982676
22.36,-0.183906,0.0035167,-0.982938
22.38,-0.186151,0.00360896,-0.982515
22.4,-0.186525,0.00352629,-0.982444
22.42,-0.186032,0.00341052,-0.982538
22.44,-0.186733,0.0024732,-0.982408
22.46,-0.187184,0.00311587,-0.98232
22.48,-0.187657,0.00298229,-0.98223
22.5,-0.187373,0.00281915,-0.982285
22.52,-0.188589,0.00174261,-0.982055
22.54,-0.187884,0.00169258,-0.98219
22.56,-0.191165,0.00224511,-0.981555
22.58,-0.186937,0.00231622,-0.982369
22.6,-0.186391,0.00202129,-0.982474
22.62,-0.187462,0.00148975,-0.982271
22.64,-0.186977,0.00146092,-0.982363
22.66,-0.18685,0.00159758,-0.982387
22.68,-0.189427,0.0011305,-0.981894
22.7,-0.187034,0.0012306,-0.982353
22.72,-0.192268,-0.000259835,-0.981342
22.74,-0.185519,0.00109667,-0.98264
22.76,-0.185273,0.00148857,-0.982686
22.78,-0.185023,0.00146616,-0.982733
22.8,-0.185015,0.00130714,-0.982735
22.82,-0.184186,0.00135547,-0.98289
22.84,-0.18519,0.000781036,-0.982702
22.86,-0.184404,0.000591158,-0.98285
22.88,-0.184602,0.000553619,-0.982813
22.9,-0.18393,0.000965289,-0.982939
22.92,-0.183995,0.000872658,-0.982927
22.94,-0.184931,0.000967786,-0.982751
22.96,-0.184849,0.00125227,-0.982766
22.98,-0.184923,0.000881529,-0.982753
23,-0.184919,0.0010752,-0.982753
23.02,-0.184746,0.00105712,-0.982786
23.04,-0.184778,0.00103451,-0.98278
23.06,-0.184848,0.000943977,-0.982767
23.08,-0.184759,0.000870377,-0.982783
23.1,-0.184628,0.000994171,-0.982808
23.12,-0.184579,0.00105532,-0.982817
23.14,-0.185115,0.000393262,-0.982717
23.16,-0.187159,0.00139369,-0.982329
23.18,-0.187301,0.00147839,-0.982301
23.2,-0.187362,0.00148964,-0.98229
23.22,-0.187841,0.00148981,-0.982198
23.24,-0.1878,0.00161976,-0.982206
23.26,-0.187596,0.00197897,-0.982244
23.28,-0.186322,0.00271234,-0.982485
23.3,-0.186373,0.00267022,-0.982475
23.32,-0.185969,0.00255863,-0.982552
23.34,-0.186814,0.00241211,-0.982392
23.36,-0.183391,0.00164721,-0.983039
23.38,-0.183336,0.00156586,-0.983049
23.4,-0.187087,0.00140427,-0.982342
23.42,-0.187244,0.00132065,-0.982313
23.44,-0.186817,0.00122344,-0.982394
23.46,-0.186547,0.00119525,-0.982445
23.48,-0.186579,0.000768534,-0.98244
23.5,-0.182643,0.00121631,-0.983178
23.52,-0.182498,0.00106334,-0.983206
23.54,-0.182592,0.000965224,-0.983188
23.56,-0.182551,0.00121809,-0.983196
23.58,-0.182484,0.00118256,-0.983208
23.6,-0.182345,0.00116669,-0.983234
23.62,-0.182491,0.00123822,-0.983207
23.64,-0.182187,0.00130386,-0.983263
23.66,-0.182143,0.00107645,-0.983271
23.68,-0.185399,0.000929672,-0.982663
23.7,-0.185653,0.00117876,-0.982615
23.72,-0.185521,0.000991409,-0.98264
23.74,-0.185506,0.00103536,-0.982643
23.76,-0.181702,0.00118558,-0.983353
23.78,-0.181779,0.00148951,-0.983338
23.8,-0.185541,0.00137864,-0.982636
23.82,-0.181542,0.00140325,-0.983382
23.84,-0.185388,0.00102922,-0.982665
23.86,-0.181961,0.00132425,-0.983305
23.88,-0.181666,0.00110082,-0.98336
23.9,-0.182133,0.00133048,-0.983273
23.92,-0.182156,0.00117011,-0.983269
23.94,-0.182424,0.00135781,-0.983219
23.96,-0.182645,0.00113584,-0.983178
23.98,-0.182393,0.00114968,-0.983225
24,-0.182868,0.00116388,-0.983137
24.02,-0.182592,0.00117819,-0.983188
24.04,-0.182925,0.000893197,-0.983127
24.06,-0.182567,0.00101955,-0.983193
24.08,-0.18289,0.00106519,-0.983133
24.1,-0.182967,0.00119528,-0.983118
24.12,-0.182678,0.000954787,-0.983172
24.14,-0.1829,0.0010125,-0.983131
24.16,-0.182909,0.000965205,-0.983129
24.18,-0.186071,0.000801552,-0.982536
24.2,-0.186095,0.000689362,-0.982532
24.22,-0.186106,0.000599396,-0.98253
24.24,-0.182101,0.00104638,-0.983279
24.26,-0.182419,0.00109715,-0.98322
24.28,-0.183275,0.00132682,-0.983061
24.3,-0.182479,0.00120716,-0.983209
24.32,-0.182217,0.000782027,-0.983258
24.34,-0.182346,0.00124163,-0.983234
24.36,-0.182997,0.000436935,-0.983113
24.38,-0.183409,0.000613256,-0.983037
24.4,-0.183422,0.000629493,-0.983034
24.42,-0.183828,0.000539383,-0.982958
24.44,-0.18353,0.000414419,-0.983014
24.46,-0.182673,0.000390784,-0.983174
24.48,-0.183042,0.000455192,-0.983105
24.5,-0.183749,0.000527627,-0.982973
24.52,-0.182616,0.000697423,-0.983184
24.54,-0.182088,0.00100675,-0.983282
24.56,-0.183771,0.000633783,-0.982969
24.58,-0.182692,0.000466041,-0.98317
24.6,-0.183113,0.00117117,-0.983091
24.62,-0.18378,0.000545921,-0.982967
24.64,-0.18301,0.0012425,-0.98311
24.66,-0.182657,0.00126834,-0.983176
24.68,-0.182958,0.00134704,-0.98312
24.7,-0.182935,0.00127857,-0.983124
24.72,-0.182207,0.00123979,-0.983259
24.74,-0.182726,0.00120541,-0.983163
24.76,-0.182154,0.0012256,-0.983269
24.78,-0.183303,0.000714038,-0.983056
24.8,-0.189373,-0.000481561,-0.981905
24.82,-0.183103,0.00048131,-0.983094
24.84,-0.182742,0.000611101,-0.983161
24.86,-0.188694,-0.000389751,-0.982036
24.88,-0.188085,-0.000559367,-0.982153
24.9,-0.182506,0.000513884,-0.983205
24.92,-0.18956,-0.000243615,-0.981869
24.94,-0.182654,0.000746805,-0.983177
24.96,-0.18321,0.000505255,-0.983074
24.98,-0.186678,0.00145028,-0.98242
25,-0.18609,0.00146236,-0.982532
25.02,-0.185366,0.00132253,-0.982669
25.04,-0.184918,0.00146209,-0.982753
25.06,-0.183718,0.00168289,-0.982977
25.08,-0.183511,0.001646,-0.983016
25.1,-0.183435,0.00207823,-0.98303
25.12,-0.179278,0.00160731,-0.983797
25.14,-0.178924,0.00155231,-0.983862
25.16,-0.179951,0.00186581,-0.983674
25.18,-0.179424,0.00135721,-0.983771
25.2,-0.179602,0.00141433,-0.983738
25.22,-0.179547,0.00145918,-0.983748
25.24,-0.179865,0.0014865,-0.98369
25.26,-0.180136,0.00151902,-0.983641
25.28,-0.180414,0.00162141,-0.983589
25.3,-0.179848,0.00147586,-0.983693
25.32,-0.179995,0.00167606,-0.983666
25.34,-0.179911,0.0015245,-0.983682
25.36,-0.180665,0.000651761,-0.983544
25.38,-0.180323,0.00071682,-0.983607
25.4,-0.189008,0.000688274,-0.981975
25.42,-0.183052,0.00201065,-0.983101
25.44,-0.180015,0.000816465,-0.983664
25.46,-0.180241,0.000874715,-0.983622
25.48,-0.179592,0.00121137,-0.98374
25.5,-0.179025,0.001714,-0.983843
25.52,-0.178183,0.00141552,-0.983996
25.54,-0.178655,0.00124045,-0.983911
25.56,-0.17807,0.0012203,-0.984017
25.58,-0.178077,0.00123456,-0.984016
25.6,-0.178373,0.00144812,-0.983962
25.62,-0.17845,0.0012136,-0.983948
25.64,-0.179643,0.00097605,-0.983731
25.66,-0.17982,0.000789385,-0.983699
25.68,-0.179659,0.000498281,-0.983729
25.7,-0.178742,0.000933007,-0.983896
25.72,-0.178187,0.000864147,-0.983996
25.74,-0.177298,0.000772151,-0.984157
25.76,-0.177206,0.000858251,-0.984173
25.78,-0.176838,0.00128769,-0.984239
25.8,-0.17822,0.00111526,-0.98399
25.82,-0.178612,0.000834845,-0.983919
25.84,-0.185309,-0.000386662,-0.98268
25.86,-0.178509,0.000835455,-0.983938
25.88,-0.178023,0.000807557,-0.984026
25.9,-0.177047,0.000639217,-0.984202
25.92,-0.176073,0.00196757,-0.984375
25.94,-0.17527,0.00185618,-0.984519
25.96,-0.174526,0.00214059,-0.98465
25.98,-0.174402,0.0016315,-0.984673
26,-0.174202,0.00129568,-0.984709
26.02,-0.1786,0.00220834,-0.983919
26.04,-0.179855,0.00263611,-0.98369
26.06,-0.178736,0.00268866,-0.983893
26.08,-0.176606,0.00275437,-0.984278
26.1,-0.176704,0.00251099,-0.984261
26.12,-0.176519,0.00374142,-0.98429
26.14,-0.173103,0.00311508,-0.984899
26.16,-0.175071,0.00213969,-0.984553
26.18,-0.176328,0.00179957,-0.98433
26.2,-0.175813,0.00149898,-0.984422
26.22,-0.175327,0.00160636,-0.984509
26.24,-0.173782,0.000681077,-0.984784
26.26,-0.173819,0.000636846,-0.984777
26.28,-0.174256,0.00149146,-0.984699
26.3,-0.173152,0.00169459,-0.984894
26.32,-0.171149,0.00117213,-0.985244
26.34,-0.172699,0.00117965,-0.984974
26.36,-0.175786,0.000632657,-0.984428
26.38,-0.168946,0.00103783,-0.985625
26.4,-0.168096,0.00053691,-0.98577
26.42,-0.16773,0.000226671,-0.985833
26.44,-0.16648,-0.000256644,-0.986045
26.46,-0.169295,-6.10914e-05,-0.985565
26.48,-0.168241,0.000589357,-0.985746
26.5,-0.160736,-0.0019952,-0.986995
26.52,-0.160949,-0.00196834,-0.986961
26.54,-0.161814,0.000903392,-0.986821
26.56,-0.169503,0.000658316,-0.985529
26.58,-0.171761,0.00026917,-0.985139
26.6,-0.17347,0.000199438,-0.984839
26.62,-0.173233,-0.000455026,-0.984881
26.64,-0.173619,-0.000745293,-0.984813
26.66,-0.173969,-0.000730661,-0.984751
26.68,-0.174997,-0.000247293,-0.984569
26.7,-0.175802,-0.000820883,-0.984425
26.72,-0.176651,-0.000278881,-0.984274
26.74,-0.177375,0.000124272,-0.984143
26.76,-0.177413,0.000346146,-0.984136
26.78,-0.17798,-0.00099504,-0.984034
26.8,-0.175794,-0.00113649,-0.984426
26.82,-0.175415,-0.00160813,-0.984493
26.84,-0.174216,-0.0020704,-0.984705
26.86,-0.175027,-0.00301245,-0.984559
26.88,-0.177548,-0.00270623,-0.984108
26.9,-0.173966,-0.00225355,-0.984749
26.92,-0.174323,-0.00291105,-0.984684
26.94,-0.174392,-0.00206306,-0.984674
26.96,-0.175371,-0.002569,-0.984499
26.98,-0.175213,-0.00254847,-0.984527
27,-0.175235,-0.00306078,-0.984522
27.02,-0.178712,-0.00336288,-0.983896
27.04,-0.175269,-0.00344441,-0.984515
27.06,-0.174438,-0.00270044,-0.984664
27.08,-0.175538,-0.00300883,-0.984468
27.1,-0.175564,-0.00322482,-0.984463
27.12,-0.180818,-0.00546432,-0.983501
27.14,-0.174392,-0.00367005,-0.984669
27.16,-0.175342,-0.00324764,-0.984502
27.18,-0.175602,-0.00442008,-0.984451
27.2,-0.175191,-0.00390568,-0.984527
27.22,-0.179928,-0.00438659,-0.98367
27.24,-0.177961,-0.00417562,-0.984029
27.26,-0.176355,-0.00306591,-0.984322
27.28,-0.175983,-0.0026537,-0.98439
27.3,-0.176546,-0.00347374,-0.984286
27.32,-0.17812,-0.00395703,-0.984001
27.34,-0.178843,-0.00259619,-0.983874
27.36,-0.178667,-0.00303899,-0.983905
27.38,-0.179504,-0.00489519,-0.983745
27.4,-0.181421,-0.00274277,-0.983402
27.42,-0.175526,-0.00452668,-0.984464
27.44,-0.175418,-0.00552733,-0.984479
27.46,-0.1819,-0.00217782,-0.983315
27.48,-0.182211,-0.00259982,-0.983256
27.5,-0.178854,-0.00596672,-0.983858
27.52,-0.182566,-0.00385094,-0.983186
27.54,-0.182943,-0.00356954,-0.983117
27.56,-0.183492,-0.0040512,-0.983013
27.58,-0.183256,-0.00526083,-0.983051
27.6,-0.183173,-0.00447769,-0.983071
27.62,-0.180383,-0.00598762,-0.983578
27.64,-0.183279,-0.00538932,-0.983046
27.66,-0.181026,-0.00714894,-0.983452
27.68,-0.184187,-0.00581233,-0.982874
27.7,-0.182061,-0.00648452,-0.983266
27.72,-0.185209,-0.00601451,-0.982681
27.74,-0.186252,-0.00608371,-0.982483
27.76,-0.186686,-0.00537681,-0.982405
27.78,-0.187506,-0.00717851,-0.982237
27.8,-0.191359,-0.00858802,-0.981483
27.82,-0.187282,-0.00747642,-0.982278
27.84,-0.191245,-0.00831861,-0.981507
27.86,-0.191197,-0.00875961,-0.981513
27.88,-0.189805,-0.009063,-0.98178
27.9,-0.190184,-0.00863959,-0.98171
27.92,-0.19101,-0.00947165,-0.981542
27.94,-0.190038,-0.0103423,-0.981722
27.96,-0.192719,-0.0103583,-0.981199
27.98,-0.191355,-0.0107459,-0.981462
28,-0.189052,-0.0110844,-0.981905
28.02,-0.190083,-0.0120754,-0.981694
28.04,-0.190815,-0.0133263,-0.981535
28.06,-0.190008,-0.0127649,-0.981699
28.08,-0.192323,-0.0147617,-0.981221
28.1,-0.192174,-0.0156408,-0.981236
28.12,-0.193934,-0.0171618,-0.980864
28.14,-0.195629,-0.0169816,-0.980531
28.16,-0.197934,-0.0187485,-0.980036
28.18,-0.19892,-0.0213409,-0.979783
28.2,-0.200843,-0.0230664,-0.979352
28.22,-0.200416,-0.0228002,-0.979446
28.24,-0.202245,-0.0236441,-0.97905
28.26,-0.203437,-0.0240434,-0.978793
28.28,-0.2042,-0.0267781,-0.978563
28.3,-0.205716,-0.0264566,-0.978254
28.32,-0.205813,-0.0283171,-0.978182
28.34,-0.207116,-0.0296677,-0.977866
28.36,-0.205221,-0.0304271,-0.978243
28.38,-0.207647,-0.031488,-0.977697
28.4,-0.20781,-0.0318068,-0.977652
28.42,-0.206627,-0.0325449,-0.977878
28.44,-0.209143,-0.0321351,-0.977357
28.46,-0.209552,-0.0315283,-0.977289
28.48,-0.20911,-0.0307521,-0.977409
28.5,-0.209448,-0.0318286,-0.977302
28.52,-0.21063,-0.0315872,-0.977055
28.54,-0.210265,-0.0307575,-0.97716
28.56,-0.20811,-0.030357,-0.977634
28.58,-0.208757,-0.0281583,-0.977562
28.6,-0.208186,-0.0292533,-0.977652
28.62,-0.208279,-0.0282831,-0.97766
28.64,-0.205403,-0.0292656,-0.97824
28.66,-0.204395,-0.0278354,-0.978493
28.68,-0.201584,-0.0285421,-0.979055
28.7,-0.200308,-0.0277554,-0.97934
28.72,-0.203139,-0.0261867,-0.9788
28.74,-0.20351,-0.0261994,-0.978722
28.76,-0.203746,-0.0248744,-0.978708
28.78,-0.205599,-0.0239857,-0.978342
28.8,-0.204749,-0.0233359,-0.978536
28.82,-0.204532,-0.0226312,-0.978598
28.84,-0.204875,-0.0220434,-0.97854
28.86,-0.204259,-0.0219389,-0.978671
28.88,-0.203869,-0.0205105,-0.978783
28.9,-0.204397,-0.0199975,-0.978684
28.92,-0.202674,-0.0194319,-0.979053
28.94,-0.201672,-0.0185586,-0.979277
28.96,-0.201481,-0.0181852,-0.979324
28.98,-0.198869,-0.0175777,-0.979869
29,-0.198411,-0.0174879,-0.979963
29.02,-0.1972,-0.016402,-0.980226
29.04,-0.197006,-0.0166551,-0.980261
29.06,-0.19616,-0.0161083,-0.98044
29.08,-0.195024,-0.0143767,-0.980693
29.1,-0.196615,-0.0146404,-0.980372
29.12,-0.192962,-0.0141465,-0.981104
29.14,-0.191307,-0.0118417,-0.981459
29.16,-0.191645,-0.0123739,-0.981386
29.18,-0.190913,-0.011143,-0.981544
29.2,-0.189323,-0.0106487,-0.981857
29.22,-0.187577,-0.010041,-0.982199
29.24,-0.186168,-0.00867592,-0.98248
29.26,-0.18383,-0.00887717,-0.982918
29.28,-0.179427,-0.00832944,-0.983736
29.3,-0.178111,-0.0086437,-0.983972
29.32,-0.17498,-0.00826167,-0.984537
29.34,-0.173511,-0.0088278,-0.984792
29.36,-0.170253,-0.00813551,-0.985367
29.38,-0.165445,-0.00776409,-0.986188
29.4,-0.162167,-0.00846063,-0.986727
29.42,-0.163444,-0.0063971,-0.986532
29.44,-0.160811,-0.00556978,-0.98697
29.46,-0.15492,-0.00575185,-0.98791
29.48,-0.152478,-0.00646442,-0.988286
29.5,-0.154613,-0.004067,-0.987967
29.52,-0.149629,-0.00608669,-0.988723
29.54,-0.148503,-0.00429043,-0.988903
29.56,-0.151089,-0.00254386,-0.988517
29.58,-0.145618,-0.00285422,-0.989337
29.6,-0.144771,-0.00109191,-0.989465
29.62,-0.145411,-0.000774545,-0.989371
29.64,-0.147465,0.000677057,-0.989067
29.66,-0.147472,0.000948073,-0.989066
29.68,-0.144451,0.000142384,-0.989512
29.7,-0.147721,0.00367512,-0.989022
29.72,-0.14956,0.00332925,-0.988747
29.74,-0.14429,0.00240294,-0.989533
29.76,-0.149577,0.00400041,-0.988742
29.78,-0.149395,0.00559701,-0.988762
29.8,-0.149864,0.005378,-0.988692
29.82,-0.148816,0.00557943,-0.988849
29.84,-0.148813,0.00618374,-0.988846
29.86,-0.14139,0.0031611,-0.989949
29.88,-0.142212,0.0025682,-0.989833
29.9,-0.141021,0.00274066,-0.990003
29.92,-0.146127,0.00467896,-0.989255
29.94,-0.148605,0.0054874,-0.988881
29.96,-0.146523,0.00632331,-0.989187
29.98,-0.145965,0.00612145,-0.989271
30,-0.138878,0.00212377,-0.990307
30.02,-0.137373,0.00325983,-0.990514
30.04,-0.144011,0.0070677,-0.989551
30.06,-0.137089,0.00386122,-0.990551
30.08,-0.136472,0.00334995,-0.990638
30.1,-0.137984,0.00267139,-0.990431
30.12,-0.142212,0.00735428,-0.989809
30.14,-0.141723,0.00842266,-0.989871
30.16,-0.136484,0.00380312,-0.990635
30.18,-0.136215,0.00489024,-0.990667
30.2,-0.136858,0.00540725,-0.990576
30.22,-0.136582,0.00619344,-0.990609
30.24,-0.139747,0.00556142,-0.990172
30.26,-0.137163,0.00568884,-0.990532
30.28,-0.134803,0.00427594,-0.990863
30.3,-0.140929,0.00773389,-0.989989
30.32,-0.136042,0.00317968,-0.990698
30.34,-0.137377,0.00440245,-0.990509
30.36,-0.142296,0.00924799,-0.989781
30.38,-0.142181,0.00851828,-0.989804
30.4,-0.142828,0.00888271,-0.989708
30.42,-0.137649,0.00521651,-0.990467
30.44,-0.138444,0.0057234,-0.990354
30.46,-0.137931,0.00606982,-0.990423
30.48,-0.148275,0.0158491,-0.988819
30.5,-0.148884,0.0164427,-0.988718
30.52,-0.145348,0.0135551,-0.989288
30.54,-0.145556,0.0136896,-0.989255
30.56,-0.146604,0.0142555,-0.989093
30.58,-0.147813,0.0145785,-0.988908
30.6,-0.148493,0.0141788,-0.988812
30.62,-0.15177,0.0155611,-0.988293
30.64,-0.149283,0.0126372,-0.988714
30.66,-0.153604,0.0159403,-0.988004
30.68,-0.152024,0.0137403,-0.988281
30.7,-0.154567,0.0150785,-0.987867
30.72,-0.151844,0.0117856,-0.988334
30.74,-0.152694,0.0129852,-0.988188
30.76,-0.15133,0.0121316,-0.988409
30.78,-0.155544,0.0147555,-0.987719
30.8,-0.154955,0.0144289,-0.987816
30.82,-0.152522,0.0119706,-0.988228
30.84,-0.150238,0.0102416,-0.988597
30.86,-0.156191,0.0139858,-0.987628
30.88,-0.156812,0.0134372,-0.987537
30.9,-0.156722,0.0129218,-0.987558
30.92,-0.157411,0.0123687,-0.987456
30.94,-0.145973,-0.00133251,-0.989288
30.96,-0.156352,0.00488246,-0.987689
30.98,-0.155104,0.00502157,-0.987885
31,-0.155563,0.00499515,-0.987813
31.02,-0.1557,0.00153894,-0.987803
31.04,-0.147329,-0.00546504,-0.989072
31.06,-0.145782,-0.00892281,-0.989277
31.08,-0.143256,-0.0126314,-0.989605
31.1,-0.137995,-0.0222162,-0.990184
31.12,-0.135341,-0.027239,-0.990425
31.14,-0.131986,-0.0348887,-0.990637
31.16,-0.131046,-0.0410208,-0.990527
31.18,-0.134136,-0.0411827,-0.990107
31.2,-0.135134,-0.0441233,-0.989844
31.22,-0.133458,-0.0464014,-0.989968
31.24,-0.131151,-0.0487799,-0.990162
31.26,-0.125469,-0.0529306,-0.990685
31.28,-0.111624,-0.0617858,-0.991828
31.3,-0.111188,-0.0630038,-0.9918
31.32,-0.108294,-0.0644412,-0.992028
31.34,-0.108607,-0.0636519,-0.992045
31.36,-0.108721,-0.0620042,-0.992137
31.38,-0.110224,-0.0626949,-0.991927
31.4,-0.106844,-0.0657635,-0.992098
31.42,-0.105512,-0.0650724,-0.992287
31.44,-0.108358,-0.0644006,-0.992024
31.46,-0.104809,-0.0673892,-0.992206
31.48,-0.107765,-0.0645321,-0.99208
31.5,-0.105333,-0.0658678,-0.992253
31.52,-0.108563,-0.0665977,-0.991856
31.54,-0.106653,-0.0703864,-0.991802
31.56,-0.10474,-0.0682913,-0.992152
31.58,-0.104235,-0.0720301,-0.991941
31.6,-0.105724,-0.073342,-0.991687
31.62,-0.108085,-0.07049,-0.991639
31.64,-0.106877,-0.0713018,-0.991712
31.66,-0.103677,-0.0724506,-0.991969
31.68,-0.119509,-0.0617289,-0.990912
31.7,-0.11729,-0.0637861,-0.991047
31.72,-0.116318,-0.0639689,-0.99115
31.74,-0.114411,-0.0585529,-0.991706
31.76,-0.111966,-0.0580543,-0.992015
31.78,-0.110893,-0.0568364,-0.992206
31.8,-0.111052,-0.0593671,-0.99204
31.82,-0.111915,-0.0564829,-0.992111
31.84,-0.10843,-0.0578659,-0.992418
31.86,-0.109003,-0.056891,-0.992412
31.88,-0.10978,-0.0559932,-0.992378
31.9,-0.10629,-0.0569105,-0.992705
31.92,-0.107876,-0.0560384,-0.992584
31.94,-0.107789,-0.0556212,-0.992617
31.96,-0.109722,-0.0554953,-0.992412
31.98,-0.109724,-0.0546648,-0.992458
32,-0.108251,-0.0561773,-0.992535
32.02,-0.108101,-0.0579537,-0.992449
32.04,-0.108535,-0.0553767,-0.992549
32.06,-0.108908,-0.0575499,-0.992385
32.08,-0.105967,-0.0575119,-0.992705
32.1,-0.106342,-0.0560093,-0.992751
32.12,-0.108948,-0.0575554,-0.99238
32.14,-0.108502,-0.0575771,-0.992427
32.16,-0.107361,-0.0580589,-0.992523
32.18,-0.109669,-0.0552864,-0.992429
32.2,-0.107958,-0.0556413,-0.992597
32.22,-0.108954,-0.0550571,-0.992521
32.24,-0.108094,-0.0548716,-0.992625
32.26,-0.108694,-0.0545637,-0.992577
32.28,-0.107508,-0.0541588,-0.992728
32.3,-0.10571,-0.0553122,-0.992857
32.32,-0.104723,-0.0546056,-0.993001
32.34,-0.104364,-0.0539665,-0.993074
32.36,-0.101309,-0.0556816,-0.993296
32.38,-0.100677,-0.0551768,-0.993388
32.4,-0.102462,-0.0552335,-0.993202
32.42,-0.103324,-0.0542564,-0.993167
32.44,-0.101265,-0.0559773,-0.993283
32.46,-0.101532,-0.0547788,-0.993323
32.48,-0.104079,-0.0543736,-0.993082
32.5,-0.10181,-0.0552253,-0.99327
32.52,-0.103405,-0.0548008,-0.993129
32.54,-0.103588,-0.0567123,-0.993002
32.56,-0.101286,-0.0555488,-0.993305
32.58,-0.10423,-0.0574587,-0.992892
32.6,-0.104345,-0.0570381,-0.992904
32.62,-0.103705,-0.0574048,-0.99295
32.64,-0.106728,-0.0568661,-0.992661
32.66,-0.105554,-0.0596025,-0.992626
32.68,-0.106592,-0.058647,-0.992572
32.7,-0.108105,-0.0583869,-0.992423
32.72,-0.10739,-0.0596849,-0.992424
32.74,-0.109991,-0.0593674,-0.992158
32.76,-0.110008,-0.0595444,-0.992146
32.78,-0.111866,-0.0606525,-0.991871
32.8,-0.111702,-0.0609488,-0.991871
32.82,-0.112625,-0.0612473,-0.991748
32.84,-0.115108,-0.0608424,-0.991488
32.86,-0.116106,-0.0609898,-0.991363
32.88,-0.113607,-0.0620765,-0.991585
32.9,-0.114269,-0.0620063,-0.991513
32.92,-0.11582,-0.0616085,-0.991358
32.94,-0.117134,-0.0606848,-0.99126
32.96,-0.116752,-0.0601825,-0.991336
32.98,-0.116182,-0.061146,-0.991344
33,-0.116228,-0.0621222,-0.991278
33.02,-0.116043,-0.0620464,-0.991304
33.04,-0.116478,-0.0623405,-0.991235
33.06,-0.116963,-0.0631851,-0.991124
33.08,-0.118165,-0.0630771,-0.990989
33.1,-0.119587,-0.0609332,-0.990952
33.12,-0.118241,-0.0632173,-0.990971
33.14,-0.119187,-0.0627014,-0.99089
33.16,-0.119674,-0.0625223,-0.990843
33.18,-0.118868,-0.0626777,-0.99093
33.2,-0.117781,-0.0632408,-0.991024
33.22,-0.118623,-0.0618835,-0.991009
33.24,-0.118653,-0.062926,-0.99094
33.26,-0.121122,-0.0606854,-0.990781
33.28,-0.122439,-0.0591763,-0.99071
33.3,-0.122299,-0.0594975,-0.990708
33.32,-0.12265,-0.0601197,-0.990627
33.34,-0.122154,-0.0598518,-0.990705
33.36,-0.122429,-0.0604711,-0.990633
33.38,-0.120638,-0.0598359,-0.990892
33.4,-0.120336,-0.060348,-0.990897
33.42,-0.121236,-0.0603527,-0.990787
33.44,-0.121131,-0.0609034,-0.990766
33.46,-0.121675,-0.0627493,-0.990585
33.48,-0.122227,-0.0615686,-0.990591
33.5,-0.121962,-0.0629119,-0.990539
33.52,-0.120672,-0.0604655,-0.990849
33.54,-0.120074,-0.0608647,-0.990897
33.56,-0.119892,-0.0616626,-0.99087
33.58,-0.119898,-0.0619334,-0.990853
33.6,-0.120273,-0.0605919,-0.99089
33.62,-0.120327,-0.0603634,-0.990897
33.64,-0.120532,-0.0609018,-0.99084
33.66,-0.120332,-0.0608981,-0.990864
33.68,-0.120462,-0.0610021,-0.990842
33.7,-0.119944,-0.0621146,-0.990836
33.72,-0.120071,-0.0606953,-0.990908
33.74,-0.119869,-0.0601214,-0.990968
33.76,-0.119438,-0.0599116,-0.991032
33.78,-0.120008,-0.0602783,-0.990941
33.8,-0.120246,-0.0587802,-0.991002
33.82,-0.119885,-0.0598741,-0.990981
33.84,-0.119515,-0.0605978,-0.990981
33.86,-0.119348,-0.0599785,-0.991039
33.88,-0.119138,-0.0583001,-0.991165
33.9,-0.118345,-0.0589937,-0.991219
33.92,-0.117721,-0.0603073,-0.991214
33.94,-0.118931,-0.0582885,-0.99119
33.96,-0.118027,-0.058772,-0.99127
33.98,-0.117705,-0.0587442,-0.99131
34,-0.117549,-0.0594861,-0.991284
34.02,-0.117256,-0.0586332,-0.991369
34.04,-0.117842,-0.0585214,-0.991306
34.06,-0.11753,-0.0586452,-0.991336
34.08,-0.118077,-0.0576676,-0.991329
34.1,-0.117844,-0.0584947,-0.991308
34.12,-0.118019,-0.0581398,-0.991308
34.14,-0.117883,-0.0586143,-0.991296
34.16,-0.117868,-0.0583953,-0.991311
34.18,-0.1175,-0.058499,-0.991348
34.2,-0.117739,-0.0584419,-0.991323
34.22,-0.117811,-0.0575326,-0.991368
34.24,-0.11767,-0.0577256,-0.991374
34.26,-0.118183,-0.0583922,-0.991274
34.28,-0.117911,-0.0584435,-0.991303
34.3,-0.117781,-0.0592865,-0.991268
34.32,-0.117978,-0.0584913,-0.991292
34.34,-0.118259,-0.0584243,-0.991263
34.36,-0.116026,-0.0607086,-0.991389
34.38,-0.117343,-0.0600957,-0.991271
34.4,-0.118536,-0.0581107,-0.991248
34.42,-0.117347,-0.0590358,-0.991335
34.44,-0.119187,-0.0600074,-0.991057
34.46,-0.120083,-0.0600657,-0.990945
34.48,-0.121588,-0.0604742,-0.990737
34.5,-0.11987,-0.0602748,-0.990958
34.52,-0.119528,-0.0604832,-0.990987
34.54,-0.120055,-0.0607444,-0.990907
34.56,-0.120565,-0.0619873,-0.990768
34.58,-0.120837,-0.0614496,-0.990769
34.6,-0.121438,-0.0609421,-0.990726
34.62,-0.12181,-0.0603251,-0.990719
34.64,-0.121926,-0.0602246,-0.99071
34.66,-0.121494,-0.0602158,-0.990764
34.68,-0.120816,-0.0606802,-0.990819
34.7,-0.120431,-0.0603514,-0.990886
34.72,-0.120338,-0.0598989,-0.990924
34.74,-0.120937,-0.0594684,-0.990877
34.76,-0.120716,-0.0592938,-0.990915
34.78,-0.121333,-0.059724,-0.990813
34.8,-0.120832,-0.0597639,-0.990872
34.82,-0.120644,-0.0595249,-0.99091
34.84,-0.119274,-0.0601458,-0.991038
34.86,-0.120394,-0.0595236,-0.99094
34.88,-0.119365,-0.0609396,-0.990978
34.9,-0.119827,-0.0596244,-0.991003
34.92,-0.120054,-0.0601691,-0.990942
34.94,-0.121389,-0.0603203,-0.990771
34.96,-0.121644,-0.0604376,-0.990732
34.98,-0.121127,-0.0600111,-0.990821
35,-0.121446,-0.0597773,-0.990796
35.02,-0.121824,-0.0603854,-0.990713
35.04,-0.126126,-0.0598716,-0.990206
35.06,-0.12635,-0.061228,-0.990094
35.08,-0.124497,-0.0608485,-0.990352
35.1,-0.127003,-0.0605709,-0.990051
35.12,-0.125057,-0.0598871,-0.99034
35.14,-0.12575,-0.0630752,-0.990055
35.16,-0.124889,-0.0640824,-0.990099
35.18,-0.125457,-0.0646055,-0.989993
35.2,-0.127882,-0.0661197,-0.989583
35.22,-0.127391,-0.06719,-0.989574
35.24,-0.130591,-0.0685925,-0.989061
35.26,-0.132918,-0.0703944,-0.988624
35.28,-0.130602,-0.0705176,-0.988924
35.3,-0.134464,-0.0741618,-0.988139
35.32,-0.136516,-0.0739734,-0.987872
35.34,-0.13436,-0.075403,-0.98806
35.36,-0.13927,-0.0764195,-0.987301
35.38,-0.132143,-0.0818262,-0.987848
35.4,-0.143393,-0.0784466,-0.986552
35.42,-0.133446,-0.0857566,-0.987339
35.44,-0.142013,-0.0818577,-0.986474
35.46,-0.145321,-0.0832757,-0.985874
35.48,-0.146943,-0.0850918,-0.985478
35.5,-0.149851,-0.0873121,-0.984846
35.52,-0.149479,-0.0877423,-0.984864
35.54,-0.151117,-0.0896156,-0.984445
35.56,-0.155938,-0.0946899,-0.983218
35.58,-0.158136,-0.0959478,-0.982745
35.6,-0.161889,-0.0978984,-0.981941
35.62,-0.166339,-0.0988038,-0.981106
35.64,-0.171385,-0.104252,-0.979673
35.66,-0.174459,-0.106912,-0.978843
35.68,-0.180337,-0.110512,-0.977377
35.7,-0.18473,-0.113257,-0.976241
35.72,-0.18857,-0.116538,-0.975121
35.74,-0.197928,-0.123768,-0.972371
35.76,-0.200391,-0.124977,-0.971712
35.78,-0.205067,-0.129766,-0.970108
35.8,-0.21359,-0.13518,-0.967526
35.82,-0.223708,-0.140615,-0.964459
35.84,-0.228304,-0.1466,-0.962489
35.86,-0.235939,-0.149754,-0.96016
35.88,-0.247227,-0.150782,-0.957154
35.9,-0.259468,-0.146452,-0.954583
35.92,-0.249924,-0.144145,-0.957476
35.94,-0.245187,-0.134014,-0.960169
35.96,-0.238915,-0.134825,-0.961635
35.98,-0.239907,-0.130447,-0.961992
36,-0.245895,-0.133116,-0.960112
36.02,-0.24897,-0.131106,-0.959596
36.04,-0.247767,-0.137923,-0.958952
36.06,-0.251542,-0.141083,-0.957508
36.08,-0.25329,-0.142552,-0.95683
36.1,-0.254126,-0.148141,-0.955758
36.12,-0.258403,-0.150136,-0.954299
36.14,-0.256448,-0.154561,-0.95412
36.16,-0.253446,-0.155435,-0.95478
36.18,-0.253804,-0.151726,-0.955282
36.2,-0.25452,-0.151246,-0.955167
36.22,-0.255157,-0.150018,-0.955191
36.24,-0.257316,-0.152812,-0.954168
36.26,-0.256916,-0.152553,-0.954318
36.28,-0.260845,-0.162305,-0.951639
36.3,-0.269456,-0.164329,-0.948889
36.32,-0.271328,-0.164611,-0.948306
36.34,-0.273965,-0.162826,-0.947856
36.36,-0.274637,-0.162283,-0.947755
36.38,-0.275436,-0.162912,-0.947415
36.4,-0.277316,-0.162059,-0.947013
36.42,-0.278261,-0.161975,-0.94675
36.44,-0.28021,-0.161738,-0.946215
36.46,-0.280434,-0.161989,-0.946106
36.48,-0.281546,-0.161693,-0.945826
36.5,-0.284758,-0.161076,-0.944969
36.52,-0.282949,-0.160868,-0.945548
36.54,-0.283702,-0.162105,-0.945111
36.56,-0.28237,-0.163038,-0.94535
36.58,-0.280228,-0.163522,-0.945903
36.6,-0.280907,-0.165036,-0.945439
36.62,-0.283126,-0.167121,-0.94441
36.64,-0.281633,-0.166499,-0.944966
36.66,-0.282009,-0.168568,-0.944487
36.68,-0.28034,-0.167807,-0.945119
36.7,-0.282254,-0.169098,-0.944319
36.72,-0.281635,-0.168507,-0.944609
36.74,-0.27679,-0.167439,-0.94623
36.76,-0.277568,-0.169311,-0.945669
36.78,-0.277906,-0.169601,-0.945518
36.8,-0.277486,-0.169945,-0.945579
36.82,-0.277527,-0.172763,-0.945056
36.84,-0.274676,-0.170844,-0.946237
36.86,-0.27449,-0.17175,-0.946127
36.88,-0.273334,-0.172456,-0.946334
36.9,-0.27228,-0.174378,-0.946285
36.92,-0.273611,-0.174826,-0.945818
36.94,-0.271832,-0.17691,-0.945944
36.96,-0.271751,-0.17786,-0.945789
36.98,-0.270687,-0.178227,-0.946025
37,-0.272817,-0.179042,-0.945259
37.02,-0.27238,-0.178602,-0.945468
37.04,-0.272523,-0.178261,-0.945492
37.06,-0.27456,-0.177654,-0.945016
37.08,-0.273253,-0.177788,-0.94537
37.1,-0.274475,-0.175377,-0.945466
37.12,-0.27404,-0.175625,-0.945546
37.14,-0.275357,-0.176605,-0.944981
37.16,-0.275964,-0.176848,-0.944758
37.18,-0.276759,-0.176365,-0.944616
37.2,-0.275802,-0.176663,-0.94484
37.22,-0.277046,-0.177746,-0.944273
37.24,-0.276145,-0.176825,-0.94471
37.26,-0.277222,-0.176906,-0.944379
37.28,-0.277955,-0.179004,-0.943768
37.3,-0.272508,-0.167599,-0.947444
37.32,-0.272825,-0.167203,-0.947423
37.34,-0.272426,-0.167506,-0.947484
37.36,-0.269908,-0.162772,-0.949028
37.38,-0.270484,-0.164924,-0.948493
37.4,-0.272112,-0.166886,-0.947684
37.42,-0.272514,-0.166656,-0.947609
37.44,-0.271683,-0.166904,-0.947803
37.46,-0.272536,-0.166503,-0.947629
37.48,-0.272857,-0.166515,-0.947535
37.5,-0.273204,-0.166821,-0.947381
37.52,-0.272446,-0.167523,-0.947475
37.54,-0.273031,-0.166913,-0.947415
37.56,-0.272389,-0.168003,-0.947407
37.58,-0.273361,-0.167871,-0.94715
37.6,-0.273083,-0.168144,-0.947182
37.62,-0.271906,-0.16807,-0.947534
37.64,-0.271168,-0.167935,-0.947769
37.66,-0.271362,-0.167548,-0.947782
37.68,-0.271201,-0.167996,-0.947748
37.7,-0.272424,-0.168449,-0.947317
37.72,-0.272676,-0.168011,-0.947322
37.74,-0.272542,-0.168221,-0.947324
37.76,-0.273244,-0.168135,-0.947137
37.78,-0.272974,-0.16809,-0.947223
37.8,-0.272938,-0.167641,-0.947313
37.82,-0.271995,-0.167262,-0.947651
37.84,-0.272928,-0.167791,-0.947289
37.86,-0.272473,-0.167712,-0.947434
37.88,-0.271247,-0.168005,-0.947734
37.9,-0.270603,-0.168009,-0.947917
37.92,-0.268615,-0.168796,-0.948343
37.94,-0.266488,-0.168615,-0.948975
37.96,-0.266304,-0.167619,-0.949203
37.98,-0.262714,-0.169036,-0.949952
38,-0.260885,-0.170568,-0.950182
38.02,-0.259017,-0.171735,-0.950483
38.04,-0.257726,-0.170629,-0.951033
38.06,-0.255167,-0.171473,-0.951571
38.08,-0.254848,-0.172814,-0.951414
38.1,-0.253868,-0.173975,-0.951464
38.12,-0.25048,-0.174325,-0.952297
38.14,-0.250489,-0.174519,-0.95226
38.16,-0.250828,-0.175651,-0.951962
38.18,-0.24986,-0.174896,-0.952356
38.2,-0.249145,-0.17625,-0.952293
38.22,-0.249801,-0.175415,-0.952276
38.24,-0.248321,-0.175151,-0.952711
38.26,-0.248023,-0.174529,-0.952903
38.28,-0.246656,-0.175342,-0.953108
38.3,-0.248551,-0.173614,-0.952933
38.32,-0.245206,-0.174134,-0.953704
38.34,-0.24713,-0.172301,-0.95354
38.36,-0.246741,-0.171084,-0.95386
38.38,-0.248722,-0.171178,-0.953329
38.4,-0.247872,-0.170882,-0.953603
38.42,-0.247598,-0.171075,-0.95364
38.44,-0.248037,-0.170371,-0.953652
38.46,-0.248947,-0.16851,-0.953745
38.48,-0.24814,-0.169403,-0.953797
38.5,-0.249263,-0.166479,-0.954019
38.52,-0.25011,-0.167625,-0.953597
38.54,-0.248485,-0.167251,-0.954087
38.56,-0.248917,-0.166472,-0.954111
38.58,-0.247029,-0.166921,-0.954523
38.6,-0.247311,-0.165675,-0.954667
38.62,-0.248971,-0.165804,-0.954213
38.64,-0.250573,-0.165148,-0.953907
38.66,-0.247355,-0.165126,-0.954751
38.68,-0.247983,-0.165499,-0.954523
38.7,-0.246426,-0.164297,-0.955134
38.72,-0.244967,-0.165807,-0.955248
38.74,-0.242141,-0.165355,-0.956047
38.76,-0.243869,-0.165009,-0.955667
38.78,-0.241833,-0.165644,-0.956075
38.8,-0.239879,-0.165904,-0.956522
38.82,-0.240324,-0.165235,-0.956526
38.84,-0.238267,-0.165735,-0.956954
38.86,-0.238446,-0.165806,-0.956897
38.88,-0.236389,-0.165519,-0.957457
38.9,-0.234958,-0.165703,-0.957777
38.92,-0.230951,-0.1659,-0.958717
38.94,-0.23082,-0.166345,-0.958672
38.96,-0.229721,-0.166666,-0.95888
38.98,-0.226835,-0.166346,-0.959622
39,-0.225456,-0.167832,-0.959689
39.02,-0.221564,-0.169856,-0.960239
39.04,-0.213853,-0.172252,-0.961559
39.06,-0.208168,-0.174867,-0.962335
39.08,-0.202269,-0.176559,-0.963283
39.1,-0.195064,-0.178684,-0.964377
39.12,-0.191493,-0.179661,-0.96491
39.14,-0.183784,-0.18131,-0.966101
39.16,-0.17858,-0.180873,-0.967158
39.18,-0.173925,-0.181801,-0.967832
39.2,-0.166899,-0.182714,-0.968896
39.22,-0.163295,-0.181128,-0.969808
39.24,-0.157876,-0.181954,-0.97055
39.26,-0.154319,-0.1816,-0.971188
39.28,-0.153811,-0.178816,-0.971785
39.3,-0.153898,-0.176518,-0.972192
39.32,-0.154387,-0.171774,-0.972964
39.34,-0.154387,-0.171774,-0.972964
39.36,-0.154438,-0.170929,-0.973104
39.38,-0.154291,-0.168556,-0.973541
39.4,-0.152718,-0.164643,-0.974459
39.42,-0.155787,-0.163174,-0.97422
39.44,-0.155575,-0.155706,-0.975475
39.46,-0.155758,-0.152417,-0.975965
39.48,-0.157809,-0.150227,-0.975975
39.5,-0.160858,-0.147132,-0.975949
39.52,-0.162442,-0.143112,-0.976285
39.54,-0.166462,-0.137882,-0.97636
39.56,-0.168756,-0.13506,-0.976361
39.58,-0.168819,-0.134265,-0.976459
39.6,-0.172453,-0.131095,-0.976255
39.62,-0.172411,-0.127783,-0.976702
39.64,-0.171803,-0.125246,-0.977137
39.66,-0.168771,-0.122703,-0.977988
39.68,-0.170804,-0.12175,-0.977754
39.7,-0.170029,-0.119331,-0.978187
39.72,-0.166466,-0.118057,-0.978954
39.74,-0.165653,-0.114933,-0.979464
39.76,-0.166808,-0.114297,-0.979342
39.78,-0.163352,-0.113203,-0.980052
39.8,-0.161374,-0.110869,-0.980646
39.82,-0.161936,-0.110443,-0.980601
39.84,-0.156624,-0.109477,-0.981572
39.86,-0.15665,-0.110395,-0.981465
39.88,-0.153618,-0.111022,-0.981873
39.9,-0.150827,-0.107235,-0.982727
39.92,-0.143851,-0.104675,-0.984048
39.94,-0.140988,-0.103805,-0.984554
39.96,-0.137714,-0.101594,-0.985248
39.98,-0.133216,-0.0990844,-0.986122
40,-0.12829,-0.0958415,-0.987095
40.02,-0.124759,-0.0933332,-0.987787
40.04,-0.118553,-0.0893526,-0.988919
40.06,-0.113958,-0.0876793,-0.989609
40.08,-0.109534,-0.0839193,-0.990434
40.1,-0.104666,-0.0806675,-0.99123
40.12,-0.101066,-0.0760909,-0.991966
40.14,-0.0990122,-0.0748491,-0.992267
40.16,-0.0964837,-0.0763359,-0.992403
40.18,-0.0954834,-0.0759625,-0.992528
40.2,-0.0921034,-0.0772132,-0.992751
40.22,-0.0893496,-0.0763794,-0.993067
40.24,-0.0870304,-0.0759733,-0.993304
40.26,-0.0891129,-0.0761848,-0.993104
40.28,-0.0858459,-0.0761971,-0.99339
40.3,-0.0895632,-0.0764907,-0.99304
40.32,-0.0855192,-0.0771866,-0.993342
40.34,-0.0898377,-0.0756857,-0.993076
40.36,-0.09094,-0.0736558,-0.993129
40.38,-0.0876237,-0.0755747,-0.993283
40.4,-0.0842381,-0.075103,-0.993611
40.42,-0.0843531,-0.0753582,-0.993582
40.44,-0.0850057,-0.0723471,-0.99375
40.46,-0.0812751,-0.0708138,-0.994173
40.48,-0.0801153,-0.0698969,-0.994332
40.5,-0.0718184,-0.0657366,-0.995249
40.52,-0.0708619,-0.0645141,-0.995398
40.54,-0.0666165,-0.0618145,-0.995862
40.56,-0.0640953,-0.0607648,-0.996092
40.58,-0.0593965,-0.0592816,-0.996473
40.6,-0.0535055,-0.0564591,-0.99697
40.62,-0.0510918,-0.0554814,-0.997152
40.64,-0.0439072,-0.0542581,-0.997561
40.66,-0.0406192,-0.0543682,-0.997694
40.68,-0.039723,-0.0509463,-0.997911
40.7,-0.0403897,-0.0482934,-0.998016
40.72,-0.0367697,-0.0486627,-0.998138
40.74,-0.0379099,-0.0472064,-0.998166
40.76,-0.0362723,-0.0458268,-0.998291
40.78,-0.0367219,-0.0431412,-0.998394
40.8,-0.0368523,-0.0428996,-0.998399
40.82,-0.0363238,-0.0424647,-0.998437
40.84,-0.0380417,-0.0399245,-0.998478
40.86,-0.0378293,-0.0396227,-0.998498
40.88,-0.0371846,-0.0397762,-0.998516
40.9,-0.0426769,-0.036103,-0.998436
40.92,-0.044776,-0.0344932,-0.998401
40.94,-0.0466411,-0.032634,-0.998379
40.96,-0.0496059,-0.0305046,-0.998303
40.98,-0.0504535,-0.029929,-0.998278
41,-0.0528251,-0.0283251,-0.998202
41.02,-0.0541484,-0.0270507,-0.998166
41.04,-0.0569074,-0.0254181,-0.998056
41.06,-0.059055,-0.0248039,-0.997947
41.08,-0.0610051,-0.0254743,-0.997812
41.1,-0.0653693,-0.0235726,-0.997583
41.12,-0.0659502,-0.0238219,-0.997539
41.14,-0.0690452,-0.0204794,-0.997403
41.16,-0.0715173,-0.0214043,-0.99721
41.18,-0.0710632,-0.0180899,-0.997308
41.2,-0.0734467,-0.0196099,-0.997106
41.22,-0.079725,-0.0184489,-0.996646
41.24,-0.0809618,-0.016785,-0.996576
41.26,-0.085625,-0.0178301,-0.996168
41.28,-0.0880923,-0.0162384,-0.99598
41.3,-0.0934617,-0.0146501,-0.995515
41.32,-0.0973766,-0.0125398,-0.995169
41.34,-0.104393,-0.00890025,-0.994496
41.36,-0.105293,-0.00506902,-0.994428
41.38,-0.109278,0.000795574,-0.994011
41.4,-0.112579,0.012268,-0.993567
41.42,-0.11368,0.0209225,-0.993297
41.44,-0.116913,0.0356329,-0.992503
41.46,-0.11916,0.0454429,-0.991835
41.48,-0.120825,0.0529714,-0.99126
41.5,-0.124709,0.0614192,-0.990291
41.52,-0.128198,0.0645214,-0.989647
41.54,-0.12889,0.0642444,-0.989576
41.56,-0.129519,0.0602111,-0.989747
41.58,-0.130612,0.0582056,-0.989724
41.6,-0.132985,0.0523108,-0.989737
41.62,-0.131265,0.0488304,-0.990144
41.64,-0.129459,0.0378428,-0.990862
41.66,-0.126202,0.0288975,-0.991584
41.68,-0.124288,0.0189778,-0.992065
41.7,-0.120472,0.00168656,-0.992715
41.72,-0.118728,-0.0102651,-0.992874
41.74,-0.109313,-0.0262731,-0.99366
41.76,-0.101332,-0.0300983,-0.994397
41.78,-0.0919691,-0.0317624,-0.995255
41.8,-0.0779488,-0.0279408,-0.996566
41.82,-0.0732936,-0.0269557,-0.996946
41.84,-0.064788,-0.0287534,-0.997485
41.86,-0.0625792,-0.0280544,-0.997646
41.88,-0.0595888,-0.0276928,-0.997839
41.9,-0.0530797,-0.0244401,-0.998291
41.92,-0.0488099,-0.0243329,-0.998512
41.94,-0.0437842,-0.0243728,-0.998744
41.96,-0.042075,-0.0250423,-0.998801
41.98,-0.0423752,-0.025371,-0.99878
42,-0.0431753,-0.0257646,-0.998735
42.02,-0.0436699,-0.0252168,-0.998728
42.04,-0.0447447,-0.0241731,-0.998706
42.06,-0.0444859,-0.0246616,-0.998706
42.08,-0.0448228,-0.0242386,-0.998701
42.1,-0.0451686,-0.0251995,-0.998661
42.12,-0.0460564,-0.0263641,-0.998591
42.14,-0.0449854,-0.0281732,-0.99859
42.16,-0.0463151,-0.0279461,-0.998536
42.18,-0.0488031,-0.0294689,-0.998374
42.2,-0.0497882,-0.0298962,-0.998312
42.22,-0.0516347,-0.0308003,-0.998191
42.24,-0.0539233,-0.03042,-0.998082
42.26,-0.0540921,-0.0302822,-0.998077
42.28,-0.0537951,-0.030653,-0.998081
42.3,-0.0506835,-0.0323606,-0.99819
42.32,-0.0478016,-0.0337155,-0.998288
42.34,-0.0461828,-0.0335925,-0.998368
42.36,-0.0459243,-0.0340051,-0.998366
42.38,-0.0444422,-0.0340184,-0.998433
42.4,-0.0446885,-0.034474,-0.998406
42.42,-0.0460156,-0.0343895,-0.998349
42.44,-0.0482153,-0.0352073,-0.998216
42.46,-0.0496056,-0.0362423,-0.998111
42.48,-0.0498546,-0.0380255,-0.998032
42.5,-0.0518265,-0.0399241,-0.997858
42.52,-0.0517897,-0.0410368,-0.997815
42.54,-0.0519541,-0.0418551,-0.997772
42.56,-0.0469048,-0.0440415,-0.997928
42.58,-0.0458311,-0.0456483,-0.997906
42.6,-0.0467776,-0.0489226,-0.997707
42.62,-0.0459521,-0.0490342,-0.997739
42.64,-0.043335,-0.0510369,-0.997756
42.66,-0.0434705,-0.0518022,-0.997711
42.68,-0.0399548,-0.0512207,-0.997888
42.7,-0.0427577,-0.0545391,-0.997596
42.72,-0.0415866,-0.0562396,-0.997551
42.74,-0.0389635,-0.0571045,-0.997608
42.76,-0.0417446,-0.0565074,-0.997529
42.78,-0.0445254,-0.0573755,-0.997359
42.8,-0.0443623,-0.0593996,-0.997248
42.82,-0.0456234,-0.0599564,-0.997158
42.84,-0.0477177,-0.0588626,-0.997125
42.86,-0.0516454,-0.0581497,-0.996971
42.88,-0.0520728,-0.0580253,-0.996956
42.9,-0.0599803,-0.0557871,-0.996639
42.92,-0.0626909,-0.0536864,-0.996588
42.94,-0.0656298,-0.0498606,-0.996598
42.96,-0.0666397,-0.048616,-0.996592
42.98,-0.0670418,-0.0472688,-0.99663
43,-0.0706607,-0.0450981,-0.99648
43.02,-0.0689852,-0.0452551,-0.996591
43.04,-0.0652629,-0.0443995,-0.99688
43.06,-0.0694312,-0.0430693,-0.996657
43.08,-0.0667227,-0.0435289,-0.996822
43.1,-0.0669279,-0.0421083,-0.996869
43.12,-0.0668419,-0.0416636,-0.996893
43.14,-0.0718464,-0.0387577,-0.996662
43.16,-0.0708648,-0.0411001,-0.996639
43.18,-0.0712165,-0.0399342,-0.996661
43.2,-0.0762493,-0.0381986,-0.996357
43.22,-0.0760715,-0.0386103,-0.996355
43.24,-0.0765759,-0.0395697,-0.996278
43.26,-0.0758812,-0.0391661,-0.996347
43.28,-0.0755884,-0.0397729,-0.996346
43.3,-0.0781562,-0.0398522,-0.996144
43.32,-0.0807335,-0.0380782,-0.996008
43.34,-0.0842027,-0.0360178,-0.995797
43.36,-0.0800875,-0.0393573,-0.996011
43.38,-0.0815684,-0.0370399,-0.995979
43.4,-0.0808758,-0.0383093,-0.995988
43.42,-0.0818019,-0.0368321,-0.995968
43.44,-0.0815706,-0.0375639,-0.995959
43.46,-0.0820216,-0.0370345,-0.995942
43.48,-0.0814702,-0.0370399,-0.995987
43.5,-0.0793893,-0.0371936,-0.99615
43.52,-0.0805936,-0.0367215,-0.99607
43.54,-0.0793605,-0.0361947,-0.996189
43.56,-0.0798366,-0.0359975,-0.996158
43.58,-0.0798291,-0.0359837,-0.996159
43.6,-0.0785508,-0.0353797,-0.996282
43.62,-0.0797961,-0.0351432,-0.996192
43.64,-0.0803195,-0.0373022,-0.996071
43.66,-0.0808389,-0.0361325,-0.996072
43.68,-0.0798763,-0.0353984,-0.996176
43.7,-0.0793108,-0.0347774,-0.996243
43.72,-0.0792169,-0.0357809,-0.996215
43.74,-0.0789264,-0.0346155,-0.996279
43.76,-0.0773255,-0.0346379,-0.996404
43.78,-0.0773347,-0.0345114,-0.996408
43.8,-0.077799,-0.0339176,-0.996392
43.82,-0.0778017,-0.0343153,-0.996378
43.84,-0.0771879,-0.0346666,-0.996414
43.86,-0.0782696,-0.0345236,-0.996334
43.88,-0.077919,-0.0343115,-0.996369
43.9,-0.0780723,-0.0344869,-0.996351
43.92,-0.077561,-0.0359581,-0.996339
43.94,-0.0778392,-0.0355047,-0.996334
43.96,-0.0793191,-0.035511,-0.996217
43.98,-0.0784072,-0.0374154,-0.996219
44,-0.0786859,-0.0356038,-0.996263
44.02,-0.0780867,-0.0352139,-0.996324
44.04,-0.0783619,-0.0348496,-0.996316
44.06,-0.0783905,-0.0347792,-0.996316
44.08,-0.0782185,-0.0346358,-0.996334
44.1,-0.0795252,-0.0338615,-0.996258
44.12,-0.0789319,-0.0343396,-0.996288
44.14,-0.0785762,-0.0350098,-0.996293
44.16,-0.0797383,-0.0350711,-0.996199
44.18,-0.080044,-0.0352241,-0.996169
44.2,-0.0800667,-0.0352514,-0.996166
44.22,-0.0798526,-0.0350438,-0.99619
44.24,-0.080994,-0.0343332,-0.996123
44.26,-0.0808692,-0.0343101,-0.996134
44.28,-0.0824152,-0.0345172,-0.996
44.3,-0.0832492,-0.0343059,-0.995938
44.32,-0.0830855,-0.0343772,-0.995949
44.34,-0.0832424,-0.034164,-0.995944
44.36,-0.08372,-0.0343442,-0.995897
44.38,-0.0821642,-0.0335994,-0.996052
44.4,-0.0807237,-0.033308,-0.99618
44.42,-0.0775687,-0.0342729,-0.996398
44.44,-0.0772964,-0.032183,-0.996489
44.46,-0.0762166,-0.0317852,-0.996585
44.48,-0.0771648,-0.0320019,-0.996505
44.5,-0.0769257,-0.0319224,-0.996526
44.52,-0.0770599,-0.0320178,-0.996512
44.54,-0.0760272,-0.031712,-0.996601
44.56,-0.0762229,-0.0311618,-0.996604
44.58,-0.0755278,-0.0309898,-0.996662
44.6,-0.0744029,-0.0304762,-0.996762
44.62,-0.0727326,-0.0309717,-0.99687
44.64,-0.0722088,-0.0297804,-0.996945
44.66,-0.0706851,-0.029276,-0.997069
44.68,-0.0702989,-0.028809,-0.99711
44.7,-0.0691248,-0.0286085,-0.997198
44.72,-0.0677044,-0.0281004,-0.99731
44.74,-0.0670737,-0.0276493,-0.997365
44.76,-0.0661055,-0.0270061,-0.997447
44.78,-0.0657503,-0.0275514,-0.997456
44.8,-0.0650595,-0.0273233,-0.997507
44.82,-0.0648259,-0.0276393,-0.997514
44.84,-0.0656254,-0.0282797,-0.997444
44.86,-0.0664583,-0.0281991,-0.997391
44.88,-0.0666332,-0.0284762,-0.997371
44.9,-0.0690568,-0.0289083,-0.997194
44.92,-0.070754,-0.028944,-0.997074
44.94,-0.0720749,-0.0290246,-0.996977
44.96,-0.0726507,-0.0289882,-0.996936
44.98,-0.0726015,-0.0295477,-0.996923
45,-0.0718893,-0.0276692,-0.997029
45.02,-0.0718638,-0.0285714,-0.997005
45.04,-0.0713232,-0.0278585,-0.997064
45.06,-0.0715432,-0.0272395,-0.997065
45.08,-0.0708702,-0.0267682,-0.997126
45.1,-0.0716296,-0.0268763,-0.997069
45.12,-0.0711993,-0.0267354,-0.997104
45.14,-0.0729481,-0.0261802,-0.996992
45.16,-0.0729891,-0.0263363,-0.996985
45.18,-0.0738417,-0.0259821,-0.996931
45.2,-0.075701,-0.0279867,-0.996738
45.22,-0.0760379,-0.0295179,-0.996668
45.24,-0.0791515,-0.0300067,-0.996411
45.26,-0.080221,-0.0295999,-0.996338
45.28,-0.0819507,-0.0298084,-0.996191
45.3,-0.0845677,-0.031389,-0.995923
45.32,-0.0860467,-0.030483,-0.995825
45.34,-0.0879184,-0.030674,-0.995655
45.36,-0.0876214,-0.0316333,-0.995651
45.38,-0.0861256,-0.0316447,-0.995782
45.4,-0.0870531,-0.0312926,-0.995712
45.42,-0.085535,-0.030924,-0.995855
45.44,-0.0847235,-0.0307858,-0.995929
45.46,-0.0839342,-0.0309017,-0.995992
45.48,-0.0831385,-0.0309958,-0.996056
45.5,-0.0826535,-0.0306502,-0.996107
45.52,-0.083271,-0.0308048,-0.996051
45.54,-0.0837836,-0.0303692,-0.996021
45.56,-0.0837063,-0.0303246,-0.996029
45.58,-0.0834443,-0.0303051,-0.996052
45.6,-0.080853,-0.0306965,-0.996253
45.62,-0.0793788,-0.0309633,-0.996364
45.64,-0.071174,-0.0314646,-0.996968
45.66,-0.0628301,-0.0335669,-0.99746
45.68,-0.0563685,-0.0340211,-0.99783
45.7,-0.046376,-0.033266,-0.99837
45.72,-0.0403993,-0.0319145,-0.998674
45.74,-0.0347781,-0.0293939,-0.998963
45.76,-0.0312925,-0.0256238,-0.999182
45.78,-0.0257778,-0.0232267,-0.999398
45.8,-0.0141078,-0.0225662,-0.999646
45.82,-0.00754566,-0.0196509,-0.999778
45.84,0.00435967,-0.016756,-0.99985
45.86,0.00927427,-0.0153184,-0.99984
45.88,0.0175119,-0.01304,-0.999762
45.9,0.0270397,-0.0101008,-0.999583
45.92,0.0319555,-0.00856802,-0.999453
45.94,0.0379403,-0.00387519,-0.999272
45.96,0.0414499,-0.00412949,-0.999132
45.98,0.0483559,-0.00145944,-0.998829
46,0.0537766,0.000390825,-0.998553
46.02,0.0563955,0.000388706,-0.998408
46.04,0.0578872,0.00317339,-0.998318
46.06,0.0585545,0.00230732,-0.998282
46.08,0.0580648,0.00299271,-0.998308
46.1,0.0557695,0.00191297,-0.998442
46.12,0.0545202,0.0019955,-0.998511
46.14,0.0498394,0.0032484,-0.998752
46.16,0.0463462,0.00345093,-0.998919
46.18,0.0424102,0.00291693,-0.999096
46.2,0.0353248,0.00285973,-0.999372
46.22,0.0306534,0.00340291,-0.999524
46.24,0.0241587,0.00371893,-0.999701
46.26,0.0192196,0.00480959,-0.999804
46.28,0.0141656,0.00549112,-0.999885
46.3,0.00638832,0.00698831,-0.999955
46.32,0.000396143,0.00708424,-0.999975
46.34,-0.00412445,0.00743013,-0.999964
46.36,-0.0133611,0.00789487,-0.99988
46.38,-0.0204578,0.00904891,-0.99975
46.4,-0.0265162,0.00926426,-0.999605
46.42,-0.0359071,0.00751483,-0.999327
46.44,-0.0490991,0.00886723,-0.998755
46.46,-0.0594395,0.0100652,-0.998181
46.48,-0.0665453,0.0118559,-0.997713
46.5,-0.0776911,0.0118473,-0.996907
46.52,-0.083488,0.0129751,-0.996424
46.54,-0.0905422,0.0145577,-0.995786
46.56,-0.0959929,0.014812,-0.995272
46.58,-0.0994902,0.0134965,-0.994947
46.6,-0.109241,0.0102346,-0.993963
46.62,-0.110586,0.0116135,-0.993799
46.64,-0.11397,0.0130659,-0.993398
46.66,-0.113287,0.0129772,-0.993478
46.68,-0.116139,0.0126811,-0.993152
46.7,-0.117376,0.0104086,-0.993033
46.72,-0.118647,0.00842185,-0.992901
46.74,-0.12071,0.00720147,-0.992662
46.76,-0.125104,0.00953875,-0.992098
46.78,-0.128596,0.0106233,-0.99164
46.8,-0.136815,0.0117113,-0.990527
46.82,-0.138857,0.0122621,-0.990237
46.84,-0.145365,0.0117406,-0.989308
46.86,-0.146808,0.0117493,-0.989095
46.88,-0.153125,0.0122159,-0.988131
46.9,-0.155612,0.0120077,-0.987745
46.92,-0.157975,0.00815124,-0.987409
46.94,-0.16825,0.010175,-0.985692
46.96,-0.171476,0.0103665,-0.985134
46.98,-0.174636,0.00897346,-0.984592
47,-0.181073,0.00985741,-0.98342
47.02,-0.18199,0.00772113,-0.98327
47.04,-0.185039,0.00971341,-0.982683
47.06,-0.188003,0.00865929,-0.98213
47.08,-0.189847,0.00857868,-0.981776
47.1,-0.191421,0.00862165,-0.98147
47.12,-0.191811,0.00776753,-0.981401
47.14,-0.1942,0.0083028,-0.980927
47.16,-0.192961,0.00628618,-0.981186
47.18,-0.19331,0.00392223,-0.98113
47.2,-0.191329,0.00322707,-0.981521
47.22,-0.188689,0.00299259,-0.982032
47.24,-0.183456,0.00309571,-0.983023
47.26,-0.181904,0.00102252,-0.983316
47.28,-0.174189,-0.00116039,-0.984712
47.3,-0.164262,-0.00261779,-0.986413
47.32,-0.155131,-0.00305087,-0.987889
47.34,-0.145055,-0.00794953,-0.989392
47.36,-0.136915,-0.00892125,-0.990543
47.38,-0.125709,-0.00849751,-0.992031
47.4,-0.11828,-0.00930935,-0.992937
47.42,-0.105691,-0.0115691,-0.994332
47.44,-0.0936823,-0.0153587,-0.995484
47.46,-0.0882085,-0.0171131,-0.995955
47.48,-0.0751341,-0.0150323,-0.99706
47.5,-0.06365,-0.0188307,-0.997795
47.52,-0.0556561,-0.0190915,-0.998267
47.54,-0.0417285,-0.0168393,-0.998987
47.56,-0.036595,-0.0203468,-0.999123
47.58,-0.0309179,-0.0207112,-0.999307
47.6,-0.0258318,-0.0204438,-0.999457
47.62,-0.0233897,-0.0221206,-0.999482
47.64,-0.0188455,-0.0209531,-0.999603
47.66,-0.0180718,-0.01916,-0.999653
47.68,-0.0189401,-0.017962,-0.999659
47.7,-0.01803,-0.0171957,-0.99969
47.72,-0.0164247,-0.0176615,-0.999709
47.74,-0.0170426,-0.0169215,-0.999712
47.76,-0.0186193,-0.016553,-0.99969
47.78,-0.0176126,-0.0153997,-0.999726
47.8,-0.018792,-0.0155885,-0.999702
47.82,-0.0206922,-0.0141053,-0.999686
47.84,-0.0213489,-0.0139422,-0.999675
47.86,-0.0207448,-0.0146331,-0.999678
47.88,-0.0262807,-0.010343,-0.999601
47.9,-0.0261566,-0.0106935,-0.999601
47.92,-0.0238787,-0.0123403,-0.999639
47.94,-0.0248726,-0.0113387,-0.999626
47.96,-0.0245747,-0.0103321,-0.999645
47.98,-0.0247849,-0.00966527,-0.999646
48,-0.0260008,-0.0090601,-0.999621
48.02,-0.0275166,-0.0079293,-0.99959
48.04,-0.0280546,-0.007937,-0.999575
48.06,-0.0321928,-0.00462327,-0.999471
48.08,-0.0302251,-0.0068721,-0.999519
48.1,-0.034597,-0.00325608,-0.999396
48.12,-0.0322816,-0.00635902,-0.999459
48.14,-0.0356341,-0.00647422,-0.999344
48.16,-0.0381329,-0.00549419,-0.999258
48.18,-0.0378041,-0.00605721,-0.999267
48.2,-0.040776,-0.00538148,-0.999154
48.22,-0.0412233,-0.00441781,-0.99914
48.24,-0.0440592,-0.00468826,-0.999018
48.26,-0.0467547,-0.00464197,-0.998896
48.28,-0.0476979,-0.00470174,-0.998851
48.3,-0.0503297,-0.00250889,-0.99873
48.32,-0.0531294,-0.00172054,-0.998586
48.34,-0.0555157,-0.00203676,-0.998456
48.36,-0.0603992,-0.00323722,-0.998169
48.38,-0.0625793,-0.00320597,-0.998035
48.4,-0.0663636,-0.00272203,-0.997792
48.42,-0.0690219,-0.00189694,-0.997613
48.44,-0.0713671,-0.00246052,-0.997447
48.46,-0.0734264,-0.00244452,-0.997298
48.48,-0.0755242,-0.00274949,-0.99714
48.5,-0.0774954,-0.00182117,-0.996991
48.52,-0.0805435,-0.00159604,-0.99675
48.54,-0.0824095,-0.00152583,-0.996597
48.56,-0.0858929,-0.00060699,-0.996304
48.58,-0.0886859,-0.00118724,-0.996059
48.6,-0.089136,-0.00279097,-0.996016
48.62,-0.0903258,-0.00138404,-0.995911
48.64,-0.0927229,-0.00141485,-0.995691
48.66,-0.0945081,-0.000540556,-0.995524
48.68,-0.0944946,-0.00204259,-0.995523
48.7,-0.0943672,-0.00142014,-0.995536
48.72,-0.0940735,-0.000865676,-0.995565
48.74,-0.0947945,-0.000333043,-0.995497
48.76,-0.0936269,-0.000775983,-0.995607
48.78,-0.0935705,-0.0007052,-0.995612
48.8,-0.0941294,-8.33921e-05,-0.99556
48.82,-0.0928807,-0.000559917,-0.995677
48.84,-0.0932734,-0.000322782,-0.99564
48.86,-0.0924266,-0.000914898,-0.995719
48.88,-0.0911358,-0.00119149,-0.995838
48.9,-0.0909723,-0.000303464,-0.995853
48.92,-0.0906087,0.000150415,-0.995887
48.94,-0.0901468,0.000236118,-0.995928
48.96,-0.0898599,0.000221171,-0.995954
48.98,-0.0894192,-9.26483e-05,-0.995994
49,-0.0893903,-9.64973e-05,-0.995997
49.02,-0.0891949,0.000277143,-0.996014
49.04,-0.0895337,-0.000407941,-0.995984
49.06,-0.0896786,-0.000159078,-0.995971
49.08,-0.0903817,-0.000291069,-0.995907
49.1,-0.0899084,-0.000576559,-0.99595
49.12,-0.0901798,-0.000325965,-0.995925
49.14,-0.0904755,-0.000308342,-0.995899
49.16,-0.0908933,-0.000388912,-0.995861
49.18,-0.0908812,-0.000536175,-0.995862
49.2,-0.0904961,-0.000731467,-0.995897
49.22,-0.0911698,-0.000517989,-0.995835
49.24,-0.0922576,-0.000702101,-0.995735
49.26,-0.0919443,-0.000375681,-0.995764
49.28,-0.0916286,-0.000384335,-0.995793
49.3,-0.0926351,-0.000417853,-0.9957
49.32,-0.0929378,-0.000469228,-0.995672
49.34,-0.0919135,-0.00100057,-0.995766
49.36,-0.0934215,-0.000169274,-0.995627
49.38,-0.0934929,-5.73119e-05,-0.99562
49.4,-0.09385,-0.000479671,-0.995586
49.42,-0.0935452,-0.000429866,-0.995615
49.44,-0.0947029,-0.000292982,-0.995506
49.46,-0.0950604,-0.000736773,-0.995471
49.48,-0.0967948,9.19532e-06,-0.995304
49.5,-0.0975262,-3.00721e-05,-0.995233
49.52,-0.0983291,0.000598612,-0.995154
49.54,-0.096796,0.00013351,-0.995304
49.56,-0.0981396,-0.000348243,-0.995173
49.58,-0.0995563,-3.4845e-05,-0.995032
49.6,-0.0973185,0.000247955,-0.995253
49.62,-0.0996797,0.000276483,-0.99502
49.64,-0.0989231,0.000112645,-0.995095
49.66,-0.0986733,-0.00101016,-0.995119
49.68,-0.098678,-0.000404724,-0.995119
49.7,-0.0987544,5.02867e-05,-0.995112
49.72,-0.0983774,-0.000177406,-0.995149
49.74,-0.100098,0.0010799,-0.994977
49.76,-0.0996331,0.000356545,-0.995024
49.78,-0.0994332,0.000270799,-0.995044
49.8,-0.0997361,2.97686e-05,-0.995014
49.82,-0.0980901,-4.67934e-06,-0.995178
49.84,-0.100084,0.000839941,-0.994979
49.86,-0.0985219,-0.000181696,-0.995135
49.88,-0.0987043,-0.000847204,-0.995116
49.9,-0.0990427,-0.0007658,-0.995083
49.92,-0.0996232,7.27682e-05,-0.995025
49.94,-0.100318,-0.000126232,-0.994955
49.96,-0.0993967,-0.00014515,-0.995048
49.98,-0.0996071,-0.000844118,-0.995026
50,-0.100418,-0.000926329,-0.994945
50.02,-0.0997764,-0.000750828,-0.99501
50.04,-0.0999135,-0.00120989,-0.994995
50.06,-0.0995473,-0.0013081,-0.995032
50.08,-0.0995106,-0.0010903,-0.995036
50.1,-0.0994658,-0.00147008,-0.99504
50.12,-0.0996539,-0.00126156,-0.995021
50.14,-0.0991757,-0.00247851,-0.995067
50.16,-0.0995624,-0.00169799,-0.99503
50.18,-0.0996758,-0.00197719,-0.995018
50.2,-0.0997046,-0.00198663,-0.995015
50.22,-0.098778,-0.00187223,-0.995108
50.24,-0.100172,-0.00161513,-0.994969
50.26,-0.100621,-0.00195752,-0.994923
50.28,-0.101138,-0.0014214,-0.994871
50.3,-0.101111,-0.00228276,-0.994873
50.32,-0.101697,-0.00224248,-0.994813
50.34,-0.101953,-0.00293631,-0.994785
50.36,-0.100972,-0.00283205,-0.994885
50.38,-0.101363,-0.00273142,-0.994846
50.4,-0.101208,-0.00377994,-0.994858
50.42,-0.101149,-0.00435489,-0.994862
50.44,-0.101326,-0.00344402,-0.994847
50.46,-0.10182,-0.00386486,-0.994795
50.48,-0.102092,-0.00443797,-0.994765
50.5,-0.101568,-0.00435311,-0.994819
50.52,-0.101109,-0.00397475,-0.994867
50.54,-0.100491,-0.00383459,-0.994931
50.56,-0.100465,-0.00410228,-0.994932
50.58,-0.100386,-0.00415926,-0.99494
50.6,-0.10184,-0.00409699,-0.994792
50.62,-0.101497,-0.00442834,-0.994826
50.64,-0.102308,-0.00457996,-0.994742
50.66,-0.100696,-0.00409349,-0.994909
50.68,-0.102228,-0.00542435,-0.994746
50.7,-0.10232,-0.00468524,-0.994741
50.72,-0.103068,-0.00594459,-0.994657
50.74,-0.103007,-0.00642894,-0.99466
50.76,-0.103074,-0.00750139,-0.994645
50.78,-0.104127,-0.00717757,-0.994538
50.8,-0.103392,-0.00775161,-0.99461
50.82,-0.104355,-0.00830023,-0.994505
50.84,-0.10469,-0.00735366,-0.994478
50.86,-0.105766,-0.0079505,-0.994359
50.88,-0.105632,-0.00911046,-0.994364
50.9,-0.108308,-0.00841095,-0.994082
50.92,-0.10686,-0.00931455,-0.99423
50.94,-0.10878,-0.0087185,-0.994028
50.96,-0.107631,-0.00932107,-0.994147
50.98,-0.108137,-0.00476426,-0.994125
51,-0.108991,-0.0102566,-0.99399
51.02,-0.110037,-0.00960952,-0.993881
51.04,-0.110227,-0.00995262,-0.993857
51.06,-0.11007,-0.0113299,-0.993859
51.08,-0.110259,-0.0107342,-0.993845
51.1,-0.109834,-0.011672,-0.993881
51.12,-0.108883,-0.0114418,-0.993989
51.14,-0.109194,-0.0111869,-0.993958
51.16,-0.109471,-0.0115927,-0.993922
51.18,-0.109503,-0.0126499,-0.993906
51.2,-0.108557,-0.0121178,-0.994016
51.22,-0.10812,-0.01216,-0.994063
51.24,-0.106946,-0.0139793,-0.994167
51.26,-0.108178,-0.0108363,-0.994072
51.28,-0.107237,-0.0117533,-0.994164
51.3,-0.109438,-0.0116256,-0.993926
51.32,-0.109461,-0.0128019,-0.993909
51.34,-0.109109,-0.0107475,-0.993972
51.36,-0.109593,-0.0103184,-0.993923
51.38,-0.11016,-0.0117651,-0.993844
51.4,-0.107715,-0.0129811,-0.994097
51.42,-0.107304,-0.0128745,-0.994143
51.44,-0.105224,-0.00897658,-0.994408
51.46,-0.103127,-0.0122792,-0.994592
51.48,-0.101548,-0.0123135,-0.994754
51.5,-0.0979608,-0.0139353,-0.995093
51.52,-0.0962074,-0.0142661,-0.995259
51.54,-0.0947699,-0.0145442,-0.995393
51.56,-0.0917045,-0.015735,-0.995662
51.58,-0.0903826,-0.0159345,-0.99578
51.6,-0.0894432,-0.0169703,-0.995847
51.62,-0.0885645,-0.0181663,-0.995905
51.64,-0.08731,-0.0184791,-0.99601
51.66,-0.0848911,-0.0183433,-0.996221
51.68,-0.0842306,-0.0191105,-0.996263
51.7,-0.0839473,-0.0208899,-0.996251
51.72,-0.0834522,-0.0217948,-0.996273
51.74,-0.0841787,-0.0218151,-0.996212
51.76,-0.0845495,-0.0226437,-0.996162
51.78,-0.0844304,-0.0224205,-0.996177
51.8,-0.0847979,-0.0227753,-0.996138
51.82,-0.0849072,-0.0228819,-0.996126
51.84,-0.085584,-0.0228456,-0.996069
51.86,-0.0856541,-0.0227779,-0.996065
51.88,-0.0860801,-0.0221637,-0.996042
51.9,-0.0858796,-0.022287,-0.996056
51.92,-0.0848561,-0.0229337,-0.996129
51.94,-0.0847847,-0.0230273,-0.996133
51.96,-0.0839244,-0.0237157,-0.99619
51.98,-0.0831161,-0.0238542,-0.996254
52,-0.0811572,-0.0242594,-0.996406
52.02,-0.0820432,-0.0231885,-0.996359
52.04,-0.0811015,-0.0236606,-0.996425
52.06,-0.0803618,-0.023923,-0.996479
52.08,-0.0796024,-0.0233175,-0.996554
52.1,-0.0795827,-0.0227787,-0.996568
52.12,-0.0786341,-0.0227217,-0.996645
52.14,-0.0807177,-0.0228284,-0.996476
52.16,-0.0793067,-0.0226672,-0.996593
52.18,-0.078442,-0.0219432,-0.996677
52.2,-0.0750321,-0.0196187,-0.996988
52.22,-0.0739662,-0.0183753,-0.997091
52.24,-0.0743703,-0.0180914,-0.997067
52.26,-0.0778453,-0.0186189,-0.996792
52.28,-0.0786824,-0.0173277,-0.996749
52.3,-0.0792267,-0.0165959,-0.996718
52.32,-0.0796063,-0.0166679,-0.996687
52.34,-0.0794607,-0.0160003,-0.99671
52.36,-0.0815263,-0.0189447,-0.996491
52.38,-0.082232,-0.0182072,-0.996447
52.4,-0.0828064,-0.0171345,-0.996418
52.42,-0.082416,-0.0162212,-0.996466
52.44,-0.0831608,-0.0157761,-0.996411
52.46,-0.081888,-0.013798,-0.996546
52.48,-0.0811246,-0.0117548,-0.996635
52.5,-0.0791984,-0.00978894,-0.996811
52.52,-0.075434,-0.00581799,-0.997134
52.54,-0.0739144,-0.00166533,-0.997263
52.56,-0.0774212,-0.00332963,-0.996993
52.58,-0.0771797,-0.00201432,-0.997015
52.6,-0.0743702,0.00166755,-0.997229
52.62,-0.0747783,-0.000845237,-0.9972
52.64,-0.0748608,0.00163887,-0.997193
52.66,-0.0726474,0.000318572,-0.997358
52.68,-0.0710573,0.0029434,-0.997468
52.7,-0.0699538,0.00356056,-0.997544
52.72,-0.0704978,0.00252031,-0.997509
52.74,-0.0691618,0.00584868,-0.997588
52.76,-0.069851,0.00236565,-0.997555
52.78,-0.070446,0.0017979,-0.997514
52.8,-0.0704325,0.00433883,-0.997507
52.82,-0.0723762,0.00269196,-0.997374
52.84,-0.0739935,0.00414846,-0.99725
52.86,-0.0755687,0.00311371,-0.997136
52.88,-0.0772445,0.00354253,-0.997006
52.9,-0.0798879,0.00305302,-0.996799
52.92,-0.0835763,0.0031269,-0.996496
52.94,-0.0861768,0.00362275,-0.996273
52.96,-0.0899778,0.00450134,-0.995934
52.98,-0.0922453,0.00424651,-0.995727
53,-0.0940946,0.00381609,-0.995556
53.02,-0.0961266,0.00524469,-0.995355
53.04,-0.0982701,0.00513323,-0.995147
53.06,-0.10079,0.00481829,-0.994896
53.08,-0.10343,0.00286493,-0.994633
53.1,-0.105142,0.00338909,-0.994451
53.12,-0.105974,0.00353292,-0.994363
53.14,-0.105943,0.00281599,-0.994368
53.16,-0.105277,0.00213553,-0.994441
53.18,-0.104716,0.000712581,-0.994502
53.2,-0.106331,0.00293389,-0.994326
53.22,-0.105055,0.00248905,-0.994463
53.24,-0.101753,0.0012795,-0.994809
53.26,-0.100356,0.000648695,-0.994951
53.28,-0.0997777,0.00108283,-0.995009
53.3,-0.0988435,0.000407422,-0.995103
53.32,-0.0969815,-0.000335306,-0.995286
53.34,-0.0973133,-0.000237063,-0.995254
53.36,-0.0968321,-0.000839379,-0.9953
53.38,-0.0964655,-0.000884515,-0.995336
53.4,-0.0963497,-0.00125483,-0.995347
53.42,-0.0963831,-0.00190132,-0.995342
53.44,-0.0957965,-0.0019397,-0.995399
53.46,-0.095421,-0.00145562,-0.995436
53.48,-0.095911,-0.00126759,-0.995389
53.5,-0.0963248,-0.00103985,-0.995349
53.52,-0.0957253,-0.00117222,-0.995407
53.54,-0.0948666,6.07765e-05,-0.99549
53.56,-0.0950575,-0.000487484,-0.995472
53.58,-0.0932069,0.000863575,-0.995646
53.6,-0.094972,0.00385179,-0.995472
53.62,-0.093333,0.00401313,-0.995627
53.64,-0.0932981,0.00525398,-0.995624
53.66,-0.0929858,0.00561749,-0.995652
53.68,-0.0902587,0.00319008,-0.995913
53.7,-0.089621,0.00443024,-0.995966
53.72,-0.0881508,0.0037062,-0.9961
53.74,-0.0882088,0.00272698,-0.996098
53.76,-0.0875893,0.00276671,-0.996153
53.78,-0.0872759,0.00181145,-0.996183
53.8,-0.0873243,0.00130917,-0.996179
53.82,-0.0871973,0.000887582,-0.996191
53.84,-0.0885564,0.00132951,-0.99607
53.86,-0.0904991,0.00200989,-0.995895
53.88,-0.0916245,0.00223717,-0.995791
53.9,-0.0938428,0.00353533,-0.995581
53.92,-0.0957677,0.004238,-0.995395
53.94,-0.0980276,0.00549922,-0.995169
53.96,-0.100091,0.00507727,-0.994965
53.98,-0.100893,0.00664914,-0.994875
54,-0.103124,0.00739497,-0.994641
54.02,-0.105014,0.00633103,-0.994451
54.04,-0.105693,0.00598789,-0.994381
54.06,-0.105299,0.00448964,-0.99443
54.08,-0.104707,0.00487737,-0.994491
54.1,-0.101755,0.00124114,-0.994809
54.12,-0.0998775,0.00160012,-0.994998
54.14,-0.0982447,0.00119355,-0.995162
54.16,-0.0970084,0.000920849,-0.995283
54.18,-0.0932337,5.41796e-05,-0.995644
54.2,-0.0902377,-0.000397029,-0.99592
54.22,-0.0884978,-0.000595734,-0.996076
54.24,-0.0884153,0.00125673,-0.996083
54.26,-0.0860721,0.00123937,-0.996288
54.28,-0.0851578,0.000931172,-0.996367
54.3,-0.0836708,-0.000322679,-0.996493
54.32,-0.0835886,-0.0008305,-0.9965
54.34,-0.0841109,-0.000279585,-0.996456
54.36,-0.0847535,0.000430077,-0.996402
54.38,-0.0854642,0.000268548,-0.996341
54.4,-0.0868929,0.000430488,-0.996218
54.42,-0.0856634,-0.00196395,-0.996322
54.44,-0.0867402,-0.00383199,-0.996224
54.46,-0.0837961,-0.0073132,-0.996456
54.48,-0.0813531,-0.0103585,-0.996632
54.5,-0.0857443,-0.0069498,-0.996293
54.52,-0.0860922,-0.00482165,-0.996276
54.54,-0.0907081,-0.00016575,-0.995878
54.56,-0.0922363,-0.00710888,-0.995712
54.58,-0.0927789,-0.00725091,-0.99566
54.6,-0.0947719,-0.00771083,-0.995469
54.62,-0.0994982,-0.0100019,-0.994987
54.64,-0.0994907,-0.00966001,-0.994992
54.66,-0.101553,-0.0081885,-0.994796
54.68,-0.103098,-0.00789167,-0.99464
54.7,-0.106558,-0.00804543,-0.994274
54.72,-0.109598,-0.00825687,-0.993942
54.74,-0.111131,-0.00864776,-0.993768
54.76,-0.1135,-0.0078082,-0.993507
54.78,-0.113076,-0.00755666,-0.993558
54.8,-0.113083,-0.0072436,-0.993559
54.82,-0.114281,-0.00833891,-0.993413
54.84,-0.113851,-0.00832913,-0.993463
54.86,-0.113607,-0.00839289,-0.99349
54.88,-0.113175,-0.00782147,-0.993544
54.9,-0.112386,-0.0074626,-0.993637
54.92,-0.11056,-0.0067253,-0.993847
54.94,-0.110106,-0.00715765,-0.993894
54.96,-0.108532,-0.00626256,-0.994073
54.98,-0.10835,-0.00686526,-0.994089
55,-0.10704,-0.00610273,-0.994236
55.02,-0.106819,-0.00619275,-0.994259
55.04,-0.10661,-0.00680906,-0.994278
55.06,-0.106968,-0.00616077,-0.994243
55.08,-0.107277,-0.00604126,-0.994211
55.1,-0.108621,-0.00725303,-0.994057
55.12,-0.108741,-0.00784444,-0.994039
55.14,-0.108359,-0.00845192,-0.994076
55.16,-0.108069,-0.00815397,-0.99411
55.18,-0.106879,-0.00686873,-0.994248
55.2,-0.10674,-0.00722383,-0.994261
55.22,-0.106258,-0.00641208,-0.994318
55.24,-0.107669,-0.00747496,-0.994159
55.26,-0.108602,-0.00912899,-0.994043
55.28,-0.109499,-0.00910308,-0.993945
55.3,-0.110249,-0.00808136,-0.993871
55.32,-0.111693,-0.00905344,-0.993701
55.34,-0.113762,-0.00887247,-0.993468
55.36,-0.116019,-0.0106352,-0.99319
55.38,-0.117883,-0.0100877,-0.992976
55.4,-0.118864,-0.0105825,-0.992854
55.42,-0.119504,-0.0109572,-0.992773
55.44,-0.119315,-0.0110892,-0.992795
55.46,-0.118245,-0.0114629,-0.992918
55.48,-0.118065,-0.0118034,-0.992936
55.5,-0.116861,-0.0122433,-0.993073
55.52,-0.115987,-0.012114,-0.993177
55.54,-0.114962,-0.0116045,-0.993302
55.56,-0.113501,-0.0121687,-0.993463
55.58,-0.112737,-0.0122128,-0.99355
55.6,-0.112394,-0.0121529,-0.993589
55.62,-0.111901,-0.0130706,-0.993633
55.64,-0.111172,-0.0133176,-0.993712
55.66,-0.111362,-0.0137068,-0.993685
55.68,-0.110163,-0.0132596,-0.993825
55.7,-0.109235,-0.0133513,-0.993926
55.72,-0.108785,-0.0130716,-0.993979
55.74,-0.109567,-0.0137981,-0.993884
55.76,-0.107422,-0.0141692,-0.994113
55.78,-0.10619,-0.0147338,-0.994237
55.8,-0.106241,-0.0148964,-0.994229
55.82,-0.102968,-0.0147717,-0.994575
55.84,-0.103637,-0.0150856,-0.994501
55.86,-0.10402,-0.0156559,-0.994452
55.88,-0.101005,-0.0164577,-0.99475
55.9,-0.102679,-0.01572,-0.99459
55.92,-0.100077,-0.0154817,-0.994859
55.94,-0.100846,-0.0152719,-0.994785
55.96,-0.0966232,-0.010758,-0.995263
55.98,-0.0970698,-0.0100209,-0.995227
56,-0.0969748,-0.0101037,-0.995236
56.02,-0.0965903,-0.0112379,-0.995261
56.04,-0.0963732,-0.0113186,-0.995281
56.06,-0.0960999,-0.0114626,-0.995306
56.08,-0.0962699,-0.0119478,-0.995284
56.1,-0.0958414,-0.0115162,-0.99533
56.12,-0.0959311,-0.0114466,-0.995322
56.14,-0.0961225,-0.0125564,-0.99529
56.16,-0.0960021,-0.0129072,-0.995297
56.18,-0.095978,-0.0130847,-0.995297
56.2,-0.0975098,-0.0120612,-0.995161
56.22,-0.0974654,-0.0125062,-0.99516
56.24,-0.0976556,-0.0122318,-0.995145
56.26,-0.0978222,-0.0130705,-0.995118
56.28,-0.0971451,-0.0108057,-0.995212
56.3,-0.097149,-0.0103155,-0.995216
56.32,-0.0983551,-0.0113014,-0.995087
56.34,-0.0967872,-0.0112779,-0.995241
56.36,-0.0961929,-0.0114005,-0.995297
56.38,-0.0990142,-0.0103768,-0.995032
56.4,-0.0992388,-0.0100901,-0.995012
56.42,-0.09964,-0.0109312,-0.994964
56.44,-0.0978066,-0.0138606,-0.995109
56.46,-0.0997532,-0.0109714,-0.994952
56.48,-0.100204,-0.0115707,-0.9949
56.5,-0.0993926,-0.0116986,-0.99498
56.52,-0.100091,-0.0117774,-0.994909
56.54,-0.100527,-0.0108959,-0.994875
56.56,-0.100817,-0.0112838,-0.994841
56.58,-0.102034,-0.0119133,-0.99471
56.6,-0.1015,-0.0116115,-0.994768
56.62,-0.100964,-0.012104,-0.994816
56.64,-0.100683,-0.0124162,-0.994841
56.66,-0.100144,-0.0123349,-0.994896
56.68,-0.101977,-0.0119402,-0.994715
56.7,-0.0988463,-0.0128029,-0.99502
56.72,-0.101295,-0.0121613,-0.994782
56.74,-0.101075,-0.0140718,-0.994779
56.76,-0.100876,-0.0115905,-0.994831
56.78,-0.100627,-0.0117381,-0.994855
56.8,-0.100762,-0.0116094,-0.994843
56.82,-0.1009,-0.0125576,-0.994817
56.84,-0.100437,-0.011535,-0.994877
56.86,-0.100724,-0.0110136,-0.994853
56.88,-0.101486,-0.0116299,-0.994769
56.9,-0.100701,-0.0127396,-0.994835
56.92,-0.100789,-0.0130389,-0.994822
56.94,-0.101023,-0.0136105,-0.994791
56.96,-0.1012,-0.0150126,-0.994753
56.98,-0.101204,-0.0143324,-0.994762
57,-0.101705,-0.0151205,-0.9947
57.02,-0.10111,-0.0139388,-0.994778
57.04,-0.100925,-0.0139008,-0.994797
57.06,-0.100599,-0.013712,-0.994833
57.08,-0.100152,-0.0138116,-0.994876
57.1,-0.10023,-0.0145447,-0.994858
57.12,-0.0995997,-0.0147812,-0.994918
57.14,-0.0994639,-0.0145739,-0.994934
57.16,-0.0990729,-0.0141743,-0.994979
57.18,-0.0993791,-0.014798,-0.99494
57.2,-0.100367,-0.0151738,-0.994835
57.22,-0.10048,-0.0147343,-0.99483
57.24,-0.100768,-0.0150165,-0.994797
57.26,-0.100783,-0.0146501,-0.994801
57.28,-0.100907,-0.0137311,-0.994801
57.3,-0.100933,-0.0149306,-0.994781
57.32,-0.10094,-0.0163867,-0.994758
57.34,-0.100856,-0.0173382,-0.99475
57.36,-0.100837,-0.0159784,-0.994775
57.38,-0.100276,-0.0149588,-0.994847
57.4,-0.100894,-0.0164939,-0.99476
57.42,-0.0987338,-0.0148106,-0.995004
57.44,-0.0989081,-0.0144539,-0.994992
57.46,-0.0969764,-0.0144516,-0.995182
57.48,-0.0948844,-0.0142198,-0.995387
57.5,-0.0937022,-0.0142574,-0.995498
57.52,-0.0930238,-0.016217,-0.995532
57.54,-0.0914112,-0.016426,-0.995678
57.56,-0.0876524,-0.0152788,-0.996034
57.58,-0.0865005,-0.0155489,-0.99613
57.6,-0.0855411,-0.014323,-0.996232
57.62,-0.0840141,-0.0146135,-0.996357
57.64,-0.0811985,-0.0134401,-0.996607
57.66,-0.0787917,-0.0133459,-0.996802
57.68,-0.0780988,-0.0134576,-0.996855
57.7,-0.0769824,-0.0128663,-0.996949
57.72,-0.0757961,-0.0120119,-0.997051
57.74,-0.0749474,-0.0120104,-0.997115
57.76,-0.0739299,-0.0116498,-0.997195
57.78,-0.0734959,-0.0115544,-0.997229
57.8,-0.0741229,-0.010641,-0.997192
57.82,-0.0738188,-0.0108209,-0.997213
57.84,-0.0728668,-0.0113455,-0.997277
57.86,-0.074229,-0.0102673,-0.997188
57.88,-0.0749081,-0.0104933,-0.997135
57.9,-0.0758091,-0.0100683,-0.997072
57.92,-0.0772198,-0.0111352,-0.996952
57.94,-0.0787884,-0.0116113,-0.996824
57.96,-0.0807509,-0.0112829,-0.99667
57.98,-0.0806945,-0.0110567,-0.996678
58,-0.0817234,-0.0118276,-0.996585
58.02,-0.0827064,-0.0113738,-0.996509
58.04,-0.0826617,-0.0112113,-0.996515
58.06,-0.0825397,-0.0116909,-0.996519
58.08,-0.0831868,-0.0113264,-0.99647
58.1,-0.0833171,-0.0107484,-0.996465
58.12,-0.0832021,-0.0105071,-0.996477
58.14,-0.0839773,-0.0110283,-0.996407
58.16,-0.0842936,-0.0101499,-0.996389
58.18,-0.0847711,-0.0105383,-0.996345
58.2,-0.0851747,-0.0109241,-0.996306
58.22,-0.0861701,-0.0107218,-0.996223
58.24,-0.0861027,-0.010761,-0.996228
58.26,-0.0873835,-0.00985316,-0.996126
58.28,-0.0878216,-0.00974241,-0.996089
58.3,-0.0881507,-0.0101016,-0.996056
58.32,-0.0889206,-0.00983371,-0.99599
58.34,-0.0884528,-0.00989794,-0.996031
58.36,-0.0879693,-0.00963137,-0.996077
58.38,-0.0876286,-0.00982259,-0.996105
58.4,-0.0869244,-0.0102529,-0.996162
58.42,-0.0869542,-0.00914058,-0.99617
58.44,-0.086905,-0.00890832,-0.996177
58.46,-0.0868096,-0.00844181,-0.996189
58.48,-0.0859731,-0.00917248,-0.996255
58.5,-0.0855708,-0.00869805,-0.996294
58.52,-0.0835998,-0.00816533,-0.996466
58.54,-0.0844617,-0.0083327,-0.996392
58.56,-0.0827038,-0.00719566,-0.996548
58.58,-0.0810365,-0.0078814,-0.99668
58.6,-0.0797443,-0.00793956,-0.996784
58.62,-0.0765937,-0.00734667,-0.997035
58.64,-0.0758819,-0.00738555,-0.997089
58.66,-0.0760338,-0.00635318,-0.997085
58.68,-0.0758923,-0.00657641,-0.997094
58.7,-0.0742146,-0.00723719,-0.997216
58.72,-0.0734892,-0.00750042,-0.997268
58.74,-0.0725183,-0.00788107,-0.997336
58.76,-0.0712041,-0.00896853,-0.997421
58.78,-0.0693846,-0.0106965,-0.997533
58.8,-0.0679356,-0.0118441,-0.997619
58.82,-0.0682045,-0.0121326,-0.997598
58.84,-0.066156,-0.0130637,-0.997724
58.86,-0.0634908,-0.0129544,-0.997898
58.88,-0.0625874,-0.0126956,-0.997959
58.9,-0.0617288,-0.0135505,-0.998001
58.92,-0.0583933,-0.0119557,-0.998222
58.94,-0.0572417,-0.0124271,-0.998283
58.96,-0.0556416,-0.01198,-0.998379
58.98,-0.0560219,-0.0120675,-0.998357
59,-0.0567732,-0.0115613,-0.99832
59.02,-0.0566792,-0.0119041,-0.998321
59.04,-0.0559982,-0.0119287,-0.99836
59.06,-0.0545196,-0.0106973,-0.998455
59.08,-0.0508586,-0.00930775,-0.998662
59.1,-0.0453777,-0.00817089,-0.998936
59.12,-0.0399777,-0.00419086,-0.999192
59.14,-0.0369508,-0.0037254,-0.99931
59.16,-0.0340722,-0.00187046,-0.999418
59.18,-0.0331702,-0.00126205,-0.999449
59.2,-0.0333463,-0.00154278,-0.999443
59.22,-0.0335314,-0.000897405,-0.999437
59.24,-0.03411,0.000231976,-0.999418
59.26,-0.034068,0.000331334,-0.999419
59.28,-0.03452,0.00269886,-0.9994
59.3,-0.0375134,0.00226387,-0.999294
59.32,-0.0417432,0.00326354,-0.999123
59.34,-0.044124,0.00425813,-0.999017
59.36,-0.0481001,0.00412166,-0.998834
59.38,-0.0540269,0.00310199,-0.998535
59.4,-0.0576152,0.00234377,-0.998336
59.42,-0.0680211,0.00266739,-0.99768
59.44,-0.0719184,0.00292722,-0.997406
59.46,-0.0797581,0.00378245,-0.996807
59.48,-0.0853772,0.00499345,-0.996336
59.5,-0.0869033,0.00460492,-0.996206
59.52,-0.0924231,0.00395916,-0.995712
59.54,-0.0940521,0.00341708,-0.995561
59.56,-0.0956699,0.00399603,-0.995405
59.58,-0.0974008,0.00478296,-0.995234
59.6,-0.0983155,0.00595577,-0.995137
59.62,-0.0987081,0.00597203,-0.995099
59.64,-0.099208,0.0069214,-0.995043
59.66,-0.099176,0.0073544,-0.995043
59.68,-0.0994772,0.00768997,-0.99501
59.7,-0.100428,0.00830422,-0.99491
59.72,-0.0990534,0.00779999,-0.995052
59.74,-0.0994431,0.00824348,-0.995009
59.76,-0.0991372,0.00798881,-0.995042
59.78,-0.0980458,0.00873446,-0.995144
59.8,-0.0970847,0.0108341,-0.995217
59.82,-0.0965868,0.0104045,-0.99527
59.84,-0.0973509,0.0105555,-0.995194
59.86,-0.0977794,0.0103422,-0.995154
59.88,-0.0982112,0.0100435,-0.995115
59.9,-0.0989066,0.00991701,-0.995047
59.92,-0.098697,0.00990921,-0.995068
59.94,-0.0985721,0.0098354,-0.995081
59.96,-0.0993645,0.0102166,-0.994999
59.98,-0.0997502,0.0105812,-0.994956
60,-0.0998553,0.0103221,-0.994948
60.02,-0.101383,0.0113077,-0.994783
60.04,-0.10211,0.0110625,-0.994712
60.06,-0.102003,0.0105127,-0.994729
60.08,-0.101884,0.0105346,-0.99474
60.1,-0.102813,0.0109862,-0.99464
60.12,-0.104577,0.00996949,-0.994467
60.14,-0.105373,0.00845568,-0.994397
60.16,-0.106399,0.00899507,-0.994283
60.18,-0.106389,0.00896138,-0.994284
60.2,-0.106808,0.00894743,-0.994239
60.22,-0.106414,0.00956533,-0.994276
60.24,-0.106381,0.00967124,-0.994278
60.26,-0.10763,0.00985578,-0.994142
60.28,-0.107663,0.0103698,-0.994133
60.3,-0.1065,0.00939235,-0.994268
60.32,-0.106751,0.00901517,-0.994245
60.34,-0.109998,0.0113943,-0.993866
60.36,-0.108957,0.0110696,-0.993985
60.38,-0.112722,0.0140817,-0.993527
60.4,-0.1127,0.0124035,-0.993552
60.42,-0.11513,0.0138419,-0.993254
60.44,-0.116863,0.0132009,-0.99306
60.46,-0.120653,0.0137943,-0.992599
60.48,-0.122238,0.0134403,-0.99241
60.5,-0.123709,0.0132552,-0.99223
60.52,-0.125076,0.0156242,-0.992024
60.54,-0.12619,0.0148432,-0.991895
60.56,-0.129403,0.0144875,-0.991486
60.58,-0.129539,0.0143461,-0.991471
60.6,-0.13219,0.0137098,-0.99113
60.62,-0.133927,0.0125508,-0.990912
60.64,-0.138727,0.00832981,-0.990296
60.66,-0.139118,0.00838783,-0.99024
60.68,-0.135904,0.011453,-0.990656
60.7,-0.137945,0.00604321,-0.990422
60.72,-0.13829,0.0095919,-0.990345
60.74,-0.136456,0.00964318,-0.990599
60.76,-0.132477,0.00829992,-0.991151
60.78,-0.129822,0.00783438,-0.991506
60.8,-0.128045,0.00716474,-0.991742
60.82,-0.1226,0.00392456,-0.992448
60.84,-0.123121,0.00288149,-0.992387
60.86,-0.121237,0.00129633,-0.992623
60.88,-0.12137,0.00186605,-0.992606
60.9,-0.118842,-4.88722e-05,-0.992913
60.92,-0.116161,-0.00047684,-0.99323
60.94,-0.115713,-0.00138461,-0.993282
60.96,-0.113889,-0.00170434,-0.993492
60.98,-0.11358,-0.00183714,-0.993527
61,-0.110879,-0.00282054,-0.99383
61.02,-0.110106,-0.00309037,-0.993915
61.04,-0.109385,-0.00386929,-0.993992
61.06,-0.107934,-0.00452015,-0.994148
61.08,-0.107975,-0.00510087,-0.994141
61.1,-0.109652,-0.00324275,-0.993965
61.12,-0.106467,-0.0051305,-0.994303
61.14,-0.104466,-0.00480231,-0.994517
61.16,-0.100643,-0.00654751,-0.994901
61.18,-0.10013,-0.00784465,-0.994943
61.2,-0.100216,-0.00666415,-0.994943
61.22,-0.0983102,-0.00835499,-0.995121
61.24,-0.0979208,-0.00676725,-0.995171
61.26,-0.0969703,-0.00841278,-0.995252
61.28,-0.0981232,-0.00688074,-0.99515
61.3,-0.0981697,-0.00829561,-0.995135
61.32,-0.0972842,-0.00980329,-0.995208
61.34,-0.098892,-0.00911246,-0.995056
61.36,-0.099205,-0.00884433,-0.995028
61.38,-0.0986684,-0.00901803,-0.99508
61.4,-0.0976995,-0.0104064,-0.995162
61.42,-0.0974953,-0.0103007,-0.995183
61.44,-0.0978654,-0.00981116,-0.995151
61.46,-0.0960816,-0.0100675,-0.995323
61.48,-0.0954096,-0.0101768,-0.995386
61.5,-0.0961385,-0.00887054,-0.995328
61.52,-0.0977128,-0.0090271,-0.995174
61.54,-0.0964017,-0.0103481,-0.995289
61.56,-0.0953107,-0.0108395,-0.995389
61.58,-0.0953424,-0.01109,-0.995383
61.6,-0.0948116,-0.011261,-0.995432
61.62,-0.0951963,-0.0115401,-0.995392
61.64,-0.0953418,-0.0117817,-0.995375
61.66,-0.0956556,-0.0104551,-0.99536
61.68,-0.095711,-0.0107798,-0.995351
61.7,-0.0960895,-0.011207,-0.99531
61.72,-0.0952723,-0.0125716,-0.995372
61.74,-0.0957997,-0.0111806,-0.995338
61.76,-0.0954788,-0.0110209,-0.99537
61.78,-0.0966946,-0.0106693,-0.995257
61.8,-0.0965704,-0.0107024,-0.995269
61.82,-0.0977376,-0.010652,-0.995155
61.84,-0.0984774,-0.0116107,-0.995072
61.86,-0.0986203,-0.0123848,-0.995048
61.88,-0.0990355,-0.0117286,-0.995015
61.9,-0.0990048,-0.0130161,-0.995002
61.92,-0.0996916,-0.0124674,-0.99494
61.94,-0.10043,-0.0114315,-0.994878
61.96,-0.100113,-0.0119918,-0.994904
61.98,-0.0985859,-0.0123964,-0.995051
62,-0.0999629,-0.0119726,-0.994919
62.02,-0.100273,-0.0127533,-0.994878
62.04,-0.100244,-0.0130004,-0.994878
62.06,-0.101103,-0.0127798,-0.994794
62.08,-0.101428,-0.0119509,-0.994771
62.1,-0.101304,-0.0128347,-0.994773
62.12,-0.101369,-0.0133748,-0.994759
62.14,-0.101523,-0.0123729,-0.994756
62.16,-0.101632,-0.0126734,-0.994741
62.18,-0.101623,-0.0128769,-0.99474
62.2,-0.101431,-0.0123758,-0.994766
62.22,-0.10328,-0.0114418,-0.994587
62.24,-0.101341,-0.0127137,-0.994771
62.26,-0.101155,-0.0136487,-0.994777
62.28,-0.101272,-0.0138464,-0.994762
62.3,-0.101638,-0.0134958,-0.99473
62.32,-0.101599,-0.012633,-0.994745
62.34,-0.101591,-0.0130561,-0.994741
62.36,-0.102245,-0.0133224,-0.99467
62.38,-0.101897,-0.0138004,-0.994699
62.4,-0.101725,-0.0127006,-0.994731
62.42,-0.10174,-0.0129255,-0.994727
62.44,-0.101752,-0.0135328,-0.994718
62.46,-0.102517,-0.0129751,-0.994647
62.48,-0.102627,-0.0124126,-0.994642
62.5,-0.101891,-0.0124205,-0.994718
62.52,-0.101802,-0.0124039,-0.994727
62.54,-0.101833,-0.0130765,-0.994716
62.56,-0.101168,-0.0127501,-0.994788
62.58,-0.101156,-0.0125975,-0.994791
62.6,-0.101327,-0.0127645,-0.994771
62.62,-0.101857,-0.0124863,-0.994721
62.64,-0.101598,-0.0131944,-0.994738
62.66,-0.1017,-0.0138263,-0.994719
62.68,-0.101838,-0.014202,-0.9947
62.7,-0.101963,-0.0144378,-0.994683
62.72,-0.10167,-0.0134083,-0.994728
62.74,-0.102797,-0.0129207,-0.994618
62.76,-0.101672,-0.0126421,-0.994738
62.78,-0.102639,-0.0129016,-0.994635
62.8,-0.10125,-0.0129609,-0.994777
62.82,-0.100782,-0.0131252,-0.994822
62.84,-0.100119,-0.0130544,-0.99489
62.86,-0.10105,-0.0127001,-0.9948
62.88,-0.101367,-0.0136645,-0.994755
62.9,-0.10112,-0.0128876,-0.994791
62.92,-0.101101,-0.01347,-0.994785
62.94,-0.101821,-0.0144892,-0.994697
62.96,-0.103024,-0.0144856,-0.994573
62.98,-0.103031,-0.0140908,-0.994578
63,-0.102198,-0.013225,-0.994676
63.02,-0.101292,-0.0139855,-0.994758
63.04,-0.102247,-0.0147891,-0.994649
63.06,-0.10219,-0.0153441,-0.994647
63.08,-0.100847,-0.01383,-0.994806
63.1,-0.100567,-0.013973,-0.994832
63.12,-0.101464,-0.0153546,-0.994721
63.14,-0.101223,-0.0140317,-0.994765
63.16,-0.10126,-0.0144342,-0.994755
63.18,-0.100767,-0.0145676,-0.994803
63.2,-0.101487,-0.0144841,-0.994731
63.22,-0.101451,-0.01495,-0.994728
63.24,-0.0999473,-0.0145755,-0.994886
63.26,-0.100826,-0.0147239,-0.994795
63.28,-0.0999596,-0.0146392,-0.994884
63.3,-0.099656,-0.0149076,-0.99491
63.32,-0.0987382,-0.0140564,-0.995014
63.34,-0.0983832,-0.0145587,-0.995042
63.36,-0.0984642,-0.016132,-0.99501
63.38,-0.0981919,-0.0163237,-0.995034
63.4,-0.0977843,-0.0160416,-0.995078
63.42,-0.0977469,-0.0160981,-0.995081
63.44,-0.0964744,-0.0155849,-0.995213
63.46,-0.0950898,-0.0148445,-0.995358
63.48,-0.0940194,-0.0149041,-0.995459
63.5,-0.0939022,-0.0150354,-0.995468
63.52,-0.093566,-0.0150347,-0.9955
63.54,-0.0926723,-0.0142288,-0.995595
63.56,-0.0932087,-0.0150496,-0.995533
63.58,-0.0928021,-0.0152648,-0.995568
63.6,-0.093048,-0.0151646,-0.995546
63.62,-0.0926194,-0.0153524,-0.995583
63.64,-0.0927563,-0.0160255,-0.99556
63.66,-0.0921393,-0.0158658,-0.99562
63.68,-0.0924415,-0.0157553,-0.995593
63.7,-0.092413,-0.0158033,-0.995595
63.72,-0.0928245,-0.0167027,-0.995542
63.74,-0.0925413,-0.0160078,-0.99558
63.76,-0.0931495,-0.0168402,-0.99551
63.78,-0.0929506,-0.0169158,-0.995527
63.8,-0.093102,-0.0166998,-0.995517
63.82,-0.0931638,-0.0168665,-0.995508
63.84,-0.0931747,-0.0163135,-0.995516
63.86,-0.0924079,-0.0163768,-0.995587
63.88,-0.0923842,-0.0164705,-0.995587
63.9,-0.0931545,-0.0165783,-0.995514
63.92,-0.0927963,-0.0164405,-0.995549
63.94,-0.093138,-0.0161302,-0.995523
63.96,-0.0931107,-0.0166825,-0.995516
63.98,-0.0934548,-0.0162127,-0.995492
64,-0.0932749,-0.0158238,-0.995515
64.02,-0.0929788,-0.0160981,-0.995538
64.04,-0.0934718,-0.0161833,-0.99549
64.06,-0.0940563,-0.0162994,-0.995433
64.08,-0.0931202,-0.0162499,-0.995522
64.1,-0.0931202,-0.0162499,-0.995522
64.12,-0.0931202,-0.0162499,-0.995522
64.14,-0.0937753,-0.0161142,-0.995463
64.16,-0.0944538,-0.0164239,-0.995394
64.18,-0.0941914,-0.0157962,-0.995429
64.2,-0.0949528,-0.0159115,-0.995355
64.22,-0.0963501,-0.0179038,-0.995186
64.24,-0.0960041,-0.0167444,-0.99524
64.26,-0.0963036,-0.0164145,-0.995217
64.28,-0.0970011,-0.0168688,-0.995141
64.3,-0.096725,-0.0167593,-0.99517
64.32,-0.0973841,-0.0170003,-0.995102
64.34,-0.0971912,-0.0160202,-0.995137
64.36,-0.0969478,-0.017426,-0.995137
64.38,-0.0968358,-0.0164717,-0.995164
64.4,-0.0970778,-0.0169781,-0.995132
64.42,-0.0976402,-0.0174309,-0.995069
64.44,-0.0965553,-0.0165774,-0.99519
64.46,-0.0953934,-0.0167981,-0.995298
64.48,-0.0981793,-0.0184023,-0.994999
64.5,-0.0971784,-0.0178465,-0.995107
64.52,-0.0972397,-0.0161439,-0.99513
64.54,-0.0975254,-0.0163783,-0.995098
64.56,-0.098818,-0.0187867,-0.994928
64.58,-0.098143,-0.0179489,-0.99501
64.6,-0.0978562,-0.0182251,-0.995034
64.62,-0.097252,-0.0176558,-0.995103
64.64,-0.0966963,-0.0162261,-0.995182
64.66,-0.0971151,-0.0162794,-0.99514
64.68,-0.0970289,-0.0168823,-0.995138
64.7,-0.098218,-0.0172641,-0.995015
64.72,-0.0976314,-0.017553,-0.995068
64.74,-0.0974855,-0.0169188,-0.995093
64.76,-0.0977015,-0.017957,-0.995054
64.78,-0.0986542,-0.0182417,-0.994955
64.8,-0.100237,-0.0185908,-0.99479
64.82,-0.098255,-0.0179604,-0.994999
64.84,-0.0991041,-0.0185722,-0.994904
64.86,-0.0987298,-0.0188934,-0.994935
64.88,-0.0984327,-0.0188995,-0.994964
64.9,-0.0997945,-0.0189774,-0.994827
64.92,-0.100088,-0.0186069,-0.994805
64.94,-0.10104,-0.0183891,-0.994712
64.96,-0.0999658,-0.0182144,-0.994824
64.98,-0.100449,-0.0187484,-0.994766
65,-0.0997377,-0.018889,-0.994834
65.02,-0.101232,-0.0189619,-0.994682
65.04,-0.100669,-0.0183065,-0.994751
65.06,-0.10224,-0.0197472,-0.994564
65.08,-0.103767,-0.0199449,-0.994402
65.1,-0.103064,-0.0196399,-0.994481
65.12,-0.104767,-0.0203008,-0.99429
65.14,-0.103912,-0.0192821,-0.9944
65.16,-0.104477,-0.020919,-0.994307
65.18,-0.103417,-0.0214963,-0.994406
65.2,-0.1024,-0.0231809,-0.994473
65.22,-0.101614,-0.0241159,-0.994532
65.24,-0.100898,-0.0227279,-0.994637
65.26,-0.100358,-0.0213256,-0.994723
65.28,-0.101085,-0.0240937,-0.994586
65.3,-0.100656,-0.0242338,-0.994626
65.32,-0.0990474,-0.0244435,-0.994782
65.34,-0.098279,-0.0243937,-0.99486
65.36,-0.0963149,-0.02345,-0.995075
65.38,-0.0962813,-0.0249929,-0.99504
65.4,-0.0939897,-0.0264366,-0.995222
65.42,-0.099058,-0.0304967,-0.994614
65.44,-0.101174,-0.0353763,-0.99424
65.46,-0.0968387,-0.0438068,-0.994336
65.48,-0.09039,-0.0495554,-0.994673
65.5,-0.0822355,-0.05262,-0.995223
65.52,-0.0643087,-0.0559442,-0.996361
65.54,-0.0497707,-0.0599229,-0.996961
65.56,-0.0213592,-0.0620491,-0.997845
65.58,-0.0072436,-0.0609968,-0.998112
65.6,0.00578937,-0.0603097,-0.998163
65.62,0.0106943,-0.0569496,-0.99832
65.64,0.00386586,-0.0538902,-0.998539
65.66,-0.00101321,-0.0400656,-0.999197
65.68,-0.0122376,-0.0386407,-0.999178
65.7,-0.0229445,-0.0308032,-0.999262
65.72,-0.0498697,-0.0216212,-0.998522
65.74,-0.0697879,-0.0168665,-0.997419
65.76,-0.0948897,-0.0136921,-0.995394
65.78,-0.108893,-0.0126999,-0.993972
65.8,-0.117499,-0.0143942,-0.992969
65.82,-0.131623,-0.0166481,-0.99116
65.84,-0.136227,-0.0190464,-0.990495
65.86,-0.145662,-0.0224899,-0.989079
65.88,-0.151884,-0.0234375,-0.98812
65.9,-0.156321,-0.0219505,-0.987462
65.92,-0.162311,-0.0173718,-0.986587
65.94,-0.164154,-0.0148394,-0.986323
65.96,-0.168644,-0.00670484,-0.985654
65.98,-0.170178,-0.000430071,-0.985413
66,-0.170401,0.00466693,-0.985364
66.02,-0.159334,0.00844921,-0.987189
66.04,-0.142717,0.00440922,-0.989754
66.06,-0.114335,0.00850984,-0.993406
66.08,-0.10041,0.0113187,-0.994882
66.1,-0.0882776,0.0160259,-0.995967
66.12,-0.0680149,0.0223405,-0.997434
66.14,-0.0564171,0.0282352,-0.998008
66.16,-0.0453689,0.0382331,-0.998238
66.18,-0.0406366,0.0342986,-0.998585
66.2,-0.0326874,0.0260273,-0.999127
66.22,-0.0209628,0.0137715,-0.999685
66.24,-0.0109517,0.00427517,-0.999931
66.26,0.00655094,-0.0106883,-0.999921
66.28,0.019135,-0.0215886,-0.999584
66.3,0.0313602,-0.0326445,-0.998975
66.32,0.049737,-0.0449967,-0.997748
66.34,0.0592636,-0.0534011,-0.996813
66.36,0.0734193,-0.0567402,-0.995686
66.38,0.0748424,-0.0579783,-0.995508
66.4,0.0743401,-0.056122,-0.995652
66.42,0.070418,-0.0596822,-0.995731
66.44,0.0659024,-0.0590036,-0.99608
66.46,0.0570623,-0.0547128,-0.99687
66.48,0.0485859,-0.0522123,-0.997453
66.5,0.0349817,-0.050475,-0.998112
66.52,0.0147804,-0.0509751,-0.998591
66.54,0.00172227,-0.0510708,-0.998694
66.56,-0.0223901,-0.0534502,-0.998319
66.58,-0.0367058,-0.0550655,-0.997808
66.6,-0.0539114,-0.0571103,-0.996911
66.62,-0.0796243,-0.0613205,-0.994937
66.64,-0.0930245,-0.0622819,-0.993714
66.66,-0.0999629,-0.0648393,-0.992876
66.68,-0.102563,-0.0713095,-0.992167
66.7,-0.101643,-0.0794336,-0.991645
66.72,-0.0853436,-0.0824667,-0.992933
66.74,-0.074911,-0.0835239,-0.993686
66.76,-0.0573939,-0.08252,-0.994935
66.78,-0.0473055,-0.0811819,-0.995576
66.8,-0.0372861,-0.0810241,-0.996014
66.82,-0.0198705,-0.0781195,-0.996746
66.84,-0.00512194,-0.0724229,-0.997361
66.86,0.000713111,-0.0702639,-0.997528
66.88,-0.000341469,-0.0702651,-0.997528
66.9,-0.0042431,-0.0664825,-0.997779
66.92,-0.0111326,-0.0571042,-0.998306
66.94,-0.0181557,-0.0468981,-0.998735
66.96,-0.0434435,-0.03172,-0.998552
66.98,-0.0626073,-0.0274297,-0.997661
67,-0.0734292,-0.0246439,-0.996996
67.02,-0.0876933,-0.0278136,-0.995759
67.04,-0.0916834,-0.0292862,-0.995357
67.06,-0.0861195,-0.0417438,-0.99541
67.08,-0.0811493,-0.041756,-0.995827
67.1,-0.0758566,-0.043019,-0.99619
67.12,-0.0689961,-0.0428588,-0.996696
67.14,-0.0662637,-0.0412898,-0.996947
67.16,-0.0652768,-0.0374129,-0.997166
67.18,-0.0616995,-0.0334199,-0.997535
67.2,-0.0606536,-0.030444,-0.997694
67.22,-0.0562173,-0.0239486,-0.998131
67.24,-0.0496816,-0.0189184,-0.998586
67.26,-0.0447643,-0.0149798,-0.998885
67.28,-0.0310112,-0.0108488,-0.99946
67.3,-0.0194399,-0.00784229,-0.99978
67.32,-0.00268314,-0.00198903,-0.999994
67.34,0.00583788,0.000497867,-0.999983
67.36,0.0260657,0.00645682,-0.999639
67.38,0.0360849,0.00900917,-0.999308
67.4,0.049363,0.0127767,-0.998699
67.42,0.0663592,0.0183623,-0.997627
67.44,0.0830382,0.0181049,-0.996382
67.46,0.0877349,0.0176079,-0.995988
67.48,0.0973341,0.0132041,-0.995164
67.5,0.10115,0.00693338,-0.994847
67.52,0.113323,-0.00115019,-0.993558
67.54,0.11894,-0.00663597,-0.992879
67.56,0.118965,-0.00951052,-0.992853
67.58,0.117205,-0.0137956,-0.993012
67.6,0.115623,-0.0153753,-0.993174
67.62,0.10992,-0.0215291,-0.993707
67.64,0.104841,-0.0288015,-0.994072
67.66,0.0981722,-0.0328747,-0.994626
67.68,0.0857073,-0.0443416,-0.995333
67.7,0.0796792,-0.0521343,-0.995456
67.72,0.0627889,-0.0596637,-0.996242
67.74,0.0517514,-0.0564898,-0.997061
67.76,0.0349429,-0.0505472,-0.99811
67.78,0.0196192,-0.04594,-0.998752
67.8,0.00340491,-0.0453162,-0.998967
67.82,-0.0217121,-0.0451557,-0.998744
67.84,-0.0359853,-0.04557,-0.998313
67.86,-0.0491875,-0.0450722,-0.997772
67.88,-0.0632049,-0.0461566,-0.996933
67.9,-0.0732687,-0.0465467,-0.996225
67.92,-0.08116,-0.0467819,-0.995603
67.94,-0.0953795,-0.0505759,-0.994155
67.96,-0.11258,-0.0546469,-0.992139
67.98,-0.121395,-0.0586503,-0.99087
68,-0.124782,-0.0623353,-0.990224
68.02,-0.120236,-0.0651885,-0.990603
68.04,-0.111981,-0.0650444,-0.991579
68.06,-0.0920691,-0.0652288,-0.993614
68.08,-0.0769775,-0.0639589,-0.994979
68.1,-0.0609599,-0.0632511,-0.996134
68.12,-0.0532767,-0.0621309,-0.996645
68.14,-0.017023,-0.0580851,-0.998166
68.16,0.00143273,-0.0559149,-0.998435
68.18,0.0279314,-0.0508833,-0.998314
68.2,0.0406283,-0.0505286,-0.997896
68.22,0.0444088,-0.0519177,-0.997663
68.24,0.0447322,-0.0551566,-0.997475
68.26,0.0416382,-0.0558163,-0.997572
68.28,0.0375325,-0.0547465,-0.997795
68.3,0.0317275,-0.0509419,-0.998198
68.32,0.0189078,-0.0395629,-0.999038
68.34,0.00718784,-0.0279763,-0.999583
68.36,-0.0112994,-0.0128377,-0.999854
68.38,-0.0513693,-0.0020517,-0.998678
68.4,-0.0725665,-0.00273659,-0.99736
68.42,-0.0874135,-0.00695592,-0.996148
68.44,-0.11336,-0.0149066,-0.993442
68.46,-0.119289,-0.0147473,-0.99275
68.48,-0.129193,-0.0165246,-0.991482
68.5,-0.137174,-0.0165521,-0.990409
68.52,-0.145201,-0.0182609,-0.989234
68.54,-0.145512,-0.0184025,-0.989185
68.56,-0.148204,-0.0149357,-0.988844
68.58,-0.148146,-0.0109477,-0.988905
68.6,-0.148242,-0.0049889,-0.988939
68.62,-0.146306,0.00210715,-0.989237
68.64,-0.145015,0.00829775,-0.989395
68.66,-0.14014,0.0160451,-0.990002
68.68,-0.132381,0.0200327,-0.990996
68.7,-0.128718,0.0228949,-0.991417
68.72,-0.111942,0.0309891,-0.993231
68.74,-0.103965,0.0360996,-0.993926
68.76,-0.0904684,0.0483139,-0.994727
68.78,-0.0772055,0.0463055,-0.995939
68.8,-0.0663535,0.0412104,-0.996945
68.82,-0.0569641,0.026106,-0.998035
68.84,-0.0456584,0.0138594,-0.998861
68.86,-0.0338607,-0.00198368,-0.999425
68.88,-0.0235197,-0.0131249,-0.999637
68.9,-0.0114948,-0.0226213,-0.999678
68.92,0.00802992,-0.0321363,-0.999451
68.94,0.0237027,-0.0404114,-0.998902
68.96,0.0363256,-0.0463004,-0.998267
68.98,0.0515226,-0.0516944,-0.997333
69,0.0608799,-0.0551009,-0.996623
69.02,0.0712955,-0.0567617,-0.995839
69.04,0.0662607,-0.052965,-0.996396
69.06,0.0691614,-0.0487003,-0.996416
69.08,0.0648299,-0.0431254,-0.996964
69.1,0.0587804,-0.0382132,-0.997539
69.12,0.0442373,-0.0340816,-0.99844
69.14,0.0337261,-0.0338462,-0.998858
69.16,0.0188508,-0.0355323,-0.999191
69.18,0.0110701,-0.0349934,-0.999326
69.2,-0.00181756,-0.0365569,-0.99933
69.22,-0.0217308,-0.038269,-0.999031
69.24,-0.0365482,-0.0412261,-0.998481
69.26,-0.0527806,-0.0482003,-0.997442
69.28,-0.072836,-0.0552079,-0.995815
69.3,-0.0805119,-0.0592627,-0.99499
69.32,-0.0832162,-0.0642337,-0.994459
69.34,-0.0791376,-0.0674631,-0.994578
69.36,-0.0677573,-0.0713635,-0.995146
69.38,-0.0477455,-0.0713705,-0.996306
69.4,-0.0173552,-0.0723301,-0.99723
69.42,0.00044494,-0.0702456,-0.99753
69.44,0.0181376,-0.068905,-0.997458
69.46,0.0321997,-0.0635161,-0.997461
69.48,0.04116,-0.0557569,-0.997596
69.5,0.0420886,-0.0526493,-0.997726
69.52,0.0373982,-0.051832,-0.997955
69.54,0.0348726,-0.0518938,-0.998044
69.56,0.030224,-0.0490815,-0.998337
69.58,0.0245188,-0.0462002,-0.998631
69.6,0.0115098,-0.0369202,-0.999252
69.62,-0.0100166,-0.016642,-0.999811
69.64,-0.0349084,-0.00758609,-0.999362
69.66,-0.0646234,-0.00507394,-0.997897
69.68,-0.0802643,-0.0048525,-0.996762
69.7,-0.0919503,-0.00790974,-0.995732
69.72,-0.103473,-0.0104996,-0.994577
69.74,-0.110243,-0.00947099,-0.993859
69.76,-0.122685,-0.00791891,-0.992414
69.78,-0.129673,-0.00686019,-0.991533
69.8,-0.133428,-0.00546704,-0.991043
69.82,-0.139329,-0.0040612,-0.990238
69.84,-0.138819,-0.00217823,-0.990315
69.86,-0.140484,0.00626315,-0.990063
69.88,-0.139274,0.0116684,-0.990185
69.9,-0.137275,0.0176753,-0.990375
69.92,-0.132063,0.0252104,-0.990921
69.94,-0.119883,0.0283126,-0.992384
69.96,-0.110468,0.0326086,-0.993345
69.98,-0.104748,0.0377948,-0.99378
70,-0.0951371,0.0446663,-0.994462
70.02,-0.0811376,0.0529511,-0.995295
70.04,-0.0696608,0.0489922,-0.996367
70.06,-0.0523959,0.0405146,-0.997804
70.08,-0.0450085,0.0325055,-0.998458
70.1,-0.0397202,0.0223756,-0.99896
70.12,-0.0305577,0.00755165,-0.999504
70.14,-0.0252781,0.000118422,-0.99968
70.16,-0.0129949,-0.00770062,-0.999886
70.18,-0.00578617,-0.015406,-0.999865
70.2,0.00211762,-0.0236956,-0.999717
70.22,0.016392,-0.037643,-0.999157
70.24,0.0242702,-0.0442837,-0.998724
70.26,0.0318082,-0.0538671,-0.998041
70.28,0.0346288,-0.0597775,-0.997611
70.3,0.0348153,-0.0618806,-0.997476
70.32,0.0349214,-0.0552589,-0.997861
70.34,0.0316269,-0.0484214,-0.998326
70.36,0.0273943,-0.0457451,-0.998577
70.38,0.0214408,-0.0437478,-0.998813
70.4,0.0183336,-0.045059,-0.998816
70.42,0.0058695,-0.0460425,-0.998922
70.44,-0.00285124,-0.0458183,-0.998946
70.46,-0.0192599,-0.0457165,-0.998769
70.48,-0.0318176,-0.0446826,-0.998494
70.5,-0.045241,-0.0447515,-0.997973
70.52,-0.0681824,-0.0495675,-0.996441
70.54,-0.0818683,-0.0524943,-0.99526
70.56,-0.0896335,-0.0554361,-0.994431
70.58,-0.0920369,-0.0608101,-0.993897
70.6,-0.0846021,-0.0636314,-0.994381
70.62,-0.0687458,-0.0674806,-0.995349
70.64,-0.0534972,-0.0687382,-0.996199
70.66,-0.0309548,-0.0686623,-0.99716
70.68,-0.0139087,-0.0672841,-0.997637
70.7,0.000222771,-0.0670186,-0.997752
70.72,0.0191935,-0.0650495,-0.997697
70.74,0.0268663,-0.0601508,-0.997828
70.76,0.0331357,-0.0552871,-0.997921
70.78,0.0295545,-0.0534552,-0.998133
70.8,0.0246434,-0.0541997,-0.998226
70.82,0.0168679,-0.0518854,-0.998511
70.84,0.00771707,-0.0504464,-0.998697
70.86,-0.00252838,-0.0451923,-0.998975
70.88,-0.0218158,-0.031412,-0.999268
70.9,-0.0451264,-0.0213705,-0.998753
70.92,-0.07392,-0.0135151,-0.997173
70.94,-0.088863,-0.0132224,-0.995956
70.96,-0.103895,-0.0155267,-0.994467
70.98,-0.109802,-0.0164297,-0.993818
71,-0.116222,-0.0182484,-0.993056
71.02,-0.124757,-0.0187625,-0.99201
71.04,-0.131272,-0.0183088,-0.991177
71.06,-0.138825,-0.0165882,-0.990178
71.08,-0.143137,-0.0151536,-0.989587
71.1,-0.144443,-0.0147598,-0.989403
71.12,-0.149022,-0.00973279,-0.988786
71.14,-0.147813,-0.00604513,-0.988997
71.16,-0.149489,0.000619602,-0.988763
71.18,-0.147511,0.00753682,-0.989032
71.2,-0.149505,0.0162765,-0.988627
71.22,-0.145643,0.0202492,-0.98913
71.24,-0.138399,0.0261857,-0.99003
71.26,-0.127283,0.0336519,-0.991295
71.28,-0.121459,0.0407327,-0.99176
71.3,-0.114246,0.0484872,-0.992268
71.32,-0.0978507,0.0552854,-0.993664
71.34,-0.0885498,0.0504854,-0.994792
71.36,-0.0712964,0.0375312,-0.996749
71.38,-0.0685212,0.0270699,-0.997282
71.4,-0.0650384,0.0145409,-0.997777
71.42,-0.0516183,-0.00179037,-0.998665
71.44,-0.0427124,-0.014713,-0.998979
71.46,-0.026807,-0.0322847,-0.999119
71.48,-0.0180286,-0.0435394,-0.998889
71.5,-0.00917854,-0.0481464,-0.998798
71.52,0.00576284,-0.0597804,-0.998195
71.54,0.0113717,-0.0597606,-0.998148
71.56,0.0175185,-0.0574354,-0.998196
71.58,0.0217402,-0.0565255,-0.998164
71.6,0.0235413,-0.0563096,-0.998136
71.62,0.0258443,-0.0549942,-0.998152
71.64,0.0225143,-0.0539365,-0.998291
71.66,0.0173205,-0.0551874,-0.998326
71.68,0.0122689,-0.0542283,-0.998453
71.7,0.00660825,-0.0525148,-0.998598
71.72,-0.00257604,-0.0500047,-0.998746
71.74,-0.0092292,-0.0500713,-0.998703
71.76,-0.0217906,-0.0468837,-0.998663
71.78,-0.0354197,-0.0466921,-0.998281
71.8,-0.0460047,-0.0492598,-0.997726
71.82,-0.061972,-0.0532663,-0.996655
71.84,-0.0682745,-0.0581282,-0.995972
71.86,-0.0705062,-0.061445,-0.995617
71.88,-0.0647052,-0.0645365,-0.995815
71.9,-0.0543263,-0.0660385,-0.996337
71.92,-0.0357129,-0.0682131,-0.997031
71.94,-0.0242954,-0.0678382,-0.9974
71.96,-0.00242316,-0.0672614,-0.997732
71.98,0.0100068,-0.0659856,-0.99777
72,0.0223284,-0.0656021,-0.997596
72.02,0.0323747,-0.0609512,-0.997616
72.04,0.032966,-0.0555746,-0.99791
72.06,0.0284373,-0.0522665,-0.998228
72.08,0.00783672,-0.0471093,-0.998859
72.1,0.000677692,-0.0453005,-0.998973
72.12,-0.00360375,-0.0427096,-0.999081
72.14,-0.00813514,-0.040189,-0.999159
72.16,-0.0128956,-0.0359132,-0.999272
72.18,-0.0419103,-0.0194397,-0.998932
72.2,-0.0495402,-0.0156323,-0.99865
72.22,-0.0816582,-0.0127516,-0.996579
72.24,-0.0941487,-0.0144272,-0.995454
72.26,-0.102653,-0.0147978,-0.994607
72.28,-0.115734,-0.0160073,-0.993151
72.3,-0.12454,-0.0163153,-0.99208
72.32,-0.130763,-0.0145406,-0.991307
72.34,-0.133975,-0.0118061,-0.990914
72.36,-0.136928,-0.0104382,-0.990526
72.38,-0.135732,-0.0063298,-0.990725
72.4,-0.13601,-0.00522064,-0.990694
72.42,-0.132191,0.00268599,-0.991221
72.44,-0.130046,0.00953393,-0.991462
72.46,-0.127325,0.0153853,-0.991742
72.48,-0.116835,0.0232014,-0.99288
72.5,-0.114261,0.0283633,-0.993046
72.52,-0.0983772,0.0330727,-0.994599
72.54,-0.0815724,0.0366268,-0.995994
72.56,-0.0679464,0.0475219,-0.996557
72.58,-0.0543467,0.0489474,-0.997322
72.6,-0.0424693,0.0440604,-0.998126
72.62,-0.0283817,0.0355007,-0.998967
72.64,-0.0184872,0.0294226,-0.999396
72.66,-0.00967946,0.0220095,-0.999711
72.68,-0.00165501,0.00655079,-0.999977
72.7,0.00194317,-0.00141584,-0.999997
72.72,0.0111846,-0.0100334,-0.999887
72.74,0.0182715,-0.0157229,-0.999709
72.76,0.0299787,-0.026413,-0.999201
72.78,0.0345356,-0.0329191,-0.998861
72.8,0.0408638,-0.0400435,-0.998362
72.82,0.0488938,-0.0510575,-0.997498
72.84,0.0516558,-0.0567105,-0.997053
72.86,0.0517464,-0.0622519,-0.996718
72.88,0.05268,-0.0621554,-0.996675
72.9,0.0521437,-0.0586459,-0.996916
72.92,0.0433641,-0.0498334,-0.997816
72.94,0.0351571,-0.0466638,-0.998292
72.96,0.0224058,-0.0465877,-0.998663
72.98,0.0154392,-0.0476072,-0.998747
73,0.00774882,-0.0475826,-0.998837
73.02,-0.0061674,-0.0472305,-0.998865
73.04,-0.0161119,-0.0472042,-0.998755
73.06,-0.0321474,-0.0457258,-0.998437
73.08,-0.0447521,-0.0450118,-0.997984
73.1,-0.0579981,-0.0458776,-0.997262
73.12,-0.0738069,-0.0487167,-0.996082
73.14,-0.0799225,-0.0523351,-0.995426
73.16,-0.0833414,-0.0577238,-0.994848
73.18,-0.0753597,-0.0597623,-0.995364
73.2,-0.0653508,-0.0628377,-0.995882
73.22,-0.0525582,-0.0638114,-0.996577
73.24,-0.0377448,-0.0639055,-0.997242
73.26,-0.0223768,-0.0634947,-0.997731
73.28,0.00245718,-0.0623399,-0.998052
73.3,0.0196219,-0.0609777,-0.997946
73.32,0.0399186,-0.0571501,-0.997567
73.34,0.0540955,-0.0518339,-0.99719
73.36,0.0567085,-0.0527946,-0.996994
73.38,0.0493287,-0.0539963,-0.997322
73.4,0.041107,-0.0530448,-0.997746
73.42,0.0297803,-0.0483206,-0.998388
73.44,0.0209399,-0.0432976,-0.998843
73.46,0.0156936,-0.0398535,-0.999082
73.48,-0.0136442,-0.019778,-0.999711
73.5,-0.0362101,-0.00914274,-0.999302
73.52,-0.072939,-0.000662451,-0.997336
73.54,-0.0886617,-0.00272882,-0.996058
73.56,-0.10007,-0.00493455,-0.994968
73.58,-0.108629,-0.00675345,-0.994059
73.6,-0.115574,-0.009585,-0.993253
73.62,-0.123591,-0.00949568,-0.992288
73.64,-0.128131,-0.00927949,-0.991714
73.66,-0.13066,-0.0072806,-0.991401
73.68,-0.133076,-0.00616534,-0.991087
73.7,-0.134443,-0.00421772,-0.990912
73.72,-0.134538,0.00301832,-0.990904
73.74,-0.132517,0.00701039,-0.991156
73.76,-0.130657,0.0134395,-0.991337
73.78,-0.127729,0.0193508,-0.99162
73.8,-0.118839,0.0241149,-0.992621
73.82,-0.108977,0.0293277,-0.993612
73.84,-0.0972413,0.0321076,-0.994743
73.86,-0.0873403,0.0363998,-0.995513
73.88,-0.0731876,0.0484962,-0.996138
73.9,-0.0616863,0.0463387,-0.997019
73.92,-0.0475095,0.0376846,-0.99816
73.94,-0.0360053,0.0302089,-0.998895
73.96,-0.0293775,0.0227147,-0.99931
73.98,-0.0172113,0.00875967,-0.999814
74,-0.0103953,-0.0014155,-0.999945
74.02,3.2196e-06,-0.0150559,-0.999887
74.04,0.0100487,-0.0243627,-0.999653
74.06,0.0178825,-0.0333169,-0.999285
74.08,0.0297125,-0.0459014,-0.998504
74.1,0.0343257,-0.0522902,-0.998042
74.12,0.0399405,-0.0570179,-0.997574
74.14,0.043797,-0.0623996,-0.99709
74.16,0.0477158,-0.0594738,-0.997089
74.18,0.0491006,-0.0558685,-0.99723
74.2,0.0458263,-0.0521327,-0.997588
74.22,0.0417614,-0.0492511,-0.997913
74.24,0.0371769,-0.0500454,-0.998055
74.26,0.030784,-0.0484553,-0.998351
74.28,0.0149745,-0.0446679,-0.99889
74.3,0.00288619,-0.0415559,-0.999132
74.32,-0.0160329,-0.0406163,-0.999046
74.34,-0.0301997,-0.0411065,-0.998698
74.36,-0.0413419,-0.0395942,-0.99836
74.38,-0.0589329,-0.0380436,-0.997537
74.4,-0.0653086,-0.0363085,-0.997204
74.42,-0.0758586,-0.0352764,-0.996494
74.44,-0.079705,-0.036107,-0.996164
74.46,-0.0840959,-0.0358438,-0.995813
74.48,-0.0897162,-0.0339364,-0.995389
74.5,-0.0901039,-0.0335937,-0.995366
74.52,-0.0910139,-0.0320202,-0.995335
74.54,-0.0909191,-0.0317855,-0.995351
74.56,-0.0897511,-0.0309355,-0.995484
74.58,-0.085195,-0.0301934,-0.995907
74.6,-0.082598,-0.0292197,-0.996154
74.62,-0.0783632,-0.0278443,-0.996536
74.64,-0.0758974,-0.0271356,-0.996746
74.66,-0.0701721,-0.0280996,-0.997139
74.68,-0.065984,-0.0259916,-0.997482
74.7,-0.0632462,-0.0250584,-0.997683
74.72,-0.0588373,-0.0241525,-0.997975
74.74,-0.0567476,-0.0240134,-0.9981
74.76,-0.054845,-0.0233113,-0.998223
74.78,-0.05257,-0.0230707,-0.998351
74.8,-0.0515705,-0.0227577,-0.99841
74.82,-0.0513119,-0.022262,-0.998435
74.84,-0.0519531,-0.0222248,-0.998402
74.86,-0.0523864,-0.0226239,-0.998371
74.88,-0.0529302,-0.022135,-0.998353
74.9,-0.0536354,-0.0227026,-0.998302
74.92,-0.0561245,-0.0223437,-0.998174
74.94,-0.0554167,-0.02158,-0.99823
74.96,-0.0577398,-0.0218303,-0.998093
74.98,-0.0593042,-0.0226785,-0.997982
75,-0.0601372,-0.0220891,-0.997946
75.02,-0.0599064,-0.0219815,-0.997962
75.04,-0.0612238,-0.022953,-0.99786
75.06,-0.0604738,-0.0218282,-0.997931
75.08,-0.0607036,-0.0225721,-0.997901
75.1,-0.0597933,-0.0218347,-0.997972
75.12,-0.0592025,-0.0212738,-0.998019
75.14,-0.058565,-0.0208788,-0.998065
75.16,-0.0577719,-0.0211623,-0.998105
75.18,-0.05763,-0.021082,-0.998115
75.2,-0.0567126,-0.0220834,-0.998146
75.22,-0.0577077,-0.0218749,-0.998094
75.24,-0.057869,-0.0223104,-0.998075
75.26,-0.0577208,-0.0221472,-0.998087
75.28,-0.0581131,-0.0211975,-0.998085
75.3,-0.0581517,-0.0210398,-0.998086
75.32,-0.0593661,-0.0213084,-0.998009
75.34,-0.0592814,-0.0200674,-0.99804
75.36,-0.0591897,-0.0214202,-0.998017
75.38,-0.0595419,-0.0218765,-0.997986
75.4,-0.0588878,-0.0205798,-0.998052
75.42,-0.0595768,-0.0207659,-0.998008
75.44,-0.0591119,-0.0211828,-0.998027
75.46,-0.0590783,-0.0213157,-0.998026
75.48,-0.058332,-0.0214066,-0.998068
75.5,-0.0578736,-0.020567,-0.998112
75.52,-0.0569146,-0.0205959,-0.998167
75.54,-0.0576693,-0.0207807,-0.998119
75.56,-0.0577163,-0.0207618,-0.998117
75.58,-0.0572548,-0.0208001,-0.998143
75.6,-0.0573459,-0.0207755,-0.998138
75.62,-0.0585697,-0.0209096,-0.998064
75.64,-0.0588264,-0.0211737,-0.998044
75.66,-0.0588451,-0.0212481,-0.998041
75.68,-0.0594794,-0.0212616,-0.998003
75.7,-0.0595226,-0.0213619,-0.997998
75.72,-0.0596155,-0.0214337,-0.997991
75.74,-0.0601672,-0.0217286,-0.997952
75.76,-0.0596725,-0.0215306,-0.997986
75.78,-0.0591513,-0.0212081,-0.998024
75.8,-0.0592061,-0.0204337,-0.998037
75.82,-0.0599106,-0.0214838,-0.997973
75.84,-0.0599624,-0.0212722,-0.997974
75.86,-0.05993,-0.0210149,-0.997981
75.88,-0.0587085,-0.0205349,-0.998064
75.9,-0.0593284,-0.0207327,-0.998023
75.92,-0.0599903,-0.0211122,-0.997976
75.94,-0.0606224,-0.0217808,-0.997923
75.96,-0.0611179,-0.0216686,-0.997895
75.98,-0.0615817,-0.0219113,-0.997862
76,-0.0608061,-0.0219786,-0.997908
76.02,-0.0619797,-0.0219398,-0.997836
76.04,-0.0619995,-0.021951,-0.997835
76.06,-0.0601156,-0.0218364,-0.997953
76.08,-0.0602593,-0.0222196,-0.997935
76.1,-0.0605843,-0.0222198,-0.997916
76.12,-0.0606393,-0.0220472,-0.997916
76.14,-0.0609299,-0.0220509,-0.997898
76.16,-0.0610863,-0.0221242,-0.997887
76.18,-0.0612543,-0.0217469,-0.997885
76.2,-0.061207,-0.0218436,-0.997886
76.22,-0.0611292,-0.0218664,-0.99789
76.24,-0.0608032,-0.0217278,-0.997913
76.26,-0.0599909,-0.0216283,-0.997965
76.28,-0.0590701,-0.0223872,-0.998003
76.3,-0.0588949,-0.0224699,-0.998011
76.32,-0.058978,-0.0221242,-0.998014
76.34,-0.0592297,-0.0221016,-0.998
76.36,-0.0589608,-0.0223752,-0.99801
76.38,-0.0591047,-0.0225244,-0.997998
76.4,-0.0592595,-0.0223779,-0.997992
76.42,-0.0588768,-0.0224736,-0.998012
76.44,-0.058584,-0.02293,-0.998019
76.46,-0.0591847,-0.0224821,-0.997994
76.48,-0.0589123,-0.0220583,-0.998019
76.5,-0.058946,-0.0214719,-0.99803
76.52,-0.0587225,-0.0216635,-0.998039
76.54,-0.058777,-0.0215093,-0.998039
76.56,-0.0590833,-0.0216804,-0.998018
76.58,-0.0589498,-0.0217354,-0.998024
76.6,-0.0590207,-0.0218986,-0.998017
76.62,-0.0590735,-0.0217206,-0.998017
76.64,-0.0587584,-0.0217797,-0.998035
76.66,-0.0592351,-0.0222317,-0.997996
76.68,-0.0587912,-0.0223937,-0.998019
76.7,-0.0586751,-0.0222011,-0.99803
76.72,-0.0584468,-0.0224201,-0.998039
76.74,-0.0585642,-0.0225771,-0.998028
76.76,-0.0587093,-0.0222836,-0.998026
76.78,-0.0585042,-0.0225462,-0.998033
76.8,-0.059908,-0.0218307,-0.997965
76.82,-0.0598092,-0.0220408,-0.997966
76.84,-0.0600296,-0.0222042,-0.99795
76.86,-0.0604238,-0.0221347,-0.997927
76.88,-0.0604243,-0.022162,-0.997927
76.9,-0.0603752,-0.0223977,-0.997924
76.92,-0.0606666,-0.0220216,-0.997915
76.94,-0.0593006,-0.0225588,-0.997985
76.96,-0.0607588,-0.0223873,-0.997901
76.98,-0.0607661,-0.0216811,-0.997917
77,-0.0609688,-0.0223982,-0.997888
77.02,-0.0612454,-0.0225479,-0.997868
77.04,-0.0612067,-0.0225621,-0.99787
77.06,-0.0611915,-0.0224399,-0.997874
77.08,-0.061518,-0.0226257,-0.997849
77.1,-0.0617509,-0.022549,-0.997837
77.12,-0.0617628,-0.0228962,-0.997828
77.14,-0.06184,-0.0228331,-0.997825
77.16,-0.0619977,-0.0229315,-0.997813
77.18,-0.0618122,-0.0228543,-0.997826
77.2,-0.0619048,-0.0224582,-0.997829
77.22,-0.0621711,-0.0225879,-0.99781
77.24,-0.0615359,-0.022807,-0.997844
77.26,-0.0616797,-0.0225887,-0.99784
77.28,-0.0609209,-0.0224326,-0.99789
77.3,-0.0621479,-0.0233046,-0.997795
77.32,-0.0620795,-0.0233545,-0.997798
77.34,-0.0622276,-0.0228021,-0.997801
77.36,-0.0620638,-0.0229508,-0.997808
77.38,-0.0619433,-0.0227365,-0.997821
77.4,-0.0619951,-0.0227258,-0.997818
77.42,-0.0619932,-0.0226701,-0.997819
77.44,-0.0619046,-0.0227942,-0.997822
77.46,-0.0618113,-0.0227383,-0.997829
77.48,-0.061624,-0.0234578,-0.997824
77.5,-0.0619121,-0.0229371,-0.997818
77.52,-0.0607307,-0.0229054,-0.997891
77.54,-0.0620691,-0.0230169,-0.997806
77.56,-0.0617709,-0.0230556,-0.997824
77.58,-0.061867,-0.0229441,-0.997821
77.6,-0.0610106,-0.0228674,-0.997875
77.62,-0.0608759,-0.0226757,-0.997888
77.64,-0.061233,-0.0220906,-0.997879
77.66,-0.0609312,-0.0227548,-0.997883
77.68,-0.060421,-0.0225962,-0.997917
77.7,-0.0604854,-0.0227118,-0.997911
77.72,-0.0608194,-0.0220633,-0.997905
77.74,-0.061107,-0.0225398,-0.997877
77.76,-0.0615477,-0.0224503,-0.997852
77.78,-0.0602841,-0.0221948,-0.997934
77.8,-0.0607721,-0.0222457,-0.997904
77.82,-0.06113,-0.0226175,-0.997874
77.84,-0.062467,-0.0221632,-0.997801
77.86,-0.061346,-0.0226814,-0.997859
77.88,-0.0608193,-0.022889,-0.997886
77.9,-0.0614636,-0.0231185,-0.997842
77.92,-0.0616616,-0.0230362,-0.997831
77.94,-0.0610763,-0.0225515,-0.997878
77.96,-0.0616963,-0.0227445,-0.997836
77.98,-0.062914,-0.0225358,-0.997764
78,-0.062331,-0.0218105,-0.997817
78.02,-0.0614872,-0.0223381,-0.997858
78.04,-0.0617309,-0.0225195,-0.997839
78.06,-0.0624583,-0.0227687,-0.997788
78.08,-0.0619826,-0.0227956,-0.997817
78.1,-0.0625704,-0.0226752,-0.997783
78.12,-0.0630027,-0.0219125,-0.997773
78.14,-0.0626299,-0.0229342,-0.997773
78.16,-0.0618822,-0.0233168,-0.997811
78.18,-0.0624632,-0.0227192,-0.997789
78.2,-0.0619173,-0.022528,-0.997827
78.22,-0.0609562,-0.0226455,-0.997884
78.24,-0.0610723,-0.022716,-0.997875
78.26,-0.0621992,-0.0233408,-0.997791
78.28,-0.060575,-0.0235698,-0.997885
78.3,-0.0605089,-0.0235403,-0.99789
78.32,-0.0607695,-0.0228669,-0.99789
78.34,-0.0603265,-0.0228239,-0.997918
78.36,-0.0614198,-0.022809,-0.997851
78.38,-0.0606302,-0.0223497,-0.99791
78.4,-0.0613961,-0.0226521,-0.997856
78.42,-0.0612177,-0.0227117,-0.997866
78.44,-0.06127,-0.0226282,-0.997865
78.46,-0.0616168,-0.0222907,-0.997851
78.48,-0.0616839,-0.0225332,-0.997841
78.5,-0.0618667,-0.0226957,-0.997826
78.52,-0.0614537,-0.0229643,-0.997846
78.54,-0.0611366,-0.0231016,-0.997862
78.56,-0.0605907,-0.0239895,-0.997874
78.58,-0.0600035,-0.0240883,-0.997907
78.6,-0.0593758,-0.0238745,-0.99795
78.62,-0.0607459,-0.0245341,-0.997852
78.64,-0.0610876,-0.0241928,-0.997839
78.66,-0.060925,-0.0230001,-0.997877
78.68,-0.0612958,-0.0229094,-0.997857
78.7,-0.0607055,-0.0232718,-0.997884
78.72,-0.0609593,-0.0233805,-0.997866
78.74,-0.0607677,-0.0233684,-0.997878
78.76,-0.0594724,-0.0242799,-0.997935
78.78,-0.0543944,-0.0262897,-0.998173
78.8,-0.0547884,-0.0264556,-0.998147
78.82,-0.0529642,-0.0255438,-0.99827
78.84,-0.0525061,-0.0231647,-0.998352
78.86,-0.0539325,-0.0207582,-0.998329
78.88,-0.053742,-0.0211844,-0.99833
78.9,-0.0527175,-0.0210384,-0.998388
78.92,-0.0514991,-0.0212783,-0.998446
78.94,-0.0510613,-0.0196554,-0.998502
78.96,-0.0514752,-0.0202583,-0.998469
78.98,-0.050271,-0.0206085,-0.998523
79,-0.0507028,-0.0209211,-0.998495
79.02,-0.051316,-0.0203413,-0.998475
79.04,-0.0517839,-0.0204456,-0.998449
79.06,-0.0514233,-0.020851,-0.998459
79.08,-0.0518141,-0.0209231,-0.998438
79.1,-0.0525138,-0.020503,-0.99841
79.12,-0.0518847,-0.0204149,-0.998444
79.14,-0.0532507,-0.020526,-0.99837
79.16,-0.0544733,-0.0209888,-0.998295
79.18,-0.0536416,-0.0209769,-0.99834
79.2,-0.0546109,-0.0205228,-0.998297
79.22,-0.0556733,-0.0204547,-0.998239
79.24,-0.0555309,-0.0205288,-0.998246
79.26,-0.0559384,-0.0200936,-0.998232
79.28,-0.0541006,-0.0217859,-0.998298
79.3,-0.0550017,-0.0212601,-0.99826
79.32,-0.0561803,-0.0214587,-0.99819
79.34,-0.0563008,-0.0216425,-0.998179
79.36,-0.0555702,-0.0216138,-0.998221
79.38,-0.0568782,-0.0218874,-0.998141
79.4,-0.0563844,-0.0221472,-0.998163
79.42,-0.0567255,-0.0213313,-0.998162
79.44,-0.0579142,-0.021258,-0.998095
79.46,-0.0589529,-0.0214507,-0.99803
79.48,-0.0588573,-0.0213329,-0.998038
79.5,-0.0598452,-0.021631,-0.997973
79.52,-0.0596712,-0.0212145,-0.997993
79.54,-0.0593891,-0.0209403,-0.998015
79.56,-0.0603255,-0.0209164,-0.99796
79.58,-0.059133,-0.0210155,-0.998029
79.6,-0.060215,-0.0209463,-0.997966
79.62,-0.0597472,-0.0215046,-0.997982
79.64,-0.0605622,-0.0216185,-0.99793
79.66,-0.0602141,-0.0212519,-0.997959
79.68,-0.0609467,-0.0219095,-0.997901
79.7,-0.0597346,-0.0215995,-0.997981
79.72,-0.0585594,-0.0215887,-0.99805
79.74,-0.0598799,-0.0209978,-0.997985
79.76,-0.0601407,-0.0212184,-0.997964
79.78,-0.0620786,-0.0219785,-0.997829
79.8,-0.0622854,-0.0222787,-0.99781
79.82,-0.0641049,-0.0210498,-0.997721
79.84,-0.0634142,-0.0218807,-0.997747
79.86,-0.0633783,-0.0219239,-0.997749
79.88,-0.0632723,-0.0220361,-0.997753
79.9,-0.0633613,-0.0220139,-0.997748
79.92,-0.063069,-0.0216133,-0.997775
79.94,-0.0631924,-0.0214783,-0.99777
79.96,-0.0629535,-0.0214746,-0.997785
79.98,-0.06306,-0.0208688,-0.997792
80,-0.0625382,-0.0216487,-0.997808
80.02,-0.0626813,-0.0216386,-0.997799
80.04,-0.0626982,-0.0216683,-0.997797
80.06,-0.0625725,-0.0215721,-0.997807
80.08,-0.0626068,-0.0215619,-0.997805
80.1,-0.0628601,-0.0218172,-0.997784
80.12,-0.062718,-0.0216156,-0.997797
80.14,-0.0623013,-0.021615,-0.997823
80.16,-0.0622214,-0.0216439,-0.997828
80.18,-0.0627925,-0.0221384,-0.997781
80.2,-0.06264,-0.0221122,-0.997791
80.22,-0.0620073,-0.0212953,-0.997848
80.24,-0.0621252,-0.0211866,-0.997843
80.26,-0.0618701,-0.0211348,-0.99786
80.28,-0.0621141,-0.0214636,-0.997838
80.3,-0.0621254,-0.021372,-0.99784
80.32,-0.0616435,-0.0210099,-0.997877
80.34,-0.0616706,-0.0210011,-0.997876
80.36,-0.0613678,-0.0217374,-0.997878
80.38,-0.0617567,-0.0214042,-0.997862
80.4,-0.0616946,-0.0213315,-0.997867
80.42,-0.0618039,-0.0217091,-0.997852
80.44,-0.0625363,-0.0219681,-0.997801
80.46,-0.061824,-0.0212496,-0.997861
80.48,-0.061207,-0.0211011,-0.997902
80.5,-0.06189,-0.0214806,-0.997852
80.52,-0.0620452,-0.021397,-0.997844
80.54,-0.0621253,-0.0212036,-0.997843
80.56,-0.0620488,-0.0213241,-0.997845
80.58,-0.0619567,-0.0205403,-0.997867
80.6,-0.061948,-0.0213204,-0.997852
80.62,-0.0624015,-0.0220143,-0.997808
80.64,-0.0621847,-0.0215324,-0.997832
80.66,-0.0623914,-0.021514,-0.99782
80.68,-0.0621694,-0.0215715,-0.997832
80.7,-0.0625787,-0.0218378,-0.997801
80.72,-0.0622442,-0.0216266,-0.997827
80.74,-0.0626069,-0.0216659,-0.997803
80.76,-0.0622654,-0.0217121,-0.997823
80.78,-0.06258,-0.0208103,-0.997823
80.8,-0.0623101,-0.0209193,-0.997838
80.82,-0.0630172,-0.0211068,-0.997789
80.84,-0.0624654,-0.0210252,-0.997826
80.86,-0.0625118,-0.0212924,-0.997817
80.88,-0.0625539,-0.0214035,-0.997812
80.9,-0.0623596,-0.0208959,-0.997835
80.92,-0.0626838,-0.0209602,-0.997813
80.94,-0.0622771,-0.0208142,-0.997842
80.96,-0.0630912,-0.0208381,-0.99779
80.98,-0.0625795,-0.0211217,-0.997816
81,-0.0627758,-0.0210191,-0.997806
81.02,-0.0627025,-0.0211108,-0.997809
81.04,-0.0625988,-0.0217535,-0.997802
81.06,-0.0626698,-0.0216637,-0.997799
81.08,-0.0629453,-0.0221033,-0.997772
81.1,-0.0625534,-0.0217703,-0.997804
81.12,-0.0628327,-0.0218711,-0.997784
81.14,-0.06271,-0.0218344,-0.997793
81.16,-0.0628651,-0.0217373,-0.997785
81.18,-0.0625131,-0.0217472,-0.997807
81.2,-0.0624811,-0.0217337,-0.997809
81.22,-0.0626384,-0.0210018,-0.997815
81.24,-0.0627572,-0.0211724,-0.997804
81.26,-0.0626936,-0.0210829,-0.99781
81.28,-0.0625708,-0.0212829,-0.997814
81.3,-0.0624753,-0.0211747,-0.997822
81.32,-0.0626923,-0.0211172,-0.997809
81.34,-0.0627428,-0.0213327,-0.997802
81.36,-0.0626126,-0.0210539,-0.997816
81.38,-0.0626425,-0.0213218,-0.997808
81.4,-0.0627582,-0.0213365,-0.997801
81.42,-0.0627543,-0.0211594,-0.997805
81.44,-0.0624824,-0.0212936,-0.997819
81.46,-0.0624455,-0.0211715,-0.997824
81.48,-0.0625522,-0.0219481,-0.9978
81.5,-0.0626379,-0.0221882,-0.99779
81.52,-0.062463,-0.021985,-0.997805
81.54,-0.062271,-0.022006,-0.997817
81.56,-0.0623845,-0.0219062,-0.997812
81.58,-0.0626624,-0.0220853,-0.99779
81.6,-0.0625973,-0.0220071,-0.997796
81.62,-0.0629388,-0.021939,-0.997776
81.64,-0.062988,-0.0210909,-0.997791
81.66,-0.0628475,-0.0210123,-0.997802
81.68,-0.0629012,-0.0212259,-0.997794
81.7,-0.0631687,-0.0212152,-0.997777
81.72,-0.0627295,-0.0212898,-0.997803
81.74,-0.062705,-0.0220032,-0.99779
81.76,-0.0629806,-0.0213855,-0.997786
81.78,-0.062601,-0.0216657,-0.997803
81.8,-0.0628432,-0.0214779,-0.997792
81.82,-0.0631249,-0.0213926,-0.997776
81.84,-0.0627452,-0.0219982,-0.997787
81.86,-0.0631979,-0.0223451,-0.997751
81.88,-0.0628093,-0.0219943,-0.997783
81.9,-0.0629893,-0.0216735,-0.997779
81.92,-0.0630903,-0.0217423,-0.997771
81.94,-0.0630195,-0.0219157,-0.997772
81.96,-0.0630006,-0.0217742,-0.997776
81.98,-0.062898,-0.0218611,-0.997781
82,-0.0626218,-0.0221215,-0.997792
82.02,-0.0629259,-0.0216772,-0.997783
82.04,-0.0628863,-0.0218547,-0.997781
82.06,-0.0630615,-0.0217281,-0.997773
82.08,-0.0628835,-0.0220365,-0.997778
82.1,-0.0630007,-0.0218977,-0.997773
82.12,-0.0630165,-0.0220088,-0.99777
82.14,-0.0633629,-0.0216472,-0.997756
82.16,-0.0630649,-0.0212587,-0.997783
82.18,-0.063051,-0.0218725,-0.997771
82.2,-0.0630942,-0.0218566,-0.997768
82.22,-0.063085,-0.0218681,-0.997769
82.24,-0.0632285,-0.0216941,-0.997763
82.26,-0.0632294,-0.0216573,-0.997764
82.28,-0.0631236,-0.0218578,-0.997766
82.3,-0.0628418,-0.0215819,-0.99779
82.32,-0.0630454,-0.0217871,-0.997773
82.34,-0.0626812,-0.0220938,-0.997789
82.36,-0.0629433,-0.021595,-0.997783
82.38,-0.0631254,-0.0216178,-0.997771
82.4,-0.0630923,-0.0216964,-0.997772
82.42,-0.0627489,-0.0214863,-0.997798
82.44,-0.0628906,-0.0216127,-0.997786
82.46,-0.0628278,-0.0214645,-0.997794
82.48,-0.0623866,-0.0218662,-0.997812
82.5,-0.0629337,-0.0215628,-0.997785
82.52,-0.0624383,-0.0218655,-0.997809
82.54,-0.0621742,-0.0216839,-0.99783
82.56,-0.0623179,-0.020897,-0.997838
82.58,-0.061948,-0.0210228,-0.997858
82.6,-0.0611277,-0.0208203,-0.997913
82.62,-0.0612586,-0.0213074,-0.997894
82.64,-0.06024,-0.0215926,-0.99795
82.66,-0.0596609,-0.0212582,-0.997992
82.68,-0.0598368,-0.0215066,-0.997976
82.7,-0.0598086,-0.021364,-0.997981
82.72,-0.0604838,-0.0212795,-0.997942
82.74,-0.0606005,-0.0207036,-0.997947
82.76,-0.0602589,-0.0211787,-0.997958
82.78,-0.0598434,-0.0210197,-0.997986
82.8,-0.0604879,-0.0220182,-0.997926
82.82,-0.0582054,-0.0213647,-0.998076
82.84,-0.0604078,-0.0197861,-0.997978
82.86,-0.0577943,-0.0203066,-0.998122
82.88,-0.0582939,-0.0202674,-0.998094
82.9,-0.0578942,-0.020449,-0.998113
82.92,-0.057267,-0.0205479,-0.998147
82.94,-0.056939,-0.0206092,-0.998165
82.96,-0.0562649,-0.0210085,-0.998195
82.98,-0.0568978,-0.0208172,-0.998163
83,-0.0567943,-0.0205564,-0.998174
83.02,-0.0560604,-0.0203051,-0.998221
83.04,-0.0553895,-0.0201848,-0.998261
83.06,-0.0551323,-0.0201977,-0.998275
83.08,-0.0556056,-0.0206347,-0.99824
83.1,-0.0555126,-0.0204803,-0.998248
83.12,-0.0542917,-0.0204251,-0.998316
83.14,-0.05478,-0.0208266,-0.998281
83.16,-0.0551066,-0.0206356,-0.998267
83.18,-0.0543108,-0.0204325,-0.998315
83.2,-0.0529755,-0.0202538,-0.99839
83.22,-0.0521238,-0.0191386,-0.998457
83.24,-0.0534821,-0.0197327,-0.998374
83.26,-0.0525353,-0.0200796,-0.998417
83.28,-0.0515635,-0.0200567,-0.998468
83.3,-0.0503621,-0.0206656,-0.998517
83.32,-0.0494211,-0.0201258,-0.998575
83.34,-0.0515567,-0.0194015,-0.998482
83.36,-0.051409,-0.0190908,-0.998495
83.38,-0.0502716,-0.0197147,-0.998541
83.4,-0.0533814,-0.0186164,-0.998401
83.42,-0.0523685,-0.0186165,-0.998454
83.44,-0.0529444,-0.0185214,-0.998426
83.46,-0.0498705,-0.0191286,-0.998572
83.48,-0.051656,-0.0179486,-0.998504
83.5,-0.0515402,-0.0185393,-0.998499
83.52,-0.0497208,-0.0192635,-0.998577
83.54,-0.0489761,-0.0197174,-0.998605
83.56,-0.0486738,-0.0185361,-0.998643
83.58,-0.0476388,-0.0182838,-0.998697
83.6,-0.0463994,-0.0180601,-0.99876
83.62,-0.0460584,-0.0180661,-0.998775
83.64,-0.0468674,-0.0181821,-0.998736
83.66,-0.0467043,-0.0186012,-0.998736
83.68,-0.0468563,-0.0185062,-0.99873
83.7,-0.0467658,-0.0188685,-0.998728
83.72,-0.0453941,-0.0184435,-0.998799
83.74,-0.0451552,-0.0179397,-0.998819
83.76,-0.0455453,-0.0175237,-0.998809
83.78,-0.0436083,-0.0182213,-0.998883
83.8,-0.0436562,-0.0178065,-0.998888
83.82,-0.043091,-0.0177678,-0.998913
83.84,-0.0389609,-0.0185443,-0.999069
83.86,-0.0424195,-0.0188711,-0.998922
83.88,-0.0430122,-0.0186057,-0.998901
83.9,-0.0426232,-0.0182695,-0.998924
83.92,-0.0405288,-0.0190923,-0.998996
83.94,-0.0443319,-0.0177982,-0.998858
83.96,-0.0422528,-0.0183862,-0.998938
83.98,-0.0439803,-0.017524,-0.998879
84,-0.041919,-0.0164225,-0.998986
84.02,-0.0386862,-0.0182215,-0.999085
84.04,-0.0399334,-0.018787,-0.999026
84.06,-0.0394554,-0.0185642,-0.999049
84.08,-0.037913,-0.018486,-0.99911
84.1,-0.0409138,-0.0169009,-0.99902
84.12,-0.0393047,-0.0177506,-0.99907
84.14,-0.0384627,-0.0178455,-0.999101
84.16,-0.0367556,-0.0190184,-0.999143
84.18,-0.0369326,-0.0179863,-0.999156
84.2,-0.0361017,-0.0192167,-0.999163
84.22,-0.0386193,-0.0188631,-0.999076
84.24,-0.036094,-0.0187183,-0.999173
84.26,-0.0397434,-0.0178802,-0.99905
84.28,-0.0425504,-0.0173393,-0.998944
84.3,-0.03733,-0.0173178,-0.999153
84.32,-0.0420382,-0.0173432,-0.998965
84.34,-0.039862,-0.0176869,-0.999049
84.36,-0.0415499,-0.016734,-0.998996
84.38,-0.0411856,-0.0157658,-0.999027
84.4,-0.0410024,-0.0156465,-0.999037
84.42,-0.0402805,-0.0158483,-0.999063
84.44,-0.0406496,-0.0158431,-0.999048
84.46,-0.0418704,-0.0158204,-0.998998
84.48,-0.0372806,-0.0184094,-0.999135
84.5,-0.0380237,-0.0179452,-0.999116
84.52,-0.0408334,-0.0164933,-0.99903
84.54,-0.0367146,-0.0171934,-0.999178
84.56,-0.0359366,-0.0172353,-0.999205
84.58,-0.0358854,-0.0158395,-0.99923
84.6,-0.0367364,-0.0164385,-0.99919
84.62,-0.0364457,-0.0168373,-0.999194
84.64,-0.034103,-0.0174394,-0.999266
84.66,-0.0347796,-0.0167984,-0.999254
84.68,-0.0340744,-0.0169753,-0.999275
84.7,-0.0381443,-0.0167602,-0.999132
84.72,-0.0332036,-0.0173008,-0.999299
84.74,-0.034669,-0.016646,-0.99926
84.76,-0.0315503,-0.0169047,-0.999359
84.78,-0.033099,-0.0179887,-0.99929
84.8,-0.0306449,-0.017385,-0.999379
84.82,-0.0311538,-0.0168661,-0.999372
84.84,-0.0308389,-0.0175822,-0.99937
84.86,-0.028139,-0.0188073,-0.999427
84.88,-0.0289205,-0.0182413,-0.999415
84.9,-0.0287038,-0.0181404,-0.999423
84.92,-0.0286336,-0.0181123,-0.999426
84.94,-0.0285617,-0.0185227,-0.99942
84.96,-0.0297446,-0.0176131,-0.999402
84.98,-0.0283065,-0.0184993,-0.999428
85,-0.031181,-0.0169416,-0.99937
85.02,-0.0309391,-0.0185205,-0.99935
85.04,-0.0325262,-0.0172428,-0.999322
85.06,-0.0331012,-0.0159654,-0.999324
85.08,-0.0327673,-0.0166632,-0.999324
85.1,-0.033964,-0.0177595,-0.999265
85.12,-0.0309796,-0.0170751,-0.999374
85.14,-0.0336815,-0.0175906,-0.999278
85.16,-0.0347102,-0.0166457,-0.999259
85.18,-0.0343126,-0.0173603,-0.99926
85.2,-0.0350247,-0.0166919,-0.999247
85.22,-0.0368045,-0.0170482,-0.999177
85.24,-0.038327,-0.0154525,-0.999146
85.26,-0.0402056,-0.0187536,-0.999015
85.28,-0.0388955,-0.0165533,-0.999106
85.3,-0.0393362,-0.0161144,-0.999096
85.32,-0.0391831,-0.0144317,-0.999128
85.34,-0.0372851,-0.0157148,-0.999181
85.36,-0.0342693,-0.0183281,-0.999245
85.38,-0.0300629,-0.0176297,-0.999393
85.4,-0.0286139,-0.0170558,-0.999445
85.42,-0.0281405,-0.0163805,-0.99947
85.44,-0.027155,-0.0162074,-0.9995
85.46,-0.026327,-0.0164123,-0.999519
85.48,-0.0252718,-0.0161476,-0.99955
85.5,-0.0249643,-0.0161273,-0.999558
85.52,-0.0294494,-0.0149079,-0.999455
85.54,-0.0240818,-0.0159253,-0.999583
85.56,-0.0251852,-0.017247,-0.999534
85.58,-0.0257786,-0.0153109,-0.99955
85.6,-0.0251771,-0.0148747,-0.999572
85.62,-0.0250277,-0.0143354,-0.999584
85.64,-0.0250012,-0.0157674,-0.999563
85.66,-0.0252995,-0.0161874,-0.999549
85.68,-0.0253249,-0.0157128,-0.999556
85.7,-0.0237655,-0.0163199,-0.999584
85.72,-0.0228819,-0.0160654,-0.999609
85.74,-0.0230668,-0.0152633,-0.999617
85.76,-0.0240382,-0.0145826,-0.999605
85.78,-0.0221454,-0.0150559,-0.999641
85.8,-0.0223386,-0.0151312,-0.999636
85.82,-0.0225447,-0.0152405,-0.99963
85.84,-0.0218124,-0.0150568,-0.999649
85.86,-0.0218251,-0.013796,-0.999667
85.88,-0.020222,-0.0153458,-0.999678
85.9,-0.0213844,-0.0147888,-0.999662
85.92,-0.0215832,-0.0139671,-0.999669
85.94,-0.021155,-0.0133381,-0.999687
85.96,-0.0211424,-0.0140385,-0.999678
85.98,-0.019946,-0.014217,-0.9997
86,-0.021986,-0.0132717,-0.99967
86.02,-0.021867,-0.0123239,-0.999685
86.04,-0.0218368,-0.0124961,-0.999683
86.06,-0.0225381,-0.0130494,-0.999661
86.08,-0.0221816,-0.0124626,-0.999676
86.1,-0.021799,-0.0138965,-0.999666
86.12,-0.0206942,-0.0135286,-0.999694
86.14,-0.0215493,-0.0133943,-0.999678
86.16,-0.0216062,-0.0134586,-0.999676
86.18,-0.0205136,-0.0128639,-0.999707
86.2,-0.0208685,-0.012476,-0.999704
86.22,-0.0207083,-0.0129551,-0.999702
86.24,-0.0198286,-0.0137889,-0.999708
86.26,-0.0199394,-0.0122925,-0.999726
86.28,-0.0209579,-0.0126296,-0.999701
86.3,-0.0202087,-0.0138342,-0.9997
86.32,-0.0196955,-0.0126497,-0.999726
86.34,-0.0206817,-0.0117496,-0.999717
86.36,-0.0207059,-0.0122739,-0.99971
86.38,-0.0206887,-0.0129408,-0.999702
86.4,-0.0199501,-0.0119306,-0.99973
86.42,-0.0224289,-0.0113869,-0.999684
86.44,-0.0225569,-0.0120087,-0.999673
86.46,-0.0216195,-0.0124105,-0.999689
86.48,-0.0212911,-0.0127724,-0.999692
86.5,-0.0205659,-0.0118015,-0.999719
86.52,-0.0206183,-0.0117604,-0.999718
86.54,-0.0198728,-0.0107907,-0.999744
86.56,-0.0203488,-0.0119371,-0.999722
86.58,-0.0195228,-0.011599,-0.999742
86.6,-0.0201406,-0.0117403,-0.999728
86.62,-0.0188287,-0.0114817,-0.999757
86.64,-0.0192359,-0.0115299,-0.999748
86.66,-0.0187547,-0.0120745,-0.999751
86.68,-0.0192607,-0.0111663,-0.999752
86.7,-0.0199481,-0.011372,-0.999736
86.72,-0.0216111,-0.0119476,-0.999695
86.74,-0.0227104,-0.0123984,-0.999665
86.76,-0.0234013,-0.0132412,-0.999638
86.78,-0.0223844,-0.0131539,-0.999663
86.8,-0.0219081,-0.0135655,-0.999668
86.82,-0.0214328,-0.0128351,-0.999688
86.84,-0.0210529,-0.013559,-0.999686
86.86,-0.0211963,-0.0141802,-0.999675
86.88,-0.0203729,-0.0144147,-0.999689
86.9,-0.0197176,-0.0142684,-0.999704
86.92,-0.0198067,-0.0125498,-0.999725
86.94,-0.0199324,-0.0130325,-0.999716
86.96,-0.0207849,-0.0132191,-0.999697
86.98,-0.0227498,-0.0137534,-0.999647
87,-0.0231067,-0.0140051,-0.999635
87.02,-0.0250936,-0.0140941,-0.999586
87.04,-0.0237282,-0.0141003,-0.999619
87.06,-0.0247586,-0.0149286,-0.999582
87.08,-0.0246315,-0.0169341,-0.999553
87.1,-0.0245542,-0.0152316,-0.999582
87.12,-0.0258469,-0.0168033,-0.999525
87.14,-0.0260057,-0.0157498,-0.999538
87.16,-0.0262605,-0.0167934,-0.999514
87.18,-0.0258344,-0.0169955,-0.999522
87.2,-0.0254286,-0.0167845,-0.999536
87.22,-0.0242944,-0.0176229,-0.99955
87.24,-0.02532,-0.0177602,-0.999522
87.26,-0.0261903,-0.018078,-0.999494
87.28,-0.0255524,-0.0173443,-0.999523
87.3,-0.0248067,-0.0184333,-0.999522
87.32,-0.025198,-0.0196078,-0.99949
87.34,-0.0250639,-0.0193285,-0.999499
87.36,-0.0270361,-0.0188893,-0.999456
87.38,-0.0244146,-0.0195571,-0.999511
87.4,-0.0254529,-0.0204147,-0.999468
87.42,-0.0257923,-0.0204362,-0.999458
87.44,-0.0276272,-0.0213928,-0.999389
87.46,-0.0267374,-0.0212747,-0.999416
87.48,-0.0271626,-0.0204678,-0.999421
87.5,-0.0277425,-0.0208364,-0.999398
87.52,-0.0254107,-0.0198957,-0.999479
87.54,-0.0254784,-0.0187847,-0.999499
87.56,-0.0266063,-0.0197427,-0.999451
87.58,-0.0256903,-0.019714,-0.999476
87.6,-0.0275619,-0.019041,-0.999439
87.62,-0.0272538,-0.0177514,-0.999471
87.64,-0.0264327,-0.0170493,-0.999505
87.66,-0.0269803,-0.0170232,-0.999491
87.68,-0.027551,-0.0173435,-0.99947
87.7,-0.0272107,-0.016819,-0.999488
87.72,-0.0253885,-0.0150479,-0.999564
87.74,-0.0250961,-0.0149782,-0.999573
87.76,-0.0246471,-0.0156332,-0.999574
87.78,-0.0258689,-0.0145235,-0.99956
87.8,-0.0236897,-0.0143653,-0.999616
87.82,-0.0221001,-0.0137743,-0.999661
87.84,-0.0216149,-0.0130317,-0.999681
87.86,-0.0208837,-0.0125328,-0.999703
87.88,-0.0229875,-0.0109644,-0.999676
87.9,-0.0225126,-0.010512,-0.999691
87.92,-0.0218635,-0.00867658,-0.999723
87.94,-0.0227865,-0.00900651,-0.9997
87.96,-0.0204161,-0.00914362,-0.99975
87.98,-0.0204949,-0.00830831,-0.999755
88,-0.0204803,-0.00778109,-0.99976
88.02,-0.0175021,-0.00732414,-0.99982
88.04,-0.0175779,-0.00550841,-0.99983
88.06,-0.0173817,-0.00483639,-0.999837
88.08,-0.0160927,-0.00365065,-0.999864
88.1,-0.0157638,-0.00395986,-0.999868
88.12,-0.0157823,-0.00413151,-0.999867
88.14,-0.0176929,-0.00478633,-0.999832
88.16,-0.0171084,-0.00338622,-0.999848
88.18,-0.019772,-0.00542969,-0.99979
88.2,-0.0185767,-0.0047515,-0.999816
88.22,-0.0193763,-0.00458156,-0.999802
88.24,-0.0200828,-0.00532888,-0.999784
88.26,-0.0185016,-0.00580907,-0.999812
88.28,-0.02009,-0.00499946,-0.999786
88.3,-0.0203987,-0.00554769,-0.999777
88.32,-0.0213436,-0.00338854,-0.999766
88.34,-0.0228386,-0.00309544,-0.999734
88.36,-0.0224295,-0.00360618,-0.999742
88.38,-0.0245112,-0.00308696,-0.999695
88.4,-0.0246491,-0.00150768,-0.999695
88.42,-0.0241936,-0.000333269,-0.999707
88.44,-0.0245376,3.41851e-05,-0.999699
88.46,-0.0238323,0.00271548,-0.999712
88.48,-0.0236269,0.00385056,-0.999713
88.5,-0.0238799,0.00410583,-0.999706
88.52,-0.0226126,0.00336366,-0.999739
88.54,-0.0209658,0.00409374,-0.999772
88.56,-0.020444,0.0051062,-0.999778
88.58,-0.0175741,0.00384931,-0.999838
88.6,-0.0166166,0.00321831,-0.999857
88.62,-0.0152051,0.00306959,-0.99988
88.64,-0.0146247,0.00325403,-0.999888
88.66,-0.013741,0.00317975,-0.999901
88.68,-0.013244,0.00240049,-0.999909
88.7,-0.011489,0.00290302,-0.99993
88.72,-0.0120824,0.00349482,-0.999921
88.74,-0.00852165,0.00219419,-0.999961
88.76,-0.00760751,0.00347774,-0.999965
88.78,-0.00487888,0.00358878,-0.999982
88.8,-0.00634586,0.00530424,-0.999966
88.82,-0.00539235,0.00312404,-0.999981
88.84,-0.00411361,0.00457744,-0.999981
88.86,-0.00606202,0.00490889,-0.99997
88.88,-0.00354465,0.00402506,-0.999986
88.9,-0.00320784,0.00529098,-0.999981
88.92,-0.00483562,0.00563066,-0.999972
88.94,-0.0043673,0.00513512,-0.999977
88.96,-0.00688962,0.00418286,-0.999968
88.98,-0.00513396,0.0033803,-0.999981
89,-0.00644412,0.00377949,-0.999972
89.02,-0.00669198,0.00294804,-0.999973
89.04,-0.00906697,0.00283932,-0.999955
89.06,-0.00731468,0.00242926,-0.99997
89.08,-0.00777096,0.0021258,-0.999968
89.1,-0.00734,0.00157923,-0.999972
89.12,-0.0114568,-0.000133806,-0.999934
89.14,-0.00903252,0.00134915,-0.999958
89.16,-0.00963631,0.000557843,-0.999953
89.18,-0.0103963,0.000551237,-0.999946
89.2,-0.010377,0.000187679,-0.999946
89.22,-0.0112654,-8.79352e-05,-0.999937
89.24,-0.0105916,-0.000369822,-0.999944
89.26,-0.0113921,-0.000464555,-0.999935
89.28,-0.0129443,-0.000553404,-0.999916
89.3,-0.0146495,-0.00173247,-0.999891
89.32,-0.0154467,-0.000852504,-0.99988
89.34,-0.0168534,-0.000948312,-0.999858
89.36,-0.0180494,-0.00139291,-0.999836
89.38,-0.0169771,-0.00224107,-0.999853
89.4,-0.0184717,-0.00270841,-0.999826
89.42,-0.0181326,-0.00386423,-0.999828
89.44,-0.0212509,-0.00324895,-0.999769
89.46,-0.0208986,-0.0039965,-0.999774
89.48,-0.0225067,-0.00590155,-0.999729
89.5,-0.0230827,-0.00655928,-0.999712
89.52,-0.02302,-0.00736595,-0.999708
89.54,-0.0232091,-0.00827085,-0.999696
89.56,-0.0242129,-0.00799585,-0.999675
89.58,-0.0277963,-0.00742751,-0.999586
89.6,-0.0249929,-0.00876177,-0.999649
89.62,-0.0238175,-0.00961644,-0.99967
89.64,-0.0241024,-0.0103054,-0.999656
89.66,-0.027313,-0.00947538,-0.999582
89.68,-0.0251449,-0.0109955,-0.999623
89.7,-0.0256068,-0.0116187,-0.999605
89.72,-0.0263675,-0.0125358,-0.999574
89.74,-0.0261884,-0.0133768,-0.999568
89.76,-0.0282593,-0.0133518,-0.999511
89.78,-0.0265347,-0.0142938,-0.999546
89.8,-0.0264547,-0.0150475,-0.999537
89.82,-0.0244348,-0.0154848,-0.999581
89.84,-0.0252501,-0.0158852,-0.999555
89.86,-0.02472,-0.0165326,-0.999558
89.88,-0.0261806,-0.017423,-0.999505
89.9,-0.0263081,-0.0178141,-0.999495
89.92,-0.0258002,-0.0182464,-0.999501
89.94,-0.0259453,-0.0190759,-0.999481
89.96,-0.0265571,-0.01899,-0.999467
89.98,-0.0262979,-0.0195984,-0.999462
90,-0.0270218,-0.0195898,-0.999443
90.02,-0.0277964,-0.0197067,-0.999419
90.04,-0.0273657,-0.019689,-0.999432
90.06,-0.0281881,-0.0197043,-0.999408
90.08,-0.0294724,-0.0193501,-0.999378
90.1,-0.0302173,-0.0196665,-0.99935
90.12,-0.0311825,-0.0177374,-0.999356
90.14,-0.0327038,-0.0174102,-0.999313
90.16,-0.0334942,-0.0175315,-0.999285
90.18,-0.034661,-0.0165726,-0.999262
90.2,-0.0355198,-0.0164274,-0.999234
90.22,-0.0367315,-0.0150033,-0.999213
90.24,-0.0368257,-0.0153168,-0.999204
90.26,-0.0375836,-0.0135841,-0.999201
90.28,-0.0394793,-0.0125241,-0.999142
90.3,-0.0427535,-0.0134405,-0.998995
90.32,-0.0433196,-0.0118819,-0.998991
90.34,-0.0425736,-0.0115316,-0.999027
90.36,-0.0433559,-0.0116977,-0.998991
90.38,-0.0428125,-0.010378,-0.999029
90.4,-0.0444419,-0.00922185,-0.998969
90.42,-0.0415531,-0.00919574,-0.999094
90.44,-0.0415329,-0.00850742,-0.999101
90.46,-0.0422163,-0.00894253,-0.999068
90.48,-0.0424592,-0.00773486,-0.999068
90.5,-0.0410575,-0.00799428,-0.999125
90.52,-0.0440514,-0.00591568,-0.999012
90.54,-0.0432225,-0.00707637,-0.99904
90.56,-0.0407514,-0.0073886,-0.999142
90.58,-0.0409824,-0.00722188,-0.999134
90.6,-0.0412977,-0.00709086,-0.999122
90.62,-0.0403043,-0.00686285,-0.999164
90.64,-0.039923,-0.00780412,-0.999172
90.66,-0.0397291,-0.00744178,-0.999183
90.68,-0.0365967,-0.0072883,-0.999304
90.7,-0.0341003,-0.00772536,-0.999389
90.72,-0.0302945,-0.00624112,-0.999522
90.74,-0.0283507,-0.00601232,-0.99958
90.76,-0.0262948,-0.00660416,-0.999632
90.78,-0.0234337,-0.00731744,-0.999699
90.8,-0.0199267,-0.006131,-0.999783
90.82,-0.0140097,-0.00785167,-0.999871
90.84,-0.0125513,-0.00699919,-0.999897
90.86,-0.00561859,-0.00794774,-0.999953
90.88,-7.1631e-06,-0.00848947,-0.999964
90.9,0.00421312,-0.00863601,-0.999954
90.92,0.00986878,-0.00864749,-0.999914
90.94,0.013187,-0.00849002,-0.999877
90.96,0.0163628,-0.00996994,-0.999816
90.98,0.0207266,-0.0104173,-0.999731
91,0.0270124,-0.00997093,-0.999585
91.02,0.0297264,-0.0105957,-0.999502
91.04,0.034565,-0.0112294,-0.999339
91.06,0.0371365,-0.0120107,-0.999238
91.08,0.0407117,-0.0131944,-0.999084
91.1,0.0427616,-0.0138598,-0.998989
91.12,0.0441941,-0.0148596,-0.998912
91.14,0.0442515,-0.0154794,-0.9989
91.16,0.0446282,-0.0163547,-0.99887
91.18,0.0459089,-0.0170301,-0.9988
91.2,0.0464658,-0.0174548,-0.998767
91.22,0.0466791,-0.0177255,-0.998753
91.24,0.0458178,-0.0189217,-0.998771
91.26,0.0462122,-0.0187391,-0.998756
91.28,0.045534,-0.0202939,-0.998757
91.3,0.0443037,-0.0204255,-0.998809
91.32,0.0422915,-0.020528,-0.998894
91.34,0.0406717,-0.0213842,-0.998944
91.36,0.0393688,-0.0213349,-0.998997
91.38,0.0352456,-0.0211265,-0.999155
91.4,0.0325166,-0.0215555,-0.999239
91.42,0.0299317,-0.0216493,-0.999317
91.44,0.0268304,-0.021281,-0.999413
91.46,0.0236558,-0.0216414,-0.999486
91.48,0.019881,-0.0217671,-0.999565
91.5,0.0156007,-0.0211576,-0.999654
91.52,0.0072008,-0.0214253,-0.999745
91.54,0.00433296,-0.0216957,-0.999755
91.56,0.000224443,-0.0210457,-0.999778
91.58,-0.00680681,-0.0204967,-0.999767
91.6,-0.0104891,-0.0197148,-0.999751
91.62,-0.0155969,-0.0188359,-0.999701
91.64,-0.0208863,-0.0182969,-0.999614
91.66,-0.0231398,-0.0175265,-0.999579
91.68,-0.0278103,-0.0159293,-0.999486
91.7,-0.0310752,-0.015377,-0.999399
91.72,-0.034084,-0.014931,-0.999307
91.74,-0.0416229,-0.0122925,-0.999058
91.76,-0.045431,-0.0118736,-0.998897
91.78,-0.0504537,-0.0097924,-0.998678
91.8,-0.0546507,-0.00895588,-0.998465
91.82,-0.0622468,-0.00769828,-0.998031
91.84,-0.0661366,-0.00719005,-0.997785
91.86,-0.0699427,-0.00591742,-0.997533
91.88,-0.076457,-0.00532491,-0.997059
91.9,-0.0799158,-0.00368476,-0.996795
91.92,-0.0899277,-0.0037859,-0.995941
91.94,-0.0928673,-0.00396488,-0.995671
91.96,-0.0961624,-0.0048557,-0.995354
91.98,-0.103004,-0.00589054,-0.994664
92,-0.109565,-0.00826678,-0.993945
92.02,-0.117026,-0.0110245,-0.993068
92.04,-0.120642,-0.0132961,-0.992607
92.06,-0.12456,-0.0150146,-0.992098
92.08,-0.129299,-0.0187829,-0.991428
92.1,-0.132241,-0.0196363,-0.991023
92.12,-0.137452,-0.0234519,-0.990231
92.14,-0.138413,-0.0253123,-0.990051
92.16,-0.142218,-0.0276143,-0.98945
92.18,-0.145142,-0.0288773,-0.988989
92.2,-0.147633,-0.031536,-0.988539
92.22,-0.149431,-0.0326951,-0.988231
92.24,-0.153747,-0.0331203,-0.987555
92.26,-0.155368,-0.0334177,-0.987291
92.28,-0.158418,-0.0352875,-0.986741
92.3,-0.160156,-0.0351915,-0.986464
92.32,-0.162795,-0.0348372,-0.986045
92.34,-0.162924,-0.0347732,-0.986026
92.36,-0.164154,-0.0356053,-0.985792
92.38,-0.165671,-0.0339468,-0.985597
92.4,-0.170004,-0.0333958,-0.984877
92.42,-0.170105,-0.0332144,-0.984866
92.44,-0.169545,-0.0330007,-0.98497
92.46,-0.171298,-0.0342577,-0.984623
92.48,-0.171829,-0.032829,-0.98458
92.5,-0.172935,-0.0330965,-0.984377
92.52,-0.171779,-0.0328866,-0.984586
92.54,-0.170617,-0.0319454,-0.984819
92.56,-0.16944,-0.0325776,-0.985002
92.58,-0.165014,-0.0315571,-0.985786
92.6,-0.161869,-0.0320312,-0.986292
92.62,-0.157679,-0.0316562,-0.986983
92.64,-0.15312,-0.0314513,-0.987707
92.66,-0.148795,-0.0307011,-0.988391
92.68,-0.143705,-0.0304914,-0.989151
92.7,-0.13779,-0.0291918,-0.990031
92.72,-0.1303,-0.027708,-0.991087
92.74,-0.124944,-0.0257226,-0.99183
92.76,-0.118512,-0.0242064,-0.992658
92.78,-0.109325,-0.0213888,-0.993776
92.8,-0.102585,-0.0200758,-0.994522
92.82,-0.0945219,-0.015261,-0.995406
92.84,-0.087384,-0.014139,-0.996074
92.86,-0.0814072,-0.0110534,-0.99662
92.88,-0.069766,-0.00785658,-0.997532
92.9,-0.0616941,-0.0062818,-0.998075
92.92,-0.0534295,-0.00429503,-0.998562
92.94,-0.0414639,-0.00189821,-0.999138
92.96,-0.0348976,-0.000627333,-0.999391
92.98,-0.0229988,0.00211798,-0.999733
93,-0.0173398,0.00356199,-0.999843
93.02,-0.0119066,0.00513589,-0.999916
93.04,-0.00284303,0.00775782,-0.999966
93.06,0.00350052,0.00788707,-0.999963
93.08,0.00971705,0.00955328,-0.999907
93.1,0.0129375,0.0101108,-0.999865
93.12,0.0189299,0.00874263,-0.999783
93.14,0.0236727,0.00934469,-0.999676
93.16,0.0266505,0.00971659,-0.999598
93.18,0.0292654,0.00830715,-0.999537
93.2,0.0284968,0.00665355,-0.999572
93.22,0.0314233,0.00801988,-0.999474
93.24,0.0326183,0.00562109,-0.999452
93.26,0.0330867,0.0056953,-0.999436
93.28,0.0350876,0.00433736,-0.999375
93.3,0.0390814,0.00303309,-0.999231
93.32,0.0404264,0.00305402,-0.999178
93.34,0.0395749,0.00398992,-0.999209
93.36,0.0399537,0.00466124,-0.999191
93.38,0.0384921,0.00539353,-0.999244
93.4,0.0351526,0.00664661,-0.99936
93.42,0.0270307,0.00981698,-0.999586
93.44,0.0270307,0.00981698,-0.999586
93.46,0.0262195,0.0111083,-0.999594
93.48,0.0244353,0.0128607,-0.999619
93.5,0.022201,0.013689,-0.99966
93.52,0.0158796,0.0162823,-0.999741
93.54,0.0112674,0.0164072,-0.999802
93.56,0.00632671,0.0180886,-0.999816
93.58,-0.00380677,0.0192417,-0.999808
93.6,-0.00846341,0.0203242,-0.999758
93.62,-0.014741,0.01974,-0.999696
93.64,-0.0227187,0.0206253,-0.999529
93.66,-0.0267437,0.0211904,-0.999418
93.68,-0.0352832,0.0207959,-0.999161
93.7,-0.0434143,0.0196041,-0.998865
93.72,-0.0488645,0.0187781,-0.998629
93.74,-0.0571035,0.0183031,-0.9982
93.76,-0.0625603,0.0180364,-0.997878
93.78,-0.0664097,0.0191946,-0.997608
93.8,-0.0692751,0.0195563,-0.997406
93.82,-0.0738503,0.0190589,-0.997087
93.84,-0.0796901,0.017904,-0.996659
93.86,-0.0825454,0.0171939,-0.996439
93.88,-0.0876168,0.0148325,-0.996044
93.9,-0.0887959,0.0136645,-0.995956
93.92,-0.0917715,0.0124177,-0.995703
93.94,-0.0942822,0.0116361,-0.995478
93.96,-0.0953792,0.0111862,-0.995378
93.98,-0.0991981,0.00938113,-0.995023
94,-0.0994134,0.0102136,-0.994994
94.02,-0.099201,0.00841083,-0.995032
94.04,-0.100265,0.00851877,-0.994924
94.06,-0.10035,0.00786288,-0.994921
94.08,-0.101309,0.00744949,-0.994827
94.1,-0.101242,0.00816212,-0.994828
94.12,-0.102506,0.00727508,-0.994706
94.14,-0.100953,0.00860458,-0.994854
94.16,-0.101657,0.00887921,-0.99478
94.18,-0.101841,0.00823888,-0.994767
94.2,-0.101077,0.00878363,-0.99484
94.22,-0.10205,0.00886359,-0.99474
94.24,-0.100041,0.00890712,-0.994943
94.26,-0.0975785,0.00947227,-0.995183
94.28,-0.0991201,0.00910719,-0.995034
94.3,-0.0971797,0.00917103,-0.995225
94.32,-0.0976661,0.00849502,-0.995183
94.34,-0.0929077,0.00964772,-0.995628
94.36,-0.0901377,0.00968364,-0.995882
94.38,-0.0854483,0.00956026,-0.996297
94.4,-0.0795888,0.0100355,-0.996777
94.42,-0.0762616,0.00946352,-0.997043
94.44,-0.0733937,0.0100338,-0.997253
94.46,-0.0697497,0.0101825,-0.997513
94.48,-0.0646705,0.0107935,-0.997848
94.5,-0.0606357,0.0107751,-0.998102
94.52,-0.0579965,0.0103636,-0.998263
94.54,-0.0532155,0.011084,-0.998522
94.56,-0.049825,0.0112618,-0.998694
94.58,-0.0427976,0.0118108,-0.999014
94.6,-0.040413,0.0120282,-0.999111
94.62,-0.0384123,0.0121646,-0.999188
94.64,-0.032761,0.0125699,-0.999384
94.66,-0.0301525,0.0127714,-0.999464
94.68,-0.0257704,0.01302,-0.999583
94.7,-0.021251,0.0129564,-0.99969
94.72,-0.0166997,0.0127488,-0.999779
94.74,-0.015647,0.0120932,-0.999804
94.76,-0.0156672,0.0125031,-0.999799
94.78,-0.0142269,0.0118788,-0.999828
94.8,-0.0119208,0.012209,-0.999854
94.82,-0.0118512,0.0123884,-0.999853
94.84,-0.0109652,0.0118105,-0.99987
94.86,-0.00728363,0.0127987,-0.999892
94.88,-0.00745572,0.0117364,-0.999903
94.9,-0.00412295,0.0115859,-0.999924
94.92,-0.00313438,0.0112829,-0.999931
94.94,-0.00164784,0.0116556,-0.999931
94.96,0.00121039,0.0114278,-0.999934
94.98,0.00281185,0.0110224,-0.999935
95,0.00127754,0.0103936,-0.999945
95.02,0.00325236,0.00893976,-0.999955
95.04,0.00479573,0.00994354,-0.999939
95.06,0.0056201,0.0104698,-0.999929
95.08,0.00681716,0.0101178,-0.999926
95.1,0.00510533,0.00998478,-0.999937
95.12,0.00137913,0.00870319,-0.999961
95.14,0.000523361,0.00862669,-0.999963
95.16,-0.00353856,0.0062887,-0.999974
95.18,-0.00659907,0.00405705,-0.99997
95.2,-0.0102119,0.00279595,-0.999944
95.22,-0.0131828,0.00182089,-0.999911
95.24,-0.0177998,6.2341e-05,-0.999842
95.26,-0.020245,-0.00154265,-0.999794
95.28,-0.0232874,-0.00342985,-0.999723
95.3,-0.0246986,-0.00433831,-0.999686
95.32,-0.0276617,-0.00513548,-0.999604
95.34,-0.0281496,-0.00600351,-0.999586
95.36,-0.0288561,-0.00535322,-0.999569
95.38,-0.0294328,-0.00473704,-0.999556
95.4,-0.0315868,-0.00436998,-0.999491
95.42,-0.0312264,-0.00564528,-0.999496
95.44,-0.0319164,-0.00519693,-0.999477
95.46,-0.0338158,-0.00617679,-0.999409
95.48,-0.0354433,-0.00695865,-0.999347
95.5,-0.0381508,-0.00610549,-0.999253
95.52,-0.0378106,-0.00458603,-0.999274
95.54,-0.0401959,-0.00457566,-0.999181
95.56,-0.042074,-0.0044511,-0.999105
95.58,-0.0432103,-0.00301838,-0.999061
95.6,-0.0448581,-0.00216659,-0.998991
95.62,-0.0461997,0.000307583,-0.998932
95.64,-0.048013,0.00257063,-0.998843
95.66,-0.0504145,0.00381369,-0.998721
95.68,-0.0520611,0.00539949,-0.998629
95.7,-0.0537942,0.00715072,-0.998526
95.72,-0.0536785,0.00943538,-0.998514
95.74,-0.054219,0.0118984,-0.998458
95.76,-0.0535962,0.0129107,-0.998479
95.78,-0.0535183,0.0147533,-0.998458
95.8,-0.0522376,0.0157109,-0.998511
95.82,-0.0486466,0.0165625,-0.998679
95.84,-0.0452537,0.0177142,-0.998818
95.86,-0.0440708,0.0186506,-0.998854
95.88,-0.0413084,0.0189629,-0.998966
95.9,-0.0392758,0.0202241,-0.999024
95.92,-0.0391056,0.020642,-0.999022
95.94,-0.0342589,0.0224472,-0.999161
95.96,-0.0313457,0.0219682,-0.999267
95.98,-0.0278483,0.0225526,-0.999358
96,-0.0276075,0.0203022,-0.999413
96.02,-0.0245499,0.0216099,-0.999465
96.04,-0.0255211,0.0198151,-0.999478
96.06,-0.0254945,0.0206584,-0.999461
96.08,-0.027599,0.021683,-0.999384
96.1,-0.0277809,0.0205666,-0.999402
96.12,-0.0259032,0.021359,-0.999436
96.14,-0.0291939,0.0205021,-0.999363
96.16,-0.0326433,0.0205167,-0.999256
96.18,-0.0370425,0.018871,-0.999135
96.2,-0.0384381,0.017029,-0.999116
96.22,-0.0398436,0.0158421,-0.99908
96.24,-0.042861,0.0160647,-0.998952
96.26,-0.0438332,0.0144575,-0.998934
96.28,-0.0464719,0.0127659,-0.998838
96.3,-0.0453378,0.0128531,-0.998889
96.32,-0.0473636,0.0110347,-0.998817
96.34,-0.042578,0.0111976,-0.99903
96.36,-0.0418782,0.00925793,-0.99908
96.38,-0.0415522,0.00706591,-0.999111
96.4,-0.0402396,0.00583039,-0.999173
96.42,-0.0380797,0.00447452,-0.999265
96.44,-0.0355184,0.00213759,-0.999367
96.46,-0.0340956,0.000355242,-0.999419
96.48,-0.0321771,-0.00110147,-0.999482
96.5,-0.0318738,-0.00210558,-0.99949
96.52,-0.0304597,-0.0041324,-0.999527
96.54,-0.0263542,-0.00696903,-0.999628
96.56,-0.0223768,-0.00828772,-0.999715
96.58,-0.0225666,-0.00911585,-0.999704
96.6,-0.0230733,-0.010325,-0.99968
96.62,-0.0234951,-0.0100671,-0.999673
96.64,-0.0265963,-0.0125015,-0.999568
96.66,-0.0285274,-0.0132962,-0.999505
96.68,-0.0303811,-0.0151029,-0.999424
96.7,-0.0324309,-0.0149289,-0.999362
96.72,-0.03452,-0.0152597,-0.999288
96.74,-0.0367848,-0.0165467,-0.999186
96.76,-0.036977,-0.0166954,-0.999177
96.78,-0.0369405,-0.0153955,-0.999199
96.8,-0.0356985,-0.0172088,-0.999214
96.82,-0.0359406,-0.0158003,-0.999229
96.84,-0.0354132,-0.015726,-0.999249
96.86,-0.0348796,-0.0147485,-0.999283
96.88,-0.0334388,-0.0135527,-0.999349
96.9,-0.0352484,-0.0130457,-0.999293
96.92,-0.0341586,-0.0118132,-0.999347
96.94,-0.0303481,-0.010968,-0.999479
96.96,-0.0281181,-0.0103036,-0.999552
96.98,-0.0265043,-0.0108761,-0.99959
97,-0.0241194,-0.0111766,-0.999647
97.02,-0.0240333,-0.0124302,-0.999634
97.04,-0.0227633,-0.0139938,-0.999643
97.06,-0.0218212,-0.0149864,-0.99965
97.08,-0.0197645,-0.0136483,-0.999712
97.1,-0.021531,-0.0134623,-0.999678
97.12,-0.0229474,-0.0127164,-0.999656
97.14,-0.0150778,-0.0138097,-0.999791
97.16,-0.0144915,-0.0116741,-0.999827
97.18,-0.0167405,-0.0110071,-0.999799
97.2,-0.0143167,-0.00967984,-0.999851
97.22,-0.0142782,-0.00708338,-0.999873
97.24,-0.0156214,-0.00689151,-0.999854
97.26,-0.0151977,-0.00646098,-0.999864
97.28,-0.0139679,-0.00561487,-0.999887
97.3,-0.0129309,-0.00407044,-0.999908
97.32,-0.011576,-0.00443947,-0.999923
97.34,-0.00999422,-0.00331615,-0.999945
97.36,-0.00788666,-0.00351627,-0.999963
97.38,-0.00438323,-0.00280993,-0.999986
97.4,-0.0121206,-0.000981653,-0.999926
97.42,-0.0111151,0.000502849,-0.999938
97.44,-0.00710359,-0.000640396,-0.999975
97.46,-0.00662238,0.000932391,-0.999978
97.48,-0.0049297,0.000391752,-0.999988
97.5,-0.00519853,0.00186207,-0.999985
97.52,-0.00456825,-0.000294318,-0.99999
97.54,-0.00609666,-0.00182317,-0.99998
97.56,-0.0057582,-0.00267869,-0.99998
97.58,-0.00698196,-0.0036342,-0.999969
97.6,-0.00810175,-0.00433818,-0.999958
97.62,-0.00909763,-0.00578008,-0.999942
97.64,-0.0107497,-0.00577499,-0.999926
97.66,-0.0110736,-0.00692922,-0.999915
97.68,-0.011129,-0.00664121,-0.999916
97.7,-0.0122423,-0.0052385,-0.999911
97.72,-0.0129808,-0.00691452,-0.999892
97.74,-0.0133953,-0.00470253,-0.999899
97.76,-0.0133109,-0.00672637,-0.999889
97.78,-0.00824938,-0.00766468,-0.999937
97.8,-0.0119162,-0.00614547,-0.99991
97.82,-0.0136757,-0.00739233,-0.999879
97.84,-0.0109793,-0.00734747,-0.999913
97.86,-0.0114625,-0.010056,-0.999884
97.88,-0.00814301,-0.00840592,-0.999932
97.9,-0.00553148,-0.00760622,-0.999956
97.92,-0.0035529,-0.00845293,-0.999958
97.94,-0.00249702,-0.00791844,-0.999966
97.96,-0.00409585,-0.00917163,-0.99995
97.98,-0.00427308,-0.00945584,-0.999946
98,-0.00292389,-0.00895163,-0.999956
98.02,-0.0060215,-0.00848032,-0.999946
98.04,-0.00649504,-0.00918978,-0.999937
98.06,-0.008077,-0.00919593,-0.999925
98.08,-0.0106794,-0.00872053,-0.999905
98.1,-0.011914,-0.0087707,-0.999891
98.12,-0.0130324,-0.00952032,-0.99987
98.14,-0.0136766,-0.0119949,-0.999835
98.16,-0.0146579,-0.0122869,-0.999817
98.18,-0.0150005,-0.0117638,-0.999818
98.2,-0.0155506,-0.0116754,-0.999811
98.22,-0.0152598,-0.0135324,-0.999792
98.24,-0.0164655,-0.0136991,-0.999771
98.26,-0.0160267,-0.013756,-0.999777
98.28,-0.0166299,-0.0131597,-0.999775
98.3,-0.0157819,-0.0129897,-0.999791
98.32,-0.0166425,-0.014126,-0.999762
98.34,-0.0145877,-0.0120095,-0.999821
98.36,-0.0167992,-0.0134784,-0.999768
98.38,-0.0154447,-0.011807,-0.999811
98.4,-0.0167263,-0.0137127,-0.999766
98.42,-0.0150671,-0.0112581,-0.999823
98.44,-0.0144652,-0.0122992,-0.99982
98.46,-0.0142428,-0.0134384,-0.999808
98.48,-0.0129629,-0.0111437,-0.999854
98.5,-0.0143811,-0.0114472,-0.999831
98.52,-0.0145776,-0.0110668,-0.999832
98.54,-0.010945,-0.0120301,-0.999868
98.56,-0.0113314,-0.0109047,-0.999876
98.58,-0.0114752,-0.00886046,-0.999895
98.6,-0.0135878,-0.0106393,-0.999851
98.62,-0.0122651,-0.00975751,-0.999877
98.64,-0.0143608,-0.0109759,-0.999837
98.66,-0.0201939,-0.00999169,-0.999746
98.68,-0.0209455,-0.0100643,-0.99973
98.7,-0.020327,-0.00789398,-0.999762
98.72,-0.0222567,-0.00859409,-0.999715
98.74,-0.0225247,-0.00812787,-0.999713
98.76,-0.0193306,-0.00988359,-0.999764
98.78,-0.0222385,-0.010425,-0.999698
98.8,-0.0221297,-0.0106465,-0.999698
98.82,-0.021959,-0.0105779,-0.999703
98.84,-0.0196257,-0.00998985,-0.999757
98.86,-0.0200914,-0.00854984,-0.999762
98.88,-0.0194901,-0.0092999,-0.999767
98.9,-0.0189062,-0.0107666,-0.999763
98.92,-0.0144448,-0.00952988,-0.99985
98.94,-0.0169073,-0.0103609,-0.999803
98.96,-0.0189994,-0.0119871,-0.999748
98.98,-0.0189828,-0.0123975,-0.999743
99,-0.0184952,-0.0116303,-0.999761
99.02,-0.0179165,-0.0116205,-0.999772
99.04,-0.0177358,-0.0119241,-0.999772
99.06,-0.018407,-0.0117746,-0.999761
99.08,-0.0195073,-0.0115737,-0.999743
99.1,-0.0203001,-0.011113,-0.999732
99.12,-0.021602,-0.0118346,-0.999697
99.14,-0.023723,-0.0102186,-0.999666
99.16,-0.0238401,-0.0090476,-0.999675
99.18,-0.0236717,-0.0084614,-0.999684
99.2,-0.0255971,-0.00932707,-0.999629
99.22,-0.0252263,-0.00973675,-0.999634
99.24,-0.0273882,-0.0099205,-0.999576
99.26,-0.0273823,-0.00881237,-0.999586
99.28,-0.0278544,-0.00888171,-0.999573
99.3,-0.0303955,-0.0100265,-0.999488
99.32,-0.0294052,-0.0100246,-0.999517
99.34,-0.0328216,-0.0103825,-0.999407
99.36,-0.0296511,-0.00874753,-0.999522
99.38,-0.0310429,-0.00939056,-0.999474
99.4,-0.0324943,-0.01058,-0.999416
99.42,-0.0323389,-0.0101993,-0.999425
99.44,-0.0335273,-0.0106999,-0.999381
99.46,-0.030339,-0.00807712,-0.999507
99.48,-0.0349595,-0.0102372,-0.999336
99.5,-0.036386,-0.0112919,-0.999274
99.52,-0.0365034,-0.0108888,-0.999274
99.54,-0.0357036,-0.00976888,-0.999315
99.56,-0.0359501,-0.0103491,-0.9993
99.58,-0.0378756,-0.0108912,-0.999223
99.6,-0.0358184,-0.00933262,-0.999315
99.62,-0.0361101,-0.00963072,-0.999301
99.64,-0.0387276,-0.0096172,-0.999204
99.66,-0.0352255,-0.00803097,-0.999347
99.68,-0.0385011,-0.0100463,-0.999208
99.7,-0.0377962,-0.00855529,-0.999249
99.72,-0.0376351,-0.00818062,-0.999258
99.74,-0.0361498,-0.00652859,-0.999325
99.76,-0.0364034,-0.00647161,-0.999316
99.78,-0.0381823,-0.00711509,-0.999245
99.8,-0.037165,-0.00621258,-0.99929
99.82,-0.0374664,-0.00671681,-0.999275
99.84,-0.0394028,-0.00683305,-0.9992
99.86,-0.0375869,-0.00638773,-0.999273
99.88,-0.0392254,-0.00623863,-0.999211
99.9,-0.0380689,-0.00541486,-0.99926
99.92,-0.0377106,-0.0055718,-0.999273
99.94,-0.0369606,-0.00520267,-0.999303
99.96,-0.0386438,-0.00504578,-0.99924
99.98,-0.0380478,-0.00512348,-0.999263
100,-0.0393007,-0.0060637,-0.999209
100.02,-0.0389069,-0.00653263,-0.999221
100.04,-0.037131,-0.00450331,-0.9993
100.06,-0.0379775,-0.00578581,-0.999262
100.08,-0.0361687,-0.00487659,-0.999334
100.1,-0.0369334,-0.00616957,-0.999299
100.12,-0.0349155,-0.00386864,-0.999383
100.14,-0.0350721,-0.00550539,-0.99937
100.16,-0.034089,-0.00512129,-0.999406
100.18,-0.0327006,-0.00489446,-0.999453
100.2,-0.031829,-0.00449173,-0.999483
100.22,-0.0325559,-0.00511469,-0.999457
100.24,-0.0301953,-0.00391397,-0.999536
100.26,-0.0291889,-0.00553949,-0.999559
100.28,-0.02828,-0.00400873,-0.999592
100.3,-0.0283239,-0.00273965,-0.999595
100.32,-0.0283306,-0.00389164,-0.999591
100.34,-0.0277191,-0.00491975,-0.999604
100.36,-0.0268328,-0.00476246,-0.999629
100.38,-0.0251583,-0.00346348,-0.999677
100.4,-0.0272335,-0.00478157,-0.999618
100.42,-0.0291734,-0.00548123,-0.999559
100.44,-0.0280581,-0.00448562,-0.999596
100.46,-0.0274856,-0.0041513,-0.999614
100.48,-0.0274224,-0.00267716,-0.99962
100.5,-0.0272862,-0.00331172,-0.999622
100.52,-0.0281138,-0.00323088,-0.9996
100.54,-0.0271916,-0.00278672,-0.999626
100.56,-0.0257097,-0.00176885,-0.999668
100.58,-0.0245583,-7.90491e-05,-0.999698
100.6,-0.0260059,-0.000965882,-0.999661
100.62,-0.0267859,-0.00310106,-0.999636
100.64,-0.0245948,-0.000452251,-0.999697
100.66,-0.0241446,-0.000571195,-0.999708
100.68,-0.0232851,-0.00150271,-0.999728
100.7,-0.0234594,-0.00098353,-0.999724
100.72,-0.0248826,-0.00108712,-0.99969
100.74,-0.0251371,-0.00199193,-0.999682
100.76,-0.0261848,-0.0026872,-0.999654
100.78,-0.0268785,-0.00369175,-0.999632
100.8,-0.0268846,-0.00301731,-0.999634
100.82,-0.0291962,-0.00333337,-0.999568
100.84,-0.0301251,-0.00416563,-0.999537
100.86,-0.0298642,-0.00323606,-0.999549
100.88,-0.0288518,-0.00185603,-0.999582
100.9,-0.0292958,-0.00231434,-0.999568
100.92,-0.0302839,-0.00261038,-0.999538
100.94,-0.0314891,-0.0031097,-0.999499
100.96,-0.0322278,-0.00304873,-0.999476
100.98,-0.0320564,-0.00267625,-0.999482
101,-0.0330862,-0.00304441,-0.999448
101.02,-0.0338399,-0.00334071,-0.999422
101.04,-0.0352345,-0.00255526,-0.999376
101.06,-0.0361574,-0.00293294,-0.999342
101.08,-0.0373628,-0.00230028,-0.999299
101.1,-0.0383872,-0.00298962,-0.999258
101.12,-0.0386711,-0.00333677,-0.999246
101.14,-0.0401502,-0.00453793,-0.999183
101.16,-0.0398587,-0.00444707,-0.999195
101.18,-0.0418817,-0.00584126,-0.999106
101.2,-0.0417141,-0.00618129,-0.99911
101.22,-0.0447805,-0.00694487,-0.998973
101.24,-0.0476858,-0.00895011,-0.998822
101.26,-0.0484694,-0.00926917,-0.998782
101.28,-0.0509118,-0.0106368,-0.998647
101.3,-0.0515286,-0.00959187,-0.998625
101.32,-0.0537411,-0.0113757,-0.99849
101.34,-0.0523732,-0.0101375,-0.998576
101.36,-0.0536637,-0.0100549,-0.998508
101.38,-0.0567391,-0.011256,-0.998326
101.4,-0.0583961,-0.0129607,-0.998209
101.42,-0.0601922,-0.0147685,-0.998078
101.44,-0.061479,-0.0158115,-0.997983
101.46,-0.0607321,-0.0155788,-0.998033
101.48,-0.0617016,-0.0165172,-0.997958
101.5,-0.0623529,-0.0165173,-0.997917
101.52,-0.0624372,-0.0168916,-0.997906
101.54,-0.062698,-0.0166759,-0.997893
101.56,-0.0623425,-0.016693,-0.997915
101.58,-0.0610659,-0.0167743,-0.997993
101.6,-0.0588259,-0.0159828,-0.99814
101.62,-0.0586899,-0.0170934,-0.99813
101.64,-0.0570957,-0.0177702,-0.998211
101.66,-0.0582422,-0.0188475,-0.998125
101.68,-0.0585414,-0.0181357,-0.99812
101.7,-0.0598765,-0.01987,-0.998008
101.72,-0.0602001,-0.0191482,-0.998003
101.74,-0.0605682,-0.0197802,-0.997968
101.76,-0.0606594,-0.0192714,-0.997972
101.78,-0.0624215,-0.0204219,-0.997841
101.8,-0.0633307,-0.0215627,-0.99776
101.82,-0.0636536,-0.0224691,-0.997719
101.84,-0.0634203,-0.0224373,-0.997735
101.86,-0.0659985,-0.0227753,-0.99756
101.88,-0.0653846,-0.0224812,-0.997607
101.9,-0.0668251,-0.0218434,-0.997526
101.92,-0.0677104,-0.0225062,-0.997451
101.94,-0.0688159,-0.0237055,-0.997348
101.96,-0.0698652,-0.0243921,-0.997258
101.98,-0.0705042,-0.0240217,-0.997222
102,-0.0709897,-0.0246591,-0.997172
102.02,-0.0718997,-0.024597,-0.997109
102.04,-0.0744123,-0.026328,-0.99688
102.06,-0.0736561,-0.0264353,-0.996933
102.08,-0.0743825,-0.0278463,-0.996841
102.1,-0.0763844,-0.0293694,-0.996646
102.12,-0.0765211,-0.0294573,-0.996633
102.14,-0.078196,-0.0287775,-0.996523
102.16,-0.0788487,-0.029005,-0.996465
102.18,-0.0795981,-0.0298145,-0.996381
102.2,-0.0756254,-0.0303009,-0.996676
102.22,-0.0820158,-0.031289,-0.99614
102.24,-0.0800172,-0.0315003,-0.996296
102.26,-0.0826989,-0.0334812,-0.996012
102.28,-0.0823132,-0.0335226,-0.996043
102.3,-0.0838754,-0.0337022,-0.995906
102.32,-0.0894427,-0.0349764,-0.995378
102.34,-0.0858433,-0.0332178,-0.995755
102.36,-0.0864874,-0.0338106,-0.995679
102.38,-0.0829045,-0.0339272,-0.99598
102.4,-0.0898711,-0.0353401,-0.995326
102.42,-0.0906664,-0.0356794,-0.995242
102.44,-0.0912311,-0.0361588,-0.995173
102.46,-0.092762,-0.0355847,-0.995052
102.48,-0.092493,-0.0360035,-0.995062
102.5,-0.0939624,-0.0359615,-0.994926
102.52,-0.0933544,-0.0355963,-0.994996
102.54,-0.095154,-0.0367211,-0.994785
102.56,-0.0955712,-0.0370723,-0.994732
102.58,-0.0950218,-0.0373698,-0.994774
102.6,-0.0941263,-0.0378513,-0.99484
102.62,-0.0946221,-0.0379935,-0.994788
102.64,-0.0951166,-0.0385247,-0.99472
102.66,-0.0939491,-0.038498,-0.994832
102.68,-0.0944339,-0.0388374,-0.994773
102.7,-0.0936031,-0.0384875,-0.994865
102.72,-0.0938392,-0.0387283,-0.994834
102.74,-0.0941861,-0.0393778,-0.994776
102.76,-0.0943191,-0.0393849,-0.994763
102.78,-0.0945768,-0.0386751,-0.994766
102.8,-0.0937439,-0.0389671,-0.994833
102.82,-0.0934877,-0.0392335,-0.994847
102.84,-0.0922686,-0.0396175,-0.994946
102.86,-0.0917935,-0.0395798,-0.994991
102.88,-0.0918621,-0.0394584,-0.99499
102.9,-0.0922004,-0.039941,-0.994939
102.92,-0.0914096,-0.0401417,-0.995004
102.94,-0.0907565,-0.0406171,-0.995044
102.96,-0.0893365,-0.040345,-0.995184
102.98,-0.089319,-0.0407972,-0.995167
103,-0.089099,-0.0403079,-0.995207
103.02,-0.0880512,-0.0402229,-0.995304
103.04,-0.0895454,-0.0413295,-0.995125
103.06,-0.0892898,-0.0415937,-0.995137
103.08,-0.0889346,-0.0414257,-0.995176
103.1,-0.0894904,-0.0417989,-0.99511
103.12,-0.0887198,-0.0403433,-0.995239
103.14,-0.0895798,-0.0414064,-0.995119
103.16,-0.089804,-0.0412408,-0.995105
103.18,-0.089759,-0.0424328,-0.995059
103.2,-0.0896961,-0.0423195,-0.99507
103.22,-0.0898545,-0.0423037,-0.995056
103.24,-0.0902132,-0.0426402,-0.995009
103.26,-0.0907737,-0.0426707,-0.994957
103.28,-0.0917268,-0.0430878,-0.994852
103.3,-0.0913985,-0.0432689,-0.994874
103.32,-0.0911395,-0.043491,-0.994888
103.34,-0.0917653,-0.0430855,-0.994848
103.36,-0.0918982,-0.0433145,-0.994826
103.38,-0.091708,-0.0429658,-0.994859
103.4,-0.0910986,-0.043017,-0.994912
103.42,-0.0908799,-0.0428154,-0.994941
103.44,-0.0917161,-0.0435448,-0.994833
103.46,-0.0918428,-0.0429813,-0.994845
103.48,-0.0920714,-0.0432399,-0.994813
103.5,-0.0919867,-0.0433951,-0.994814
103.52,-0.092174,-0.0435364,-0.994791
103.54,-0.0919577,-0.0435274,-0.994811
103.56,-0.0927208,-0.0437589,-0.99473
103.58,-0.0930814,-0.0440461,-0.994684
103.6,-0.0927671,-0.0436719,-0.99473
103.62,-0.0929909,-0.0439111,-0.994698
103.64,-0.0930546,-0.0433304,-0.994718
103.66,-0.093165,-0.0433339,-0.994707
103.68,-0.0930857,-0.0434176,-0.994711
103.7,-0.0935046,-0.0435262,-0.994667
103.72,-0.0940435,-0.0437416,-0.994607
103.74,-0.0940012,-0.0441637,-0.994592
103.76,-0.0938841,-0.0441051,-0.994606
103.78,-0.0946073,-0.0442977,-0.994529
103.8,-0.094755,-0.0443978,-0.99451
103.82,-0.0948189,-0.0441284,-0.994516
103.84,-0.094444,-0.0441195,-0.994552
103.86,-0.0944523,-0.0441922,-0.994548
103.88,-0.0948183,-0.0441865,-0.994513
103.9,-0.0947932,-0.0446281,-0.994496
103.92,-0.0953723,-0.0442781,-0.994456
103.94,-0.0954389,-0.0441644,-0.994455
103.96,-0.0954478,-0.0443596,-0.994446
103.98,-0.0953772,-0.0443263,-0.994454
104,-0.0949667,-0.0444195,-0.994489
104.02,-0.0953053,-0.0446031,-0.994448
104.04,-0.0952165,-0.0443241,-0.994469
104.06,-0.0950127,-0.0440045,-0.994503
104.08,-0.0948475,-0.0445898,-0.994493
104.1,-0.0952039,-0.0442979,-0.994472
104.12,-0.0952136,-0.0443785,-0.994467
104.14,-0.0950239,-0.0442759,-0.99449
104.16,-0.0947876,-0.0446203,-0.994497
104.18,-0.0941686,-0.0441074,-0.994579
104.2,-0.094401,-0.0442932,-0.994548
104.22,-0.0944304,-0.0442445,-0.994548
104.24,-0.0941293,-0.0438442,-0.994594
104.26,-0.0945921,-0.0442019,-0.994534
104.28,-0.0944851,-0.0443496,-0.994538
104.3,-0.0944355,-0.0446683,-0.994528
104.32,-0.0945837,-0.0434589,-0.994568
104.34,-0.094768,-0.0438756,-0.994532
104.36,-0.0938874,-0.0439274,-0.994613
104.38,-0.0943708,-0.0439464,-0.994567
104.4,-0.0940775,-0.0437947,-0.994601
104.42,-0.093895,-0.0438252,-0.994617
104.44,-0.0933987,-0.0436597,-0.994671
104.46,-0.0938417,-0.0442309,-0.994604
104.48,-0.0936943,-0.0441067,-0.994624
104.5,-0.0940113,-0.0440566,-0.994596
104.52,-0.0939659,-0.0441495,-0.994596
104.54,-0.093815,-0.0439926,-0.994617
104.56,-0.0938925,-0.0437228,-0.994622
104.58,-0.0937341,-0.0443134,-0.994611
104.6,-0.0943967,-0.0442565,-0.99455
104.62,-0.0938503,-0.0443281,-0.994599
104.64,-0.0937424,-0.0439337,-0.994627
104.66,-0.0934849,-0.0440176,-0.994647
104.68,-0.0929224,-0.0434923,-0.994723
104.7,-0.0930862,-0.0438032,-0.994694
104.72,-0.092884,-0.0440547,-0.994702
104.74,-0.0934883,-0.0439439,-0.99465
104.76,-0.0944774,-0.0443072,-0.994541
104.78,-0.0932378,-0.0436932,-0.994685
104.8,-0.0934662,-0.0447902,-0.994614
104.82,-0.0934949,-0.0437639,-0.994657
104.84,-0.0929104,-0.0433793,-0.994729
104.86,-0.0923147,-0.0436405,-0.994773
104.88,-0.0924194,-0.0437857,-0.994757
104.9,-0.0927058,-0.043195,-0.994756
104.92,-0.0916167,-0.042578,-0.994884
104.94,-0.0925161,-0.0430348,-0.994781
104.96,-0.0925795,-0.0429969,-0.994777
104.98,-0.0924374,-0.0435523,-0.994766
105,-0.0924692,-0.0432614,-0.994775
105.02,-0.0926448,-0.043049,-0.994768
105.04,-0.0921316,-0.0431447,-0.994812
105.06,-0.0931417,-0.0439797,-0.994681
105.08,-0.0936771,-0.0434015,-0.994656
105.1,-0.0918913,-0.0435763,-0.994815
105.12,-0.091863,-0.0432018,-0.994834
105.14,-0.0915641,-0.0429682,-0.994872
105.16,-0.0916265,-0.0428486,-0.994871
105.18,-0.0930154,-0.0428699,-0.994741
105.2,-0.0938872,-0.0441294,-0.994604
105.22,-0.0937872,-0.0440733,-0.994616
105.24,-0.0931808,-0.0428339,-0.994727
105.26,-0.0934054,-0.0431388,-0.994693
105.28,-0.0942289,-0.0437788,-0.994588
105.3,-0.0942818,-0.0433591,-0.994601
105.32,-0.0942783,-0.0441049,-0.994568
105.34,-0.0942183,-0.0440024,-0.994579
105.36,-0.0940359,-0.0438827,-0.994601
105.38,-0.0940547,-0.0441919,-0.994586
105.4,-0.0942892,-0.0441349,-0.994566
105.42,-0.0941782,-0.0438552,-0.994589
105.44,-0.0945294,-0.0445701,-0.994524
105.46,-0.0939743,-0.0439342,-0.994605
105.48,-0.0942308,-0.0445593,-0.994553
105.5,-0.0942308,-0.0445593,-0.994553
105.52,-0.0945277,-0.0435942,-0.994567
105.54,-0.0943689,-0.0444397,-0.994545
105.56,-0.0948427,-0.0443837,-0.994502
105.58,-0.0947626,-0.0442203,-0.994517
105.6,-0.0941839,-0.044345,-0.994567
105.62,-0.093641,-0.0437866,-0.994643
105.64,-0.0948021,-0.0442141,-0.994514
105.66,-0.0938042,-0.0441513,-0.994611
105.68,-0.0941362,-0.0438369,-0.994594
105.7,-0.0941991,-0.0438071,-0.994589
105.72,-0.0944823,-0.0439372,-0.994556
105.74,-0.0941263,-0.04425,-0.994576
105.76,-0.0944733,-0.0443806,-0.994538
105.78,-0.0947322,-0.0436528,-0.994545
105.8,-0.0946917,-0.0437098,-0.994547
105.82,-0.0944142,-0.0444539,-0.99454
105.84,-0.0945139,-0.0443081,-0.994537
105.86,-0.0949303,-0.0435536,-0.994531
105.88,-0.0945777,-0.0442998,-0.994531
105.9,-0.0943821,-0.0435411,-0.994583
105.92,-0.0938046,-0.0438037,-0.994627
105.94,-0.0933574,-0.0428501,-0.99471
105.96,-0.093885,-0.0433865,-0.994637
105.98,-0.0937603,-0.0426916,-0.994679
106,-0.0945088,-0.0442065,-0.994542
106.02,-0.0946381,-0.0444948,-0.994517
106.04,-0.0945019,-0.0442535,-0.994541
106.06,-0.0945761,-0.0444548,-0.994525
106.08,-0.0948245,-0.0436136,-0.994538
106.1,-0.0946285,-0.0441936,-0.994531
106.12,-0.0944784,-0.0440567,-0.994552
106.14,-0.0945869,-0.0444171,-0.994525
106.16,-0.0945857,-0.0444178,-0.994525
106.18,-0.0944953,-0.0443395,-0.994537
106.2,-0.0944975,-0.0440038,-0.994552
106.22,-0.0941516,-0.0441451,-0.994579
106.24,-0.0942891,-0.0441659,-0.994565
106.26,-0.0941675,-0.0436455,-0.994599
106.28,-0.0947499,-0.0440761,-0.994525
106.3,-0.0945593,-0.0441714,-0.994539
106.32,-0.0941422,-0.0442269,-0.994576
106.34,-0.0943881,-0.0444154,-0.994544
106.36,-0.0938933,-0.0442242,-0.9946
106.38,-0.0941282,-0.04361,-0.994604
106.4,-0.0941671,-0.0440631,-0.994581
106.42,-0.0943005,-0.0435379,-0.994591
106.44,-0.0946702,-0.0444254,-0.994517
106.46,-0.0943847,-0.0441501,-0.994556
106.48,-0.0943207,-0.0443674,-0.994553
106.5,-0.0942953,-0.0438494,-0.994578
106.52,-0.0946856,-0.0438406,-0.994541
106.54,-0.0944025,-0.043996,-0.994561
106.56,-0.0930542,-0.0436173,-0.994705
106.58,-0.0934156,-0.043478,-0.994677
106.6,-0.0933115,-0.0434349,-0.994689
106.62,-0.0932556,-0.044114,-0.994664
106.64,-0.0938598,-0.0438898,-0.994618
106.66,-0.0943917,-0.0438145,-0.994571
106.68,-0.0932803,-0.0437812,-0.994677
106.7,-0.0936181,-0.0441499,-0.994629
106.72,-0.093277,-0.0439488,-0.99467
106.74,-0.0939955,-0.0436231,-0.994616
106.76,-0.093312,-0.0438439,-0.994671
106.78,-0.0935988,-0.0437867,-0.994647
106.8,-0.0941159,-0.044405,-0.99457
106.82,-0.0932488,-0.0438768,-0.994676
106.84,-0.0943015,-0.0441732,-0.994563
106.86,-0.0941988,-0.044315,-0.994567
106.88,-0.0940687,-0.0437357,-0.994605
106.9,-0.09466,-0.0444794,-0.994515
106.92,-0.0943658,-0.0440014,-0.994565
106.94,-0.0941839,-0.0443985,-0.994564
106.96,-0.0940613,-0.0438924,-0.994598
106.98,-0.0934476,-0.0441441,-0.994645
107,-0.093169,-0.0440337,-0.994676
107.02,-0.0928155,-0.0439905,-0.994711
107.04,-0.0928929,-0.0437225,-0.994716
107.06,-0.0933227,-0.043722,-0.994675
107.08,-0.0949678,-0.044205,-0.994498
107.1,-0.0954179,-0.0440903,-0.99446
107.12,-0.0956357,-0.0441968,-0.994435
107.14,-0.0957861,-0.044155,-0.994422
107.16,-0.0946325,-0.0440059,-0.994539
107.18,-0.0946806,-0.0441439,-0.994528
107.2,-0.0942825,-0.0439999,-0.994573
107.22,-0.095455,-0.0441,-0.994456
107.24,-0.0948028,-0.0440551,-0.994521
107.26,-0.0950845,-0.044024,-0.994495
107.28,-0.0950829,-0.0434297,-0.994522
107.3,-0.0949516,-0.0441663,-0.994502
107.32,-0.0957475,-0.0444656,-0.994412
107.34,-0.0950701,-0.0439491,-0.9945
107.36,-0.0953091,-0.0441109,-0.99447
107.38,-0.0948817,-0.0440962,-0.994511
107.4,-0.0945571,-0.0443255,-0.994532
107.42,-0.095097,-0.0440318,-0.994494
107.44,-0.0944242,-0.0428989,-0.994607
107.46,-0.0950144,-0.0439377,-0.994506
107.48,-0.0943772,-0.0434625,-0.994587
107.5,-0.0947278,-0.0441931,-0.994522
107.52,-0.0949369,-0.0437651,-0.994521
107.54,-0.0947058,-0.0434056,-0.994559
107.56,-0.0949717,-0.0438917,-0.994512
107.58,-0.0948553,-0.0440873,-0.994514
107.6,-0.0951273,-0.0440037,-0.994492
107.62,-0.0952716,-0.0438495,-0.994485
107.64,-0.0951467,-0.0441654,-0.994483
107.66,-0.0945864,-0.0440533,-0.994541
107.68,-0.095156,-0.0442083,-0.99448
107.7,-0.095129,-0.0439913,-0.994492
107.72,-0.0951127,-0.0440557,-0.994491
107.74,-0.0945787,-0.0439948,-0.994545
107.76,-0.094496,-0.0441244,-0.994547
107.78,-0.0943426,-0.0441815,-0.994559
107.8,-0.0946771,-0.0442323,-0.994525
107.82,-0.0942596,-0.0438531,-0.994581
107.84,-0.0949972,-0.0438948,-0.994509
107.86,-0.0949917,-0.0443901,-0.994488
107.88,-0.0947897,-0.0440811,-0.994521
107.9,-0.0951338,-0.0435245,-0.994513
107.92,-0.0953422,-0.0442435,-0.994461
107.94,-0.0954501,-0.0441419,-0.994455
107.96,-0.0953278,-0.0443645,-0.994457
107.98,-0.0954137,-0.0438757,-0.99447
108,-0.0948945,-0.043928,-0.994518
108.02,-0.0945515,-0.0438623,-0.994553
108.04,-0.0949525,-0.044066,-0.994506
108.06,-0.0953551,-0.0435588,-0.99449
108.08,-0.0954891,-0.0438405,-0.994465
108.1,-0.0947407,-0.0438231,-0.994537
108.12,-0.0950977,-0.0439065,-0.994499
108.14,-0.0944743,-0.0431839,-0.99459
108.16,-0.0944412,-0.0440144,-0.994557
108.18,-0.0951969,-0.0439976,-0.994486
108.2,-0.0947413,-0.043829,-0.994537
108.22,-0.0937648,-0.0427572,-0.994676
108.24,-0.0942022,-0.0425213,-0.994645
108.26,-0.0946534,-0.0439617,-0.994539
108.28,-0.0939031,-0.0432606,-0.994641
108.3,-0.094809,-0.0438293,-0.99453
108.32,-0.0939316,-0.0428037,-0.994658
108.34,-0.0944701,-0.0440535,-0.994553
108.36,-0.0944447,-0.0439575,-0.994559
108.38,-0.0944325,-0.0440472,-0.994556
108.4,-0.0946247,-0.0434183,-0.994566
108.42,-0.094834,-0.0439493,-0.994522
108.44,-0.0950654,-0.0441374,-0.994492
108.46,-0.0945945,-0.0441129,-0.994538
108.48,-0.0955667,-0.0437449,-0.994461
108.5,-0.0938671,-0.0431746,-0.994648
108.52,-0.0937907,-0.0429397,-0.994666
108.54,-0.0940194,-0.0428702,-0.994647
108.56,-0.0938238,-0.0432702,-0.994648
108.58,-0.0938609,-0.0434215,-0.994638
108.6,-0.0943441,-0.0431343,-0.994605
108.62,-0.0945638,-0.0434878,-0.994569
108.64,-0.0940843,-0.0426401,-0.994651
108.66,-0.0937437,-0.0430888,-0.994663
108.68,-0.0952504,-0.0434576,-0.994504
108.7,-0.0951383,-0.044259,-0.99448
108.72,-0.0951366,-0.0433769,-0.994519
108.74,-0.0945797,-0.0445683,-0.994519
108.76,-0.0949716,-0.0441326,-0.994501
108.78,-0.0940353,-0.0431741,-0.994632
108.8,-0.0949419,-0.0442848,-0.994497
108.82,-0.0952637,-0.0439482,-0.994481
108.84,-0.0949128,-0.0443696,-0.994496
108.86,-0.0942429,-0.0441675,-0.994569
108.88,-0.0943258,-0.0432536,-0.994601
108.9,-0.0946778,-0.0439486,-0.994537
108.92,-0.0946774,-0.0444369,-0.994516
108.94,-0.0944259,-0.0440767,-0.994556
108.96,-0.0944909,-0.044148,-0.994546
108.98,-0.0943697,-0.0442869,-0.994552
109,-0.0941498,-0.0432598,-0.994618
109.02,-0.0946156,-0.0430013,-0.994585
109.04,-0.0937414,-0.0432656,-0.994656
109.06,-0.0935965,-0.0431036,-0.994677
109.08,-0.0951593,-0.0443144,-0.994475
109.1,-0.0934834,-0.0432284,-0.994682
109.12,-0.0942012,-0.0438565,-0.994587
109.14,-0.0953911,-0.0443513,-0.994451
109.16,-0.0940642,-0.0436416,-0.994609
109.18,-0.0950671,-0.0436137,-0.994515
109.2,-0.0937696,-0.0434364,-0.994646
109.22,-0.0951776,-0.0436933,-0.994501
109.24,-0.094854,-0.0443795,-0.994501
109.26,-0.0939127,-0.0431624,-0.994644
109.28,-0.0949654,-0.044297,-0.994495
109.3,-0.0945336,-0.042778,-0.994602
109.32,-0.0944432,-0.0429169,-0.994605
109.34,-0.0937931,-0.0434607,-0.994643
109.36,-0.094258,-0.0434889,-0.994597
109.38,-0.0945485,-0.0438265,-0.994555
109.4,-0.094343,-0.0436841,-0.994581
109.42,-0.0941722,-0.0431327,-0.994621
109.44,-0.0940623,-0.0426753,-0.994651
109.46,-0.0945493,-0.0441599,-0.99454
109.48,-0.093836,-0.04294,-0.994661
109.5,-0.0937564,-0.042897,-0.994671
109.52,-0.0944241,-0.0440659,-0.994556
109.54,-0.0943953,-0.0437205,-0.994574
109.56,-0.0945964,-0.0435933,-0.994561
109.58,-0.0943191,-0.0443292,-0.994555
109.6,-0.0947489,-0.0444719,-0.994507
109.62,-0.0943601,-0.0433664,-0.994593
109.64,-0.0952362,-0.0440867,-0.994478
109.66,-0.0944577,-0.0424791,-0.994622
109.68,-0.0937596,-0.0427146,-0.994678
109.7,-0.0941048,-0.0432528,-0.994622
109.72,-0.0940399,-0.0433954,-0.994622
109.74,-0.0940947,-0.0427139,-0.994647
109.76,-0.0942366,-0.0437033,-0.99459
109.78,-0.0947878,-0.0443272,-0.99451
109.8,-0.0943199,-0.0441426,-0.994563
109.82,-0.0946934,-0.0435007,-0.994556
109.84,-0.0937976,-0.0430667,-0.994659
109.86,-0.0944015,-0.0444037,-0.994543
109.88,-0.0948251,-0.0442304,-0.994511
109.9,-0.0939401,-0.0435929,-0.994623
109.92,-0.0944975,-0.0430021,-0.994596
109.94,-0.0944221,-0.0438068,-0.994568
109.96,-0.093698,-0.0434537,-0.994652
109.98,-0.0945635,-0.0439187,-0.99455
110,-0.0942224,-0.0426945,-0.994635
110.02,-0.0938787,-0.0434516,-0.994635
110.04,-0.0940639,-0.042921,-0.994641
110.06,-0.0942727,-0.0438087,-0.994582
110.08,-0.0945264,-0.0438112,-0.994558
110.1,-0.0941125,-0.0439809,-0.99459
110.12,-0.093946,-0.0438907,-0.994609
110.14,-0.0944248,-0.0430927,-0.994599
110.16,-0.0933758,-0.0431429,-0.994696
110.18,-0.0948891,-0.0438159,-0.994523
110.2,-0.094519,-0.0438403,-0.994557
110.22,-0.0945218,-0.043783,-0.99456
110.24,-0.0937473,-0.0428845,-0.994672
110.26,-0.0949603,-0.043722,-0.99452
110.28,-0.0944175,-0.0432002,-0.994595
110.3,-0.0944016,-0.0431837,-0.994597
110.32,-0.0938548,-0.0427378,-0.994668
110.34,-0.0941046,-0.0432167,-0.994624
110.36,-0.0944324,-0.0431994,-0.994594
110.38,-0.0940806,-0.0429373,-0.994638
110.4,-0.0944353,-0.043317,-0.994588
110.42,-0.0943617,-0.0427385,-0.99462
110.44,-0.0941584,-0.0433292,-0.994614
110.46,-0.0936886,-0.0428784,-0.994678
110.48,-0.0937857,-0.0431274,-0.994658
110.5,-0.0940341,-0.0431825,-0.994632
110.52,-0.0935569,-0.043543,-0.994661
110.54,-0.0942731,-0.0435886,-0.994592
110.56,-0.0940994,-0.0433778,-0.994617
110.58,-0.0950217,-0.0440907,-0.994498
110.6,-0.0936496,-0.0436421,-0.994648
110.62,-0.0946659,-0.0443007,-0.994523
110.64,-0.0946011,-0.0442669,-0.994531
110.66,-0.0948359,-0.0445004,-0.994498
110.68,-0.0944448,-0.0442994,-0.994544
110.7,-0.0943243,-0.0442322,-0.994558
110.72,-0.0934865,-0.0435561,-0.994667
110.74,-0.0939738,-0.0438232,-0.99461
110.76,-0.0950914,-0.043843,-0.994503
110.78,-0.0936265,-0.0430359,-0.994677
110.8,-0.0947051,-0.0437599,-0.994543
110.82,-0.0943756,-0.0438473,-0.994571
110.84,-0.0939364,-0.0431043,-0.994645
110.86,-0.093659,-0.0427753,-0.994685
110.88,-0.0954167,-0.0439132,-0.994468
110.9,-0.0946286,-0.0438045,-0.994548
110.92,-0.0949378,-0.0446492,-0.994481
110.94,-0.0946191,-0.0439676,-0.994542
110.96,-0.094666,-0.0443196,-0.994522
110.98,-0.0947676,-0.0434553,-0.994551
111,-0.0950856,-0.0443709,-0.99448
111.02,-0.0949262,-0.0442005,-0.994503
111.04,-0.0951795,-0.0439497,-0.994489
111.06,-0.0943343,-0.0440806,-0.994564
111.08,-0.0943275,-0.0440845,-0.994565
111.1,-0.0945843,-0.0442299,-0.994534
111.12,-0.093968,-0.0438902,-0.994607
111.14,-0.0936874,-0.0444641,-0.994608
111.16,-0.0932638,-0.0493754,-0.994416
111.18,-0.0900942,-0.0537083,-0.994484
111.2,-0.086454,-0.0591572,-0.994498
111.22,-0.0856561,-0.0588695,-0.994584
111.24,-0.0850141,-0.0548438,-0.994869
111.26,-0.0872777,-0.0512431,-0.994865
111.28,-0.0887695,-0.0489098,-0.994851
111.3,-0.0893046,-0.0478059,-0.994856
111.32,-0.0882957,-0.0478218,-0.994946
111.34,-0.0932489,-0.052977,-0.994232
111.36,-0.0883328,-0.0592286,-0.994329
111.38,-0.0840599,-0.0673305,-0.994183
111.4,-0.0757607,-0.0764828,-0.994188
111.42,-0.0719255,-0.0781114,-0.994347
111.44,-0.0642177,-0.0783492,-0.994856
111.46,-0.052569,-0.0741217,-0.995863
111.48,-0.0507494,-0.078262,-0.99564
111.5,-0.0433973,-0.0819239,-0.995693
111.52,-0.0321202,-0.0790949,-0.996349
111.54,-0.0250116,-0.0720662,-0.997086
111.56,-0.0262253,-0.0686134,-0.997299
111.58,-0.0376134,-0.0665372,-0.997075
111.6,-0.0456971,-0.0622072,-0.997017
111.62,-0.0521533,-0.0609887,-0.996775
111.64,-0.0663952,-0.0577295,-0.996122
111.66,-0.0809756,-0.0584129,-0.995003
111.68,-0.103253,-0.0534084,-0.99322
111.7,-0.120046,-0.0534382,-0.991329
111.72,-0.130754,-0.0542558,-0.989929
111.74,-0.142827,-0.0538118,-0.988284
111.76,-0.151855,-0.0545671,-0.986895
111.78,-0.163659,-0.0566264,-0.98489
111.8,-0.177795,-0.0564408,-0.982448
111.82,-0.187411,-0.0557164,-0.9807
111.84,-0.201733,-0.0528853,-0.978012
111.86,-0.207493,-0.0510366,-0.976904
111.88,-0.219231,-0.0555565,-0.97409
111.9,-0.225874,-0.0543174,-0.972641
111.92,-0.234956,-0.0496924,-0.970735
111.94,-0.247654,-0.0427356,-0.967906
111.96,-0.250876,-0.0335705,-0.967437
111.98,-0.261751,-0.0261183,-0.964782
112,-0.261446,-0.0191891,-0.965027
112.02,-0.262013,-0.00964044,-0.965016
112.04,-0.259989,-0.00548255,-0.965596
112.06,-0.244512,-0.00838548,-0.96961
112.08,-0.222852,-0.00569503,-0.974836
112.1,-0.213314,-0.00376036,-0.976977
112.12,-0.212923,-0.00228244,-0.977066
112.14,-0.210364,-0.0047103,-0.977612
112.16,-0.234857,-0.00902962,-0.971988
112.18,-0.236443,-0.0126546,-0.971563
112.2,-0.24231,-0.0197828,-0.969997
112.22,-0.23505,-0.0343856,-0.971375
112.24,-0.220438,-0.0503066,-0.974103
112.26,-0.211043,-0.0591578,-0.975685
112.28,-0.193267,-0.072198,-0.978486
112.3,-0.184523,-0.0805431,-0.979522
112.32,-0.174976,-0.0867229,-0.980746
112.34,-0.163715,-0.095059,-0.981917
112.36,-0.150623,-0.0976612,-0.983755
112.38,-0.138499,-0.103213,-0.98497
112.4,-0.130728,-0.104039,-0.985944
112.42,-0.123322,-0.106346,-0.986652
112.44,-0.121217,-0.110958,-0.986405
112.46,-0.115117,-0.109458,-0.987303
112.48,-0.113488,-0.108405,-0.987608
112.5,-0.116183,-0.109078,-0.98722
112.52,-0.122634,-0.110378,-0.986295
112.54,-0.124589,-0.104755,-0.986663
112.56,-0.124738,-0.105185,-0.986598
112.58,-0.122787,-0.112697,-0.986014
112.6,-0.116763,-0.115727,-0.986394
112.62,-0.112646,-0.122211,-0.986091
112.64,-0.106996,-0.126933,-0.986124
112.66,-0.106972,-0.131402,-0.985541
112.68,-0.104681,-0.13456,-0.98536
112.7,-0.1028,-0.134351,-0.985587
112.72,-0.099941,-0.135406,-0.985737
112.74,-0.094668,-0.136586,-0.986094
112.76,-0.0872861,-0.133747,-0.987164
112.78,-0.0807122,-0.134849,-0.987573
112.8,-0.0757862,-0.133999,-0.988079
112.82,-0.0758385,-0.126883,-0.989014
112.84,-0.088004,-0.122847,-0.988516
112.86,-0.0954814,-0.123697,-0.987716
112.88,-0.106415,-0.126386,-0.986257
112.9,-0.104656,-0.129088,-0.986095
112.92,-0.103472,-0.129442,-0.986174
112.94,-0.100951,-0.131751,-0.986129
112.96,-0.100273,-0.133709,-0.985935
112.98,-0.103378,-0.135853,-0.985321
113,-0.108275,-0.134784,-0.984941
113.02,-0.109688,-0.130988,-0.985297
113.04,-0.122842,-0.125629,-0.984443
113.06,-0.130021,-0.122233,-0.983948
113.08,-0.13928,-0.119422,-0.983026
113.1,-0.143673,-0.118151,-0.982547
113.12,-0.147353,-0.116927,-0.982148
113.14,-0.15145,-0.11572,-0.981668
113.16,-0.156753,-0.115472,-0.980864
113.18,-0.168639,-0.113676,-0.979101
113.2,-0.172357,-0.112057,-0.97864
113.22,-0.179146,-0.108109,-0.977865
113.24,-0.184679,-0.106823,-0.976976
113.26,-0.181994,-0.10372,-0.977814
113.28,-0.182312,-0.100291,-0.978113
113.3,-0.18608,-0.0969348,-0.977741
113.32,-0.181475,-0.0900073,-0.979268
113.34,-0.1847,-0.0858105,-0.979042
113.36,-0.185004,-0.0824282,-0.979275
113.38,-0.185776,-0.0795509,-0.979367
113.4,-0.187145,-0.0793013,-0.979126
113.42,-0.192625,-0.0856066,-0.977531
113.44,-0.198542,-0.0912568,-0.975835
113.46,-0.198523,-0.0943318,-0.975546
113.48,-0.198491,-0.099574,-0.975032
113.5,-0.194742,-0.107887,-0.974903
113.52,-0.183621,-0.11327,-0.976449
113.54,-0.171518,-0.122368,-0.977552
113.56,-0.161421,-0.128242,-0.978518
113.58,-0.157263,-0.131184,-0.978805
113.6,-0.150613,-0.137501,-0.978984
113.62,-0.147609,-0.14291,-0.978667
113.64,-0.135946,-0.143558,-0.98026
113.66,-0.130774,-0.144829,-0.980777
113.68,-0.127271,-0.146551,-0.980982
113.7,-0.126664,-0.148205,-0.980812
113.72,-0.125889,-0.147252,-0.981055
113.74,-0.131155,-0.1479,-0.980267
113.76,-0.135783,-0.145289,-0.980028
113.78,-0.142829,-0.141658,-0.979557
113.8,-0.147129,-0.139633,-0.979212
113.82,-0.151085,-0.136449,-0.979058
113.84,-0.152584,-0.135559,-0.978949
113.86,-0.15269,-0.135758,-0.978905
113.88,-0.151959,-0.138097,-0.978692
113.9,-0.145388,-0.142303,-0.979087
113.92,-0.141504,-0.146249,-0.979075
113.94,-0.13181,-0.148757,-0.98005
113.96,-0.123385,-0.151881,-0.980667
113.98,-0.113706,-0.151774,-0.981853
114,-0.105489,-0.153401,-0.982517
114.02,-0.0975272,-0.15174,-0.983597
114.04,-0.0823795,-0.150271,-0.985207
114.06,-0.0742942,-0.14774,-0.986232
114.08,-0.0661219,-0.146327,-0.987024
114.1,-0.0588461,-0.139643,-0.988452
114.12,-0.0631732,-0.134402,-0.988911
114.14,-0.0780029,-0.127684,-0.988743
114.16,-0.0922569,-0.125985,-0.987733
114.18,-0.106714,-0.125331,-0.986359
114.2,-0.118457,-0.12504,-0.985055
114.22,-0.12251,-0.126633,-0.984355
114.24,-0.126121,-0.127299,-0.983813
114.26,-0.128658,-0.127372,-0.983475
114.28,-0.133516,-0.128209,-0.982719
114.3,-0.143448,-0.124388,-0.98181
114.32,-0.149471,-0.12308,-0.981076
114.34,-0.164049,-0.115777,-0.979634
114.36,-0.170712,-0.111701,-0.978969
114.38,-0.178285,-0.106216,-0.978229
114.4,-0.195711,-0.100009,-0.975549
114.42,-0.202059,-0.0974217,-0.974516
114.44,-0.206888,-0.0965355,-0.97359
114.46,-0.21799,-0.0919161,-0.971613
114.48,-0.225924,-0.0908097,-0.969903
114.5,-0.230018,-0.0848303,-0.969482
114.52,-0.231751,-0.0795597,-0.969516
114.54,-0.240233,-0.0723501,-0.968015
114.56,-0.246292,-0.0670924,-0.966871
114.58,-0.255643,-0.0573684,-0.965068
114.6,-0.250898,-0.0521774,-0.966606
114.62,-0.249648,-0.0480936,-0.967142
114.64,-0.248313,-0.0407235,-0.967823
114.66,-0.240774,-0.0375243,-0.969855
114.68,-0.240943,-0.0362159,-0.969863
114.7,-0.237392,-0.0357857,-0.970755
114.72,-0.244346,-0.0378568,-0.968949
114.74,-0.248092,-0.0420963,-0.967821
114.76,-0.242734,-0.0445268,-0.96907
114.78,-0.242779,-0.0502802,-0.968778
114.8,-0.231619,-0.0584514,-0.971049
114.82,-0.22622,-0.0609672,-0.972166
114.84,-0.205217,-0.0729608,-0.975993
114.86,-0.19338,-0.0793928,-0.977907
114.88,-0.182648,-0.0825697,-0.979705
114.9,-0.169946,-0.0898128,-0.981352
114.92,-0.158551,-0.0948956,-0.98278
114.94,-0.142149,-0.0967078,-0.98511
114.96,-0.128901,-0.098639,-0.98674
114.98,-0.114686,-0.0979593,-0.98856
115,-0.104242,-0.0997302,-0.989539
115.02,-0.0909029,-0.094198,-0.991395
115.04,-0.085384,-0.091925,-0.992098
115.06,-0.0820986,-0.0898435,-0.992566
115.08,-0.0805389,-0.0881392,-0.992847
115.1,-0.0834341,-0.0852033,-0.992864
115.12,-0.084741,-0.0814575,-0.993068
115.14,-0.08699,-0.0759232,-0.993312
115.16,-0.0945677,-0.0749842,-0.99269
115.18,-0.0971381,-0.0760655,-0.99236
115.2,-0.0951978,-0.0778293,-0.992411
115.22,-0.0970188,-0.0812239,-0.991963
115.24,-0.0882288,-0.0837446,-0.992574
115.26,-0.0887056,-0.0880874,-0.992155
115.28,-0.0834075,-0.089127,-0.992522
115.3,-0.0804681,-0.0893266,-0.992747
115.32,-0.0786041,-0.0905601,-0.992784
115.34,-0.0721414,-0.0919579,-0.993146
115.36,-0.0648998,-0.0916125,-0.993678
115.38,-0.0586782,-0.0910334,-0.994118
115.4,-0.0472533,-0.0871241,-0.995076
115.42,-0.0462135,-0.0818986,-0.995569
115.44,-0.0508482,-0.0749278,-0.995892
115.46,-0.064322,-0.0743906,-0.995153
115.48,-0.0730768,-0.0677888,-0.99502
115.5,-0.0940455,-0.0666346,-0.993335
115.52,-0.0986821,-0.0638312,-0.99307
115.54,-0.107902,-0.0641626,-0.992089
115.56,-0.115191,-0.0638948,-0.991286
115.58,-0.124594,-0.0626361,-0.990229
115.6,-0.130387,-0.059905,-0.989652
115.62,-0.137389,-0.0573341,-0.988856
115.64,-0.151317,-0.0530897,-0.987059
115.66,-0.159342,-0.0510644,-0.985902
115.68,-0.167422,-0.0501795,-0.984607
115.7,-0.177789,-0.0500728,-0.982794
115.72,-0.184306,-0.0491742,-0.981638
115.74,-0.192179,-0.0484576,-0.980163
115.76,-0.192864,-0.0457583,-0.980158
115.78,-0.196998,-0.0409393,-0.979549
115.8,-0.196341,-0.0322948,-0.980004
115.82,-0.196556,-0.0260285,-0.980147
115.84,-0.199007,-0.0157421,-0.979872
115.86,-0.198083,-0.00963597,-0.980138
115.88,-0.192938,-0.00194604,-0.981209
115.9,-0.184135,0.00765192,-0.982871
115.92,-0.181026,0.0139999,-0.983379
115.94,-0.178349,0.024341,-0.983666
115.96,-0.173749,0.0315786,-0.984284
115.98,-0.171036,0.0353891,-0.984629
116,-0.167788,0.0346164,-0.985215
116.02,-0.152732,0.0302112,-0.987806
116.04,-0.143048,0.011361,-0.989651
116.06,-0.135571,-0.000949821,-0.990767
116.08,-0.127298,-0.0153689,-0.991745
116.1,-0.114692,-0.0341805,-0.992813
116.12,-0.106083,-0.0442401,-0.993373
116.14,-0.0924132,-0.0565126,-0.994116
116.16,-0.0795369,-0.058936,-0.995088
116.18,-0.0747355,-0.0616134,-0.995298
116.2,-0.0623578,-0.0649395,-0.995939
116.22,-0.0516009,-0.0684627,-0.996318
116.24,-0.0354445,-0.0716154,-0.996802
116.26,-0.0250243,-0.0717181,-0.997111
116.28,-0.0154544,-0.0713021,-0.997335
116.3,-0.00989228,-0.0699881,-0.997499
116.32,-0.00645419,-0.0661964,-0.997786
116.34,-0.00965865,-0.0641274,-0.997895
116.36,-0.0119314,-0.0613805,-0.998043
116.38,-0.0147304,-0.0608388,-0.998039
116.4,-0.0246486,-0.059336,-0.997934
116.42,-0.0345869,-0.0591737,-0.997648
116.44,-0.0466794,-0.0648381,-0.996803
116.46,-0.0529197,-0.0690178,-0.996211
116.48,-0.0592729,-0.0734734,-0.995534
116.5,-0.0593583,-0.0797862,-0.995043
116.52,-0.0563791,-0.0821974,-0.99502
116.54,-0.0432564,-0.0814342,-0.99574
116.56,-0.0388976,-0.0823777,-0.995842
116.58,-0.0354419,-0.0801934,-0.996149
116.6,-0.0313415,-0.0789745,-0.996384
116.62,-0.0284558,-0.0789806,-0.99647
116.64,-0.0194895,-0.0770094,-0.99684
116.66,-0.0171088,-0.0751749,-0.997024
116.68,-0.0171223,-0.0704911,-0.997365
116.7,-0.0292193,-0.0653231,-0.997436
116.72,-0.0389597,-0.0630762,-0.997248
116.74,-0.0566583,-0.0571485,-0.996757
116.76,-0.0742997,-0.0531485,-0.995819
116.78,-0.0896951,-0.0484953,-0.994788
116.8,-0.108309,-0.0470981,-0.993001
116.82,-0.11687,-0.0475842,-0.992007
116.84,-0.126488,-0.0486247,-0.990776
116.86,-0.132086,-0.0485444,-0.990049
116.88,-0.139202,-0.0509602,-0.988952
116.9,-0.14395,-0.0473173,-0.988453
116.92,-0.15248,-0.0461158,-0.98723
116.94,-0.167743,-0.039292,-0.985047
116.96,-0.167743,-0.039292,-0.985047
116.98,-0.174053,-0.0388833,-0.983968
117,-0.184615,-0.0390451,-0.982035
117.02,-0.188164,-0.0376173,-0.981417
117.04,-0.197045,-0.0334561,-0.979823
117.06,-0.203043,-0.0329953,-0.978614
117.08,-0.202542,-0.0234805,-0.978992
117.1,-0.200265,-0.0120414,-0.979668
117.12,-0.201288,-0.00330401,-0.979527
117.14,-0.196446,0.00371014,-0.980508
117.16,-0.197955,0.00959817,-0.980164
117.18,-0.197336,0.0178114,-0.980174
117.2,-0.186802,0.0284476,-0.981986
117.22,-0.189327,0.0373403,-0.981204
117.24,-0.186194,0.0458461,-0.981443
117.26,-0.185615,0.0467869,-0.981508
117.28,-0.180538,0.0433705,-0.982611
117.3,-0.176358,0.0350718,-0.983701
117.32,-0.171444,0.018921,-0.985012
117.34,-0.161493,-0.00244703,-0.986871
117.36,-0.152557,-0.0134897,-0.988203
117.38,-0.139952,-0.0324714,-0.989626
117.4,-0.130185,-0.0402697,-0.990672
117.42,-0.118875,-0.0502062,-0.991639
117.44,-0.0976024,-0.0592017,-0.993463
117.46,-0.0823943,-0.0615333,-0.994698
117.48,-0.0697,-0.0639521,-0.995516
117.5,-0.0516035,-0.0662797,-0.996466
117.52,-0.0386021,-0.0666966,-0.997026
117.54,-0.0245566,-0.0697687,-0.997261
117.56,0.000645519,-0.0682617,-0.997667
117.58,0.00942965,-0.0662917,-0.997756
117.6,0.0109317,-0.0643239,-0.997869
117.62,0.0144208,-0.0590848,-0.998149
117.64,0.00513691,-0.0546326,-0.998493
117.66,-0.0015778,-0.049972,-0.998749
117.68,-0.00894645,-0.0500321,-0.998708
117.7,-0.0270203,-0.0553107,-0.998104
117.72,-0.0312836,-0.0586644,-0.997787
117.74,-0.040275,-0.0672346,-0.996924
117.76,-0.046895,-0.0710901,-0.996367
117.78,-0.0457617,-0.0737499,-0.996226
117.8,-0.0425691,-0.0766603,-0.996148
117.82,-0.0389185,-0.0755064,-0.996386
117.84,-0.0373077,-0.0748758,-0.996495
117.86,-0.0346761,-0.075983,-0.996506
117.88,-0.0322836,-0.0763158,-0.996561
117.9,-0.0273664,-0.075391,-0.996778
117.92,-0.0230061,-0.0747621,-0.996936
117.94,-0.0196835,-0.0694454,-0.997392
117.96,-0.0250035,-0.0650148,-0.997571
117.98,-0.03453,-0.0630223,-0.997415
118,-0.0475453,-0.0581098,-0.997177
118.02,-0.0609433,-0.0524293,-0.996763
118.04,-0.0898954,-0.0488778,-0.994751
118.06,-0.0987437,-0.0461197,-0.994044
118.08,-0.105519,-0.0448606,-0.993405
118.1,-0.117012,-0.0484251,-0.991949
118.12,-0.122861,-0.0486031,-0.991233
118.14,-0.128653,-0.0458209,-0.990631
118.16,-0.135105,-0.0455641,-0.989783
118.18,-0.140764,-0.0475452,-0.988901
118.2,-0.151121,-0.0451245,-0.987485
118.22,-0.157801,-0.0417284,-0.986589
118.24,-0.165549,-0.0402475,-0.98538
118.26,-0.170222,-0.0389524,-0.984636
118.28,-0.176284,-0.0396862,-0.983539
118.3,-0.181216,-0.0370627,-0.982745
118.32,-0.185237,-0.0318086,-0.982179
118.34,-0.191457,-0.025883,-0.98116
118.36,-0.195915,-0.0191496,-0.980434
118.38,-0.19892,-0.0118909,-0.979944
118.4,-0.193338,-0.000629598,-0.981132
118.42,-0.194178,0.00527608,-0.980952
118.44,-0.187537,0.015411,-0.982137
118.46,-0.183581,0.0221011,-0.982756
118.48,-0.186101,0.0327101,-0.981986
118.5,-0.185233,0.0390793,-0.981917
118.52,-0.177255,0.0410784,-0.983307
118.54,-0.163864,0.0357627,-0.985834
118.56,-0.169019,0.0300553,-0.985154
118.58,-0.15897,0.0231346,-0.987012
118.6,-0.150944,0.00153796,-0.988541
118.62,-0.145203,-0.00837999,-0.989366
118.64,-0.128548,-0.0282092,-0.991302
118.66,-0.117563,-0.0410119,-0.992218
118.68,-0.102468,-0.0487284,-0.993542
118.7,-0.0825113,-0.0536608,-0.995144
118.72,-0.0620216,-0.0605566,-0.996236
118.74,-0.0472581,-0.0641239,-0.996822
118.76,-0.0357942,-0.0659163,-0.997183
118.78,-0.024628,-0.0670089,-0.997448
118.8,-0.00712913,-0.0654747,-0.997829
118.82,0.00116038,-0.0654248,-0.997857
118.84,0.00664379,-0.0627755,-0.998006
118.86,0.0130744,-0.062769,-0.997942
118.88,0.0150078,-0.059381,-0.998123
118.9,0.00779255,-0.0547274,-0.998471
118.92,0.00271254,-0.0545318,-0.998508
118.94,-0.00249318,-0.0545562,-0.998508
118.96,-0.0137915,-0.0562903,-0.998319
118.98,-0.0257478,-0.0598551,-0.997875
119,-0.0417139,-0.0664507,-0.996917
119.02,-0.0507626,-0.0706999,-0.996205
119.04,-0.0575106,-0.0770719,-0.995365
119.06,-0.0557781,-0.0791363,-0.995302
119.08,-0.0491515,-0.0742218,-0.99603
119.1,-0.0484862,-0.07707,-0.995846
119.12,-0.045312,-0.0782462,-0.995904
119.14,-0.0406279,-0.077213,-0.996186
119.16,-0.0400074,-0.0794851,-0.996033
119.18,-0.0352195,-0.0783886,-0.996301
119.2,-0.0307493,-0.0777533,-0.996498
119.22,-0.0269753,-0.0747306,-0.996839
119.24,-0.0343213,-0.0702913,-0.996936
119.26,-0.0412742,-0.0673488,-0.996875
119.28,-0.0481625,-0.0640178,-0.996786
119.3,-0.067196,-0.055066,-0.996219
119.32,-0.078117,-0.0476596,-0.995804
119.34,-0.0945725,-0.046129,-0.994449
119.36,-0.0936561,-0.0406269,-0.994775
119.38,-0.0997866,-0.0396391,-0.994219
119.4,-0.108525,-0.0400858,-0.993285
119.42,-0.112956,-0.0404335,-0.992777
119.44,-0.12004,-0.0397622,-0.991972
119.46,-0.13359,-0.0405823,-0.990205
119.48,-0.139352,-0.0395397,-0.989453
119.5,-0.150038,-0.0362091,-0.988017
119.52,-0.144734,-0.0338847,-0.98889
119.54,-0.161936,-0.0336724,-0.986227
119.56,-0.166194,-0.0319877,-0.985574
119.58,-0.169263,-0.0294562,-0.985131
119.6,-0.164193,-0.0241166,-0.986133
119.62,-0.167761,-0.0183654,-0.985657
119.64,-0.169015,-0.00908601,-0.985572
119.66,-0.165556,-0.00266002,-0.986197
119.68,-0.163663,0.00307452,-0.986512
119.7,-0.163314,0.0122877,-0.986498
119.72,-0.15585,0.0205394,-0.987567
119.74,-0.149033,0.0313534,-0.988335
119.76,-0.149189,0.044423,-0.98781
119.78,-0.141899,0.04832,-0.988701
119.8,-0.128756,0.0553013,-0.990133
119.82,-0.120545,0.0493132,-0.991482
119.84,-0.111889,0.0322868,-0.993196
119.86,-0.103051,0.0191114,-0.994492
119.88,-0.0948663,0.00155812,-0.995489
119.9,-0.0865002,-0.0241053,-0.99596
119.92,-0.0743538,-0.0413922,-0.996373
119.94,-0.0564972,-0.0538399,-0.99695
119.96,-0.0519608,-0.0544258,-0.997165
119.98,-0.0446216,-0.0578603,-0.997327
120,-0.029491,-0.060014,-0.997762
120.02,-0.0232569,-0.0609554,-0.99787
120.04,-0.0131094,-0.0654485,-0.99777
120.06,-0.00288506,-0.0671396,-0.997739
120.08,0.00278793,-0.0668744,-0.997758
120.1,0.00738116,-0.0669919,-0.997726
120.12,0.00925824,-0.0659662,-0.997779
120.14,0.00809664,-0.061714,-0.998061
120.16,0.00685648,-0.0610239,-0.998113
120.18,-0.0026556,-0.0593192,-0.998236
120.2,-0.0126602,-0.0574458,-0.998268
120.22,-0.0196693,-0.0570636,-0.998177
120.24,-0.0335398,-0.0577202,-0.997769
120.26,-0.0445001,-0.0613558,-0.997123
120.28,-0.0562069,-0.0653633,-0.996277
120.3,-0.0657964,-0.0693235,-0.995422
120.32,-0.0667741,-0.0719792,-0.995168
120.34,-0.0629523,-0.0764166,-0.995087
120.36,-0.0576606,-0.0759109,-0.995446
120.38,-0.0495773,-0.0780849,-0.995713
120.4,-0.0390108,-0.0787194,-0.996133
120.42,-0.0322242,-0.0780359,-0.99643
120.44,-0.0205759,-0.0762041,-0.99688
120.46,-0.0134514,-0.0737716,-0.997184
120.48,-0.0069162,-0.0714088,-0.997423
120.5,-0.00237567,-0.0658687,-0.997825
120.52,-0.00441577,-0.0623169,-0.998047
120.54,-0.0132992,-0.0601569,-0.9981
120.56,-0.016707,-0.0580127,-0.998176
120.58,-0.0265716,-0.0530479,-0.998238
120.6,-0.0496571,-0.041482,-0.997905
120.62,-0.0683363,-0.033726,-0.997092
120.64,-0.0877086,-0.0277633,-0.995759
120.66,-0.097808,-0.0274843,-0.994826
120.68,-0.105395,-0.0264315,-0.994079
120.7,-0.116583,-0.0313256,-0.992687
120.72,-0.122448,-0.0307385,-0.991999
120.74,-0.127467,-0.0325015,-0.99131
120.76,-0.134504,-0.0326597,-0.990375
120.78,-0.140888,-0.0276951,-0.989638
120.8,-0.148348,-0.0258767,-0.988597
120.82,-0.152491,-0.0245935,-0.987999
120.84,-0.158111,-0.0224073,-0.987167
120.86,-0.159516,-0.0195157,-0.987002
120.88,-0.160558,-0.0148601,-0.986915
120.9,-0.159822,-0.00838377,-0.98711
120.92,-0.159367,-0.00333364,-0.987214
120.94,-0.156461,0.00703556,-0.987659
120.96,-0.152953,0.012392,-0.988156
120.98,-0.149116,0.0162153,-0.988687
121,-0.142514,0.0225795,-0.989535
121.02,-0.136095,0.0300575,-0.99024
121.04,-0.129861,0.0440049,-0.990555
121.06,-0.1222,0.0495082,-0.99127
121.08,-0.117636,0.0529218,-0.991646
121.1,-0.0979284,0.042681,-0.994278
121.12,-0.0946091,0.0310243,-0.995031
121.14,-0.0855136,0.00997594,-0.996287
121.16,-0.0788451,-0.00335761,-0.996881
121.18,-0.0657973,-0.0184084,-0.997663
121.2,-0.0468081,-0.0437087,-0.997947
121.22,-0.0386511,-0.0553652,-0.997718
121.24,-0.0339687,-0.0512324,-0.998109
121.26,-0.0221243,-0.0602533,-0.997938
121.28,-0.0160455,-0.0603296,-0.99805
121.3,-0.0119544,-0.0611633,-0.998056
121.32,-0.00870119,-0.0623124,-0.998019
121.34,-0.00608068,-0.0650804,-0.997861
121.36,-0.00114069,-0.063405,-0.997987
121.38,0.00305572,-0.0657912,-0.997829
121.4,0.00168388,-0.063131,-0.998004
121.42,-1.44748e-05,-0.0630099,-0.998013
121.44,-0.0067232,-0.0601009,-0.99817
121.46,-0.0140754,-0.0591849,-0.998148
121.48,-0.0197876,-0.0567333,-0.998193
121.5,-0.0300819,-0.0557866,-0.997989
121.52,-0.0404705,-0.0549754,-0.997667
121.54,-0.0538851,-0.056415,-0.996952
121.56,-0.0652002,-0.0595846,-0.996092
121.58,-0.0738818,-0.0634342,-0.995247
121.6,-0.0771872,-0.0676066,-0.994722
121.62,-0.0722292,-0.0709239,-0.994863
121.64,-0.0624233,-0.0759986,-0.995152
121.66,-0.0531949,-0.0756205,-0.995717
121.68,-0.0438348,-0.076778,-0.996084
121.7,-0.0310178,-0.0752365,-0.996683
121.72,-0.0217679,-0.0739377,-0.997025
121.74,-0.0140195,-0.0719797,-0.997308
121.76,-0.00210971,-0.0684382,-0.997653
121.78,0.00434246,-0.0635745,-0.997968
121.8,0.00474846,-0.0613319,-0.998106
121.82,0.000855694,-0.0611074,-0.998131
121.84,-0.00674646,-0.0568843,-0.998358
121.86,-0.0145648,-0.0519261,-0.998545
121.88,-0.0215929,-0.045288,-0.998741
121.9,-0.0530583,-0.0290222,-0.99817
121.92,-0.0731976,-0.0249142,-0.997006
121.94,-0.0836091,-0.023798,-0.996214
121.96,-0.091322,-0.0237615,-0.995538
121.98,-0.0984754,-0.0247491,-0.994832
122,-0.106605,-0.0274165,-0.993923
122.02,-0.114705,-0.0276987,-0.993013
122.04,-0.122817,-0.0257502,-0.992095
122.06,-0.129355,-0.0238633,-0.991311
122.08,-0.133858,-0.0215761,-0.990766
122.1,-0.140394,-0.0190293,-0.989913
122.12,-0.143358,-0.0205535,-0.989457
122.14,-0.143822,-0.0182549,-0.989435
122.16,-0.145472,-0.0146468,-0.989254
122.18,-0.152369,-0.00746498,-0.988295
122.2,-0.151009,-0.00281113,-0.988528
122.22,-0.146738,0.00382916,-0.989168
122.24,-0.141368,0.0116954,-0.989888
122.26,-0.13496,0.0167733,-0.990709
122.28,-0.126917,0.0212515,-0.991686
122.3,-0.119198,0.0297594,-0.992424
122.32,-0.10908,0.0351298,-0.993412
122.34,-0.0964196,0.0445555,-0.994343
122.36,-0.0870509,0.0445898,-0.995205
122.38,-0.0795287,0.0399505,-0.996032
122.4,-0.0679336,0.0256961,-0.997359
122.42,-0.0664451,0.0188221,-0.997613
122.44,-0.0525103,-0.00484034,-0.998609
122.46,-0.0431479,-0.0152219,-0.998953
122.48,-0.0340027,-0.0266073,-0.999068
122.5,-0.0210885,-0.0430063,-0.998852
122.52,-0.0121387,-0.0483817,-0.998755
122.54,-0.00137918,-0.0623261,-0.998055
122.56,0.00457865,-0.0642404,-0.997924
122.58,0.0154179,-0.0653411,-0.997744
122.6,0.0167145,-0.0605033,-0.998028
122.62,0.0141677,-0.0587392,-0.998173
122.64,0.0144942,-0.0595694,-0.998119
122.66,0.0153848,-0.0589953,-0.99814
122.68,0.014014,-0.0613295,-0.998019
122.7,0.00533639,-0.0594816,-0.998215
122.72,-0.000909353,-0.0571708,-0.998364
122.74,-0.00842162,-0.0570387,-0.998336
122.76,-0.0209734,-0.0550422,-0.998264
122.78,-0.0299741,-0.0529803,-0.998146
122.8,-0.0450171,-0.0540867,-0.997521
122.82,-0.0591642,-0.0562588,-0.996662
122.84,-0.0731956,-0.0613732,-0.995427
122.86,-0.0812601,-0.0644907,-0.994604
122.88,-0.0840402,-0.0654817,-0.994309
122.9,-0.0798364,-0.0735401,-0.994092
122.92,-0.0733119,-0.0752892,-0.994463
122.94,-0.0607276,-0.0772641,-0.995159
122.96,-0.0516896,-0.0783238,-0.995587
122.98,-0.0434734,-0.0787714,-0.995944
123,-0.0318787,-0.0764199,-0.996566
123.02,-0.0245246,-0.0751214,-0.996873
123.04,-0.0105144,-0.0677272,-0.997648
123.06,-0.00144827,-0.0633625,-0.99799
123.08,6.09384e-05,-0.0614382,-0.998111
123.1,-0.000180979,-0.0615863,-0.998102
123.12,-0.00586907,-0.0590789,-0.998236
123.14,-0.0158511,-0.050807,-0.998583
123.16,-0.0269656,-0.0384326,-0.998897
123.18,-0.0420591,-0.028251,-0.998716
123.2,-0.0653067,-0.020935,-0.997646
123.22,-0.0747508,-0.02022,-0.996997
123.24,-0.0879532,-0.0201078,-0.995922
123.26,-0.0946535,-0.0211793,-0.995285
123.28,-0.0988452,-0.0216514,-0.994867
123.3,-0.105632,-0.0256829,-0.994074
123.32,-0.113059,-0.0252364,-0.993268
123.34,-0.122583,-0.0226082,-0.992201
123.36,-0.127243,-0.0213292,-0.991642
123.38,-0.130131,-0.0196491,-0.991302
123.4,-0.136376,-0.0195499,-0.990464
123.42,-0.137856,-0.0174262,-0.990299
123.44,-0.14112,-0.0116884,-0.989924
123.46,-0.138862,-0.00707229,-0.990286
123.48,-0.13794,-0.00173363,-0.990439
123.5,-0.132487,0.00732357,-0.991158
123.52,-0.124555,0.0144519,-0.992107
123.54,-0.119053,0.0189166,-0.992708
123.56,-0.110767,0.023641,-0.993565
123.58,-0.106113,0.0295724,-0.993914
123.6,-0.0980313,0.0405921,-0.994355
123.62,-0.0886026,0.0422956,-0.995169
123.64,-0.068833,0.0359635,-0.99698
123.66,-0.061406,0.0277472,-0.997727
123.68,-0.0575737,0.0182902,-0.998174
123.7,-0.0470939,0.00216485,-0.998888
123.72,-0.0421694,-0.005734,-0.999094
123.74,-0.0277744,-0.0188569,-0.999436
123.76,-0.0187089,-0.0272896,-0.999452
123.78,-0.0109983,-0.0390427,-0.999177
123.8,0.00437704,-0.0478197,-0.998846
123.82,0.0128421,-0.0602749,-0.998099
123.84,0.0255083,-0.0638664,-0.997632
123.86,0.0294959,-0.0660486,-0.99738
123.88,0.0315085,-0.0670142,-0.997254
123.9,0.0300537,-0.0641551,-0.997487
123.92,0.0291481,-0.0601595,-0.997763
123.94,0.0245133,-0.0541801,-0.99823
123.96,0.0192924,-0.0512073,-0.998502
123.98,0.0140103,-0.0528269,-0.998505
124,0.00574623,-0.0516898,-0.998647
124.02,-0.000444105,-0.0523633,-0.998628
124.04,-0.0145283,-0.05313,-0.998482
124.06,-0.0240874,-0.0515146,-0.998382
124.08,-0.0278177,-0.0510406,-0.998309
124.1,-0.0556226,-0.0553533,-0.996916
124.12,-0.0675881,-0.0591338,-0.995959
124.14,-0.081754,-0.0632235,-0.994645
124.16,-0.0847238,-0.0671768,-0.994137
124.18,-0.0812782,-0.0709636,-0.994162
124.2,-0.0652805,-0.0750652,-0.99504
124.22,-0.0515007,-0.0743518,-0.995901
124.24,-0.0314871,-0.0746245,-0.996714
124.26,-0.0213523,-0.075325,-0.99693
124.28,-0.0103808,-0.0730645,-0.997273
124.3,0.00721624,-0.0694984,-0.997556
124.32,0.0138675,-0.0683169,-0.997567
124.34,0.0184187,-0.0618995,-0.997912
124.36,0.0159473,-0.0616892,-0.997968
124.38,0.00941969,-0.0597849,-0.998167
124.4,0.000387914,-0.0555537,-0.998456
124.42,-0.00859415,-0.0513134,-0.998646
124.44,-0.0255097,-0.0399776,-0.998875
124.46,-0.0443443,-0.0287852,-0.998602
124.48,-0.0603585,-0.0228842,-0.997914
124.5,-0.0823612,-0.0210138,-0.996381
124.52,-0.0910171,-0.0206838,-0.995635
124.54,-0.103248,-0.0229644,-0.99439
124.56,-0.108813,-0.0244184,-0.993762
124.58,-0.113635,-0.0239213,-0.993235
124.6,-0.122628,-0.026049,-0.992111
124.62,-0.129296,-0.0229861,-0.99134
124.64,-0.135961,-0.0189885,-0.990532
124.66,-0.13709,-0.0191585,-0.990373
124.68,-0.138169,-0.0179223,-0.990246
124.7,-0.144821,-0.0125314,-0.989379
124.72,-0.144516,-0.00932807,-0.989458
124.74,-0.144594,-0.00255833,-0.989488
124.76,-0.142132,0.00338963,-0.989842
124.78,-0.140808,0.0105033,-0.989981
124.8,-0.132607,0.0183614,-0.990999
124.82,-0.128662,0.0221753,-0.991441
124.84,-0.118333,0.0284712,-0.992566
124.86,-0.108495,0.0366567,-0.993421
124.88,-0.104218,0.0465403,-0.993465
124.9,-0.090202,0.0525111,-0.994538
124.92,-0.0779858,0.0482121,-0.995788
124.94,-0.0641341,0.0362872,-0.997281
124.96,-0.0608836,0.0235006,-0.997868
124.98,-0.0571533,0.0121282,-0.998292
125,-0.0461261,-0.00889746,-0.998896
125.02,-0.0379709,-0.0223934,-0.999028
125.04,-0.0243892,-0.0377686,-0.998989
125.06,-0.0140916,-0.0487396,-0.998712
125.08,-0.00604517,-0.0577453,-0.998313
125.1,-0.00312726,-0.0608664,-0.998141
125.12,-0.00312726,-0.0608664,-0.998141
125.14,-0.00312726,-0.0608664,-0.998141
125.16,0.0135809,-0.0559362,-0.998342
125.18,0.00948647,-0.0547188,-0.998457
125.2,0.00808818,-0.056302,-0.998381
125.22,0.00605605,-0.0590033,-0.998239
125.24,0.00605605,-0.0590033,-0.998239
125.26,0.000348625,-0.061723,-0.998093
125.28,-0.00492355,-0.0610005,-0.998126
125.3,-0.0148201,-0.0593987,-0.998124
125.32,-0.0148201,-0.0593987,-0.998124
125.34,-0.041164,-0.0562788,-0.997566
125.36,-0.0534495,-0.0559772,-0.997
125.38,-0.0673394,-0.0597455,-0.99594
125.4,-0.0794931,-0.063898,-0.994785
125.42,-0.0840436,-0.0655946,-0.994301
125.44,-0.0827501,-0.0705195,-0.994072
125.46,-0.0783197,-0.0762549,-0.994008
125.48,-0.0710886,-0.0767649,-0.994512
125.5,-0.0665542,-0.0781635,-0.994717
125.52,-0.0489729,-0.076133,-0.995894
125.54,-0.0341172,-0.0757421,-0.996544
125.56,-0.02373,-0.0734557,-0.997016
125.58,-0.0174702,-0.0733483,-0.997153
125.6,-0.0040471,-0.0665447,-0.997775
125.62,-0.000816059,-0.0645684,-0.997913
125.64,-0.00128271,-0.060399,-0.998173
125.66,-0.00605941,-0.0575449,-0.998325
125.68,-0.00991471,-0.0534172,-0.998523
125.7,-0.0230395,-0.0461625,-0.998668
125.72,-0.039674,-0.0389296,-0.998454
125.74,-0.0657292,-0.0312832,-0.997347
125.76,-0.079425,-0.0304651,-0.996375
125.78,-0.088592,-0.0292325,-0.995639
125.8,-0.104397,-0.0278621,-0.994145
125.82,-0.111422,-0.0291434,-0.993346
125.84,-0.118718,-0.0307109,-0.992453
125.86,-0.124189,-0.029959,-0.991806
125.88,-0.133368,-0.0289567,-0.990643
125.9,-0.139324,-0.0276291,-0.989861
125.92,-0.145554,-0.0265526,-0.988994
125.94,-0.153235,-0.0250168,-0.987873
125.96,-0.156207,-0.0228584,-0.98746
125.98,-0.158054,-0.0188523,-0.987251
126,-0.158605,-0.0124025,-0.987264
126.02,-0.155902,-0.00680529,-0.987749
126.04,-0.156115,0.0012265,-0.987738
126.06,-0.158714,0.00725836,-0.987298
126.08,-0.152551,0.0102665,-0.988242
126.1,-0.146192,0.0191421,-0.989071
126.12,-0.140539,0.0260953,-0.989731
126.14,-0.131951,0.0353212,-0.990627
126.16,-0.128284,0.041693,-0.990861
126.18,-0.122594,0.0467637,-0.991355
126.2,-0.11342,0.049098,-0.992333
126.22,-0.0994088,0.042707,-0.99413
126.24,-0.0966784,0.0373399,-0.994615
126.26,-0.087693,0.00951312,-0.996102
126.28,-0.0768414,-0.0055295,-0.997028
126.3,-0.0628543,-0.0264709,-0.997672
126.32,-0.0540837,-0.0419991,-0.997653
126.34,-0.0438142,-0.0554192,-0.997501
126.36,-0.0365612,-0.0577284,-0.997663
126.38,-0.0331655,-0.0585783,-0.997732
126.4,-0.0255419,-0.058586,-0.997956
126.42,-0.0220775,-0.0609811,-0.997895
126.44,-0.0162544,-0.0641644,-0.997807
126.46,-0.0136921,-0.0648943,-0.997798
126.48,-0.0118495,-0.0645551,-0.997844
126.5,-0.00979204,-0.066025,-0.99777
126.52,-0.0084363,-0.0654472,-0.99782
126.54,-0.0130096,-0.0659172,-0.99774
126.56,-0.03427,-0.0613289,-0.997529
126.58,-0.048801,-0.0588988,-0.99707
126.6,-0.048801,-0.0588988,-0.99707
126.62,-0.048801,-0.0588988,-0.99707
126.64,-0.0595147,-0.0567224,-0.996615
126.66,-0.0710717,-0.0577824,-0.995796
126.68,-0.0771578,-0.0602342,-0.995198
126.7,-0.094761,-0.0656876,-0.993331
126.72,-0.0977976,-0.0667751,-0.992964
126.74,-0.097753,-0.0686059,-0.992843
126.76,-0.091444,-0.0770135,-0.992828
126.78,-0.0835828,-0.0805175,-0.993243
126.8,-0.0747521,-0.083821,-0.993673
126.82,-0.0640428,-0.0850802,-0.994314
126.84,-0.0543614,-0.0858249,-0.994826
126.86,-0.0436562,-0.0840685,-0.995503
126.88,-0.0345341,-0.0808933,-0.996124
126.9,-0.0309386,-0.0749551,-0.996707
126.92,-0.0334779,-0.0709515,-0.996918
126.94,-0.0360549,-0.0657644,-0.997184
126.96,-0.0429901,-0.0572844,-0.997432
126.98,-0.0570501,-0.050609,-0.997088
127,-0.0757598,-0.0430042,-0.996198
127.02,-0.0861672,-0.037949,-0.995558
127.04,-0.0996725,-0.0364232,-0.994353
127.06,-0.105927,-0.034481,-0.993776
127.08,-0.113551,-0.0340206,-0.99295
127.1,-0.122853,-0.0349096,-0.991811
127.12,-0.127093,-0.0355204,-0.991255
127.14,-0.139093,-0.0330471,-0.989728
127.16,-0.145398,-0.0315419,-0.98887
127.18,-0.150568,-0.0313156,-0.988104
127.2,-0.159412,-0.031235,-0.986718
127.22,-0.164044,-0.0314183,-0.985953
127.24,-0.170725,-0.0280568,-0.984919
127.26,-0.171565,-0.0235744,-0.984891
127.28,-0.174257,-0.0179655,-0.984536
127.3,-0.175214,-0.0073108,-0.984503
127.32,-0.174558,-0.000693581,-0.984647
127.34,-0.169782,0.00898867,-0.985441
127.36,-0.170814,0.0136093,-0.985209
127.38,-0.16968,0.0184976,-0.985326
127.4,-0.162714,0.0300328,-0.986216
127.42,-0.157141,0.0347767,-0.986964
127.44,-0.148352,0.0451015,-0.987906
127.46,-0.144289,0.0439209,-0.98856
127.48,-0.135845,0.0430003,-0.989796
127.5,-0.120879,0.0349298,-0.992052
127.52,-0.117151,0.02199,-0.992871
127.54,-0.101023,-0.00195313,-0.994882
127.56,-0.0888537,-0.0184961,-0.995873
127.58,-0.0780676,-0.0356534,-0.99631
127.6,-0.0664065,-0.0493575,-0.996571
127.62,-0.0557292,-0.0549438,-0.996933
127.64,-0.038663,-0.0576411,-0.997588
127.66,-0.0259625,-0.0616452,-0.99776
127.68,-0.0177212,-0.0645061,-0.99776
127.7,-0.00848607,-0.0653842,-0.997824
127.72,0.00118901,-0.0638601,-0.997958
127.74,0.00914501,-0.0638593,-0.997917
127.76,0.0107295,-0.0638301,-0.997903
127.78,0.0122433,-0.06286,-0.997947
127.8,0.0115047,-0.0613036,-0.998053
127.82,0.00885096,-0.0607267,-0.998115
127.84,0.00336397,-0.0602783,-0.998176
127.86,-0.00745247,-0.0588089,-0.998241
127.88,-0.0157561,-0.0572817,-0.998234
127.9,-0.0325496,-0.0577416,-0.997801
127.92,-0.045419,-0.0616124,-0.997066
127.94,-0.0633585,-0.0672282,-0.995724
127.96,-0.0709201,-0.0719781,-0.994882
127.98,-0.0737612,-0.0753622,-0.994424
128,-0.0651143,-0.0796735,-0.994692
128.02,-0.0586102,-0.0819536,-0.994911
128.04,-0.0499584,-0.0826405,-0.995326
128.06,-0.0415606,-0.0812824,-0.995824
128.08,-0.0376052,-0.0805676,-0.99604
128.1,-0.0310235,-0.0807841,-0.996249
128.12,-0.0237071,-0.0786997,-0.996616
128.14,-0.0195696,-0.0779071,-0.996769
128.16,-0.0162314,-0.0733213,-0.997176
128.18,-0.0167951,-0.06874,-0.997493
128.2,-0.0234125,-0.0643452,-0.997653
128.22,-0.026669,-0.0628888,-0.997664
128.24,-0.0393262,-0.0564863,-0.997629
128.26,-0.0643605,-0.0466066,-0.996838
128.28,-0.0813069,-0.0411714,-0.995838
128.3,-0.0972964,-0.0359903,-0.994604
128.32,-0.104856,-0.0342182,-0.993899
128.34,-0.115623,-0.0350318,-0.992675
128.36,-0.121422,-0.0346927,-0.991994
128.38,-0.126891,-0.0348297,-0.991305
128.4,-0.133828,-0.0363003,-0.99034
128.42,-0.142028,-0.035269,-0.989234
128.44,-0.149803,-0.0326265,-0.988177
128.46,-0.155442,-0.0302921,-0.98738
128.48,-0.161307,-0.0297226,-0.986457
128.5,-0.167752,-0.0271352,-0.985456
128.52,-0.171029,-0.0224642,-0.98501
128.54,-0.171602,-0.0157336,-0.985041
128.56,-0.168612,-0.00831489,-0.985647
128.58,-0.17066,-0.000985366,-0.98533
128.6,-0.169653,0.00757196,-0.985475
128.62,-0.1648,0.0135797,-0.986234
128.64,-0.159422,0.0192214,-0.987023
128.66,-0.153041,0.0241707,-0.987924
128.68,-0.147183,0.0307981,-0.98863
128.7,-0.138986,0.038827,-0.989533
128.72,-0.129693,0.0383082,-0.990814
128.74,-0.112522,0.0374453,-0.992943
128.76,-0.10325,0.0350339,-0.994038
128.78,-0.0953376,0.0258204,-0.99511
128.8,-0.0811952,0.00339252,-0.996692
128.82,-0.0719656,-0.0103579,-0.997353
128.84,-0.0581783,-0.0349381,-0.997695
128.86,-0.0458343,-0.0472221,-0.997832
128.88,-0.0337084,-0.052771,-0.998038
128.9,-0.0183689,-0.0591624,-0.998079
128.92,-0.00706225,-0.0629146,-0.997994
128.94,0.00370604,-0.0638322,-0.997954
128.96,0.00715695,-0.0638666,-0.997933
128.98,0.00795197,-0.0636714,-0.997939
129,0.0122712,-0.0599027,-0.998129
129.02,0.0140796,-0.059495,-0.998129
129.04,0.0148343,-0.0615369,-0.997995
129.06,0.0115371,-0.0623516,-0.997988
129.08,0.00770005,-0.060536,-0.998136
129.1,-0.0013041,-0.0595152,-0.998227
129.12,-0.00957838,-0.0579348,-0.998274
129.14,-0.0225852,-0.0569756,-0.99812
129.16,-0.0321552,-0.0586172,-0.997763
129.18,-0.0464611,-0.0591348,-0.997168
129.2,-0.0634236,-0.064705,-0.995887
129.22,-0.0742542,-0.0673347,-0.994963
129.24,-0.0777607,-0.0702788,-0.994492
129.26,-0.0747807,-0.0752774,-0.994355
129.28,-0.0698653,-0.0775652,-0.994536
129.3,-0.0596562,-0.0811929,-0.994911
129.32,-0.0520495,-0.0819245,-0.995278
129.34,-0.0432239,-0.0823972,-0.995662
129.36,-0.0346926,-0.081173,-0.996096
129.38,-0.0292564,-0.0793189,-0.99642
129.4,-0.0183727,-0.0770983,-0.996854
129.42,-0.0134643,-0.0736748,-0.997191
129.44,-0.0154469,-0.0698374,-0.997439
129.46,-0.0223093,-0.0678765,-0.997444
129.48,-0.0255115,-0.0655971,-0.99752
129.5,-0.0361651,-0.0567445,-0.997734
129.52,-0.0510189,-0.0491019,-0.99749
129.54,-0.0763397,-0.0404731,-0.99626
129.56,-0.0880428,-0.0352638,-0.995492
129.58,-0.0973913,-0.0326251,-0.994711
129.6,-0.110424,-0.0322341,-0.993362
129.62,-0.118802,-0.0329276,-0.992372
129.64,-0.126068,-0.0334471,-0.991458
129.66,-0.130771,-0.0332072,-0.990856
129.68,-0.137651,-0.0305941,-0.990008
129.7,-0.143222,-0.0296174,-0.989247
129.72,-0.149046,-0.0283111,-0.988425
129.74,-0.159397,-0.0254444,-0.986887
129.76,-0.162939,-0.0263624,-0.986284
129.78,-0.162088,-0.0214012,-0.986544
129.8,-0.167944,-0.0158101,-0.98567
129.82,-0.169944,-0.0100219,-0.985403
129.84,-0.170254,-0.0010699,-0.9854
129.86,-0.170809,0.00856033,-0.985267
129.88,-0.168876,0.0117583,-0.985567
129.9,-0.159378,0.0200013,-0.987015
129.92,-0.154988,0.0250956,-0.987597
129.94,-0.148051,0.0342412,-0.988387
129.96,-0.146563,0.0415152,-0.98833
129.98,-0.140685,0.0456708,-0.989
130,-0.126317,0.0487432,-0.990792
130.02,-0.117538,0.0464226,-0.991983
130.04,-0.107653,0.0297401,-0.993744
130.06,-0.100018,0.0137195,-0.994891
130.08,-0.0901134,0.00118237,-0.995931
130.1,-0.0751901,-0.0222987,-0.99692
130.12,-0.0665258,-0.0368737,-0.997103
130.14,-0.0583338,-0.0466367,-0.997207
130.16,-0.0428748,-0.0509882,-0.997779
130.18,-0.037021,-0.0530264,-0.997907
130.2,-0.0240681,-0.0604232,-0.997883
130.22,-0.0179337,-0.0625591,-0.99788
130.24,-0.0119416,-0.0643987,-0.997853
130.26,-0.00918443,-0.0632258,-0.997957
130.28,-0.00628915,-0.0651464,-0.997856
130.3,-0.00516956,-0.0666836,-0.997761
130.32,-0.00123027,-0.0663065,-0.997799
130.34,-0.00240849,-0.0646031,-0.997908
130.36,-0.00355829,-0.0645867,-0.997906
130.38,-0.00891306,-0.0629038,-0.99798
130.4,-0.0193709,-0.0613159,-0.99793
130.42,-0.0287826,-0.0597216,-0.9978
130.44,-0.0401764,-0.0597654,-0.997404
130.46,-0.0584375,-0.0622957,-0.996345
130.48,-0.070854,-0.0661997,-0.995288
130.5,-0.0807976,-0.0727097,-0.994075
130.52,-0.0823554,-0.077287,-0.993602
130.54,-0.0739627,-0.0822005,-0.993867
130.56,-0.0653519,-0.081937,-0.994493
130.58,-0.0613528,-0.0830562,-0.994654
130.6,-0.0513616,-0.0830272,-0.995223
130.62,-0.0430154,-0.083026,-0.995619
130.64,-0.0365734,-0.0820094,-0.99596
130.66,-0.0293154,-0.0790117,-0.996443
130.68,-0.0278581,-0.0800439,-0.996402
130.7,-0.0170789,-0.0717976,-0.997273
130.72,-0.0197794,-0.0686767,-0.997443
130.74,-0.0248078,-0.0664366,-0.997482
130.76,-0.0305165,-0.0627524,-0.997562
130.78,-0.0427635,-0.0586206,-0.997364
130.8,-0.067521,-0.0503538,-0.996446
130.82,-0.080518,-0.045334,-0.995722
130.84,-0.0872032,-0.0439747,-0.995219
130.86,-0.106537,-0.0406513,-0.993477
130.88,-0.114592,-0.0409822,-0.992567
130.9,-0.123579,-0.0418974,-0.99145
130.92,-0.128299,-0.043239,-0.990792
130.94,-0.134817,-0.043516,-0.989914
130.96,-0.146902,-0.0424337,-0.98824
130.98,-0.156246,-0.0396261,-0.986923
131,-0.167358,-0.0350637,-0.985272
131.02,-0.172992,-0.0357231,-0.984275
131.04,-0.17977,-0.0334846,-0.983139
131.06,-0.183389,-0.0303621,-0.982571
131.08,-0.183718,-0.0266407,-0.982618
131.1,-0.185705,-0.019824,-0.982406
131.12,-0.184233,-0.00825494,-0.982848
131.14,-0.1856,0.000395996,-0.982625
131.16,-0.182673,0.00614367,-0.983154
131.18,-0.181262,0.0115313,-0.983367
131.2,-0.175065,0.0200447,-0.984353
131.22,-0.170882,0.0269932,-0.984922
131.24,-0.159077,0.0306064,-0.986792
131.26,-0.150275,0.0322466,-0.988118
131.28,-0.139654,0.0310518,-0.989713
131.3,-0.129633,0.0312499,-0.99107
131.32,-0.123225,0.0308625,-0.991899
131.34,-0.117918,0.0184022,-0.992853
131.36,-0.10114,0.000276654,-0.994872
131.38,-0.0895309,-0.0154954,-0.995864
131.4,-0.0749523,-0.0410955,-0.99634
131.42,-0.061641,-0.0517526,-0.996756
131.44,-0.0435351,-0.0588764,-0.997316
131.46,-0.0328472,-0.0586991,-0.997735
131.48,-0.0192332,-0.0605544,-0.99798
131.5,-0.00569536,-0.0625202,-0.998027
131.52,0.00146046,-0.0610479,-0.998134
131.54,0.0119293,-0.0601575,-0.998118
131.56,0.0150973,-0.0606172,-0.998047
131.58,0.0177377,-0.0596984,-0.998059
131.6,0.0187033,-0.0587996,-0.998095
131.62,0.0155268,-0.0578183,-0.998206
131.64,0.00741407,-0.0582851,-0.998272
131.66,0.00308327,-0.0564504,-0.998401
131.68,-0.00525425,-0.0543682,-0.998507
131.7,-0.0210894,-0.0547355,-0.998278
131.72,-0.0334454,-0.055457,-0.997901
131.74,-0.0461314,-0.0605272,-0.9971
131.76,-0.0613076,-0.068968,-0.995733
131.78,-0.0699709,-0.0726334,-0.994901
131.8,-0.0701212,-0.0773863,-0.994532
131.82,-0.0649333,-0.0817086,-0.994539
131.84,-0.0507303,-0.0820196,-0.995339
131.86,-0.0428048,-0.0821876,-0.995697
131.88,-0.033638,-0.0812596,-0.996125
131.9,-0.026452,-0.0809704,-0.996365
131.92,-0.0190321,-0.0795997,-0.996645
131.94,-0.0131128,-0.077285,-0.996923
131.96,-0.0117649,-0.0737306,-0.997209
131.98,-0.0132627,-0.0677524,-0.997614
132,-0.0207457,-0.062569,-0.997825
132.02,-0.0285672,-0.0597737,-0.997803
132.04,-0.0435142,-0.0473445,-0.99793
132.06,-0.0532256,-0.0432445,-0.997646
132.08,-0.0709542,-0.0367111,-0.996804
132.1,-0.0884638,-0.032884,-0.995536
132.12,-0.0969315,-0.0336095,-0.994723
132.14,-0.107219,-0.0286638,-0.993822
132.16,-0.110772,-0.0291151,-0.993419
132.18,-0.116363,-0.0292442,-0.992776
132.2,-0.122005,-0.0273679,-0.992152
132.22,-0.126196,-0.0254789,-0.991678
132.24,-0.135109,-0.0207799,-0.990613
132.26,-0.139042,-0.0219903,-0.990042
132.28,-0.142931,-0.020251,-0.989526
132.3,-0.144244,-0.0186347,-0.989367
132.32,-0.146109,-0.0156063,-0.989145
132.34,-0.144755,-0.0104764,-0.989412
132.36,-0.143059,-0.00686871,-0.98969
132.38,-0.143652,-0.0011954,-0.989628
132.4,-0.138293,0.00641623,-0.990371
132.42,-0.130553,0.0115975,-0.991374
132.44,-0.125766,0.017176,-0.991911
132.46,-0.117447,0.0253997,-0.992754
132.48,-0.108054,0.0312591,-0.993653
132.5,-0.0924213,0.0436144,-0.994764
132.52,-0.0879933,0.050779,-0.994826
132.54,-0.0778945,0.0457948,-0.995909
132.56,-0.062896,0.0399413,-0.997221
132.58,-0.057555,0.0294917,-0.997907
132.6,-0.0529777,0.0184795,-0.998425
132.62,-0.0437316,0.0013263,-0.999042
132.64,-0.0325624,-0.0165265,-0.999333
132.66,-0.023179,-0.0250044,-0.999419
132.68,-0.0163875,-0.0329217,-0.999324
132.7,-0.0013087,-0.044925,-0.99899
132.72,0.00487956,-0.0513788,-0.998667
132.74,0.0106263,-0.0637404,-0.99791
132.76,0.0145625,-0.0670584,-0.997643
132.78,0.0188538,-0.0644666,-0.997742
132.8,0.0202202,-0.0642073,-0.997732
132.82,0.0186657,-0.0635999,-0.997801
132.84,0.0160493,-0.0598416,-0.998079
132.86,0.00917452,-0.0582776,-0.998258
132.88,0.00384639,-0.0598552,-0.9982
132.9,-0.00231711,-0.0596957,-0.998214
132.92,-0.0099571,-0.058975,-0.99821
132.94,-0.0217822,-0.0568136,-0.998147
132.96,-0.0313347,-0.0571642,-0.997873
132.98,-0.0422665,-0.0557835,-0.997548
133,-0.0618946,-0.0573634,-0.996433
133.02,-0.0722367,-0.0586578,-0.995661
133.04,-0.0840508,-0.0618653,-0.994539
133.06,-0.0860359,-0.0653093,-0.994149
133.08,-0.0844051,-0.0702797,-0.99395
133.1,-0.0767867,-0.0740339,-0.994295
133.12,-0.0679879,-0.0760853,-0.994781
133.14,-0.0550614,-0.0772429,-0.995491
133.16,-0.0479123,-0.0785021,-0.995762
133.18,-0.0399692,-0.076633,-0.996258
133.2,-0.0267617,-0.0730272,-0.996971
133.22,-0.0181603,-0.0716676,-0.997263
133.24,-0.00586713,-0.0663766,-0.997777
133.26,-0.00231425,-0.0649426,-0.997886
133.28,-0.00318638,-0.0641936,-0.997932
133.3,-0.00945214,-0.059027,-0.998212
133.32,-0.0133022,-0.0545236,-0.998424
133.34,-0.0299579,-0.0445048,-0.99856
133.36,-0.051312,-0.0336985,-0.998114
133.38,-0.0651711,-0.0311055,-0.997389
133.4,-0.0799871,-0.0269303,-0.996432
133.42,-0.0866375,-0.0264498,-0.995889
133.44,-0.095835,-0.0281552,-0.994999
133.46,-0.101335,-0.0288009,-0.994435
133.48,-0.107681,-0.0302683,-0.993725
133.5,-0.114199,-0.0298451,-0.993009
133.52,-0.124287,-0.0258839,-0.991909
133.54,-0.130494,-0.0238159,-0.991163
133.56,-0.132323,-0.0221129,-0.99096
133.58,-0.137724,-0.021525,-0.990237
133.6,-0.14286,-0.0184296,-0.989571
133.62,-0.14261,-0.0161143,-0.989648
133.64,-0.143237,-0.0125412,-0.989609
133.66,-0.140825,-0.00600869,-0.990016
133.68,-0.143242,-0.00274455,-0.989684
133.7,-0.139192,0.00688202,-0.990241
133.72,-0.134738,0.0133318,-0.990792
133.74,-0.12745,0.017915,-0.991683
133.76,-0.118118,0.0270078,-0.992632
133.78,-0.115599,0.0325443,-0.992763
133.8,-0.101744,0.0443701,-0.993821
133.82,-0.0938359,0.0449301,-0.994573
133.84,-0.078735,0.0367729,-0.996217
133.86,-0.0721399,0.0264324,-0.997044
133.88,-0.0682263,0.0152569,-0.997553
133.9,-0.0590761,-0.00523045,-0.99824
133.92,-0.0504163,-0.0180638,-0.998565
133.94,-0.0392792,-0.0292663,-0.9988
133.96,-0.0257727,-0.0437547,-0.99871
133.98,-0.0176025,-0.0557449,-0.99829
134,-0.00757386,-0.0655431,-0.997821
134.02,-0.00148754,-0.0672811,-0.997733
134.04,0.00296241,-0.0653098,-0.997861
134.06,0.0080176,-0.0618987,-0.99805
134.08,0.00233042,-0.0627388,-0.998027
134.1,-0.00117436,-0.0635255,-0.99798
134.12,-0.00143905,-0.0638378,-0.997959
134.14,-0.00207119,-0.0654936,-0.997851
134.16,-0.00266434,-0.0665128,-0.997782
134.18,-0.00697391,-0.0649961,-0.997861
134.2,-0.0175677,-0.0629399,-0.997863
134.22,-0.021823,-0.0588993,-0.998025
134.24,-0.0311118,-0.0585741,-0.997798
134.26,-0.0445127,-0.058983,-0.997266
134.28,-0.0595604,-0.0605776,-0.996385
134.3,-0.0748254,-0.0621266,-0.995259
134.32,-0.0800766,-0.0653547,-0.994644
134.34,-0.0823087,-0.0674107,-0.994324
134.36,-0.0778777,-0.0741196,-0.994204
134.38,-0.073716,-0.0787872,-0.994162
134.4,-0.0651622,-0.0776507,-0.994849
134.42,-0.0544555,-0.0785684,-0.99542
134.44,-0.0424869,-0.0795716,-0.995923
134.46,-0.0322393,-0.0783979,-0.996401
134.48,-0.0248073,-0.0783622,-0.996616
134.5,-0.0127928,-0.0764675,-0.99699
134.52,0.00170645,-0.0709103,-0.997481
134.54,0.00300424,-0.0669918,-0.997749
134.56,-0.000300267,-0.0654345,-0.997857
134.58,-0.00530788,-0.0634231,-0.997973
134.6,-0.016045,-0.0540711,-0.998408
134.62,-0.0283676,-0.0461121,-0.998533
134.64,-0.0569338,-0.0305478,-0.997911
134.66,-0.0680737,-0.0282779,-0.997279
134.68,-0.0785113,-0.02707,-0.996546
134.7,-0.0898519,-0.0271252,-0.995586
134.72,-0.0964904,-0.0288251,-0.994916
134.74,-0.101308,-0.0296738,-0.994412
134.76,-0.108116,-0.0295658,-0.993699
134.78,-0.114813,-0.0311292,-0.992899
134.8,-0.125334,-0.0261267,-0.991771
134.82,-0.131732,-0.0259221,-0.990946
134.84,-0.138067,-0.0247562,-0.990113
134.86,-0.140535,-0.0232844,-0.989802
134.88,-0.139905,-0.0228704,-0.989901
134.9,-0.138844,-0.0194168,-0.990124
134.92,-0.135519,-0.0168863,-0.990631
134.94,-0.1254,-0.0133354,-0.992017
134.96,-0.122609,-0.00975331,-0.992407
134.98,-0.122609,-0.00975331,-0.992407
135,-0.114268,-0.00692343,-0.993426
135.02,-0.1063,-0.00251357,-0.994331
135.04,-0.096215,0.00363865,-0.995354
135.06,-0.0904717,0.0070489,-0.995874
135.08,-0.0800858,0.0112254,-0.996725
135.1,-0.0679143,0.0148177,-0.997581
135.12,-0.0546786,0.0176845,-0.998347
135.14,-0.0411627,0.0262522,-0.998808
135.16,-0.0320367,0.0312651,-0.998998
135.18,-0.0252438,0.0243176,-0.999386
135.2,-0.0145655,0.0126801,-0.999814
135.22,-0.00392343,0.00578721,-0.999976
135.24,0.00955068,-0.00859548,-0.999917
135.26,0.0176971,-0.0193445,-0.999656
135.28,0.0337041,-0.0243149,-0.999136
135.3,0.038716,-0.0448079,-0.998245
135.32,0.0494053,-0.0574557,-0.997125
135.34,0.0571948,-0.0663154,-0.996158
135.36,0.0586691,-0.074574,-0.995488
135.38,0.0568132,-0.072396,-0.995757
135.4,0.0559412,-0.0628038,-0.996457
135.42,0.0515955,-0.0612772,-0.996786
135.44,0.0365973,-0.0623278,-0.997385
135.46,0.0304525,-0.0635727,-0.997512
135.48,0.0256659,-0.0651239,-0.997547
135.5,0.0145643,-0.0639181,-0.997849
135.52,0.00541489,-0.0636246,-0.997959
135.54,-0.00486493,-0.0635465,-0.997967
135.56,-0.0244835,-0.0630239,-0.997712
135.58,-0.0358625,-0.0614602,-0.997465
135.6,-0.0570455,-0.0627544,-0.996397
135.62,-0.0703638,-0.065332,-0.99538
135.64,-0.0819147,-0.0694729,-0.994215
135.66,-0.0795087,-0.0730967,-0.994151
135.68,-0.0778439,-0.0788823,-0.99384
135.7,-0.0738546,-0.0812825,-0.993951
135.72,-0.0603007,-0.0806392,-0.994918
135.74,-0.0480433,-0.0806686,-0.995582
135.76,-0.0391253,-0.0799511,-0.996031
135.78,-0.0276465,-0.0787511,-0.996511
135.8,0.00611461,-0.0705687,-0.997488
135.82,0.00816051,-0.066679,-0.997741
135.84,0.00816051,-0.066679,-0.997741
135.86,0.00587573,-0.0664468,-0.997773
135.88,0.00275879,-0.0661012,-0.997809
135.9,-0.00671077,-0.0705744,-0.997484
135.92,-0.0140661,-0.0706289,-0.997403
135.94,-0.0194664,-0.0668292,-0.997575
135.96,-0.0270722,-0.0629671,-0.997648
135.98,-0.0335429,-0.0562725,-0.997852
136,-0.0623431,-0.0452149,-0.99703
136.02,-0.0818184,-0.036633,-0.995974
136.04,-0.108473,-0.0301588,-0.993642
136.06,-0.124352,-0.0306005,-0.991766
136.08,-0.135102,-0.0323306,-0.990304
136.1,-0.141451,-0.0324225,-0.989414
136.12,-0.145888,-0.0336843,-0.988728
136.14,-0.155624,-0.0355299,-0.987177
136.16,-0.164681,-0.0374218,-0.985637
136.18,-0.163996,-0.0315111,-0.985958
136.2,-0.169337,-0.0274926,-0.985175
136.22,-0.174096,-0.0209223,-0.984506
136.24,-0.178168,-0.0104909,-0.983944
136.26,-0.17933,-0.00375527,-0.983782
136.28,-0.176544,0.00130436,-0.984292
136.3,-0.168472,0.00403086,-0.985698
136.32,-0.157174,0.00538123,-0.987556
136.34,-0.142547,0.00753719,-0.989759
136.36,-0.121789,0.0132291,-0.992468
136.38,-0.110603,0.0171756,-0.993716
136.4,-0.0980386,0.0232967,-0.99491
136.42,-0.09034,0.0260899,-0.995569
136.44,-0.0854195,0.0320573,-0.995829
136.46,-0.0810719,0.025249,-0.996388
136.48,-0.0742595,0.0130172,-0.997154
136.5,-0.0558654,-0.00520834,-0.998425
136.52,-0.0455546,-0.021019,-0.998741
136.54,-0.0224586,-0.0439676,-0.99878
136.56,-0.00629326,-0.0580169,-0.998296
136.58,0.00408368,-0.0607443,-0.998145
136.6,0.0200412,-0.0596305,-0.998019
136.62,0.0305723,-0.0580592,-0.997845
136.64,0.0331402,-0.0591514,-0.997699
136.66,0.0432853,-0.0545057,-0.997575
136.68,0.0457192,-0.0552441,-0.997426
136.7,0.0438668,-0.0556722,-0.997485
136.72,0.039522,-0.056851,-0.9976
136.74,0.0316612,-0.0598379,-0.997706
136.76,0.0238637,-0.0602119,-0.9979
136.78,0.0149384,-0.0589381,-0.99815
136.8,0.00296702,-0.0573145,-0.998352
136.82,-0.00449049,-0.0565469,-0.99839
136.84,-0.0212518,-0.0580224,-0.998089
136.86,-0.0321292,-0.0588205,-0.997751
136.88,-0.0446473,-0.0624226,-0.997051
136.9,-0.064238,-0.0673478,-0.995659
136.92,-0.0693011,-0.0694628,-0.995174
136.94,-0.0747169,-0.0733383,-0.994504
136.96,-0.066689,-0.0744654,-0.994991
136.98,-0.0557639,-0.0776391,-0.995421
137,-0.0382224,-0.0774966,-0.99626
137.02,-0.0241936,-0.0784338,-0.996626
137.04,-0.00964961,-0.0828896,-0.996512
137.06,0.00545835,-0.0780085,-0.996938
137.08,0.0145907,-0.0766501,-0.996951
137.1,0.0213911,-0.0726733,-0.997126
137.12,0.0224392,-0.0668113,-0.997513
137.14,0.0156682,-0.0618512,-0.997962
137.16,0.00932765,-0.0653475,-0.997819
137.18,0.00469911,-0.0644406,-0.99791
137.2,-0.00654214,-0.0607242,-0.998133
137.22,-0.0157403,-0.0574999,-0.998221
137.24,-0.0416453,-0.0427664,-0.998217
137.26,-0.0634251,-0.0367958,-0.997308
137.28,-0.0800844,-0.0301205,-0.996333
137.3,-0.103788,-0.0260623,-0.994258
137.32,-0.115822,-0.0280421,-0.992874
137.34,-0.129644,-0.0307809,-0.991083
137.36,-0.136605,-0.0326667,-0.990087
137.38,-0.142757,-0.0322677,-0.989232
137.4,-0.154466,-0.0322445,-0.987472
137.42,-0.156738,-0.0323116,-0.987112
137.44,-0.162623,-0.0299051,-0.986235
137.46,-0.166819,-0.0283679,-0.985579
137.48,-0.177284,-0.0300252,-0.983702
137.5,-0.170498,-0.0163181,-0.985223
137.52,-0.174375,-0.00860603,-0.984642
137.54,-0.174606,0.00133774,-0.984637
137.56,-0.168544,0.00576979,-0.985677
137.58,-0.167121,0.0118548,-0.985865
137.6,-0.159087,0.0212576,-0.987036
137.62,-0.151277,0.0309524,-0.988007
137.64,-0.135725,0.0411182,-0.989893
137.66,-0.135059,0.0475616,-0.989695
137.68,-0.125818,0.0531396,-0.990629
137.7,-0.111813,0.056072,-0.992146
137.72,-0.10583,0.0492628,-0.993163
137.74,-0.0965027,0.0395855,-0.994545
137.76,-0.0856746,0.0168875,-0.99618
137.78,-0.0760211,0.00317385,-0.997101
137.8,-0.0607311,-0.0206106,-0.997941
137.82,-0.0492092,-0.0368824,-0.998107
137.84,-0.0330995,-0.0537091,-0.998008
137.86,-0.0262221,-0.0583213,-0.997953
137.88,-0.0119425,-0.0602988,-0.998109
137.9,-0.00163595,-0.0593186,-0.998238
137.92,0.000139002,-0.0609346,-0.998142
137.94,0.00826714,-0.0646934,-0.997871
137.96,0.0124284,-0.0615808,-0.998025
137.98,0.0132556,-0.0615261,-0.998017
138,0.0137585,-0.0634675,-0.997889
138.02,0.012015,-0.0630461,-0.997938
138.04,0.00940265,-0.0611178,-0.998086
138.06,0.00106201,-0.0613126,-0.998118
138.08,-0.00547181,-0.0583191,-0.998283
138.1,-0.0160898,-0.0577942,-0.998199
138.12,-0.0252966,-0.058648,-0.997958
138.14,-0.0399004,-0.0610641,-0.997336
138.16,-0.0564446,-0.0644884,-0.996321
138.18,-0.0664314,-0.0670711,-0.995534
138.2,-0.0772223,-0.0685479,-0.994655
138.22,-0.0772755,-0.0700703,-0.994544
138.24,-0.0781937,-0.0739238,-0.994194
138.26,-0.0680103,-0.0740921,-0.99493
138.28,-0.0652534,-0.0772944,-0.994871
138.3,-0.0521673,-0.0861241,-0.994918
138.32,-0.036983,-0.0810908,-0.99602
138.34,-0.0265261,-0.0823394,-0.996251
138.36,-0.0111506,-0.0763175,-0.997021
138.38,-0.00806637,-0.0769408,-0.997003
138.4,0.004679,-0.0710149,-0.997464
138.42,0.00323389,-0.0670499,-0.997744
138.44,-0.000181116,-0.0645697,-0.997913
138.46,-0.0126238,-0.0620849,-0.997991
138.48,-0.0186563,-0.0546987,-0.998329
138.5,-0.0374744,-0.040599,-0.998473
138.52,-0.0570286,-0.0351229,-0.997755
138.54,-0.0735223,-0.0320453,-0.996779
138.56,-0.0836681,-0.0319722,-0.995981
138.58,-0.0910797,-0.030172,-0.995386
138.6,-0.106574,-0.0365448,-0.993633
138.62,-0.119682,-0.0375444,-0.992102
138.64,-0.119682,-0.0375444,-0.992102
138.66,-0.12496,-0.0364694,-0.991491
138.68,-0.125752,-0.0309952,-0.991577
138.7,-0.137407,-0.0275129,-0.990132
138.72,-0.144522,-0.0272536,-0.989126
138.74,-0.14223,-0.0243051,-0.989535
138.76,-0.146886,-0.0228788,-0.988889
138.78,-0.146661,-0.0177792,-0.989027
138.8,-0.147507,-0.0117305,-0.988991
138.82,-0.14603,-0.00281477,-0.989276
138.84,-0.142745,-0.000751746,-0.989759
138.86,-0.143907,0.00666109,-0.989569
138.88,-0.135716,0.0104734,-0.990692
138.9,-0.126022,0.0202319,-0.991821
138.92,-0.122534,0.0276547,-0.992079
138.94,-0.106368,0.0361206,-0.993671
138.96,-0.099476,0.0453873,-0.994004
138.98,-0.0886363,0.0426293,-0.995151
139,-0.0765339,0.0301036,-0.996612
139.02,-0.0702418,0.0170724,-0.997384
139.04,-0.0641154,0.00341421,-0.997937
139.06,-0.0533168,-0.016894,-0.998435
139.08,-0.0423332,-0.0312466,-0.998615
139.1,-0.0275158,-0.0492461,-0.998408
139.12,-0.0207933,-0.0595525,-0.998009
139.14,-0.0126269,-0.06385,-0.99788
139.16,0.00125802,-0.0669148,-0.997758
139.18,0.0064873,-0.0675896,-0.997692
139.2,0.00665389,-0.0656225,-0.997822
139.22,0.00913363,-0.0634251,-0.997945
139.24,0.0128395,-0.0648504,-0.997812
139.26,0.0138089,-0.0669822,-0.997659
139.28,0.0118997,-0.0687795,-0.997561
139.3,0.00914433,-0.0682122,-0.997629
139.32,0.00369505,-0.0674011,-0.997719
139.34,-0.000834854,-0.0649499,-0.997888
139.36,-0.0110298,-0.0627536,-0.997968
139.38,-0.0207997,-0.0617061,-0.997878
139.4,-0.0292189,-0.0597128,-0.997788
139.42,-0.0498221,-0.0625047,-0.9968
139.44,-0.068686,-0.0660896,-0.995447
139.46,-0.0757134,-0.0726866,-0.994477
139.48,-0.0778495,-0.0779597,-0.993912
139.5,-0.0733573,-0.0835365,-0.993801
139.52,-0.0685656,-0.0827094,-0.994212
139.54,-0.0533413,-0.0862253,-0.994847
139.56,-0.0437754,-0.0827883,-0.995605
139.58,-0.0370992,-0.0858822,-0.995614
139.6,-0.0253808,-0.0861601,-0.995958
139.62,-0.0185166,-0.0837785,-0.996312
139.64,-0.00593106,-0.0787256,-0.996879
139.66,-0.00221143,-0.0751559,-0.997169
139.68,-0.00230823,-0.0708632,-0.997483
139.7,-0.00522544,-0.0689062,-0.997609
139.72,-0.00929547,-0.0670775,-0.997704
139.74,-0.0224218,-0.0588858,-0.998013
139.76,-0.0341699,-0.0527962,-0.998021
139.78,-0.0518479,-0.0453255,-0.997626
139.8,-0.0734119,-0.0367845,-0.996623
139.82,-0.086417,-0.0354255,-0.995629
139.84,-0.092838,-0.0349734,-0.995067
139.86,-0.101817,-0.0362044,-0.994144
139.88,-0.105997,-0.0373364,-0.993665
139.9,-0.111447,-0.0390862,-0.993001
139.92,-0.115093,-0.0388175,-0.992596
139.94,-0.120076,-0.0360953,-0.992108
139.96,-0.127694,-0.0339442,-0.991233
139.98,-0.133813,-0.0282631,-0.990604
140,-0.140231,-0.0319148,-0.989604
140.02,-0.141297,-0.031281,-0.989473
140.04,-0.139557,-0.0266175,-0.989856
140.06,-0.140151,-0.0254041,-0.989804
140.08,-0.141526,-0.0186861,-0.989758
140.1,-0.142556,-0.0146129,-0.989679
140.12,-0.138231,-0.0073068,-0.990373
140.14,-0.13583,-0.00834665,-0.990697
140.16,-0.122702,-0.00141621,-0.992443
140.18,-0.109978,0.00364491,-0.993927
140.2,-0.0985724,0.00810359,-0.995097
140.22,-0.088091,0.0148825,-0.996001
140.24,-0.0771532,0.0208964,-0.9968
140.26,-0.0726655,0.0240076,-0.997067
140.28,-0.0652653,0.025104,-0.997552
140.3,-0.0586072,0.00983854,-0.998233
140.32,-0.0482862,-0.00185013,-0.998832
140.34,-0.0323366,-0.0183555,-0.999308
140.36,-0.0227305,-0.0313275,-0.999251
140.38,-0.00923569,-0.0448785,-0.99895
140.4,0.0116071,-0.061644,-0.998031
140.42,0.0214531,-0.0683999,-0.997427
140.44,0.0272919,-0.0684477,-0.997281
140.46,0.0364124,-0.068383,-0.996994
140.48,0.0378232,-0.0655698,-0.997131
140.5,0.0393844,-0.0620013,-0.997299
140.52,0.0372607,-0.0578752,-0.997628
140.54,0.0383549,-0.0608441,-0.99741
140.56,0.0312411,-0.0618465,-0.997597
140.58,0.0282085,-0.0621374,-0.997669
140.6,0.0144178,-0.0630483,-0.997906
140.62,0.00946558,-0.0651183,-0.997833
140.64,-0.00176042,-0.0639132,-0.997954
140.66,-0.0198317,-0.0622408,-0.997864
140.68,-0.0280021,-0.0622057,-0.99767
140.7,-0.0503308,-0.065775,-0.996564
140.72,-0.0628121,-0.0695532,-0.995599
140.74,-0.0733467,-0.07554,-0.994442
140.76,-0.0773394,-0.0794798,-0.993832
140.78,-0.0768874,-0.0811263,-0.993734
140.8,-0.0674124,-0.0858292,-0.994027
140.82,-0.0542261,-0.0822983,-0.995131
140.84,-0.0314637,-0.0794271,-0.996344
140.86,-0.0245003,-0.0800224,-0.996492
140.88,-0.00835541,-0.0814929,-0.996639
140.9,0.00881228,-0.0793087,-0.996811
140.92,0.0145497,-0.0764195,-0.99697
140.94,0.0194344,-0.0687294,-0.997446
140.96,0.0150706,-0.0675123,-0.997605
140.98,0.00926514,-0.0642254,-0.997892
141,0.000479613,-0.0608123,-0.998149
141.02,-0.00495401,-0.0574767,-0.998335
141.04,-0.0248557,-0.0508427,-0.998397
141.06,-0.0390473,-0.03499,-0.998625
141.08,-0.0561731,-0.0281629,-0.998024
141.1,-0.0719629,-0.0239777,-0.997119
141.12,-0.082398,-0.0260822,-0.996258
141.14,-0.0894508,-0.0250512,-0.995676
141.16,-0.0938231,-0.0265395,-0.995235
141.18,-0.0993224,-0.0266292,-0.994699
141.2,-0.106157,-0.0254294,-0.994024
141.22,-0.118233,-0.0268424,-0.992623
141.24,-0.116832,-0.0181302,-0.992986
141.26,-0.119524,-0.0199954,-0.99263
141.28,-0.122241,-0.01912,-0.992316
141.3,-0.124964,-0.0138187,-0.992065
141.32,-0.128388,-0.0109899,-0.991663
141.34,-0.124485,-0.0030377,-0.992217
141.36,-0.123223,-0.00105782,-0.992378
141.38,-0.124752,0.00209939,-0.992186
141.4,-0.117116,0.00796823,-0.993086
141.42,-0.113951,0.0116456,-0.993418
141.44,-0.104486,0.0181948,-0.99436
141.46,-0.0973436,0.0231674,-0.994981
141.48,-0.0900395,0.0302056,-0.99548
141.5,-0.0778869,0.0416537,-0.996092
141.52,-0.0709248,0.0405026,-0.996659
141.54,-0.0517509,0.0318909,-0.998151
141.56,-0.04433,0.0224462,-0.998765
141.58,-0.035847,0.0113792,-0.999293
141.6,-0.0292941,-0.00374221,-0.999564
141.62,-0.0191944,-0.012858,-0.999733
141.64,-0.00816718,-0.0270311,-0.999601
141.66,0.0019222,-0.0343102,-0.999409
141.68,0.0106987,-0.0406101,-0.999118
141.7,0.0277579,-0.0529241,-0.998213
141.72,0.0356169,-0.0576558,-0.997701
141.74,0.0502367,-0.0638004,-0.996697
141.76,0.0534019,-0.067693,-0.996276
141.78,0.0524916,-0.071671,-0.996046
141.8,0.0501396,-0.0694024,-0.996328
141.82,0.045255,-0.0622347,-0.997035
141.84,0.0352251,-0.0556098,-0.997831
141.86,0.0286722,-0.0537245,-0.998144
141.88,0.0225887,-0.0547671,-0.998244
141.9,0.00942012,-0.0561431,-0.998378
141.92,-0.00474317,-0.0551528,-0.998467
141.94,-0.0134278,-0.05573,-0.998356
141.96,-0.0292703,-0.0540583,-0.998109
141.98,-0.0478934,-0.0548044,-0.997348
142,-0.0611221,-0.0617966,-0.996215
142.02,-0.0773806,-0.064761,-0.994896
142.04,-0.0862724,-0.0720781,-0.993661
142.06,-0.0874531,-0.0761003,-0.993258
142.08,-0.0775677,-0.0764928,-0.994048
142.1,-0.0652489,-0.0828152,-0.994427
142.12,-0.045051,-0.0819715,-0.995616
142.14,-0.0214909,-0.0816864,-0.996426
142.16,-0.0152958,-0.0855666,-0.996215
142.18,0.010348,-0.0801952,-0.996725
142.2,0.0271381,-0.0734704,-0.996928
142.22,0.0344876,-0.0683445,-0.997066
142.24,0.034446,-0.0652611,-0.997274
142.26,0.0270851,-0.0643461,-0.99756
142.28,0.0202011,-0.0636878,-0.997765
142.3,0.0120391,-0.0619037,-0.99801
142.32,0.0037111,-0.0639881,-0.997944
142.34,-0.00635049,-0.0594044,-0.998214
142.36,-0.0218674,-0.0366715,-0.999088
142.38,-0.0527332,-0.0292319,-0.998181
142.4,-0.0735058,-0.0252317,-0.996976
142.42,-0.0936323,-0.0259848,-0.995268
142.44,-0.107126,-0.0296057,-0.993805
142.46,-0.111283,-0.0303077,-0.993327
142.48,-0.119519,-0.0328606,-0.992288
142.5,-0.132058,-0.0340504,-0.990657
142.52,-0.136222,-0.029492,-0.990239
142.54,-0.147778,-0.0263853,-0.988669
142.56,-0.149638,-0.0307203,-0.988263
142.58,-0.156344,-0.0246557,-0.987395
142.6,-0.156588,-0.0192396,-0.987477
142.62,-0.158239,-0.0125836,-0.987321
142.64,-0.161598,-0.00243977,-0.986854
142.66,-0.157857,0.00310093,-0.987457
142.68,-0.156107,0.00881321,-0.987701
142.7,-0.152474,0.0174003,-0.988154
142.72,-0.145719,0.0185758,-0.989152
142.74,-0.135744,0.0293094,-0.99031
142.76,-0.126344,0.0341371,-0.991399
142.78,-0.118946,0.044081,-0.991922
142.8,-0.102895,0.0464272,-0.993608
142.82,-0.0940905,0.0404691,-0.994741
142.84,-0.0827734,0.0236967,-0.996287
142.86,-0.076395,0.0101751,-0.997026
142.88,-0.0698497,-0.00335179,-0.997552
142.9,-0.052163,-0.020521,-0.998428
142.92,-0.0450888,-0.0380775,-0.998257
142.94,-0.033313,-0.0535819,-0.998008
142.96,-0.0280033,-0.062312,-0.997664
142.98,-0.0214113,-0.0627165,-0.997802
143,-0.0105947,-0.0654892,-0.997797
143.02,-0.00805091,-0.0667744,-0.997736
143.04,-0.00597308,-0.0660442,-0.997799
143.06,-0.00766761,-0.065333,-0.997834
143.08,-0.0101489,-0.0651293,-0.997825
143.1,-0.00474619,-0.0659479,-0.997812
143.12,-0.00874511,-0.0689757,-0.99758
143.14,-0.0111924,-0.0669306,-0.997695
143.16,-0.0123403,-0.0662571,-0.997726
143.18,-0.0200869,-0.0643724,-0.997724
143.2,-0.029267,-0.0612303,-0.997694
143.22,-0.0400749,-0.0626714,-0.997229
143.24,-0.0555521,-0.0632576,-0.99645
143.26,-0.0689041,-0.0666097,-0.995397
143.28,-0.0740285,-0.0697751,-0.994812
143.3,-0.0745397,-0.0719225,-0.994621
143.32,-0.0701715,-0.0730779,-0.994855
143.34,-0.0632826,-0.0738585,-0.995259
143.36,-0.0518445,-0.0790925,-0.995518
143.38,-0.0406256,-0.0818786,-0.995814
143.4,-0.0284573,-0.0831591,-0.99613
143.42,-0.0237172,-0.081869,-0.996361
143.44,-0.00834602,-0.077427,-0.996963
143.46,-0.00280062,-0.0738621,-0.997265
143.48,0.00546648,-0.0698022,-0.997546
143.5,0.0205413,-0.0707256,-0.997284
143.52,0.0181086,-0.0651348,-0.997712
143.54,0.0131963,-0.0658967,-0.997739
143.56,0.000598486,-0.0653783,-0.99786
143.58,-0.00572634,-0.0594025,-0.998218
143.6,-0.0212622,-0.0491964,-0.998563
143.62,-0.039895,-0.0417785,-0.99833
143.64,-0.0637449,-0.034982,-0.997353
143.66,-0.0635905,-0.037467,-0.997273
143.68,-0.0591507,-0.0407982,-0.997415
143.7,-0.0589925,-0.0442714,-0.997276
143.72,-0.0592098,-0.0448567,-0.997237
143.74,-0.0611609,-0.0450175,-0.997112
143.76,-0.0613754,-0.042434,-0.997212
143.78,-0.0630664,-0.0409505,-0.997169
143.8,-0.0641145,-0.0384435,-0.997202
143.82,-0.062975,-0.035372,-0.997388
143.84,-0.0688727,-0.0366109,-0.996953
143.86,-0.0680059,-0.0283765,-0.997281
143.88,-0.0706779,-0.0250467,-0.997185
143.9,-0.0641093,-0.0222488,-0.997695
143.92,-0.0611118,-0.019139,-0.997947
143.94,-0.0548833,-0.0148197,-0.998383
143.96,-0.0373736,-0.0122774,-0.999226
143.98,-0.0265746,-0.010835,-0.999588
144,-0.014967,-0.00573437,-0.999872
144.02,-0.00369024,-0.00117598,-0.999992
144.04,0.00286286,0.00491647,-0.999984
144.06,0.021022,0.0112507,-0.999716
144.08,0.0312661,0.01675,-0.999371
144.1,0.0435368,0.012707,-0.998971
144.12,0.0498793,0.0103513,-0.998702
144.14,0.0535189,0.00842371,-0.998531
144.16,0.0655663,-0.0073017,-0.997821
144.18,0.0758813,-0.0156359,-0.996994
144.2,0.0906092,-0.0245247,-0.995585
144.22,0.0989351,-0.0283747,-0.994689
144.24,0.10187,-0.0303861,-0.994334
144.26,0.105119,-0.0371636,-0.993765
144.28,0.106458,-0.0426502,-0.993402
144.3,0.103883,-0.0475375,-0.993453
144.32,0.104578,-0.0493869,-0.99329
144.34,0.102436,-0.0542152,-0.993261
144.36,0.0987424,-0.0591263,-0.993355
144.38,0.0917624,-0.0637295,-0.99374
144.4,0.0770772,-0.0627415,-0.995049
144.42,0.0723311,-0.0567354,-0.995766
144.44,0.0563934,-0.0481251,-0.997248
144.46,0.0409997,-0.04685,-0.99806
144.48,0.0262154,-0.0464576,-0.998576
144.5,0.00270991,-0.0454708,-0.998962
144.52,-0.0114026,-0.0445586,-0.998942
144.54,-0.0226077,-0.045316,-0.998717
144.56,-0.043811,-0.0451451,-0.998019
144.58,-0.0552726,-0.0473934,-0.997346
144.6,-0.0713143,-0.0495371,-0.996223
144.62,-0.0817624,-0.0525809,-0.995264
144.64,-0.0901877,-0.0573058,-0.994275
144.66,-0.0920605,-0.0618505,-0.993831
144.68,-0.073144,-0.0669764,-0.99507
144.7,-0.0473861,-0.0697296,-0.99644
144.72,-0.0473861,-0.0697296,-0.99644
144.74,-0.0413043,-0.0686832,-0.996783
144.76,-0.0026545,-0.0557993,-0.998438
144.78,0.00836285,-0.0520363,-0.99861
144.8,0.0346624,-0.0450765,-0.998382
144.82,0.0522722,-0.0402472,-0.997822
144.84,0.0662319,-0.0393148,-0.997029
144.86,0.0797252,-0.0432478,-0.995878
144.88,0.075341,-0.046222,-0.996086
144.9,0.0698397,-0.0454941,-0.99652
144.92,0.0676411,-0.0440596,-0.996736
144.94,0.0595047,-0.0409903,-0.997386
144.96,0.043273,-0.0324605,-0.998536
144.98,0.0275525,-0.0211465,-0.999397
145,-0.00249893,0.000633439,-0.999997
145.02,-0.0287369,0.00293151,-0.999583
145.04,-0.0611074,0.0027293,-0.998127
145.06,-0.0804298,-0.00229123,-0.996758
145.08,-0.0946258,-0.00498215,-0.9955
145.1,-0.104987,-0.00820784,-0.99444
145.12,-0.119848,-0.0102455,-0.992739
145.14,-0.123499,-0.012791,-0.992262
145.16,-0.138453,-0.0120062,-0.990296
145.18,-0.142595,-0.0110219,-0.98972
145.2,-0.145542,-0.0123995,-0.989274
145.22,-0.150036,-0.0089601,-0.98864
145.24,-0.152509,-0.00328676,-0.988297
145.26,-0.154549,0.00319749,-0.98798
145.28,-0.153404,0.00762308,-0.988134
145.3,-0.153892,0.014692,-0.987978
145.32,-0.148303,0.0207938,-0.988723
145.34,-0.148869,0.0249202,-0.988543
145.36,-0.138053,0.0322384,-0.9899
145.38,-0.130002,0.0390031,-0.990746
145.4,-0.116385,0.0510239,-0.991893
145.42,-0.107824,0.0560525,-0.992589
145.44,-0.0963685,0.0580528,-0.993651
145.46,-0.072788,0.028557,-0.996939
145.48,-0.0576545,0.000171364,-0.998337
145.5,-0.0549135,-0.00662872,-0.998469
145.52,-0.0549135,-0.00662872,-0.998469
145.54,-0.0511985,-0.0131387,-0.998602
145.56,-0.0384587,-0.0333817,-0.998702
145.58,-0.0266849,-0.0462076,-0.998575
145.6,-0.0040976,-0.0573895,-0.998343
145.62,0.0172172,-0.0588356,-0.998119
145.64,0.0316628,-0.0563235,-0.99791
145.66,0.0451391,-0.0509092,-0.997683
145.68,0.0578176,-0.0479197,-0.997176
145.7,0.0496826,-0.0461951,-0.997696
145.72,0.0587327,-0.0443517,-0.997288
145.74,0.0581756,-0.0442377,-0.997326
145.76,0.0502907,-0.0435844,-0.997783
145.78,0.0431714,-0.0416361,-0.9982
145.8,0.0282853,-0.0389414,-0.998841
145.82,0.0182479,-0.0366702,-0.999161
145.84,0.00805627,-0.0354174,-0.99934
145.86,-0.00687967,-0.0338425,-0.999403
145.88,-0.0213516,-0.0390138,-0.999011
145.9,-0.0317778,-0.0467055,-0.998403
145.92,-0.0419834,-0.0506758,-0.997832
145.94,-0.0481231,-0.0548475,-0.997334
145.96,-0.0513967,-0.0599079,-0.99688
145.98,-0.0489354,-0.0614311,-0.996911
146,-0.0446374,-0.064938,-0.99689
146.02,-0.019923,-0.064897,-0.997693
146.04,-0.00246582,-0.0605448,-0.998162
146.06,0.014363,-0.0559635,-0.99833
146.08,0.0266824,-0.0570717,-0.998013
146.1,0.0394173,-0.0547568,-0.997721
146.12,0.0376545,-0.0469726,-0.998186
146.14,0.0409074,-0.0449336,-0.998152
146.16,0.0314422,-0.0446894,-0.998506
146.18,0.0248166,-0.0429484,-0.998769
146.2,0.0107458,-0.037765,-0.999229
146.22,8.00532e-05,-0.0345777,-0.999402
146.24,-0.00746304,-0.0277999,-0.999586
146.26,-0.0313149,-0.0117634,-0.99944
146.28,-0.0551738,-0.00626965,-0.998457
146.3,-0.0970809,-0.00206843,-0.995274
146.32,-0.107214,-0.00140423,-0.994235
146.34,-0.11912,-0.00493323,-0.992868
146.36,-0.125965,-0.00607133,-0.992016
146.38,-0.131017,-0.00716422,-0.991354
146.4,-0.139158,-0.00343315,-0.990264
146.42,-0.143125,-0.000839041,-0.989704
146.44,-0.147658,0.00142177,-0.989037
146.46,-0.1538,0.00451877,-0.988092
146.48,-0.155654,0.00820335,-0.987778
146.5,-0.150289,0.00459741,-0.988631
146.52,-0.153403,0.00963271,-0.988117
146.54,-0.154446,0.016672,-0.98786
146.56,-0.149633,0.0260291,-0.988399
146.58,-0.146867,0.0313377,-0.98866
146.6,-0.138855,0.0387103,-0.989556
146.62,-0.137621,0.0441759,-0.989499
146.64,-0.127676,0.0512249,-0.990492
146.66,-0.114795,0.0611525,-0.991505
146.68,-0.104808,0.0671669,-0.992222
146.7,-0.0883099,0.0624546,-0.994133
146.72,-0.0772394,0.0552331,-0.995481
146.74,-0.0722232,0.0441707,-0.99641
146.76,-0.063261,0.0245972,-0.997694
146.78,-0.0543737,0.011203,-0.998458
146.8,-0.0477736,-0.00243424,-0.998855
146.82,-0.0359066,-0.0181162,-0.999191
146.84,-0.0291002,-0.0319476,-0.999066
146.86,-0.0252929,-0.0444099,-0.998693
146.88,-0.013616,-0.0525767,-0.998524
146.9,-0.00190147,-0.0520078,-0.998645
146.92,0.000762308,-0.0513565,-0.99868
146.94,0.00789845,-0.0523732,-0.998596
146.96,0.00594909,-0.0523968,-0.998609
146.98,0.00552815,-0.0532133,-0.998568
147,0.00644858,-0.0546863,-0.998483
147.02,0.00444462,-0.0549339,-0.99848
147.04,0.00514494,-0.0544599,-0.998503
147.06,-0.000736992,-0.0536084,-0.998562
147.08,-0.00739872,-0.0514812,-0.998647
147.1,-0.0184139,-0.0489764,-0.99863
147.12,-0.0261146,-0.0494368,-0.998436
147.14,-0.0381776,-0.0496136,-0.998039
147.16,-0.0589215,-0.0512392,-0.996947
147.18,-0.0693022,-0.0539792,-0.996134
147.2,-0.0751544,-0.0587595,-0.995439
147.22,-0.0765627,-0.0627392,-0.995089
147.24,-0.0741696,-0.0675276,-0.994957
147.26,-0.0635547,-0.0699057,-0.995527
147.28,-0.0541269,-0.0713858,-0.995979
147.3,-0.0380416,-0.0712435,-0.996733
147.32,-0.0303215,-0.0700857,-0.99708
147.34,-0.0235504,-0.0686906,-0.99736
147.36,-0.00974138,-0.0663473,-0.997749
147.38,0.00129803,-0.0630668,-0.998008
147.4,0.00876374,-0.0575973,-0.998301
147.42,0.00741762,-0.0551438,-0.998451
147.44,0.00803536,-0.0523319,-0.998597
147.46,0.00467982,-0.0470826,-0.99888
147.48,-0.00333402,-0.0406871,-0.999166
147.5,-0.0275005,-0.0251509,-0.999305
147.52,-0.0457173,-0.016955,-0.998811
147.54,-0.0686661,-0.0141219,-0.99754
147.56,-0.0779788,-0.0126889,-0.996874
147.58,-0.0841786,-0.0134326,-0.99636
147.6,-0.0899212,-0.0194773,-0.995758
147.62,-0.096302,-0.0199225,-0.995153
147.64,-0.101696,-0.0205232,-0.994604
147.66,-0.112105,-0.0180969,-0.993532
147.68,-0.122898,-0.0133482,-0.99233
147.7,-0.128136,-0.011594,-0.991689
147.72,-0.132491,-0.0102657,-0.991131
147.74,-0.134391,-0.00838812,-0.990893
147.76,-0.135385,-0.00189353,-0.990791
147.78,-0.134929,6.36702e-05,-0.990855
147.8,-0.133104,0.00413388,-0.991093
147.82,-0.132883,0.00921272,-0.991089
147.84,-0.132673,0.0149231,-0.991047
147.86,-0.12059,0.0240162,-0.992412
147.88,-0.112939,0.0291549,-0.993174
147.9,-0.101445,0.0371731,-0.994146
147.92,-0.0941434,0.0438423,-0.994593
147.94,-0.0841498,0.0523489,-0.995077
147.96,-0.0711758,0.0521207,-0.996101
147.98,-0.0620922,0.0461013,-0.997005
148,-0.0506877,0.0307211,-0.998242
148.02,-0.047446,0.0201216,-0.998671
148.04,-0.0394735,0.00927167,-0.999178
148.06,-0.0298087,-0.00946036,-0.999511
148.08,-0.0182518,-0.0182697,-0.999666
148.1,-0.00682953,-0.0329168,-0.999435
148.12,0.00190688,-0.0396644,-0.999211
148.14,0.0103326,-0.0499134,-0.9987
148.16,0.0183222,-0.0592517,-0.998075
148.18,0.0252738,-0.0643281,-0.997609
148.2,0.0267635,-0.0619943,-0.997718
148.22,0.0274739,-0.0607359,-0.997776
148.24,0.0308159,-0.0585165,-0.997811
148.26,0.0305908,-0.0567811,-0.997918
148.28,0.0272663,-0.0562969,-0.998042
148.3,0.0205502,-0.0563628,-0.998199
148.32,0.0171554,-0.0558121,-0.998294
148.34,0.0105256,-0.0543885,-0.998464
148.36,-0.00190775,-0.0529472,-0.998595
148.38,-0.0114137,-0.051729,-0.998596
148.4,-0.0283709,-0.0514003,-0.998275
148.42,-0.042889,-0.0534536,-0.997649
148.44,-0.0560628,-0.0557527,-0.996869
148.46,-0.0716581,-0.0616855,-0.99552
148.48,-0.0739629,-0.0649721,-0.995142
148.5,-0.0643633,-0.068822,-0.995551
148.52,-0.0568132,-0.0712692,-0.995838
148.54,-0.046986,-0.0719556,-0.996301
148.56,-0.0308906,-0.0717946,-0.996941
148.58,-0.020822,-0.0721143,-0.997179
148.6,-0.00917269,-0.0688648,-0.997584
148.62,-0.000306907,-0.065501,-0.997852
148.64,0.00392753,-0.063323,-0.997985
148.66,0.0104039,-0.0572641,-0.998305
148.68,0.0106515,-0.0547432,-0.998444
148.7,0.00435093,-0.0534725,-0.99856
148.72,0.00226428,-0.0519493,-0.998647
148.74,-0.00333854,-0.0478042,-0.998851
148.76,-0.017692,-0.036417,-0.99918
148.78,-0.0662149,-0.020773,-0.997589
148.8,-0.0922498,-0.0205148,-0.995525
148.82,-0.0922498,-0.0205148,-0.995525
148.84,-0.0922498,-0.0205148,-0.995525
148.86,-0.0959307,-0.0211934,-0.995162
148.88,-0.102278,-0.0222916,-0.994506
148.9,-0.108218,-0.0235486,-0.993848
148.92,-0.112909,-0.0261929,-0.99326
148.94,-0.11999,-0.02727,-0.9924
148.96,-0.12756,-0.0260936,-0.991488
148.98,-0.134391,-0.0238073,-0.990642
149,-0.140405,-0.0210132,-0.989871
149.02,-0.146986,-0.0196424,-0.988944
149.04,-0.158807,-0.0132524,-0.987221
149.06,-0.157795,-0.00826061,-0.987437
149.08,-0.154559,-0.00379232,-0.987976
149.1,-0.15339,0.00681572,-0.988142
149.12,-0.14821,0.0141588,-0.988855
149.14,-0.145647,0.0187716,-0.989159
149.16,-0.141958,0.0265792,-0.989516
149.18,-0.128017,0.0292747,-0.99134
149.2,-0.107792,0.0337831,-0.993599
149.22,-0.0951558,0.0321512,-0.994943
149.24,-0.084689,0.035209,-0.995785
149.26,-0.0802816,0.0402729,-0.995958
149.28,-0.0740261,0.037384,-0.996555
149.3,-0.0635695,0.0245897,-0.997674
149.32,-0.0507983,0.00613678,-0.99869
149.34,-0.042223,-0.00756316,-0.99908
149.36,-0.0235898,-0.0293535,-0.999291
149.38,-0.00914897,-0.0428919,-0.999038
149.4,0.0130743,-0.0560731,-0.998341
149.42,0.0215049,-0.0583567,-0.998064
149.44,0.031076,-0.0587196,-0.997791
149.46,0.0403757,-0.0585541,-0.997467
149.48,0.0445182,-0.0555017,-0.997466
149.5,0.0452588,-0.0518378,-0.997629
149.52,0.0446146,-0.0523471,-0.997632
149.54,0.0394763,-0.0540023,-0.99776
149.56,0.0388765,-0.0564558,-0.997648
149.58,0.0362383,-0.0566634,-0.997735
149.6,0.0226668,-0.0556863,-0.998191
149.62,0.0130624,-0.0563708,-0.998324
149.64,0.00530868,-0.0548237,-0.998482
149.66,-0.010176,-0.0517193,-0.99861
149.68,-0.021873,-0.0535644,-0.998325
149.7,-0.0436942,-0.0559003,-0.99748
149.72,-0.0565403,-0.0590496,-0.996653
149.74,-0.0684352,-0.0615275,-0.995756
149.76,-0.0699441,-0.0684078,-0.995203
149.78,-0.0662541,-0.0693495,-0.99539
149.8,-0.0605655,-0.0716173,-0.995592
149.82,-0.0504826,-0.0725667,-0.996085
149.84,-0.0392125,-0.0742761,-0.996466
149.86,-0.0259887,-0.0724608,-0.997033
149.88,-0.0181161,-0.0715043,-0.997276
149.9,-0.00437516,-0.0683037,-0.997655
149.92,0.00408971,-0.0651986,-0.997864
149.94,0.00742853,-0.0599532,-0.998174
149.96,0.00584162,-0.0584167,-0.998275
149.98,0.00219496,-0.0561805,-0.998418
150,-0.00296081,-0.0528014,-0.998601
150.02,-0.0101845,-0.0463487,-0.998873
150.04,-0.0253086,-0.0355859,-0.999046
150.06,-0.0586267,-0.0230506,-0.998014
150.08,-0.0716877,-0.021584,-0.997194
150.1,-0.0840035,-0.0188904,-0.996286
150.12,-0.0928236,-0.0185969,-0.995509
150.14,-0.0992305,-0.0192422,-0.994878
150.16,-0.103062,-0.0198292,-0.994477
150.18,-0.107171,-0.0209711,-0.994019
150.2,-0.115533,-0.019251,-0.993117
150.22,-0.117747,-0.0175633,-0.992888
150.24,-0.120392,-0.0136808,-0.992632
150.26,-0.126141,-0.013757,-0.991917
150.28,-0.125766,-0.0107279,-0.992002
150.3,-0.123801,-0.00812641,-0.992274
150.32,-0.1196,-0.000262949,-0.992822
150.34,-0.118878,0.000494358,-0.992909
150.36,-0.114407,0.0104397,-0.993379
150.38,-0.110892,0.0156127,-0.99371
150.4,-0.10001,0.0234754,-0.994709
150.42,-0.0998765,0.0337015,-0.994429
150.44,-0.0958424,0.0394669,-0.994614
150.46,-0.0737658,0.0336223,-0.996709
150.48,-0.0702828,0.0488476,-0.99633
150.5,-0.0466161,0.0454409,-0.997879
150.52,-0.0362175,0.037974,-0.998622
150.54,-0.0270156,0.0323007,-0.999113
150.56,-0.0229211,0.0159805,-0.99961
150.58,-0.0152608,0.00591608,-0.999866
150.6,-0.00206338,-0.00819254,-0.999964
150.62,0.00644016,-0.0122378,-0.999904
150.64,0.0228145,-0.0179413,-0.999579
150.66,0.0360948,-0.0272725,-0.998976
150.68,0.04824,-0.0316537,-0.998334
150.7,0.0681833,-0.0525081,-0.99629
150.72,0.0764337,-0.0576969,-0.995404
150.74,0.0800116,-0.0596248,-0.995009
150.76,0.0787621,-0.057723,-0.995221
150.78,0.0875002,-0.058808,-0.994427
150.8,0.0871804,-0.0552322,-0.99466
150.82,0.0766771,-0.0512313,-0.995739
150.84,0.073529,-0.0487216,-0.996102
150.86,0.0529813,-0.0385337,-0.997852
150.88,0.0396007,-0.0346572,-0.998614
150.9,0.0286938,-0.0332291,-0.999036
150.92,0.0105564,-0.0317011,-0.999442
150.94,-0.00188779,-0.0348118,-0.999392
150.96,-0.0296841,-0.0360398,-0.998909
150.98,-0.0435985,-0.0466793,-0.997958
151,-0.0674865,-0.0526727,-0.996329
151.02,-0.0755664,-0.0546885,-0.99564
151.04,-0.0756471,-0.0565396,-0.99553
151.06,-0.0779043,-0.056333,-0.995368
151.08,-0.056826,-0.0625787,-0.996421
151.1,-0.0344395,-0.0626891,-0.997439
151.12,-0.0209253,-0.0613044,-0.9979
151.14,-0.00496472,-0.0639006,-0.997944
151.16,0.0161006,-0.0603387,-0.998048
151.18,0.0255777,-0.0594747,-0.997902
151.2,0.0335719,-0.0516307,-0.998102
151.22,0.0338807,-0.0468192,-0.998329
151.24,0.0309541,-0.0468145,-0.998424
151.26,0.0254753,-0.0498383,-0.998432
151.28,0.0206961,-0.0489436,-0.998587
151.3,0.0038416,-0.0438821,-0.999029
151.32,-0.00585722,-0.0401792,-0.999175
151.34,-0.0200171,-0.0305693,-0.999332
151.36,-0.0578241,-0.0120685,-0.998254
151.38,-0.0771613,-0.00669194,-0.996996
151.4,-0.0976692,-0.00807694,-0.995186
151.42,-0.109137,-0.00887465,-0.993987
151.44,-0.116339,-0.0106712,-0.993152
151.46,-0.121166,-0.013577,-0.992539
151.48,-0.134188,-0.0074352,-0.990928
151.5,-0.135087,-0.00963898,-0.990787
151.52,-0.141155,-0.00721017,-0.989961
151.54,-0.14222,-0.0063078,-0.989815
151.56,-0.145929,-0.0045007,-0.989285
151.58,-0.143123,-0.00339618,-0.989699
151.6,-0.141611,0.00170714,-0.989921
151.62,-0.140152,0.0062583,-0.99011
151.64,-0.136798,0.0169434,-0.990454
151.66,-0.136986,0.031415,-0.990075
151.68,-0.136802,0.0337538,-0.990023
151.7,-0.122904,0.039313,-0.99164
151.72,-0.118817,0.0521019,-0.991548
151.74,-0.109707,0.0539466,-0.992499
151.76,-0.0993357,0.0747804,-0.99224
151.78,-0.0816366,0.0565195,-0.995058
151.8,-0.0652936,0.0494401,-0.996641
151.82,-0.0602039,0.0418723,-0.997307
151.84,-0.0546785,0.0315423,-0.998006
151.86,-0.0476544,0.0139693,-0.998766
151.88,-0.0368038,-0.00641218,-0.999302
151.9,-0.0195876,-0.0193396,-0.999621
151.92,-0.0118403,-0.026254,-0.999585
151.94,0.00401129,-0.0414798,-0.999131
151.96,0.0176551,-0.0525827,-0.99846
151.98,0.0261814,-0.0621269,-0.997725
152,0.0366756,-0.0596684,-0.997544
152.02,0.0407843,-0.0548824,-0.99766
152.04,0.0403847,-0.0500422,-0.99793
152.06,0.0390883,-0.0455493,-0.998197
152.08,0.0386518,-0.0491531,-0.998043
152.1,0.0384476,-0.0523784,-0.997887
152.12,0.0321701,-0.0569938,-0.997856
152.14,0.0198007,-0.053337,-0.99838
152.16,0.0169765,-0.0616403,-0.997954
152.18,0.00231205,-0.0535035,-0.998565
152.2,-0.00806972,-0.0539534,-0.998511
152.22,-0.0274183,-0.0542034,-0.998153
152.24,-0.0418867,-0.0538126,-0.997672
152.26,-0.0605716,-0.0602368,-0.996345
152.28,-0.0679161,-0.0645751,-0.995599
152.3,-0.0734247,-0.0636689,-0.995266
152.32,-0.0662199,-0.0651913,-0.995673
152.34,-0.0554528,-0.0687731,-0.99609
152.36,-0.0431792,-0.0685871,-0.99671
152.38,-0.030749,-0.0682945,-0.997191
152.4,-0.0140757,-0.0672316,-0.997638
152.42,-0.00670028,-0.0635473,-0.997956
152.44,0.00307203,-0.063079,-0.998004
152.46,0.00715227,-0.0570536,-0.998345
152.48,0.00889114,-0.0518435,-0.998616
152.5,0.00301012,-0.0482053,-0.998833
152.52,-0.00606916,-0.0456032,-0.998941
152.54,-0.0139708,-0.0459722,-0.998845
152.56,-0.019819,-0.0436681,-0.998849
152.58,-0.026317,-0.0375555,-0.998948
152.6,-0.0393688,-0.0334994,-0.998663
152.62,-0.0498597,-0.0328002,-0.998217
152.64,-0.0645115,-0.0291566,-0.997491
152.66,-0.0789675,-0.0239395,-0.99659
152.68,-0.0847214,-0.0257502,-0.996072
152.7,-0.0933813,-0.0246042,-0.995326
152.72,-0.0976791,-0.0263435,-0.994869
152.74,-0.102532,-0.0255087,-0.994403
152.76,-0.106174,-0.0268052,-0.993986
152.78,-0.107562,-0.0259086,-0.993861
152.8,-0.105334,-0.0280394,-0.994041
152.82,-0.105328,-0.0263542,-0.994088
152.84,-0.10509,-0.0270808,-0.994094
152.86,-0.10251,-0.0235626,-0.994453
152.88,-0.0984771,-0.0252203,-0.99482
152.9,-0.0956841,-0.0266662,-0.995055
152.92,-0.0981552,-0.0213126,-0.994943
152.94,-0.0948368,-0.0245109,-0.995191
152.96,-0.095375,-0.0251332,-0.995124
152.98,-0.0932255,-0.0246913,-0.995339
153,-0.0912494,-0.0238682,-0.995542
153.02,-0.0915968,-0.0218353,-0.995557
153.04,-0.091226,-0.020008,-0.995629
153.06,-0.0883888,-0.0222062,-0.995838
153.08,-0.0882516,-0.0241673,-0.995805
153.1,-0.0877621,-0.024815,-0.995832
153.12,-0.0878256,-0.0230347,-0.99587
153.14,-0.0875671,-0.0230704,-0.995891
153.16,-0.0890853,-0.0216583,-0.995788
153.18,-0.0884034,-0.020525,-0.995873
153.2,-0.0886717,-0.0204127,-0.995852
153.22,-0.0891531,-0.0218346,-0.995779
153.24,-0.0882805,-0.0209466,-0.995875
153.26,-0.0872723,-0.0226885,-0.995926
153.28,-0.0876429,-0.0224594,-0.995899
153.3,-0.0872582,-0.0220138,-0.995942
153.32,-0.0878721,-0.023004,-0.995866
153.34,-0.089135,-0.0228396,-0.995758
153.36,-0.0881061,-0.0238011,-0.995827
153.38,-0.0900131,-0.0224002,-0.995689
153.4,-0.0896651,-0.0228561,-0.99571
153.42,-0.0905474,-0.0218374,-0.995653
153.44,-0.0906128,-0.0215108,-0.995654
153.46,-0.0931802,-0.0228283,-0.995388
153.48,-0.0944788,-0.0204569,-0.995317
153.5,-0.0942015,-0.0235102,-0.995276
153.52,-0.0959027,-0.0231128,-0.995122
153.54,-0.0944875,-0.0241081,-0.995234
153.56,-0.0945946,-0.0242392,-0.995221
153.58,-0.0945457,-0.0236822,-0.995239
153.6,-0.0949793,-0.0246358,-0.995174
153.62,-0.0945763,-0.0255925,-0.995189
153.64,-0.0950377,-0.025595,-0.995145
153.66,-0.0954912,-0.025825,-0.995095
153.68,-0.0961339,-0.0257011,-0.995037
153.7,-0.0946342,-0.0260796,-0.99517
153.72,-0.0951652,-0.0258331,-0.995126
153.74,-0.0946219,-0.0257938,-0.995179
153.76,-0.0947987,-0.0260928,-0.995154
153.78,-0.095098,-0.0258079,-0.995133
153.8,-0.0956386,-0.0255843,-0.995087
153.82,-0.0950165,-0.0270096,-0.995109
153.84,-0.0951869,-0.0257606,-0.995126
153.86,-0.0965959,-0.0212976,-0.995096
153.88,-0.0956129,-0.021843,-0.995179
153.9,-0.0976409,-0.0216459,-0.994986
153.92,-0.0968218,-0.0223272,-0.995051
153.94,-0.0975197,-0.0221083,-0.994988
153.96,-0.0972844,-0.0235451,-0.994978
153.98,-0.0974064,-0.0238093,-0.99496
154,-0.0968864,-0.0243878,-0.994997
154.02,-0.0969552,-0.023296,-0.995016
154.04,-0.0972431,-0.0236502,-0.99498
154.06,-0.0976661,-0.0239767,-0.99493
154.08,-0.0975843,-0.0248233,-0.994918
154.1,-0.097039,-0.0265371,-0.994927
154.12,-0.0964271,-0.0236373,-0.995059
154.14,-0.097414,-0.0242826,-0.994948
154.16,-0.0982669,-0.0249161,-0.994848
154.18,-0.0983685,-0.0256821,-0.994819
154.2,-0.0979423,-0.0250264,-0.994877
154.22,-0.096652,-0.0248814,-0.995007
154.24,-0.0968878,-0.0241283,-0.995003
154.26,-0.0978283,-0.0240706,-0.994912
154.28,-0.0964668,-0.0259003,-0.994999
154.3,-0.0969925,-0.0251515,-0.994967
154.32,-0.0959105,-0.0258634,-0.995054
154.34,-0.0959038,-0.0258465,-0.995055
154.36,-0.0952687,-0.0265392,-0.995098
154.38,-0.0946873,-0.0261859,-0.995163
154.4,-0.0948864,-0.0264386,-0.995137
154.42,-0.0943758,-0.0265389,-0.995183
154.44,-0.095053,-0.0259321,-0.995134
154.46,-0.0948019,-0.0252863,-0.995175
154.48,-0.0950931,-0.024855,-0.995158
154.5,-0.0956204,-0.0239486,-0.99513
154.52,-0.0963867,-0.0232587,-0.995072
154.54,-0.0966798,-0.0220274,-0.995072
154.56,-0.0960833,-0.0217465,-0.995136
154.58,-0.0958205,-0.0210554,-0.995176
154.6,-0.0960232,-0.0205607,-0.995167
154.62,-0.0963188,-0.0216821,-0.995114
154.64,-0.0960453,-0.0198243,-0.99518
154.66,-0.0969108,-0.0222976,-0.995043
154.68,-0.0966514,-0.021869,-0.995078
154.7,-0.0972666,-0.0211605,-0.995033
154.72,-0.0966274,-0.0215417,-0.995087
154.74,-0.0965597,-0.021076,-0.995104
154.76,-0.0968737,-0.0206913,-0.995082
154.78,-0.0969337,-0.0199422,-0.995091
154.8,-0.0963468,-0.0200871,-0.995145
154.82,-0.0971598,-0.0195893,-0.995076
154.84,-0.0966185,-0.0196855,-0.995127
154.86,-0.0961179,-0.019996,-0.995169
154.88,-0.0960117,-0.0202464,-0.995174
154.9,-0.0956032,-0.0205489,-0.995207
154.92,-0.096228,-0.0203941,-0.99515
154.94,-0.0962817,-0.0199927,-0.995153
154.96,-0.0967359,-0.0205738,-0.995097
154.98,-0.0970924,-0.0199449,-0.995076
155,-0.0963831,-0.0209496,-0.995124
155.02,-0.0958665,-0.0214925,-0.995162
155.04,-0.0958141,-0.021623,-0.995164
155.06,-0.0977844,-0.0215208,-0.994975
155.08,-0.0974211,-0.0214921,-0.995011
155.1,-0.0962073,-0.0221502,-0.995115
155.12,-0.0965788,-0.0231176,-0.995057
155.14,-0.0968778,-0.0224869,-0.995042
155.16,-0.0969686,-0.0228108,-0.995026
155.18,-0.0971909,-0.0226273,-0.995009
155.2,-0.0974968,-0.0224971,-0.994982
155.22,-0.0969923,-0.0226467,-0.995027
155.24,-0.0969517,-0.0234956,-0.995012
155.26,-0.0971402,-0.0236339,-0.99499
155.28,-0.0970877,-0.0230191,-0.99501
155.3,-0.0973194,-0.0231894,-0.994983
155.32,-0.097608,-0.0216834,-0.994989
155.34,-0.0959581,-0.0228085,-0.995124
155.36,-0.0966516,-0.0225767,-0.995062
155.38,-0.0967418,-0.0227372,-0.99505
155.4,-0.0963094,-0.0227315,-0.995092
155.42,-0.0962754,-0.0228131,-0.995093
155.44,-0.0960329,-0.021974,-0.995136
155.46,-0.0965024,-0.0215699,-0.995099
155.48,-0.0966994,-0.0222831,-0.995064
155.5,-0.0970623,-0.0212316,-0.995052
155.52,-0.0970097,-0.0211427,-0.995059
155.54,-0.0963577,-0.0211828,-0.995121
155.56,-0.0969549,-0.0206627,-0.995074
155.58,-0.0964188,-0.0210078,-0.995119
155.6,-0.0964392,-0.0217824,-0.995101
155.62,-0.0962867,-0.021226,-0.995127
155.64,-0.0961668,-0.0214481,-0.995134
155.66,-0.0969843,-0.0208456,-0.995068
155.68,-0.0969843,-0.0208456,-0.995068
155.7,-0.0954657,-0.0216531,-0.995197
155.72,-0.0959137,-0.0223708,-0.995138
155.74,-0.0962538,-0.0219077,-0.995116
155.76,-0.0966437,-0.0220833,-0.995074
155.78,-0.0968896,-0.0205668,-0.995083
155.8,-0.0965075,-0.0215805,-0.995098
155.82,-0.0967178,-0.0218709,-0.995072
155.84,-0.0966056,-0.0220728,-0.995078
155.86,-0.0971502,-0.0214291,-0.995039
155.88,-0.0966011,-0.0218347,-0.995084
155.9,-0.0965116,-0.0223744,-0.99508
155.92,-0.0970238,-0.0213528,-0.995053
155.94,-0.096247,-0.0222596,-0.995109
155.96,-0.0964852,-0.0219401,-0.995093
155.98,-0.0955556,-0.020462,-0.995214
156,-0.0949564,-0.0208288,-0.995264
156.02,-0.0944321,-0.0211208,-0.995307
156.04,-0.0945126,-0.0209936,-0.995302
156.06,-0.0947254,-0.0213377,-0.995275
156.08,-0.0953473,-0.0201504,-0.99524
156.1,-0.0948238,-0.0208719,-0.995275
156.12,-0.095462,-0.0203919,-0.995224
156.14,-0.0953455,-0.0203533,-0.995236
156.16,-0.0954419,-0.0206411,-0.995221
156.18,-0.0951617,-0.0211404,-0.995237
156.2,-0.0953512,-0.020084,-0.995241
156.22,-0.0952344,-0.0206182,-0.995241
156.24,-0.093937,-0.0213807,-0.995349
156.26,-0.0959423,-0.0207369,-0.995171
156.28,-0.0950765,-0.0208714,-0.995251
156.3,-0.0956709,-0.0208233,-0.995195
156.32,-0.0944686,-0.0214797,-0.995296
156.34,-0.0951121,-0.0220375,-0.995223
156.36,-0.0955664,-0.0204169,-0.995214
156.38,-0.0956588,-0.0209815,-0.995193
156.4,-0.0953146,-0.0210268,-0.995225
156.42,-0.0954019,-0.0213252,-0.99521
156.44,-0.0953328,-0.0215715,-0.995212
156.46,-0.0950609,-0.021504,-0.995239
156.48,-0.0956409,-0.0214294,-0.995185
156.5,-0.0954955,-0.0209164,-0.99521
156.52,-0.0952864,-0.0230401,-0.995183
156.54,-0.0964746,-0.0212792,-0.995108
156.56,-0.0960732,-0.0220501,-0.99513
156.58,-0.0963301,-0.0216668,-0.995114
156.6,-0.0967403,-0.0219648,-0.995067
156.62,-0.0959716,-0.0217165,-0.995147
156.64,-0.0966674,-0.0217709,-0.995079
156.66,-0.0963233,-0.0215929,-0.995116
156.68,-0.0965006,-0.0221024,-0.995087
156.7,-0.096899,-0.020948,-0.995074
156.72,-0.0963651,-0.0220754,-0.995101
156.74,-0.0969656,-0.0217107,-0.995051
156.76,-0.0962538,-0.0213601,-0.995128
156.78,-0.0968344,-0.021077,-0.995077
156.8,-0.0962732,-0.0213967,-0.995125
156.82,-0.0964039,-0.020894,-0.995123
156.84,-0.0968597,-0.0212557,-0.995071
156.86,-0.0959865,-0.0222967,-0.995133
156.88,-0.0963305,-0.0208693,-0.995131
156.9,-0.096547,-0.0211949,-0.995103
156.92,-0.0966097,-0.0215019,-0.99509
156.94,-0.0961799,-0.021728,-0.995127
156.96,-0.0964228,-0.0213321,-0.995112
156.98,-0.0961096,-0.0221861,-0.995123
157,-0.0964098,-0.0215417,-0.995109
157.02,-0.0965651,-0.0213632,-0.995097
157.04,-0.0965424,-0.0214939,-0.995097
157.06,-0.0970881,-0.0209571,-0.995055
157.08,-0.0954935,-0.0223288,-0.99518
157.1,-0.0966183,-0.0216678,-0.995086
157.12,-0.0968936,-0.0214805,-0.995063
157.14,-0.0962617,-0.0218607,-0.995116
157.16,-0.0967997,-0.0218292,-0.995064
157.18,-0.0964002,-0.0224135,-0.99509
157.2,-0.0963347,-0.0222487,-0.9951
157.22,-0.0963548,-0.0216566,-0.995111
157.24,-0.095889,-0.0225232,-0.995137
157.26,-0.0973709,-0.0211773,-0.995023
157.28,-0.0963303,-0.0216777,-0.995113
157.3,-0.0968344,-0.0219092,-0.995059
157.32,-0.0957636,-0.0219415,-0.995162
157.34,-0.0963526,-0.0220694,-0.995103
157.36,-0.0967332,-0.0210006,-0.995089
157.38,-0.0963435,-0.0211906,-0.995123
157.4,-0.0967577,-0.0207238,-0.995092
157.42,-0.0961763,-0.0212409,-0.995138
157.44,-0.0962386,-0.0214389,-0.995127
157.46,-0.0965501,-0.0211575,-0.995103
157.48,-0.0965269,-0.0210052,-0.995109
157.5,-0.0962052,-0.0215574,-0.995128
157.52,-0.095672,-0.0212175,-0.995187
157.54,-0.096249,-0.020829,-0.995139
157.56,-0.0957839,-0.0214294,-0.995171
157.58,-0.0958001,-0.0214836,-0.995169
157.6,-0.0967242,-0.0202266,-0.995106
157.62,-0.0963589,-0.0213826,-0.995117
157.64,-0.0962141,-0.0208452,-0.995142
157.66,-0.0970034,-0.0211452,-0.995059
157.68,-0.0961965,-0.0209253,-0.995142
157.7,-0.097031,-0.0205044,-0.99507
157.72,-0.0959478,-0.0215389,-0.995153
157.74,-0.0964095,-0.0208073,-0.995124
157.76,-0.0959913,-0.0210273,-0.99516
157.78,-0.0958439,-0.0215551,-0.995163
157.8,-0.095362,-0.0215353,-0.99521
157.82,-0.0957962,-0.0223295,-0.99515
157.84,-0.0964976,-0.0214754,-0.995102
157.86,-0.0956392,-0.0216203,-0.995181
157.88,-0.0962017,-0.0211087,-0.995138
157.9,-0.096995,-0.021008,-0.995063
157.92,-0.0968511,-0.0206468,-0.995085
157.94,-0.0966215,-0.0209031,-0.995102
157.96,-0.0964909,-0.0215954,-0.9951
157.98,-0.096079,-0.0217102,-0.995137
158,-0.0963969,-0.0213953,-0.995113
158.02,-0.0961624,-0.0218953,-0.995125
158.04,-0.0967468,-0.0214599,-0.995078
158.06,-0.0964881,-0.0222577,-0.995085
158.08,-0.0958145,-0.0212857,-0.995172
158.1,-0.0961492,-0.0221087,-0.995121
158.12,-0.0968824,-0.0211646,-0.995071
158.14,-0.0963893,-0.0211849,-0.995118
158.16,-0.0967228,-0.0212603,-0.995084
158.18,-0.0971028,-0.0206169,-0.995061
158.2,-0.0961761,-0.0210451,-0.995142
158.22,-0.0963458,-0.0205369,-0.995136
158.24,-0.0963458,-0.0205369,-0.995136
158.26,-0.0964188,-0.0204248,-0.995131
158.28,-0.0959858,-0.0207908,-0.995166
158.3,-0.095646,-0.0199258,-0.995216
158.32,-0.0946683,-0.0212979,-0.995281
158.34,-0.0946798,-0.0209066,-0.995288
158.36,-0.0949169,-0.0203246,-0.995278
158.38,-0.0950419,-0.0205368,-0.995261
158.4,-0.0952825,-0.0204764,-0.99524
158.42,-0.0951157,-0.0206159,-0.995253
158.44,-0.0947957,-0.0210275,-0.995275
158.46,-0.0947781,-0.0202516,-0.995292
158.48,-0.095532,-0.0200789,-0.995224
158.5,-0.0944787,-0.0212253,-0.995301
158.52,-0.0951093,-0.0218919,-0.995226
158.54,-0.0949599,-0.0209352,-0.995261
158.56,-0.0946413,-0.0204795,-0.995301
158.58,-0.0948798,-0.0209482,-0.995268
158.6,-0.0944511,-0.0205798,-0.995317
158.62,-0.0943126,-0.0206951,-0.995328
158.64,-0.094531,-0.0205407,-0.99531
158.66,-0.0945606,-0.0211537,-0.995294
158.68,-0.0946742,-0.0208151,-0.995291
158.7,-0.0956361,-0.0206211,-0.995203
158.72,-0.0948654,-0.021317,-0.995262
158.74,-0.0948654,-0.021317,-0.995262
158.76,-0.0953399,-0.0208513,-0.995226
158.78,-0.096622,-0.0202269,-0.995116
158.8,-0.0956774,-0.022371,-0.995161
158.82,-0.0961247,-0.0209879,-0.995148
158.84,-0.0958271,-0.0212408,-0.995171
158.86,-0.0969346,-0.020216,-0.995085
158.88,-0.096227,-0.0209871,-0.995138
158.9,-0.0960774,-0.0210326,-0.995152
158.92,-0.096606,-0.021356,-0.995094
158.94,-0.0972751,-0.0203642,-0.995049
158.96,-0.0962385,-0.021104,-0.995135
158.98,-0.0964821,-0.0204989,-0.995124
159,-0.0962645,-0.0205589,-0.995143
159.02,-0.0964441,-0.0206717,-0.995124
159.04,-0.0968892,-0.0202527,-0.995089
159.06,-0.103702,-0.0128568,-0.994525
159.08,-0.102876,-0.0133322,-0.994605
159.1,-0.103639,-0.0125925,-0.994535
159.12,-0.10384,-0.0132361,-0.994506
159.14,-0.103997,-0.0130992,-0.994491
159.16,-0.103484,-0.0129252,-0.994547
159.18,-0.103731,-0.0130068,-0.99452
159.2,-0.103761,-0.0132336,-0.994514
159.22,-0.103856,-0.013124,-0.994506
159.24,-0.104051,-0.0133969,-0.994482
159.26,-0.103627,-0.013312,-0.994527
159.28,-0.10284,-0.0141948,-0.994597
159.3,-0.102512,-0.0143931,-0.994628
159.32,-0.102708,-0.014149,-0.994611
159.34,-0.102791,-0.0133955,-0.994613
159.36,-0.102965,-0.0133603,-0.994595
159.38,-0.102854,-0.013343,-0.994607
159.4,-0.102771,-0.0133842,-0.994615
159.42,-0.103065,-0.0134188,-0.994584
159.44,-0.102804,-0.0133067,-0.994613
159.46,-0.102833,-0.0133498,-0.994609
159.48,-0.102803,-0.0133789,-0.994612
159.5,-0.102218,-0.0136873,-0.994668
159.52,-0.101813,-0.0134001,-0.994713
159.54,-0.102454,-0.0134157,-0.994647
159.56,-0.102119,-0.0134135,-0.994682
159.58,-0.101853,-0.0134432,-0.994709
159.6,-0.102316,-0.0136499,-0.994658
159.62,-0.102023,-0.0134394,-0.994691
159.64,-0.101997,-0.0135371,-0.994693
159.66,-0.102082,-0.0138253,-0.99468
159.68,-0.102163,-0.013382,-0.994678
159.7,-0.101962,-0.0135074,-0.994697
159.72,-0.102132,-0.01346,-0.99468
159.74,-0.102057,-0.0137473,-0.994684
159.76,-0.102429,-0.0132305,-0.994652
159.78,-0.102139,-0.0136817,-0.994676
159.8,-0.101953,-0.0133185,-0.9947
159.82,-0.102158,-0.0131582,-0.994681
159.84,-0.102525,-0.0131362,-0.994644
159.86,-0.101649,-0.01507,-0.994706
159.88,-0.102324,-0.0133878,-0.994661
159.9,-0.102081,-0.0134313,-0.994685
159.92,-0.102072,-0.0133801,-0.994687
159.94,-0.102328,-0.0130875,-0.994665
159.96,-0.102402,-0.0132064,-0.994655
159.98,-0.102189,-0.0136758,-0.994671
160,-0.102442,-0.0133007,-0.99465
160.02,-0.102247,-0.0134953,-0.994667
160.04,-0.101933,-0.0134908,-0.9947
160.06,-0.101876,-0.0135198,-0.994705
160.08,-0.102237,-0.0136693,-0.994666
160.1,-0.102269,-0.0136355,-0.994663
160.12,-0.102079,-0.0134527,-0.994685
160.14,-0.102183,-0.0136312,-0.994672
160.16,-0.102,-0.0135964,-0.994692
160.18,-0.102104,-0.0133905,-0.994684
160.2,-0.101198,-0.0139267,-0.994769
160.22,-0.10207,-0.013393,-0.994687
160.24,-0.102358,-0.0136185,-0.994654
160.26,-0.101461,-0.0139581,-0.994742
160.28,-0.102248,-0.0133924,-0.994669
160.3,-0.10182,-0.0135857,-0.99471
160.32,-0.102101,-0.0135661,-0.994681
160.34,-0.101975,-0.0135545,-0.994695
160.36,-0.102182,-0.0134991,-0.994674
160.38,-0.102099,-0.0136477,-0.994681
160.4,-0.102106,-0.0137322,-0.994679
160.42,-0.102522,-0.0133691,-0.994641
160.44,-0.102231,-0.013736,-0.994666
160.46,-0.102386,-0.0134398,-0.994654
160.48,-0.102368,-0.0136811,-0.994653
160.5,-0.102329,-0.0134206,-0.99466
160.52,-0.102002,-0.013472,-0.994693
160.54,-0.10258,-0.0133838,-0.994635
160.56,-0.102404,-0.0136748,-0.994649
160.58,-0.102218,-0.0135218,-0.99467
160.6,-0.102349,-0.0135291,-0.994657
160.62,-0.102331,-0.0134795,-0.994659
160.64,-0.101977,-0.0134963,-0.994695
160.66,-0.102242,-0.0133295,-0.99467
160.68,-0.102169,-0.0133905,-0.994677
160.7,-0.102169,-0.0133905,-0.994677
160.72,-0.102166,-0.013508,-0.994676
160.74,-0.10193,-0.0134487,-0.994701
160.76,-0.102174,-0.0134822,-0.994675
160.78,-0.1025,-0.0137584,-0.994638
160.8,-0.102429,-0.0134691,-0.994649
160.82,-0.102513,-0.0133017,-0.994643
160.84,-0.102341,-0.0131604,-0.994662
160.86,-0.102339,-0.0127464,-0.994668
160.88,-0.102494,-0.0129847,-0.994649
160.9,-0.103425,-0.0122289,-0.994562
160.92,-0.10339,-0.0119774,-0.994569
160.94,-0.103543,-0.0127719,-0.994543
160.96,-0.103189,-0.0124032,-0.994584
160.98,-0.103443,-0.0119913,-0.994563
161,-0.103034,-0.0125328,-0.994599
161.02,-0.101421,-0.0147041,-0.994735
161.04,-0.101643,-0.0154809,-0.994701
161.06,-0.100591,-0.0150758,-0.994814
161.08,-0.101482,-0.0147575,-0.994728
161.1,-0.0921535,-0.0259811,-0.995406
161.12,-0.0918126,-0.0276238,-0.995393
161.14,-0.0919174,-0.0272392,-0.995394
161.16,-0.0919588,-0.028077,-0.995367
161.18,-0.0915224,-0.0279644,-0.99541
161.2,-0.0917647,-0.0289235,-0.995361
161.22,-0.091838,-0.0281844,-0.995375
161.24,-0.0945395,-0.0280373,-0.995126
161.26,-0.0954742,-0.0261528,-0.995088
161.28,-0.0943379,-0.0278224,-0.995151
161.3,-0.0946097,-0.0278131,-0.995126
161.32,-0.0945931,-0.028216,-0.995116
161.34,-0.0950134,-0.0265991,-0.995121
161.36,-0.0946281,-0.0282288,-0.995112
161.38,-0.095323,-0.0274151,-0.995069
161.4,-0.095977,-0.0276601,-0.994999
161.42,-0.0962071,-0.0263551,-0.995012
161.44,-0.095716,-0.0239857,-0.99512
161.46,-0.0970061,-0.0183419,-0.995115
161.48,-0.0968283,-0.0234457,-0.995025
161.5,-0.0982608,-0.0201279,-0.994957
161.52,-0.0977977,-0.0211008,-0.994983
161.54,-0.0975757,-0.0209697,-0.995007
161.56,-0.0972401,-0.0218762,-0.99502
161.58,-0.097362,-0.0226158,-0.994992
161.6,-0.0973408,-0.0227472,-0.994991
161.62,-0.0980848,-0.0241194,-0.994886
161.64,-0.0972933,-0.0231824,-0.994986
161.66,-0.0986586,-0.0254737,-0.994795
161.68,-0.0972854,-0.0229786,-0.994991
161.7,-0.0977629,-0.0257181,-0.994877
161.72,-0.0976635,-0.0252067,-0.9949
161.74,-0.0969297,-0.02324,-0.99502
161.76,-0.0975162,-0.0241587,-0.994941
161.78,-0.0979303,-0.0246009,-0.994889
161.8,-0.0979976,-0.0254891,-0.99486
161.82,-0.0977672,-0.0244089,-0.99491
161.84,-0.0970795,-0.0256165,-0.994947
161.86,-0.0974492,-0.0256516,-0.99491
161.88,-0.097878,-0.0257012,-0.994866
161.9,-0.0980344,-0.0266057,-0.994827
161.92,-0.0982136,-0.0255998,-0.994836
161.94,-0.0978449,-0.0259122,-0.994864
161.96,-0.09722,-0.0265425,-0.994909
161.98,-0.0976435,-0.0258894,-0.994885
162,-0.0970331,-0.0256727,-0.99495
162.02,-0.0977525,-0.0248989,-0.994899
162.04,-0.0977731,-0.0243434,-0.994911
162.06,-0.0971294,-0.0238446,-0.994986
162.08,-0.0973631,-0.0245627,-0.994946
162.1,-0.0968578,-0.0233714,-0.995024
162.12,-0.0978959,-0.0242324,-0.994902
162.14,-0.0975338,-0.0246719,-0.994926
162.16,-0.0979986,-0.025815,-0.994852
162.18,-0.0977504,-0.0257635,-0.994877
162.2,-0.0983508,-0.024065,-0.994861
162.22,-0.0985667,-0.0248448,-0.99482
162.24,-0.0961281,-0.0248589,-0.995059
162.26,-0.0966813,-0.0224316,-0.995063
162.28,-0.096658,-0.0218479,-0.995078
162.3,-0.0984245,-0.0218356,-0.994905
162.32,-0.0977459,-0.0215091,-0.994979
162.34,-0.0972347,-0.0212671,-0.995034
162.36,-0.0968766,-0.0229371,-0.995032
162.38,-0.0962806,-0.0234901,-0.995077
162.4,-0.0967083,-0.0238498,-0.995027
162.42,-0.0965904,-0.0262455,-0.994978
162.44,-0.0951486,-0.0273005,-0.995089
162.46,-0.0951939,-0.0268903,-0.995095
162.48,-0.0948328,-0.0272119,-0.995121
162.5,-0.0950249,-0.0296476,-0.995033
162.52,-0.0949326,-0.0293602,-0.995051
162.54,-0.0947787,-0.0278387,-0.995109
162.56,-0.0950162,-0.0280937,-0.995079
162.58,-0.095736,-0.0293353,-0.994974
162.6,-0.096036,-0.0280611,-0.994982
162.62,-0.0958849,-0.028479,-0.994985
162.64,-0.0956521,-0.0285747,-0.995005
162.66,-0.0958753,-0.0289579,-0.994972
162.68,-0.0957336,-0.0293411,-0.994974
162.7,-0.0962195,-0.0291813,-0.994932
162.72,-0.0958722,-0.0274104,-0.995016
162.74,-0.0969529,-0.0265933,-0.994934
162.76,-0.096593,-0.0239481,-0.995036
162.78,-0.0958766,-0.0244338,-0.995093
162.8,-0.0978,-0.0212558,-0.994979
162.82,-0.0979812,-0.0212227,-0.994962
162.84,-0.0971064,-0.022006,-0.995031
162.86,-0.09613,-0.0234753,-0.995092
162.88,-0.0973995,-0.0215375,-0.995012
162.9,-0.0974379,-0.0234358,-0.994966
162.92,-0.0978571,-0.0237481,-0.994917
162.94,-0.0986288,-0.0232369,-0.994853
162.96,-0.0980363,-0.024081,-0.994891
162.98,-0.0991862,-0.0222905,-0.994819
163,-0.0991862,-0.0222905,-0.994819
163.02,-0.0976452,-0.0236513,-0.99494
163.04,-0.098269,-0.0243902,-0.994861
163.06,-0.0985181,-0.0257974,-0.994801
163.08,-0.0981218,-0.0231878,-0.994904
163.1,-0.0983779,-0.0235789,-0.99487
163.12,-0.0974692,-0.0233684,-0.994964
163.14,-0.0979067,-0.0244581,-0.994895
163.16,-0.0976844,-0.0241757,-0.994924
163.18,-0.0979285,-0.0238484,-0.994908
163.2,-0.0981881,-0.0247169,-0.994861
163.22,-0.0982967,-0.0242351,-0.994862
163.24,-0.098539,-0.0243582,-0.994835
163.26,-0.0981437,-0.0248421,-0.994862
163.28,-0.0980756,-0.0246789,-0.994873
163.3,-0.0988787,-0.0264098,-0.994749
163.32,-0.0971459,-0.0227723,-0.99501
163.34,-0.0975555,-0.0229576,-0.994965
163.36,-0.0977374,-0.0231653,-0.994943
163.38,-0.0969612,-0.0231594,-0.995019
163.4,-0.0977026,-0.0241202,-0.994923
163.42,-0.0982358,-0.0236,-0.994883
163.44,-0.0984085,-0.0244839,-0.994845
163.46,-0.0980864,-0.0238175,-0.994893
163.48,-0.0976807,-0.0244135,-0.994918
163.5,-0.0981929,-0.0243211,-0.99487
163.52,-0.0980308,-0.0243491,-0.994885
163.54,-0.0985716,-0.0233391,-0.994856
163.56,-0.0985481,-0.0230965,-0.994864
163.58,-0.0985305,-0.0222159,-0.994886
163.6,-0.0981716,-0.0228365,-0.994907
163.62,-0.0981794,-0.0227185,-0.994909
163.64,-0.0980397,-0.022885,-0.994919
163.66,-0.09878,-0.0245763,-0.994806
163.68,-0.0982617,-0.0255935,-0.994831
163.7,-0.098622,-0.0255783,-0.994796
163.72,-0.0985846,-0.0247058,-0.994822
163.74,-0.0986912,-0.0249384,-0.994806
163.76,-0.0989002,-0.0250501,-0.994782
163.78,-0.0989908,-0.0241247,-0.994796
163.8,-0.0980409,-0.0232722,-0.99491
163.82,-0.0985032,-0.0242653,-0.994841
163.84,-0.0983492,-0.024062,-0.994861
163.86,-0.0983011,-0.0239067,-0.99487
163.88,-0.0978911,-0.0233042,-0.994924
163.9,-0.0981272,-0.0231437,-0.994905
163.92,-0.0979909,-0.0233377,-0.994914
163.94,-0.0985381,-0.0239473,-0.994845
163.96,-0.0988668,-0.0246305,-0.994796
163.98,-0.0983498,-0.0230761,-0.994884
164,-0.0994542,-0.0236699,-0.994761
164.02,-0.0982661,-0.0240817,-0.994869
164.04,-0.0986294,-0.0230943,-0.994856
164.06,-0.0983732,-0.0232604,-0.994878
164.08,-0.0983295,-0.0237402,-0.994871
164.1,-0.0985702,-0.0249463,-0.994817
164.12,-0.0986986,-0.0254899,-0.994791
164.14,-0.0987818,-0.0249696,-0.994796
164.16,-0.0991988,-0.0249035,-0.994756
164.18,-0.0988327,-0.0256984,-0.994772
164.2,-0.0981539,-0.0267147,-0.994813
164.22,-0.0984371,-0.0243489,-0.994845
164.24,-0.0986629,-0.0261226,-0.994778
164.26,-0.0981946,-0.0255835,-0.994838
164.28,-0.0978503,-0.0235815,-0.994922
164.3,-0.0975332,-0.0224117,-0.99498
164.32,-0.0985407,-0.0258891,-0.994796
164.34,-0.0982063,-0.0262222,-0.994821
164.36,-0.0979199,-0.0226779,-0.994936
164.38,-0.0983152,-0.0259665,-0.994816
164.4,-0.0982452,-0.0253206,-0.99484
164.42,-0.0990863,-0.0259461,-0.994741
164.44,-0.0986051,-0.0257285,-0.994794
164.46,-0.0984409,-0.0258462,-0.994807
164.48,-0.098104,-0.0255432,-0.994848
164.5,-0.09858,-0.0260063,-0.994789
164.52,-0.0988528,-0.0256903,-0.99477
164.54,-0.0990516,-0.0257272,-0.99475
164.56,-0.0986892,-0.0248614,-0.994808
164.58,-0.0985945,-0.0255104,-0.994801
164.6,-0.0990454,-0.0255027,-0.994756
164.62,-0.0989154,-0.0242742,-0.9948
164.64,-0.0988654,-0.0257386,-0.994768
164.66,-0.0984169,-0.0251729,-0.994827
164.68,-0.0981556,-0.0259118,-0.994834
164.7,-0.0992332,-0.0258156,-0.994729
164.72,-0.0989947,-0.0253717,-0.994764
164.74,-0.0985461,-0.02544,-0.994807
164.76,-0.0980005,-0.0248058,-0.994877
164.78,-0.09873,-0.0250082,-0.9948
164.8,-0.0986358,-0.0254091,-0.994799
164.82,-0.0987927,-0.0262342,-0.994762
164.84,-0.0992313,-0.0260347,-0.994724
164.86,-0.0982203,-0.0256648,-0.994834
164.88,-0.0986582,-0.0253553,-0.994798
164.9,-0.0990238,-0.0253994,-0.994761
164.92,-0.0980844,-0.0251601,-0.99486
164.94,-0.0989031,-0.0257907,-0.994763
164.96,-0.0981719,-0.0259775,-0.99483
164.98,-0.0973352,-0.0256028,-0.994922
165,-0.0988441,-0.0251478,-0.994785
165.02,-0.0988025,-0.025304,-0.994785
165.04,-0.0979645,-0.0252878,-0.994869
165.06,-0.0979502,-0.0258098,-0.994857
165.08,-0.0983306,-0.0252484,-0.994833
165.1,-0.0980727,-0.0254553,-0.994854
165.12,-0.0981903,-0.0248657,-0.994857
165.14,-0.0984033,-0.0250612,-0.994831
165.16,-0.0978267,-0.0251363,-0.994886
165.18,-0.0985075,-0.0260599,-0.994795
165.2,-0.0983326,-0.0258551,-0.994818
165.22,-0.0980225,-0.0249219,-0.994872
165.24,-0.0990149,-0.0257219,-0.994753
165.26,-0.0992696,-0.0257056,-0.994728
165.28,-0.0986547,-0.0249878,-0.994808
165.3,-0.0983934,-0.0248547,-0.994837
165.32,-0.0983338,-0.0257392,-0.994821
165.34,-0.0981497,-0.0257361,-0.994839
165.36,-0.099104,-0.0251555,-0.994759
165.38,-0.0986739,-0.0258385,-0.994784
165.4,-0.0989237,-0.0236371,-0.994814
165.42,-0.0980977,-0.0247444,-0.994869
165.44,-0.0971719,-0.0221848,-0.99502
165.46,-0.0976618,-0.023123,-0.994951
165.48,-0.097491,-0.0225286,-0.994981
165.5,-0.0982677,-0.0233364,-0.994886
165.52,-0.0974965,-0.0234377,-0.99496
165.54,-0.0979373,-0.0244935,-0.994891
165.56,-0.0975811,-0.0228736,-0.994965
165.58,-0.0967165,-0.0232095,-0.995041
165.6,-0.0980252,-0.025742,-0.994851
165.62,-0.0977377,-0.0253013,-0.994891
165.64,-0.0973664,-0.0256485,-0.994918
165.66,-0.0982073,-0.0234065,-0.994891
165.68,-0.0974964,-0.0250515,-0.994921
165.7,-0.0982126,-0.0240613,-0.994875
165.72,-0.0980286,-0.0237541,-0.9949
165.74,-0.0975031,-0.024029,-0.994945
165.76,-0.0976911,-0.0238928,-0.99493
165.78,-0.098679,-0.0240106,-0.99483
165.8,-0.0981373,-0.0242329,-0.994878
165.82,-0.0993195,-0.0252029,-0.994736
165.84,-0.0985319,-0.0234667,-0.994857
165.86,-0.0973972,-0.0230209,-0.994979
165.88,-0.0977929,-0.023452,-0.99493
165.9,-0.0987682,-0.0237365,-0.994827
165.92,-0.0980509,-0.0230025,-0.994916
165.94,-0.0976054,-0.0240525,-0.994935
165.96,-0.0975644,-0.0235912,-0.99495
165.98,-0.0976842,-0.0248072,-0.994908
166,-0.0979215,-0.0233682,-0.99492
166.02,-0.0977188,-0.0237359,-0.994931
166.04,-0.0973608,-0.0237108,-0.994967
166.06,-0.0979851,-0.0244338,-0.994888
166.08,-0.0981686,-0.0243885,-0.994871
166.1,-0.0988876,-0.0265872,-0.994743
166.12,-0.0982244,-0.0252764,-0.994843
166.14,-0.0977336,-0.0249704,-0.994899
166.16,-0.0984856,-0.0246941,-0.994832
166.18,-0.0987643,-0.0241399,-0.994818
166.2,-0.0978116,-0.0245689,-0.994902
166.22,-0.0980548,-0.0253174,-0.994859
166.24,-0.0982334,-0.0254792,-0.994837
166.26,-0.097218,-0.0248861,-0.994952
166.28,-0.0972305,-0.025565,-0.994933
166.3,-0.0983093,-0.0246329,-0.994851
166.32,-0.0980652,-0.0247196,-0.994873
166.34,-0.0981028,-0.0247346,-0.994869
166.36,-0.0979117,-0.0246915,-0.994889
166.38,-0.0976357,-0.0247405,-0.994915
166.4,-0.0979405,-0.0248725,-0.994881
166.42,-0.0976729,-0.0251169,-0.994902
166.44,-0.0970496,-0.0255089,-0.994953
166.46,-0.0979035,-0.0241106,-0.994904
166.48,-0.0983703,-0.0243791,-0.994851
166.5,-0.0983879,-0.0261081,-0.994806
166.52,-0.0979899,-0.026069,-0.994846
166.54,-0.0972161,-0.0259753,-0.994924
166.56,-0.0976172,-0.0259205,-0.994886
166.58,-0.098388,-0.02499,-0.994834
166.6,-0.0984237,-0.0244636,-0.994844
166.62,-0.098179,-0.024077,-0.994877
166.64,-0.0987412,-0.0242974,-0.994816
166.66,-0.0992901,-0.023584,-0.994779
166.68,-0.0985469,-0.0234671,-0.994856
166.7,-0.0985469,-0.0234671,-0.994856
166.72,-0.0985469,-0.0234671,-0.994856
166.74,-0.09868,-0.0224843,-0.994865
166.76,-0.0972035,-0.023154,-0.994995
166.78,-0.0971507,-0.0235744,-0.99499
166.8,-0.0971007,-0.0231582,-0.995005
166.82,-0.0975128,-0.0229062,-0.994971
166.84,-0.0969848,-0.0226639,-0.995028
166.86,-0.0969266,-0.0235702,-0.995012
166.88,-0.0969626,-0.0235353,-0.99501
166.9,-0.0974555,-0.0232256,-0.994969
166.92,-0.0984686,-0.0233681,-0.994866
166.94,-0.0976774,-0.0233934,-0.994943
166.96,-0.0977209,-0.0242653,-0.994918
166.98,-0.0976534,-0.0251101,-0.994904
167,-0.0976281,-0.0248326,-0.994913
167.02,-0.0958382,-0.024706,-0.99509
167.04,-0.0960182,-0.0259137,-0.995042
167.06,-0.0967573,-0.0253269,-0.994986
167.08,-0.0974022,-0.0232697,-0.994973
167.1,-0.0965518,-0.0241402,-0.995035
167.12,-0.0972882,-0.0231399,-0.994987
167.14,-0.0972825,-0.0225286,-0.995002
167.16,-0.0959636,-0.0229025,-0.995121
167.18,-0.0968261,-0.0212644,-0.995074
167.2,-0.0954785,-0.0239623,-0.995143
167.22,-0.0961171,-0.0234196,-0.995094
167.24,-0.0948281,-0.0286137,-0.995082
167.26,-0.0943502,-0.0283255,-0.995136
167.28,-0.0950004,-0.0282454,-0.995076
167.3,-0.0945932,-0.0276509,-0.995132
167.32,-0.0933279,-0.0266417,-0.995279
167.34,-0.0939168,-0.02438,-0.995281
167.36,-0.0916288,-0.0244693,-0.995493
167.38,-0.0913995,-0.0239756,-0.995526
167.4,-0.0923919,-0.0243603,-0.995425
167.42,-0.0896464,-0.0243932,-0.995675
167.44,-0.0903747,-0.0243924,-0.995609
167.46,-0.0886016,-0.0240383,-0.995777
167.48,-0.0870079,-0.02463,-0.995903
167.5,-0.0867588,-0.0222408,-0.995981
167.52,-0.0863503,-0.0236274,-0.995985
167.54,-0.0854569,-0.0244253,-0.996042
167.56,-0.0834744,-0.024181,-0.996216
167.58,-0.0845096,-0.0235533,-0.996144
167.6,-0.0850439,-0.0214761,-0.996146
167.62,-0.0843004,-0.021022,-0.996219
167.64,-0.084588,-0.0200041,-0.996215
167.66,-0.0826168,-0.0239528,-0.996293
167.68,-0.0818578,-0.0235829,-0.996365
167.7,-0.0820274,-0.0245618,-0.996327
167.72,-0.0831708,-0.0259995,-0.996196
167.74,-0.0841698,-0.0251459,-0.996134
167.76,-0.0831671,-0.0262397,-0.99619
167.78,-0.0837657,-0.0251894,-0.996167
167.8,-0.0842159,-0.0259889,-0.996109
167.82,-0.0848315,-0.0241098,-0.996104
167.84,-0.0853924,-0.024534,-0.996045
167.86,-0.0867142,-0.0221526,-0.995987
167.88,-0.0864975,-0.0229748,-0.995987
167.9,-0.0868314,-0.022981,-0.995958
167.92,-0.0871491,-0.0237222,-0.995913
167.94,-0.0868793,-0.0235355,-0.995941
167.96,-0.0877572,-0.022499,-0.995888
167.98,-0.0876455,-0.0225898,-0.995896
168,-0.0875441,-0.0233584,-0.995887
168.02,-0.0873072,-0.0221461,-0.995935
168.04,-0.0866968,-0.0219256,-0.995993
168.06,-0.0859142,-0.0233599,-0.996029
168.08,-0.0857311,-0.0220609,-0.996074
168.1,-0.0861553,-0.0214344,-0.996051
168.12,-0.0871849,-0.021919,-0.995951
168.14,-0.0874588,-0.0213862,-0.995939
168.16,-0.0879354,-0.0218751,-0.995886
168.18,-0.0880675,-0.0225725,-0.995859
168.2,-0.0889719,-0.0234539,-0.995758
168.22,-0.0884529,-0.0235037,-0.995803
168.24,-0.0884795,-0.0237653,-0.995794
168.26,-0.0870505,-0.0260954,-0.995862
168.28,-0.088902,-0.0248723,-0.99573
168.3,-0.0869625,-0.0272959,-0.995838
168.32,-0.0879945,-0.0265329,-0.995768
168.34,-0.0880423,-0.0259292,-0.995779
168.36,-0.0883286,-0.0249185,-0.99578
168.38,-0.0886577,-0.02469,-0.995756
168.4,-0.0890534,-0.0249341,-0.995715
168.42,-0.089556,-0.0238445,-0.995696
168.44,-0.0896178,-0.0239055,-0.995689
168.46,-0.0908095,-0.0226292,-0.995611
168.48,-0.0908453,-0.0231136,-0.995597
168.5,-0.0911409,-0.0243294,-0.995541
168.52,-0.0897792,-0.0256077,-0.995632
168.54,-0.0888633,-0.0251387,-0.995727
168.56,-0.0890491,-0.0240843,-0.995736
168.58,-0.0889676,-0.0238583,-0.995749
168.6,-0.0883866,-0.0246891,-0.99578
168.62,-0.089666,-0.0242514,-0.995677
168.64,-0.0888057,-0.0245336,-0.995747
168.66,-0.0892756,-0.0245165,-0.995705
168.68,-0.0897145,-0.0250298,-0.995653
168.7,-0.0897865,-0.0259507,-0.995623
168.72,-0.0903815,-0.0239928,-0.995618
168.74,-0.0910512,-0.0242764,-0.99555
168.76,-0.0899749,-0.0258011,-0.99561
168.78,-0.0906073,-0.0238713,-0.995601
168.8,-0.090956,-0.0239762,-0.995566
168.82,-0.0906716,-0.0241967,-0.995587
168.84,-0.0903025,-0.0248695,-0.995604
168.86,-0.0909501,-0.0248132,-0.995546
168.88,-0.0904983,-0.0245878,-0.995593
168.9,-0.0899926,-0.0250803,-0.995627
168.92,-0.0902781,-0.0242348,-0.995622
168.94,-0.0891879,-0.025698,-0.995683
168.96,-0.0898391,-0.0251516,-0.995639
168.98,-0.0896217,-0.0254139,-0.995652
169,-0.0898797,-0.025097,-0.995636
169.02,-0.0907097,-0.0236636,-0.995596
169.04,-0.0904541,-0.0246846,-0.995595
169.06,-0.0904518,-0.024622,-0.995596
169.08,-0.0901301,-0.0246365,-0.995625
169.1,-0.0900452,-0.0247804,-0.995629
169.12,-0.0897875,-0.0249421,-0.995649
169.14,-0.0901279,-0.0247545,-0.995623
169.16,-0.0905804,-0.0239286,-0.995602
169.18,-0.0904923,-0.0242822,-0.995601
169.2,-0.0896758,-0.0250089,-0.995657
169.22,-0.09001,-0.0246976,-0.995635
169.24,-0.0903863,-0.0246198,-0.995602
169.26,-0.0910412,-0.0242429,-0.995552
169.28,-0.090898,-0.024329,-0.995563
169.3,-0.0904707,-0.0243082,-0.995602
169.32,-0.0919995,-0.0246284,-0.995454
169.34,-0.0905413,-0.0243961,-0.995594
169.36,-0.090199,-0.0255534,-0.995596
169.38,-0.0906567,-0.0245632,-0.995579
169.4,-0.0898032,-0.0254225,-0.995635
169.42,-0.0903402,-0.0251465,-0.995593
169.44,-0.0899302,-0.024899,-0.995637
169.46,-0.0903441,-0.0251324,-0.995593
169.48,-0.0908141,-0.0236686,-0.995587
169.5,-0.0901671,-0.0239474,-0.995639
169.52,-0.0897519,-0.025386,-0.995641
169.54,-0.0901563,-0.0243941,-0.995629
169.56,-0.0906735,-0.0232702,-0.995609
169.58,-0.0902922,-0.0248266,-0.995606
169.6,-0.0899468,-0.024637,-0.995642
169.62,-0.0901075,-0.0250804,-0.995616
169.64,-0.0905981,-0.0238476,-0.995602
169.66,-0.0901265,-0.0240713,-0.995639
169.68,-0.0906134,-0.0240492,-0.995596
169.7,-0.090714,-0.0232302,-0.995606
169.72,-0.0910629,-0.0232865,-0.995573
169.74,-0.0905082,-0.0240265,-0.995606
169.76,-0.0905149,-0.0235942,-0.995616
169.78,-0.0910191,-0.0230825,-0.995582
169.8,-0.090273,-0.0242873,-0.995621
169.82,-0.0894734,-0.0249321,-0.995677
169.84,-0.0900239,-0.0252314,-0.99562
169.86,-0.0900297,-0.0247241,-0.995632
169.88,-0.0907638,-0.0236612,-0.995591
169.9,-0.0898094,-0.0250088,-0.995645
169.92,-0.0912104,-0.0226979,-0.995573
169.94,-0.0903124,-0.0242215,-0.995619
169.96,-0.0900756,-0.0244629,-0.995634
169.98,-0.0904416,-0.0242061,-0.995608
170,-0.0897307,-0.0251156,-0.995649
170.02,-0.0900606,-0.0242515,-0.995641
170.04,-0.0895268,-0.0254651,-0.995659
170.06,-0.0900104,-0.0249469,-0.995628
170.08,-0.0906212,-0.023429,-0.99561
170.1,-0.0903768,-0.0238986,-0.995621
170.12,-0.0899432,-0.0240911,-0.995655
170.14,-0.0904074,-0.02327,-0.995633
170.16,-0.0903622,-0.0238205,-0.995624
170.18,-0.0903952,-0.023979,-0.995617
170.2,-0.0908786,-0.0232651,-0.99559
170.22,-0.0903575,-0.0243343,-0.995612
170.24,-0.0905082,-0.0241698,-0.995602
170.26,-0.0907708,-0.0234083,-0.995597
170.28,-0.090225,-0.0248897,-0.99561
170.3,-0.0907157,-0.0233663,-0.995603
170.32,-0.0906009,-0.0231721,-0.995618
170.34,-0.0909921,-0.0233171,-0.995579
170.36,-0.0909891,-0.0236041,-0.995572
170.38,-0.0907265,-0.0233276,-0.995603
170.4,-0.0905331,-0.0238597,-0.995608
170.42,-0.0908829,-0.0237155,-0.995579
170.44,-0.0911764,-0.0232457,-0.995563
170.46,-0.0902049,-0.0241294,-0.995631
170.48,-0.0910091,-0.0236079,-0.99557
170.5,-0.0909013,-0.0236045,-0.99558
170.52,-0.0903379,-0.0238188,-0.995626
170.54,-0.0906496,-0.0242713,-0.995587
170.56,-0.0908879,-0.0238986,-0.995574
170.58,-0.0903172,-0.0240445,-0.995623
170.6,-0.0911094,-0.0238623,-0.995555
170.62,-0.090592,-0.0237846,-0.995604
170.64,-0.0901465,-0.0249689,-0.995615
170.66,-0.0907039,-0.0239265,-0.99559
170.68,-0.0905551,-0.0241173,-0.995599
170.7,-0.0900741,-0.0241422,-0.995642
170.72,-0.0900911,-0.0236821,-0.995652
170.74,-0.0902425,-0.0237971,-0.995635
170.76,-0.0906931,-0.0231576,-0.99561
170.78,-0.0899089,-0.0242576,-0.995655
170.8,-0.0905524,-0.0237037,-0.99561
170.82,-0.0908755,-0.0233956,-0.995587
170.84,-0.090583,-0.0238278,-0.995604
170.86,-0.090423,-0.0237541,-0.99562
170.88,-0.090725,-0.0235105,-0.995598
170.9,-0.090994,-0.0235006,-0.995574
170.92,-0.0910086,-0.0233277,-0.995577
170.94,-0.0910297,-0.023238,-0.995577
170.96,-0.0906323,-0.0237386,-0.995601
170.98,-0.0904556,-0.0234146,-0.995625
171,-0.0901584,-0.0237779,-0.995644
171.02,-0.090796,-0.023336,-0.995596
171.04,-0.090227,-0.0241726,-0.995628
171.06,-0.0904285,-0.0237399,-0.99562
171.08,-0.0909012,-0.0230021,-0.995594
171.1,-0.0904457,-0.0239251,-0.995614
171.12,-0.0904626,-0.0235299,-0.995622
171.14,-0.0904073,-0.0237968,-0.995621
171.16,-0.0902688,-0.0240147,-0.995628
171.18,-0.0903618,-0.0234928,-0.995632
171.2,-0.0904952,-0.0237262,-0.995614
171.22,-0.0903743,-0.0238786,-0.995622
171.24,-0.0900676,-0.0242173,-0.995641
171.26,-0.0902479,-0.024041,-0.995629
171.28,-0.0908373,-0.0235117,-0.995588
171.3,-0.0903225,-0.0238337,-0.995627
171.32,-0.0903882,-0.0237998,-0.995622
171.34,-0.0902833,-0.0243405,-0.995619
171.36,-0.0902028,-0.0243443,-0.995626
171.38,-0.0905601,-0.0236971,-0.995609
171.4,-0.0904288,-0.023845,-0.995617
171.42,-0.090298,-0.0240773,-0.995624
171.44,-0.0906096,-0.0239496,-0.995598
171.46,-0.0906778,-0.0236052,-0.9956
171.48,-0.0905021,-0.0239937,-0.995607
171.5,-0.090148,-0.0244181,-0.995629
171.52,-0.0907369,-0.0232028,-0.995605
171.54,-0.0903848,-0.0237698,-0.995623
171.56,-0.0908247,-0.0240524,-0.995576
171.58,-0.0900082,-0.0239455,-0.995653
171.6,-0.0910008,-0.0229294,-0.995587
171.62,-0.0909718,-0.0235332,-0.995575
171.64,-0.09038,-0.0239468,-0.995619
171.66,-0.0901855,-0.0239374,-0.995637
171.68,-0.0904009,-0.0242067,-0.995611
171.7,-0.0907555,-0.0234314,-0.995598
171.72,-0.0909171,-0.0230496,-0.995592
171.74,-0.0894655,-0.0243905,-0.995691
171.76,-0.0904136,-0.0237891,-0.99562
171.78,-0.0906641,-0.0240427,-0.995591
171.8,-0.0903355,-0.024186,-0.995618
171.82,-0.0906491,-0.0233611,-0.995609
171.84,-0.0910113,-0.022888,-0.995587
171.86,-0.0907506,-0.0235276,-0.995596
171.88,-0.0908804,-0.0237469,-0.995579
171.9,-0.0901676,-0.0238106,-0.995642
171.92,-0.0908411,-0.0232059,-0.995595
171.94,-0.0908089,-0.0235272,-0.99559
171.96,-0.0902098,-0.0238496,-0.995637
171.98,-0.0906143,-0.0235013,-0.995609
172,-0.0903142,-0.0236748,-0.995632
172.02,-0.0902153,-0.0239173,-0.995635
172.04,-0.09046,-0.0239712,-0.995612
172.06,-0.0896452,-0.0248408,-0.995664
172.08,-0.0902667,-0.0240979,-0.995626
172.1,-0.0897482,-0.024977,-0.995651
172.12,-0.0905943,-0.0239684,-0.995599
172.14,-0.0905391,-0.0235234,-0.995615
172.16,-0.0898869,-0.0243216,-0.995655
172.18,-0.0907944,-0.023369,-0.995595
172.2,-0.0897607,-0.0235926,-0.995684
172.22,-0.0897278,-0.0236892,-0.995685
172.24,-0.0886905,-0.0243951,-0.99576
172.26,-0.0898654,-0.0234894,-0.995677
172.28,-0.0893347,-0.0238858,-0.995715
172.3,-0.0901103,-0.0231356,-0.995663
172.32,-0.0884573,-0.0249404,-0.995768
172.34,-0.0901325,-0.023019,-0.995664
172.36,-0.0897704,-0.0241775,-0.995669
172.38,-0.08914,-0.0242188,-0.995725
172.4,-0.089418,-0.0240414,-0.995704
172.42,-0.0893962,-0.0243868,-0.995698
172.44,-0.0892256,-0.024327,-0.995714
172.46,-0.0898066,-0.0238031,-0.995675
172.48,-0.0900043,-0.023495,-0.995664
172.5,-0.089974,-0.0237674,-0.99566
172.52,-0.0900678,-0.023322,-0.995663
172.54,-0.0896782,-0.0236063,-0.995691
172.56,-0.0891219,-0.0244161,-0.995721
172.58,-0.0896755,-0.0237459,-0.995688
172.6,-0.0895732,-0.0241765,-0.995687
172.62,-0.0897584,-0.0237044,-0.995681
172.64,-0.0892003,-0.0243466,-0.995716
172.66,-0.0893751,-0.0239815,-0.995709
172.68,-0.0894051,-0.0241401,-0.995703
172.7,-0.0900611,-0.0234706,-0.99566
172.72,-0.0892783,-0.0239801,-0.995718
172.74,-0.089635,-0.0239831,-0.995686
172.76,-0.089519,-0.0243748,-0.995687
172.78,-0.0900878,-0.0237222,-0.995651
172.8,-0.0897058,-0.0233852,-0.995694
172.82,-0.0889057,-0.0238771,-0.995754
172.84,-0.0894074,-0.0239949,-0.995706
172.86,-0.0928328,-0.0206053,-0.995468
172.88,-0.0929474,-0.0203758,-0.995463
172.9,-0.0939444,-0.0204671,-0.995367
172.92,-0.0923031,-0.0210721,-0.995508
172.94,-0.0879156,-0.0255228,-0.995801
172.96,-0.0879156,-0.0255228,-0.995801
172.98,-0.0869855,-0.026828,-0.995848
173,-0.0881159,-0.0253032,-0.995789
173.02,-0.0881334,-0.0245772,-0.995805
173.04,-0.088462,-0.0251617,-0.995762
173.06,-0.089405,-0.0250197,-0.995681
173.08,-0.090542,-0.0249,-0.995581
173.1,-0.0900178,-0.0248011,-0.995631
173.12,-0.0884917,-0.0255139,-0.99575
173.14,-0.090085,-0.0246653,-0.995629
173.16,-0.0883294,-0.0259087,-0.995754
173.18,-0.0883895,-0.0257547,-0.995753
173.2,-0.0885687,-0.0258322,-0.995735
173.22,-0.0893861,-0.024965,-0.995684
173.24,-0.0892371,-0.0249688,-0.995697
173.26,-0.0889211,-0.0255735,-0.99571
173.28,-0.0885629,-0.0252979,-0.995749
173.3,-0.0891438,-0.0245265,-0.995717
173.32,-0.089609,-0.0246644,-0.995672
173.34,-0.089363,-0.0252124,-0.99568
173.36,-0.0889237,-0.0255166,-0.995712
173.38,-0.089315,-0.0248342,-0.995694
173.4,-0.0902256,-0.0245794,-0.995618
173.42,-0.0889559,-0.0242195,-0.995741
173.44,-0.0915871,-0.0220242,-0.995553
173.46,-0.0903258,-0.0228633,-0.99565
173.48,-0.0904004,-0.0234272,-0.99563
173.5,-0.0902162,-0.0234661,-0.995646
173.52,-0.0909957,-0.0242075,-0.995557
173.54,-0.0908136,-0.0241321,-0.995575
173.56,-0.0917911,-0.0248488,-0.995468
173.58,-0.092345,-0.0243813,-0.995429
173.6,-0.092896,-0.0245224,-0.995374
173.62,-0.0950205,-0.0253635,-0.995152
173.64,-0.0927659,-0.0242313,-0.995393
173.66,-0.0920863,-0.0243152,-0.995454
173.68,-0.0923796,-0.0230095,-0.995458
173.7,-0.0931339,-0.0245722,-0.99535
173.72,-0.0932345,-0.0241687,-0.995351
173.74,-0.0928615,-0.0247783,-0.995371
173.76,-0.09345,-0.0242141,-0.995329
173.78,-0.0926126,-0.0250656,-0.995387
173.8,-0.0935933,-0.024089,-0.995319
173.82,-0.093083,-0.0238957,-0.995372
173.84,-0.0928196,-0.0242925,-0.995387
173.86,-0.0927711,-0.0248382,-0.995378
173.88,-0.0930587,-0.0242199,-0.995366
173.9,-0.0935079,-0.02447,-0.995318
173.92,-0.0925285,-0.0244109,-0.995411
173.94,-0.0926805,-0.0249348,-0.995384
173.96,-0.0926763,-0.0246398,-0.995391
173.98,-0.0932291,-0.0237385,-0.995362
174,-0.0924862,-0.0244145,-0.995415
174.02,-0.0928169,-0.0241994,-0.995389
174.04,-0.0935472,-0.0240784,-0.995324
174.06,-0.0923928,-0.0243835,-0.995424
174.08,-0.0923699,-0.0245242,-0.995423
174.1,-0.0919741,-0.0242886,-0.995465
174.12,-0.0913404,-0.0251694,-0.995502
174.14,-0.0927572,-0.0244983,-0.995387
174.16,-0.0924381,-0.0248538,-0.995408
174.18,-0.0915885,-0.0248714,-0.995486
174.2,-0.0922052,-0.0245998,-0.995436
174.22,-0.0916453,-0.0250844,-0.995476
174.24,-0.0918242,-0.0252859,-0.995454
174.26,-0.0919586,-0.024731,-0.995456
174.28,-0.0920291,-0.0252451,-0.995436
174.3,-0.0912752,-0.0253224,-0.995504
174.32,-0.0936674,-0.0245403,-0.995301
174.34,-0.0908369,-0.0251001,-0.995549
174.36,-0.0944041,-0.0236475,-0.995253
174.38,-0.0920455,-0.0239689,-0.995466
174.4,-0.0911784,-0.0244828,-0.995534
174.42,-0.0916816,-0.0246747,-0.995483
174.44,-0.091073,-0.0253898,-0.995521
174.46,-0.0920986,-0.0237336,-0.995467
174.48,-0.091745,-0.0242188,-0.995488
174.5,-0.0910878,-0.0244958,-0.995542
174.52,-0.0922295,-0.022757,-0.995478
174.54,-0.0917295,-0.0221675,-0.995537
174.56,-0.0914558,-0.0221489,-0.995563
174.58,-0.0913169,-0.0225385,-0.995567
174.6,-0.0906516,-0.0234762,-0.995606
174.62,-0.0909138,-0.0227194,-0.9956
174.64,-0.0914766,-0.0225039,-0.995553
174.66,-0.091837,-0.0227034,-0.995515
174.68,-0.0905181,-0.0236145,-0.995615
174.7,-0.0902055,-0.0243477,-0.995626
174.72,-0.093639,-0.0215685,-0.995373
174.74,-0.0942773,-0.022497,-0.995292
174.76,-0.0937245,-0.0246866,-0.995292
174.78,-0.0940534,-0.0248922,-0.995256
174.8,-0.0916001,-0.0276354,-0.995412
174.82,-0.0924476,-0.0252001,-0.995399
174.84,-0.0914405,-0.0256981,-0.995479
174.86,-0.0919051,-0.0252494,-0.995448
174.88,-0.0918593,-0.0252473,-0.995452
174.9,-0.091849,-0.0253618,-0.99545
174.92,-0.0914431,-0.0254525,-0.995485
174.94,-0.0916447,-0.0253727,-0.995468
174.96,-0.091124,-0.0258812,-0.995503
174.98,-0.0920602,-0.0254174,-0.995429
175,-0.091712,-0.0259324,-0.995448
175.02,-0.0904291,-0.02805,-0.995508
175.04,-0.0900762,-0.0291328,-0.995509
175.06,-0.0917863,-0.0274942,-0.995399
175.08,-0.0903655,-0.0286625,-0.995496
175.1,-0.090501,-0.0281194,-0.995499
175.12,-0.0904923,-0.0282362,-0.995497
175.14,-0.090988,-0.028376,-0.995448
175.16,-0.0913779,-0.0275247,-0.995436
175.18,-0.0907985,-0.027854,-0.99548
175.2,-0.0914309,-0.027387,-0.995435
175.22,-0.0910915,-0.027215,-0.995471
175.24,-0.0909507,-0.027618,-0.995472
175.26,-0.0899298,-0.027329,-0.995573
175.28,-0.0912717,-0.027258,-0.995453
175.3,-0.0931619,-0.0261525,-0.995307
175.32,-0.093076,-0.0260183,-0.995319
175.34,-0.092538,-0.0269307,-0.995345
175.36,-0.0929973,-0.0261447,-0.995323
175.38,-0.0918783,-0.0271933,-0.995399
175.4,-0.0922287,-0.0270424,-0.995371
175.42,-0.0919193,-0.0269163,-0.995403
175.44,-0.0926446,-0.0262426,-0.995353
175.46,-0.0922221,-0.0268199,-0.995377
175.48,-0.0921342,-0.0272015,-0.995375
175.5,-0.0926162,-0.0264094,-0.995352
175.52,-0.0927582,-0.0263093,-0.995341
175.54,-0.0937625,-0.0259161,-0.995257
175.56,-0.0919041,-0.0278463,-0.995378
175.58,-0.0908452,-0.0284642,-0.995458
175.6,-0.0912075,-0.0278729,-0.995442
175.62,-0.0907348,-0.0274099,-0.995498
175.64,-0.0908368,-0.0282446,-0.995465
175.66,-0.0909798,-0.0280813,-0.995457
175.68,-0.0918463,-0.0279471,-0.995381
175.7,-0.0919728,-0.0274663,-0.995383
175.72,-0.0915878,-0.0278032,-0.995409
175.74,-0.0919617,-0.026883,-0.9954
175.76,-0.0908885,-0.0270957,-0.995492
175.78,-0.0919966,-0.0272599,-0.995386
175.8,-0.0911872,-0.0281597,-0.995436
175.82,-0.0908774,-0.0277985,-0.995474
175.84,-0.0912108,-0.0277774,-0.995444
175.86,-0.0902985,-0.0289293,-0.995494
175.88,-0.0918297,-0.0259794,-0.995436
175.9,-0.0912361,-0.0280906,-0.995433
175.92,-0.0899637,-0.0290548,-0.995521
175.94,-0.0902695,-0.0286896,-0.995504
175.96,-0.0905598,-0.0282125,-0.995491
175.98,-0.0900496,-0.0280623,-0.995542
176,-0.0900997,-0.0289236,-0.995513
176.02,-0.0898978,-0.0291142,-0.995525
176.04,-0.0924354,-0.0268499,-0.995357
176.06,-0.0903129,-0.0285675,-0.995504
176.08,-0.0918797,-0.0276764,-0.995385
176.1,-0.0899852,-0.0288462,-0.995525
176.12,-0.0903578,-0.0286213,-0.995498
176.14,-0.0903307,-0.028598,-0.995501
176.16,-0.0909994,-0.0278912,-0.99546
176.18,-0.0907158,-0.0283915,-0.995472
176.2,-0.0905045,-0.028029,-0.995502
176.22,-0.0920718,-0.0269801,-0.995387
176.24,-0.092333,-0.0265495,-0.995374
176.26,-0.0921287,-0.0269841,-0.995381
176.28,-0.0910729,-0.0275243,-0.995464
176.3,-0.0916481,-0.0269038,-0.995428
176.32,-0.0916135,-0.027244,-0.995422
176.34,-0.0908028,-0.0275784,-0.995487
176.36,-0.0915624,-0.0277262,-0.995413
176.38,-0.0917736,-0.0259992,-0.99544
176.4,-0.0910087,-0.0276084,-0.995467
176.42,-0.091569,-0.0265697,-0.995444
176.44,-0.092093,-0.0270999,-0.995382
176.46,-0.0914219,-0.0274739,-0.995433
176.48,-0.0919121,-0.0267112,-0.995409
176.5,-0.0910729,-0.0279406,-0.995452
176.52,-0.0907958,-0.0278627,-0.99548
176.54,-0.0900304,-0.0286277,-0.995527
176.56,-0.0910724,-0.027566,-0.995463
176.58,-0.0902692,-0.0284251,-0.995512
176.6,-0.0908862,-0.0280646,-0.995466
176.62,-0.0900934,-0.0284208,-0.995528
176.64,-0.0894042,-0.0293539,-0.995563
176.66,-0.0932028,-0.0247124,-0.99534
176.68,-0.0918861,-0.0267854,-0.995409
176.7,-0.091413,-0.027503,-0.995433
176.72,-0.0913561,-0.027186,-0.995447
176.74,-0.0917424,-0.0278639,-0.995393
176.76,-0.0917295,-0.0263072,-0.995436
176.78,-0.0911654,-0.0278105,-0.995447
176.8,-0.0929629,-0.0263685,-0.99532
176.82,-0.0919712,-0.0265812,-0.995407
176.84,-0.0916063,-0.0269692,-0.99543
176.86,-0.0914971,-0.0255021,-0.995479
176.88,-0.0912985,-0.027701,-0.995438
176.9,-0.0917384,-0.027628,-0.9954
176.92,-0.09128,-0.0283345,-0.995422
176.94,-0.0908567,-0.0279961,-0.99547
176.96,-0.0914733,-0.0267015,-0.995449
176.98,-0.0913923,-0.0271351,-0.995445
177,-0.0926448,-0.0283086,-0.995297
177.02,-0.0921656,-0.025989,-0.995404
177.04,-0.092801,-0.0263463,-0.995336
177.06,-0.0921119,-0.0282608,-0.995348
177.08,-0.0924596,-0.0278712,-0.995326
177.1,-0.0911663,-0.0285759,-0.995426
177.12,-0.0915658,-0.0281846,-0.9954
177.14,-0.0915529,-0.0262047,-0.995455
177.16,-0.0910999,-0.0276465,-0.995458
177.18,-0.0907892,-0.0275881,-0.995488
177.2,-0.0911849,-0.027368,-0.995458
177.22,-0.092697,-0.02694,-0.99533
177.24,-0.0909179,-0.0301942,-0.995401
177.26,-0.0910808,-0.0280284,-0.995449
177.28,-0.0916183,-0.0270251,-0.995427
177.3,-0.0918076,-0.0279854,-0.995383
177.32,-0.0911424,-0.0290608,-0.995414
177.34,-0.0913662,-0.0277836,-0.99543
177.36,-0.0916111,-0.0263978,-0.995445
177.38,-0.0913659,-0.0258359,-0.995482
177.4,-0.090957,-0.0270936,-0.995486
177.42,-0.0922186,-0.0258924,-0.995402
177.44,-0.0916802,-0.0270738,-0.99542
177.46,-0.0913945,-0.0267406,-0.995456
177.48,-0.0909218,-0.0254946,-0.995532
177.5,-0.0901875,-0.0291223,-0.995499
177.52,-0.0913495,-0.0281152,-0.995422
177.54,-0.0919371,-0.027437,-0.995387
177.56,-0.0903229,-0.0270041,-0.995546
177.58,-0.0921464,-0.0282807,-0.995344
177.6,-0.0927961,-0.0276829,-0.9953
177.62,-0.092579,-0.0259608,-0.995367
177.64,-0.0928055,-0.0259192,-0.995347
177.66,-0.0905826,-0.0277901,-0.995501
177.68,-0.0911298,-0.0270124,-0.995473
177.7,-0.091617,-0.0269451,-0.99543
177.72,-0.09159,-0.0270737,-0.995429
177.74,-0.0911984,-0.0269985,-0.995467
177.76,-0.0905768,-0.0277906,-0.995502
177.78,-0.0907392,-0.0270968,-0.995506
177.8,-0.0903135,-0.0272658,-0.99554
177.82,-0.0900504,-0.0274109,-0.99556
177.84,-0.0900105,-0.0272539,-0.995568
177.86,-0.0917669,-0.0228472,-0.995518
177.88,-0.0915304,-0.0257106,-0.99547
177.9,-0.0926175,-0.0229451,-0.995437
177.92,-0.0925777,-0.0226044,-0.995449
177.94,-0.0931698,-0.0221519,-0.995404
177.96,-0.0932306,-0.0223912,-0.995393
177.98,-0.0922267,-0.0256568,-0.995407
178,-0.0925126,-0.0226675,-0.995453
178.02,-0.0912806,-0.0268063,-0.995464
178.04,-0.0902379,-0.0277115,-0.995535
178.06,-0.0920605,-0.0227023,-0.995495
178.08,-0.0920605,-0.0227023,-0.995495
178.1,-0.089865,-0.0273664,-0.995578
178.12,-0.090153,-0.0270434,-0.995561
178.14,-0.0899698,-0.0278278,-0.995556
178.16,-0.0924129,-0.0230935,-0.995453
178.18,-0.0907294,-0.0272942,-0.995501
178.2,-0.09051,-0.0269976,-0.99553
178.22,-0.0901572,-0.0278512,-0.995538
178.24,-0.0904833,-0.0274683,-0.995519
178.26,-0.0923316,-0.0232704,-0.995456
178.28,-0.0906908,-0.0275938,-0.995497
178.3,-0.0931694,-0.0222749,-0.995401
178.32,-0.0903995,-0.0279619,-0.995513
178.34,-0.0909746,-0.0271063,-0.995484
178.36,-0.0899105,-0.028178,-0.995551
178.38,-0.0902378,-0.0275321,-0.99554
178.4,-0.090611,-0.0276265,-0.995503
178.42,-0.0910473,-0.0272645,-0.995473
178.44,-0.0902461,-0.0277429,-0.995533
178.46,-0.0904798,-0.0276621,-0.995514
178.48,-0.0925742,-0.0233483,-0.995432
178.5,-0.0910893,-0.0270894,-0.995474
178.52,-0.0916478,-0.0265151,-0.995438
178.54,-0.0901618,-0.0277678,-0.99554
178.56,-0.0927508,-0.0230568,-0.995422
178.58,-0.0928412,-0.0231861,-0.995411
178.6,-0.0935355,-0.0225012,-0.995362
178.62,-0.092852,-0.0231721,-0.99541
178.64,-0.0907038,-0.0273832,-0.995501
178.66,-0.0908284,-0.0277101,-0.995481
178.68,-0.092845,-0.023045,-0.995414
178.7,-0.0933136,-0.022633,-0.995379
178.72,-0.0924568,-0.0225319,-0.995462
178.74,-0.0915297,-0.0229299,-0.995538
178.76,-0.0917078,-0.0234292,-0.99551
178.78,-0.0921993,-0.0227965,-0.99548
178.8,-0.0925431,-0.0229017,-0.995445
178.82,-0.0923967,-0.0233227,-0.995449
178.84,-0.0930098,-0.0216363,-0.99543
178.86,-0.0936427,-0.0215991,-0.995372
178.88,-0.0933178,-0.0216835,-0.9954
178.9,-0.0934788,-0.0212375,-0.995395
178.92,-0.0931592,-0.0215444,-0.995418
178.94,-0.0939748,-0.0210652,-0.995352
178.96,-0.0932798,-0.0211468,-0.995415
178.98,-0.0937053,-0.0214635,-0.995369
179,-0.0930431,-0.0211818,-0.995437
179.02,-0.0929757,-0.0210154,-0.995447
179.04,-0.0936034,-0.0207218,-0.995394
179.06,-0.093922,-0.0209196,-0.99536
179.08,-0.0939385,-0.0209589,-0.995357
179.1,-0.0941629,-0.0212725,-0.99533
179.12,-0.0950294,-0.0215481,-0.995241
179.14,-0.0950873,-0.0210348,-0.995247
179.16,-0.0958399,-0.0208416,-0.995179
179.18,-0.096479,-0.020556,-0.995123
179.2,-0.0961466,-0.0218577,-0.995127
179.22,-0.0923793,-0.0245002,-0.995422
179.24,-0.0943621,-0.0228808,-0.995275
179.26,-0.0934334,-0.0229961,-0.99536
179.28,-0.093486,-0.0227966,-0.99536
179.3,-0.0929275,-0.0221368,-0.995427
179.32,-0.0931701,-0.0219622,-0.995408
179.34,-0.0929793,-0.0217032,-0.995431
179.36,-0.0928126,-0.0224199,-0.995431
179.38,-0.0931849,-0.0206624,-0.995434
179.4,-0.0923723,-0.0238831,-0.995438
179.42,-0.0941027,-0.0229292,-0.995298
179.44,-0.0915309,-0.0237235,-0.99552
179.46,-0.0932473,-0.0231916,-0.995373
179.48,-0.0952201,-0.0211358,-0.995232
179.5,-0.0948551,-0.0215208,-0.995258
179.52,-0.0939816,-0.0222728,-0.995325
179.54,-0.0940549,-0.021884,-0.995326
179.56,-0.0940064,-0.0221514,-0.995325
179.58,-0.0941873,-0.0204898,-0.995344
179.6,-0.0945543,-0.0208676,-0.995301
179.62,-0.0943002,-0.0212189,-0.995318
179.64,-0.0944389,-0.0208132,-0.995313
179.66,-0.0939483,-0.0213956,-0.995347
179.68,-0.0938734,-0.0215867,-0.99535
179.7,-0.0940616,-0.0216756,-0.99533
179.72,-0.0941419,-0.0215138,-0.995326
179.74,-0.0943035,-0.0213177,-0.995315
179.76,-0.0943866,-0.0214206,-0.995305
179.78,-0.0939932,-0.0217634,-0.995335
179.8,-0.0944149,-0.0212665,-0.995306
179.82,-0.0942366,-0.0212684,-0.995323
179.84,-0.0929278,-0.0226742,-0.995415
179.86,-0.0944025,-0.0211484,-0.995309
179.88,-0.0938448,-0.0213065,-0.995359
179.9,-0.094247,-0.0215177,-0.995316
179.92,-0.0944506,-0.0213074,-0.995302
179.94,-0.0938878,-0.0219742,-0.99534
179.96,-0.0940617,-0.0215107,-0.995334
179.98,-0.0936912,-0.0214155,-0.995371
180,-0.0936831,-0.022911,-0.995338
180.02,-0.0946289,-0.0206363,-0.995299
180.04,-0.0938115,-0.0228728,-0.995327
180.06,-0.0936267,-0.0230861,-0.99534
180.08,-0.0948324,-0.0207978,-0.995276
180.1,-0.0942169,-0.0224643,-0.995298
180.12,-0.0943719,-0.0220451,-0.995293
180.14,-0.0945557,-0.022441,-0.995267
180.16,-0.0950466,-0.0217386,-0.995235
180.18,-0.0948671,-0.022061,-0.995245
180.2,-0.0964336,-0.0192269,-0.995154
180.22,-0.0925577,-0.0228408,-0.995445
180.24,-0.0924466,-0.0222482,-0.995469
180.26,-0.0934384,-0.0216363,-0.99539
180.28,-0.0920915,-0.0233933,-0.995476
180.3,-0.0927777,-0.0223564,-0.995436
180.32,-0.092732,-0.0232943,-0.995419
180.34,-0.092799,-0.0227291,-0.995425
180.36,-0.0923741,-0.0235869,-0.995445
180.38,-0.0931726,-0.0220475,-0.995406
180.4,-0.0926763,-0.0223325,-0.995446
180.42,-0.0925596,-0.0225676,-0.995451
180.44,-0.093262,-0.0234677,-0.995365
180.46,-0.0923466,-0.0226576,-0.995469
180.48,-0.0961087,-0.0199564,-0.995171
180.5,-0.0956859,-0.0201543,-0.995208
180.52,-0.0954465,-0.0207557,-0.995218
180.54,-0.0949809,-0.0207911,-0.995262
180.56,-0.0954624,-0.0207052,-0.995218
180.58,-0.095081,-0.0206103,-0.995256
180.6,-0.0954854,-0.0204825,-0.99522
180.62,-0.094426,-0.0211494,-0.995307
180.64,-0.0941903,-0.021157,-0.995329
180.66,-0.0952045,-0.0205389,-0.995246
180.68,-0.0945374,-0.0206311,-0.995308
180.7,-0.0948954,-0.0207547,-0.995271
180.72,-0.0939874,-0.0227032,-0.995314
180.74,-0.0943585,-0.0210763,-0.995315
180.76,-0.0944123,-0.0211298,-0.995309
180.78,-0.0945924,-0.0211668,-0.995291
180.8,-0.0942404,-0.0209485,-0.995329
180.82,-0.0953565,-0.0202706,-0.995237
180.84,-0.0943587,-0.0225461,-0.995283
180.86,-0.0950796,-0.0210124,-0.995248
180.88,-0.0946995,-0.0208313,-0.995288
180.9,-0.0948523,-0.0207825,-0.995274
180.92,-0.09487,-0.0212739,-0.995262
180.94,-0.0945747,-0.0221045,-0.995272
180.96,-0.0956927,-0.0199671,-0.995211
180.98,-0.0957031,-0.0196394,-0.995216
181,-0.096048,-0.0199681,-0.995176
181.02,-0.0923095,-0.0228103,-0.995469
181.04,-0.0940546,-0.0215155,-0.995335
181.06,-0.0926265,-0.0226483,-0.995443
181.08,-0.0925705,-0.0223506,-0.995455
181.1,-0.0925002,-0.0225996,-0.995456
181.12,-0.092436,-0.0224158,-0.995466
181.14,-0.0921246,-0.023908,-0.99546
181.16,-0.0927568,-0.0222363,-0.99544
181.18,-0.0924882,-0.0233943,-0.995439
181.2,-0.0925982,-0.0222855,-0.995454
181.22,-0.0927479,-0.0234533,-0.995413
181.24,-0.093108,-0.0218021,-0.995417
181.26,-0.0917211,-0.0241396,-0.995492
181.28,-0.0924817,-0.0216908,-0.995478
181.3,-0.0930208,-0.0217449,-0.995427
181.32,-0.0928286,-0.0222388,-0.995434
181.34,-0.0930588,-0.0221141,-0.995415
181.36,-0.0926972,-0.0220079,-0.995451
181.38,-0.0923721,-0.0238822,-0.995438
181.4,-0.0926947,-0.0225134,-0.99544
181.42,-0.0929279,-0.022061,-0.995428
181.44,-0.0927188,-0.0229156,-0.995429
181.46,-0.0925613,-0.0221652,-0.99546
181.48,-0.0919895,-0.0239819,-0.995471
181.5,-0.0921051,-0.0241268,-0.995457
181.52,-0.0919347,-0.0243831,-0.995466
181.54,-0.0931951,-0.0218912,-0.995407
181.56,-0.0925027,-0.0219911,-0.99547
181.58,-0.0930037,-0.0219988,-0.995423
181.6,-0.0931534,-0.0219043,-0.995411
181.62,-0.0927405,-0.022485,-0.995436
181.64,-0.0930146,-0.0224059,-0.995413
181.66,-0.0923964,-0.0226258,-0.995465
181.68,-0.0918059,-0.0241454,-0.995484
181.7,-0.0926656,-0.022253,-0.995449
181.72,-0.0914611,-0.0245076,-0.995507
181.74,-0.092704,-0.0221367,-0.995448
181.76,-0.0928574,-0.0219724,-0.995437
181.78,-0.0926412,-0.0239084,-0.995412
181.8,-0.0933628,-0.0222954,-0.995382
181.82,-0.092868,-0.0220142,-0.995435
181.84,-0.0934352,-0.0210756,-0.995402
181.86,-0.0930259,-0.022181,-0.995417
181.88,-0.0929333,-0.022363,-0.995421
181.9,-0.0931687,-0.0220605,-0.995406
181.92,-0.0927492,-0.0223189,-0.995439
181.94,-0.093915,-0.021067,-0.995357
181.96,-0.0926094,-0.022492,-0.995448
181.98,-0.0940634,-0.0228164,-0.995305
182,-0.0930389,-0.0220239,-0.995419
182.02,-0.093281,-0.0233689,-0.995366
182.04,-0.0922324,-0.0226557,-0.99548
182.06,-0.0925542,-0.0225507,-0.995452
182.08,-0.0926568,-0.0227603,-0.995438
182.1,-0.0942128,-0.0213303,-0.995324
182.12,-0.0918226,-0.0228111,-0.995514
182.14,-0.0924983,-0.0221306,-0.995467
182.16,-0.0922,-0.0226254,-0.995483
182.18,-0.0930088,-0.0220185,-0.995422
182.2,-0.0934064,-0.0218514,-0.995388
182.22,-0.0930282,-0.0219387,-0.995422
182.24,-0.0933369,-0.021726,-0.995398
182.26,-0.093503,-0.0221892,-0.995372
182.28,-0.0928075,-0.0236453,-0.995403
182.3,-0.0923318,-0.0233402,-0.995455
182.32,-0.0932134,-0.021817,-0.995407
182.34,-0.0932256,-0.021927,-0.995404
182.36,-0.0932445,-0.0230817,-0.995376
182.38,-0.0927861,-0.0219696,-0.995444
182.4,-0.0919913,-0.0233851,-0.995485
182.42,-0.0947866,-0.0219585,-0.995255
182.44,-0.0947538,-0.0209896,-0.995279
182.46,-0.09472,-0.0207548,-0.995288
182.48,-0.0934969,-0.0230344,-0.995353
182.5,-0.0942486,-0.0212025,-0.995323
182.52,-0.0938537,-0.0227947,-0.995325
182.54,-0.0937643,-0.0225875,-0.995338
182.56,-0.0958481,-0.0202494,-0.99519
182.58,-0.0954962,-0.0207768,-0.995213
182.6,-0.0944284,-0.0220343,-0.995288
182.62,-0.0959501,-0.0198629,-0.995188
182.64,-0.0958543,-0.0199845,-0.995195
182.66,-0.0949713,-0.0203398,-0.995272
182.68,-0.093409,-0.0235267,-0.99535
182.7,-0.0947074,-0.0209804,-0.995284
182.72,-0.096014,-0.0199897,-0.995179
182.74,-0.095518,-0.0202145,-0.995222
182.76,-0.0956787,-0.0199053,-0.995213
182.78,-0.0939935,-0.020911,-0.995353
182.8,-0.0939808,-0.0216947,-0.995338
182.82,-0.0939824,-0.0213279,-0.995345
182.84,-0.092504,-0.0222468,-0.995464
182.86,-0.0926029,-0.0222887,-0.995454
182.88,-0.0933926,-0.0219666,-0.995387
182.9,-0.0924647,-0.0236408,-0.995435
182.92,-0.093202,-0.0221773,-0.9954
182.94,-0.0931885,-0.0221803,-0.995401
182.96,-0.0930977,-0.021802,-0.995418
182.98,-0.0935161,-0.0214663,-0.995386
183,-0.0935649,-0.021369,-0.995384
183.02,-0.0936081,-0.0217035,-0.995373
183.04,-0.0924034,-0.0236828,-0.99544
183.06,-0.0927624,-0.0228125,-0.995427
183.08,-0.0930225,-0.0221044,-0.995419
183.1,-0.0923797,-0.0233846,-0.995449
183.12,-0.0934258,-0.0214697,-0.995395
183.14,-0.0924682,-0.0236648,-0.995434
183.16,-0.0928612,-0.0222396,-0.995431
183.18,-0.0921002,-0.024195,-0.995456
183.2,-0.0925488,-0.0240317,-0.995418
183.22,-0.0917748,-0.0246368,-0.995475
183.24,-0.0921203,-0.0245742,-0.995445
183.26,-0.0957616,-0.0197354,-0.995209
183.28,-0.0957955,-0.0196258,-0.995208
183.3,-0.094041,-0.0221213,-0.995323
183.32,-0.095447,-0.0203694,-0.995226
183.34,-0.0948796,-0.0203085,-0.995282
183.36,-0.0951192,-0.0207413,-0.99525
183.38,-0.0947865,-0.0205447,-0.995286
183.4,-0.0946452,-0.0221966,-0.995264
183.42,-0.0950846,-0.0202532,-0.995263
183.44,-0.0956347,-0.020106,-0.995213
183.46,-0.0950435,-0.0206224,-0.995259
183.48,-0.0949945,-0.0204552,-0.995268
183.5,-0.0953785,-0.020131,-0.995238
183.52,-0.0948732,-0.0217829,-0.995251
183.54,-0.0951836,-0.0205751,-0.995247
183.56,-0.0954681,-0.020232,-0.995227
183.58,-0.0939629,-0.0216021,-0.995341
183.6,-0.0955431,-0.0198995,-0.995226
183.62,-0.0914271,-0.0238443,-0.995526
183.64,-0.0914271,-0.0238443,-0.995526
183.66,-0.0920846,-0.0224207,-0.995499
183.68,-0.0958683,-0.0199417,-0.995194
183.7,-0.0925537,-0.0225997,-0.995451
183.72,-0.091253,-0.0247003,-0.995521
183.74,-0.0957175,-0.0204348,-0.995199
183.76,-0.094965,-0.0200891,-0.995278
183.78,-0.0956774,-0.0198189,-0.995215
183.8,-0.0952989,-0.0203613,-0.99524
183.82,-0.0944847,-0.0227111,-0.995267
183.84,-0.0943719,-0.0223587,-0.995286
183.86,-0.0950763,-0.020515,-0.995259
183.88,-0.0947468,-0.020647,-0.995287
183.9,-0.094703,-0.0204908,-0.995295
183.92,-0.0939534,-0.0224922,-0.995322
183.94,-0.0945765,-0.0207307,-0.995302
183.96,-0.0946295,-0.0210885,-0.995289
183.98,-0.094917,-0.0204942,-0.995274
184,-0.0936765,-0.0224718,-0.995349
184.02,-0.0941406,-0.0210918,-0.995335
184.04,-0.0944637,-0.0209833,-0.995307
184.06,-0.095134,-0.0205582,-0.995252
184.08,-0.0936609,-0.0231302,-0.995335
184.1,-0.0944597,-0.0211506,-0.995304
184.12,-0.0943351,-0.0206275,-0.995327
184.14,-0.0939753,-0.0223557,-0.995324
184.16,-0.0940243,-0.0222775,-0.995321
184.18,-0.0946758,-0.0213242,-0.99528
184.2,-0.0943567,-0.0211367,-0.995314
184.22,-0.0944814,-0.0208281,-0.995309
184.24,-0.0946862,-0.0213249,-0.995279
184.26,-0.094643,-0.0209964,-0.99529
184.28,-0.0948002,-0.0208093,-0.995279
184.3,-0.0937862,-0.0211753,-0.995367
184.32,-0.0959375,-0.020352,-0.995179
184.34,-0.0924123,-0.0225218,-0.995466
184.36,-0.094176,-0.0217519,-0.995318
184.38,-0.0922861,-0.0222039,-0.995485
184.4,-0.0915561,-0.02425,-0.995505
184.42,-0.091819,-0.0240439,-0.995485
184.44,-0.091819,-0.0240439,-0.995485
184.46,-0.0926737,-0.0225111,-0.995442
184.48,-0.0919406,-0.0241169,-0.995472
184.5,-0.0930308,-0.023355,-0.995389
184.52,-0.0922129,-0.0238259,-0.995454
184.54,-0.0919945,-0.024229,-0.995465
184.56,-0.0923489,-0.0222952,-0.995477
184.58,-0.0930779,-0.0221608,-0.995412
184.6,-0.0924967,-0.0224502,-0.99546
184.62,-0.0917662,-0.0243458,-0.995483
184.64,-0.0922148,-0.0227138,-0.99548
184.66,-0.093634,-0.0216112,-0.995372
184.68,-0.0935827,-0.0223289,-0.995361
184.7,-0.0916131,-0.0232972,-0.995522
184.72,-0.0939588,-0.0228323,-0.995314
184.74,-0.0961336,-0.0199503,-0.995168
184.76,-0.0947364,-0.0219762,-0.99526
184.78,-0.095671,-0.0195053,-0.995222
184.8,-0.0954885,-0.0195048,-0.995239
184.82,-0.0956652,-0.0201425,-0.99521
184.84,-0.0951836,-0.0202275,-0.995254
184.86,-0.0955924,-0.0200336,-0.995219
184.88,-0.0960634,-0.0195074,-0.995184
184.9,-0.0953954,-0.0202825,-0.995233
184.92,-0.0958414,-0.0199769,-0.995196
184.94,-0.0937385,-0.0230283,-0.99533
184.96,-0.0921783,-0.0234522,-0.995466
184.98,-0.0943648,-0.0201346,-0.995334
185,-0.0946848,-0.0205959,-0.995294
185.02,-0.0923479,-0.022614,-0.99547
185.04,-0.0924646,-0.0223397,-0.995465
185.06,-0.0931726,-0.0215349,-0.995417
185.08,-0.092922,-0.0219457,-0.995432
185.1,-0.0931178,-0.0219875,-0.995412
185.12,-0.0931786,-0.0212727,-0.995422
185.14,-0.0934645,-0.0213128,-0.995394
185.16,-0.0931447,-0.02163,-0.995418
185.18,-0.0934903,-0.0214708,-0.995389
185.2,-0.0937011,-0.0216208,-0.995366
185.22,-0.0927573,-0.0233153,-0.995416
185.24,-0.0935437,-0.0216501,-0.99538
185.26,-0.0927164,-0.0236059,-0.995413
185.28,-0.0933393,-0.0213443,-0.995406
185.3,-0.0927334,-0.0215798,-0.995457
185.32,-0.0925632,-0.0223348,-0.995456
185.34,-0.0928279,-0.0215545,-0.995449
185.36,-0.092859,-0.0220508,-0.995435
185.38,-0.0923748,-0.0236785,-0.995443
185.4,-0.092586,-0.023809,-0.99542
185.42,-0.0951382,-0.0198461,-0.995266
185.44,-0.0944626,-0.0220529,-0.995284
185.46,-0.0924991,-0.0226467,-0.995455
185.48,-0.0963741,-0.0198554,-0.995147
185.5,-0.0940877,-0.0221866,-0.995317
185.52,-0.0942711,-0.0215641,-0.995313
185.54,-0.0954338,-0.0199725,-0.995235
185.56,-0.0957999,-0.0199886,-0.9952
185.58,-0.0960077,-0.0199325,-0.995181
185.6,-0.0959971,-0.0198945,-0.995183
185.62,-0.0954442,-0.0208508,-0.995216
185.64,-0.0960463,-0.020135,-0.995173
185.66,-0.0942596,-0.0213896,-0.995318
185.68,-0.0956024,-0.0198187,-0.995222
185.7,-0.0943483,-0.0226763,-0.995281
185.72,-0.0920335,-0.02311,-0.995488
185.74,-0.0919214,-0.0229565,-0.995502
185.76,-0.0947386,-0.0193629,-0.995314
185.78,-0.092586,-0.0228329,-0.995443
185.8,-0.0921873,-0.0222602,-0.995493
185.82,-0.0924658,-0.0225269,-0.995461
185.84,-0.0926107,-0.022572,-0.995447
185.86,-0.0926216,-0.0228637,-0.995439
185.88,-0.0931899,-0.0217109,-0.995412
185.9,-0.0923852,-0.0224724,-0.99547
185.92,-0.0928617,-0.0217014,-0.995442
185.94,-0.0926242,-0.0217831,-0.995463
185.96,-0.0924385,-0.0222464,-0.99547
185.98,-0.0931465,-0.0218714,-0.995412
186,-0.0927589,-0.0220577,-0.995444
186.02,-0.0920557,-0.0239526,-0.995466
186.04,-0.0930967,-0.0218671,-0.995417
186.06,-0.0927448,-0.0224792,-0.995436
186.08,-0.0929185,-0.0216301,-0.995439
186.1,-0.0931557,-0.0218614,-0.995412
186.12,-0.0920426,-0.0240894,-0.995464
186.14,-0.0928078,-0.0223901,-0.995432
186.16,-0.0925238,-0.0227122,-0.995451
186.18,-0.0926119,-0.0220585,-0.995458
186.2,-0.0926851,-0.0223094,-0.995446
186.22,-0.0921242,-0.0225259,-0.995493
186.24,-0.0922655,-0.0226791,-0.995476
186.26,-0.092813,-0.0220028,-0.99544
186.28,-0.0949254,-0.0201966,-0.995279
186.3,-0.0941395,-0.0204908,-0.995348
186.32,-0.0919382,-0.0226907,-0.995506
186.34,-0.0946681,-0.0219192,-0.995268
186.36,-0.0947442,-0.0214998,-0.995269
186.38,-0.0939293,-0.0216394,-0.995344
186.4,-0.092447,-0.0233603,-0.995444
186.42,-0.0921985,-0.0230279,-0.995474
186.44,-0.0922366,-0.022127,-0.995491
186.46,-0.094303,-0.0211465,-0.995319
186.48,-0.0944682,-0.0206521,-0.995314
186.5,-0.0946207,-0.0199862,-0.995313
186.52,-0.0924309,-0.0223571,-0.995468
186.54,-0.0927518,-0.0220543,-0.995445
186.56,-0.0926807,-0.023011,-0.99543
186.58,-0.0945322,-0.0209367,-0.995302
186.6,-0.0952188,-0.0200578,-0.995254
186.62,-0.0950532,-0.0203724,-0.995264
186.64,-0.0947119,-0.0203584,-0.995297
186.66,-0.0947537,-0.0204107,-0.995291
186.68,-0.0949052,-0.0202817,-0.99528
186.7,-0.0928279,-0.0219679,-0.99544
186.72,-0.0929652,-0.0219792,-0.995427
186.74,-0.0929356,-0.0220156,-0.995429
186.76,-0.0922059,-0.0225806,-0.995484
186.78,-0.0921132,-0.0236538,-0.995468
186.8,-0.0921132,-0.0236538,-0.995468
186.82,-0.0921132,-0.0236538,-0.995468
186.84,-0.0920542,-0.0230737,-0.995487
186.86,-0.0924705,-0.0220878,-0.99547
186.88,-0.0927725,-0.0219007,-0.995446
186.9,-0.0924483,-0.022331,-0.995467
186.92,-0.0924847,-0.0227566,-0.995454
186.94,-0.092298,-0.0237461,-0.995448
186.96,-0.092074,-0.0228671,-0.99549
186.98,-0.092584,-0.0222156,-0.995457
187,-0.0920657,-0.0232891,-0.995481
187.02,-0.0923036,-0.0225753,-0.995475
187.04,-0.0925099,-0.0224615,-0.995458
187.06,-0.0946547,-0.0213382,-0.995281
187.08,-0.094543,-0.0204755,-0.99531
187.1,-0.0946312,-0.0206018,-0.995299
187.12,-0.0923973,-0.022307,-0.995472
187.14,-0.0925123,-0.0214006,-0.995482
187.16,-0.0924809,-0.0220113,-0.995471
187.18,-0.0948125,-0.020329,-0.995288
187.2,-0.0946771,-0.0204906,-0.995297
187.22,-0.0950352,-0.0209356,-0.995254
187.24,-0.0945873,-0.0206789,-0.995302
187.26,-0.0952232,-0.0203254,-0.995248
187.28,-0.0947296,-0.0200855,-0.9953
187.3,-0.0948333,-0.020452,-0.995283
187.32,-0.0951225,-0.0201355,-0.995262
187.34,-0.0950808,-0.0199435,-0.99527
187.36,-0.0952137,-0.0200765,-0.995254
187.38,-0.0949662,-0.0201671,-0.995276
187.4,-0.095132,-0.0197573,-0.995269
187.42,-0.0948689,-0.020138,-0.995286
187.44,-0.0944959,-0.0207183,-0.99531
187.46,-0.0949566,-0.0205573,-0.995269
187.48,-0.0944924,-0.0202417,-0.99532
187.5,-0.0950287,-0.0199332,-0.995275
187.52,-0.0947657,-0.0203679,-0.995291
187.54,-0.0948035,-0.0201841,-0.995291
187.56,-0.0949396,-0.0205849,-0.99527
187.58,-0.0949046,-0.0204224,-0.995277
187.6,-0.0949044,-0.0202136,-0.995281
187.62,-0.0948471,-0.0206189,-0.995278
187.64,-0.0947897,-0.0206244,-0.995284
187.66,-0.094654,-0.0201912,-0.995305
187.68,-0.0947457,-0.020526,-0.99529
187.7,-0.0949642,-0.0202209,-0.995275
187.72,-0.0947035,-0.0204816,-0.995295
187.74,-0.0947421,-0.0204925,-0.995291
187.76,-0.094737,-0.0199861,-0.995302
187.78,-0.0947841,-0.0204162,-0.995288
187.8,-0.0949063,-0.0192264,-0.995301
187.82,-0.0945304,-0.0212372,-0.995295
187.84,-0.0949011,-0.0201925,-0.995282
187.86,-0.0949354,-0.0199009,-0.995284
187.88,-0.0947988,-0.0207407,-0.99528
187.9,-0.0952174,-0.0192759,-0.99527
187.92,-0.0949086,-0.0198002,-0.995289
187.94,-0.0948346,-0.0204779,-0.995282
187.96,-0.0945758,-0.0220941,-0.995272
187.98,-0.0948811,-0.0200553,-0.995287
188,-0.0949665,-0.0208253,-0.995263
188.02,-0.0951408,-0.0202688,-0.995257
188.04,-0.0949815,-0.0205086,-0.995268
188.06,-0.0941869,-0.0219317,-0.995313
188.08,-0.094389,-0.021764,-0.995297
188.1,-0.0949108,-0.0206038,-0.995273
188.12,-0.0949108,-0.0206038,-0.995273
188.14,-0.0948765,-0.0199684,-0.995289
188.16,-0.0951916,-0.019973,-0.995259
188.18,-0.0955441,-0.0203276,-0.995218
188.2,-0.0948045,-0.0207066,-0.995281
188.22,-0.0948169,-0.020346,-0.995287
188.24,-0.094762,-0.0202457,-0.995294
188.26,-0.094762,-0.0202457,-0.995294
188.28,-0.0947553,-0.0201881,-0.995296
188.3,-0.0946934,-0.0201384,-0.995303
188.32,-0.0951132,-0.0199258,-0.995267
188.34,-0.0951132,-0.0199258,-0.995267
188.36,-0.0946885,-0.0209464,-0.995287
188.38,-0.0947077,-0.0208904,-0.995286
188.4,-0.095006,-0.0205959,-0.995264
188.42,-0.0952333,-0.0198921,-0.995256
188.44,-0.0946363,-0.0209911,-0.995291
188.46,-0.0946316,-0.0204776,-0.995302
188.48,-0.0946667,-0.0203808,-0.9953
188.5,-0.0946667,-0.0203808,-0.9953
188.52,-0.0923198,-0.0219873,-0.995487
188.54,-0.0925277,-0.0224763,-0.995456
188.56,-0.0943743,-0.0207089,-0.995321
188.58,-0.0950635,-0.019818,-0.995274
188.6,-0.0923274,-0.0225905,-0.995472
188.62,-0.0927701,-0.0220642,-0.995443
188.64,-0.092482,-0.0220983,-0.995469
188.66,-0.0924864,-0.0220233,-0.99547
188.68,-0.0930441,-0.0215733,-0.995428
188.7,-0.0920193,-0.0234714,-0.995481
188.72,-0.0924876,-0.0221897,-0.995467
188.74,-0.092437,-0.0225924,-0.995462
188.76,-0.0925908,-0.0242217,-0.99541
188.78,-0.0925571,-0.0216858,-0.995471
188.8,-0.0929937,-0.0219477,-0.995425
188.82,-0.092588,-0.0222686,-0.995455
188.84,-0.0931044,-0.0217013,-0.99542
188.86,-0.0932523,-0.0217302,-0.995405
188.88,-0.0930882,-0.0218104,-0.995419
188.9,-0.0925747,-0.022082,-0.995461
188.92,-0.0920011,-0.0241039,-0.995467
188.94,-0.0930857,-0.0215831,-0.995424
188.96,-0.0928868,-0.0219004,-0.995436
188.98,-0.0929599,-0.0223225,-0.99542
189,-0.0928377,-0.0221906,-0.995434
189.02,-0.092927,-0.0217582,-0.995435
189.04,-0.0928048,-0.0220264,-0.995441
189.06,-0.0931877,-0.0219688,-0.995406
189.08,-0.0925431,-0.0227884,-0.995448
189.1,-0.0927991,-0.0222784,-0.995436
189.12,-0.0928095,-0.0219444,-0.995442
189.14,-0.0928016,-0.0221625,-0.995438
189.16,-0.0928163,-0.0218036,-0.995444
189.18,-0.0926172,-0.0221851,-0.995455
189.2,-0.0929057,-0.0211709,-0.99545
189.22,-0.0921707,-0.0231347,-0.995474
189.24,-0.0924171,-0.0224933,-0.995466
189.26,-0.0921146,-0.0225906,-0.995492
189.28,-0.0918136,-0.0229585,-0.995512
189.3,-0.095518,-0.0193379,-0.99524
189.32,-0.0942028,-0.0219602,-0.995311
189.34,-0.0946452,-0.0210525,-0.995288
189.36,-0.0948448,-0.0202264,-0.995287
189.38,-0.0940025,-0.0217839,-0.995334
189.4,-0.0950857,-0.0202259,-0.995264
189.42,-0.0954354,-0.0197092,-0.99524
189.44,-0.0957812,-0.0197567,-0.995206
189.46,-0.0950119,-0.020322,-0.995269
189.48,-0.0921647,-0.0224033,-0.995492
189.5,-0.0939491,-0.0215103,-0.995345
189.52,-0.092007,-0.0227787,-0.995498
189.54,-0.0930477,-0.0219825,-0.995419
189.56,-0.0927942,-0.0217226,-0.995448
189.58,-0.0934502,-0.0216669,-0.995388
189.6,-0.0932875,-0.0218269,-0.9954
189.62,-0.0932285,-0.0221161,-0.995399
189.64,-0.0936351,-0.0209858,-0.995385
189.66,-0.0931279,-0.0215618,-0.995421
189.68,-0.0932193,-0.0216567,-0.99541
189.7,-0.0927591,-0.0226148,-0.995432
189.72,-0.0932696,-0.0219731,-0.995398
189.74,-0.0931727,-0.0212989,-0.995422
189.76,-0.0928979,-0.0219718,-0.995433
189.78,-0.0931817,-0.0219235,-0.995408
189.8,-0.0932256,-0.0220395,-0.995401
189.82,-0.0935982,-0.0215495,-0.995377
189.84,-0.0937931,-0.0211988,-0.995366
189.86,-0.093257,-0.0230767,-0.995375
189.88,-0.0940227,-0.0207632,-0.995354
189.9,-0.0927017,-0.0226166,-0.995437
189.92,-0.0928746,-0.02279,-0.995417
189.94,-0.0931677,-0.022357,-0.995399
189.96,-0.0935145,-0.0223498,-0.995367
189.98,-0.0934601,-0.0224189,-0.995371
190,-0.0909611,-0.0270186,-0.995488
190.02,-0.0907072,-0.0270526,-0.99551
190.04,-0.0910181,-0.0271233,-0.99548
190.06,-0.0908417,-0.0269269,-0.995501
190.08,-0.0908329,-0.0277696,-0.995479
190.1,-0.0910286,-0.0271883,-0.995477
190.12,-0.0916942,-0.0283654,-0.995383
190.14,-0.0911784,-0.025749,-0.995502
190.16,-0.091947,-0.0262704,-0.995417
190.18,-0.0913873,-0.028163,-0.995417
190.2,-0.0909721,-0.02849,-0.995446
190.22,-0.0907848,-0.0285025,-0.995463
190.24,-0.0922265,-0.0265666,-0.995384
190.26,-0.0908233,-0.0283871,-0.995462
190.28,-0.0922091,-0.0261911,-0.995395
190.3,-0.091649,-0.026918,-0.995427
190.32,-0.0914085,-0.0261724,-0.995469
190.34,-0.0915146,-0.0262961,-0.995456
190.36,-0.0905855,-0.0270854,-0.99552
190.38,-0.0907022,-0.0274117,-0.995501
190.4,-0.0924902,-0.0234203,-0.995438
190.42,-0.0919947,-0.0236197,-0.995479
190.44,-0.0912029,-0.0247211,-0.995525
190.46,-0.093629,-0.0218922,-0.995366
190.48,-0.0938721,-0.0211533,-0.99536
190.5,-0.0945658,-0.0210416,-0.995296
190.52,-0.0931263,-0.0212927,-0.995427
190.54,-0.0943087,-0.0193108,-0.995356
190.56,-0.094796,-0.0200557,-0.995295
190.58,-0.0959299,-0.0212992,-0.99516
190.6,-0.0954089,-0.0214971,-0.995206
190.62,-0.0951063,-0.0214995,-0.995235
190.64,-0.0952595,-0.0212823,-0.995225
190.66,-0.095243,-0.0222713,-0.995205
190.68,-0.0951394,-0.021506,-0.995232
190.7,-0.0955733,-0.021646,-0.995187
190.72,-0.095274,-0.0215017,-0.995219
190.74,-0.094967,-0.0217891,-0.995242
190.76,-0.0957745,-0.0211026,-0.995179
190.78,-0.094621,-0.0218454,-0.995274
190.8,-0.0952073,-0.0213497,-0.995228
190.82,-0.0943921,-0.021604,-0.995301
190.84,-0.0942945,-0.0217098,-0.995308
190.86,-0.094939,-0.0215328,-0.99525
190.88,-0.0952918,-0.0212592,-0.995222
190.9,-0.0950344,-0.0204731,-0.995263
190.92,-0.0950832,-0.021138,-0.995245
190.94,-0.0943196,-0.0209149,-0.995322
190.96,-0.0948072,-0.0205177,-0.995284
190.98,-0.0947627,-0.0208178,-0.995282
191,-0.0945067,-0.0209654,-0.995303
191.02,-0.0944227,-0.0206185,-0.995319
191.04,-0.094459,-0.0208283,-0.995311
191.06,-0.0941115,-0.020931,-0.995342
191.08,-0.0942828,-0.0208149,-0.995328
191.1,-0.0948218,-0.020584,-0.995281
191.12,-0.0945959,-0.0209158,-0.995296
191.14,-0.0946084,-0.0213139,-0.995286
191.16,-0.0950672,-0.0209243,-0.995251
191.18,-0.0948627,-0.0212453,-0.995264
191.2,-0.0945365,-0.0215692,-0.995288
191.22,-0.0952867,-0.0211871,-0.995224
191.24,-0.0955412,-0.0217378,-0.995188
191.26,-0.0956516,-0.0210332,-0.995193
191.28,-0.0953235,-0.0217618,-0.995208
191.3,-0.095416,-0.0206338,-0.995224
191.32,-0.0953497,-0.0211055,-0.99522
191.34,-0.0960426,-0.020749,-0.995161
191.36,-0.0951047,-0.0215444,-0.995234
191.38,-0.0956253,-0.021227,-0.995191
191.4,-0.0952596,-0.0211134,-0.995229
191.42,-0.0951289,-0.0215897,-0.995231
191.44,-0.0958324,-0.0218416,-0.995158
191.46,-0.095505,-0.0217167,-0.995192
191.48,-0.0955272,-0.0213076,-0.995199
191.5,-0.0950453,-0.0214303,-0.995242
191.52,-0.0955628,-0.0217326,-0.995186
191.54,-0.0957277,-0.0214659,-0.995176
191.56,-0.0953215,-0.0218518,-0.995207
191.58,-0.0951131,-0.0212525,-0.99524
191.6,-0.0952038,-0.0216101,-0.995223
191.62,-0.0954262,-0.0209428,-0.995216
191.64,-0.0961003,-0.0210277,-0.99515
191.66,-0.0950936,-0.0220289,-0.995225
191.68,-0.0953521,-0.0212466,-0.995217
191.7,-0.0951604,-0.0219872,-0.995219
191.72,-0.0954201,-0.0217692,-0.995199
191.74,-0.0948082,-0.021037,-0.995273
191.76,-0.0954857,-0.0215301,-0.995198
191.78,-0.0949992,-0.0221313,-0.995231
191.8,-0.0957081,-0.021725,-0.995172
191.82,-0.0951982,-0.0212438,-0.995232
191.84,-0.0951373,-0.0221658,-0.995217
191.86,-0.0950136,-0.0219766,-0.995233
191.88,-0.0953187,-0.02139,-0.995217
191.9,-0.0952805,-0.0215299,-0.995218
191.92,-0.0956848,-0.0213879,-0.995182
191.94,-0.0952292,-0.0215465,-0.995222
191.96,-0.0955157,-0.0213348,-0.995199
191.98,-0.0952033,-0.0213253,-0.995229
192,-0.095809,-0.0210179,-0.995178
192.02,-0.096288,-0.022361,-0.995102
192.04,-0.0961868,-0.0227617,-0.995103
192.06,-0.0964146,-0.0230472,-0.995074
192.08,-0.0964146,-0.0230472,-0.995074
192.1,-0.0964146,-0.0230472,-0.995074
192.12,-0.0964146,-0.0230472,-0.995074
192.14,-0.0964146,-0.0230472,-0.995074
192.16,-0.0955891,-0.0241692,-0.995127
192.18,-0.0962208,-0.0239558,-0.995072
192.2,-0.0952985,-0.0242337,-0.995154
192.22,-0.0964074,-0.0240887,-0.99505
192.24,-0.0950818,-0.0239103,-0.995182
192.26,-0.0954251,-0.0232955,-0.995164
192.28,-0.0959762,-0.0225079,-0.995129
192.3,-0.0949879,-0.0233684,-0.995204
192.32,-0.095262,-0.0238196,-0.995167
192.34,-0.0952718,-0.0241572,-0.995158
192.36,-0.0941605,-0.0252138,-0.995238
192.38,-0.095083,-0.0246361,-0.995164
192.4,-0.0947922,-0.0233661,-0.995223
192.42,-0.0946752,-0.0241219,-0.995216
192.44,-0.0941804,-0.023537,-0.995277
192.46,-0.0949073,-0.0220883,-0.995241
192.48,-0.0949494,-0.0221002,-0.995237
192.5,-0.0949782,-0.0211384,-0.995255
192.52,-0.0951284,-0.0209609,-0.995244
192.54,-0.0943171,-0.0203571,-0.995334
192.56,-0.0944413,-0.020563,-0.995318
192.58,-0.0939998,-0.021974,-0.99533
192.6,-0.0931721,-0.0227771,-0.995389
192.62,-0.0935858,-0.0229903,-0.995346
192.64,-0.0911414,-0.0277829,-0.99545
192.66,-0.0918012,-0.0267201,-0.995419
192.68,-0.0919465,-0.0264291,-0.995413
192.7,-0.0926302,-0.025803,-0.995366
192.72,-0.0927442,-0.0279453,-0.995298
192.74,-0.0927162,-0.0278729,-0.995302
192.76,-0.0924772,-0.0273287,-0.99534
192.78,-0.0906021,-0.0274765,-0.995508
192.8,-0.0923582,-0.0283662,-0.995322
192.82,-0.0908906,-0.0278922,-0.99547
192.84,-0.0925212,-0.023805,-0.995426
192.86,-0.0926371,-0.0221973,-0.995452
192.88,-0.0946263,-0.021274,-0.995286
192.9,-0.095837,-0.0210906,-0.995174
192.92,-0.0960233,-0.0217521,-0.995141
192.94,-0.0953186,-0.0226041,-0.99519
192.96,-0.0946966,-0.0237571,-0.995223
192.98,-0.0946921,-0.0231791,-0.995237
193,-0.0958228,-0.0233897,-0.995124
193.02,-0.0964534,-0.0232379,-0.995066
193.04,-0.0947099,-0.0247231,-0.995198
193.06,-0.0947621,-0.0248473,-0.99519
193.08,-0.0955896,-0.0249267,-0.995109
193.1,-0.095241,-0.024626,-0.99515
193.12,-0.0957685,-0.0238904,-0.995117
193.14,-0.0956151,-0.0246767,-0.995112
193.16,-0.0951703,-0.0243872,-0.995162
193.18,-0.0960327,-0.0245319,-0.995076
193.2,-0.0957857,-0.0246179,-0.995098
193.22,-0.0962418,-0.0253882,-0.995034
193.24,-0.0957267,-0.024791,-0.995099
193.26,-0.095314,-0.0242723,-0.995151
193.28,-0.0954731,-0.023667,-0.995151
193.3,-0.0951808,-0.0236041,-0.99518
193.32,-0.0953771,-0.0242992,-0.995145
193.34,-0.0955119,-0.0238151,-0.995143
193.36,-0.0947623,-0.0237092,-0.995218
193.38,-0.0951391,-0.0232635,-0.995192
193.4,-0.0946011,-0.0229008,-0.995252
193.42,-0.0939856,-0.0213069,-0.995346
193.44,-0.0943073,-0.0207083,-0.995328
193.46,-0.0937719,-0.0208486,-0.995375
193.48,-0.0939177,-0.0211679,-0.995355
193.5,-0.0917541,-0.0275851,-0.9954
193.52,-0.092609,-0.0272865,-0.995329
193.54,-0.092986,-0.0264172,-0.995317
193.56,-0.0918299,-0.0271759,-0.995404
193.58,-0.0907864,-0.0265217,-0.995517
193.6,-0.0911374,-0.0257182,-0.995506
193.62,-0.0923457,-0.0251005,-0.995411
193.64,-0.0923453,-0.0247767,-0.995419
193.66,-0.0922292,-0.024314,-0.995441
193.68,-0.0911874,-0.0235605,-0.995555
193.7,-0.0905659,-0.0237864,-0.995606
193.72,-0.0904429,-0.0230392,-0.995635
193.74,-0.0906758,-0.0229346,-0.995616
193.76,-0.0889786,-0.0245275,-0.995731
193.78,-0.0909933,-0.0226921,-0.995593
193.8,-0.0903755,-0.0228772,-0.995645
193.82,-0.0891905,-0.0232846,-0.995742
193.84,-0.0887999,-0.0235964,-0.99577
193.86,-0.0881963,-0.0232621,-0.995831
193.88,-0.0885231,-0.02293,-0.99581
193.9,-0.0883451,-0.0233533,-0.995816
193.92,-0.0876339,-0.0236056,-0.995873
193.94,-0.087208,-0.0218584,-0.99595
193.96,-0.0877903,-0.0209646,-0.995918
193.98,-0.0858314,-0.0229733,-0.996045
194,-0.0858314,-0.0229733,-0.996045
194.02,-0.0854235,-0.0241543,-0.996052
194.04,-0.0851899,-0.0254343,-0.99604
194.06,-0.0849492,-0.0249402,-0.996073
194.08,-0.085769,-0.0224705,-0.996062
194.1,-0.0834046,-0.0214753,-0.996284
194.12,-0.0831658,-0.0192907,-0.996349
194.14,-0.0829639,-0.0208723,-0.996334
194.16,-0.0827432,-0.0201306,-0.996368
194.18,-0.0815497,-0.0197151,-0.996474
194.2,-0.0800904,-0.0239949,-0.996499
194.22,-0.0788439,-0.0231222,-0.996619
194.24,-0.0791672,-0.0216352,-0.996627
194.26,-0.0787683,-0.0213242,-0.996665
194.28,-0.0784164,-0.0199105,-0.996722
194.3,-0.0788242,-0.0197941,-0.996692
194.32,-0.0766939,-0.0199283,-0.996856
194.34,-0.0766956,-0.0204587,-0.996845
194.36,-0.0772488,-0.0189369,-0.996832
194.38,-0.0779204,-0.0200423,-0.996758
194.4,-0.0778843,-0.0197019,-0.996768
194.42,-0.0766049,-0.023278,-0.99679
194.44,-0.0760381,-0.0228342,-0.996843
194.46,-0.0776786,-0.0212262,-0.996752
194.48,-0.0791528,-0.0197925,-0.996666
194.5,-0.0774051,-0.0217256,-0.996763
194.52,-0.0785507,-0.0221915,-0.996663
194.54,-0.0774154,-0.0227014,-0.99674
194.56,-0.0779407,-0.0220129,-0.996715
194.58,-0.0794807,-0.0216152,-0.996602
194.6,-0.0803671,-0.02062,-0.996552
194.62,-0.0798441,-0.0209174,-0.996588
194.64,-0.0797043,-0.0212764,-0.996591
194.66,-0.0797978,-0.0229462,-0.996547
194.68,-0.0802419,-0.0222014,-0.996528
194.7,-0.0800455,-0.0221657,-0.996545
194.72,-0.078569,-0.0212305,-0.996683
194.74,-0.0786604,-0.0230685,-0.996635
194.76,-0.0789128,-0.0212728,-0.996655
194.78,-0.0800723,-0.0201933,-0.996584
194.8,-0.079945,-0.0210848,-0.996576
194.82,-0.0787717,-0.0215556,-0.99666
194.84,-0.0782791,-0.021991,-0.996689
194.86,-0.0772271,-0.021443,-0.996783
194.88,-0.0779336,-0.0202587,-0.996753
194.9,-0.0776901,-0.019565,-0.996786
194.92,-0.0774082,-0.0188257,-0.996822
194.94,-0.0758526,-0.0229075,-0.996856
194.96,-0.0751391,-0.0216802,-0.996937
194.98,-0.0757411,-0.0191155,-0.996944
195,-0.0755795,-0.0212742,-0.996913
195.02,-0.0737535,-0.0194524,-0.997087
195.04,-0.073985,-0.0189504,-0.997079
195.06,-0.0729869,-0.0193956,-0.997144
195.08,-0.0733511,-0.017581,-0.997151
195.1,-0.0718494,-0.0206492,-0.997202
195.12,-0.0720964,-0.0192125,-0.997213
195.14,-0.0727717,-0.0162158,-0.997217
195.16,-0.0717522,-0.0168212,-0.997281
195.18,-0.0714138,-0.0198385,-0.997249
195.2,-0.0705185,-0.0184572,-0.99734
195.22,-0.07096,-0.0172619,-0.99733
195.24,-0.0698678,-0.0201699,-0.997352
195.26,-0.0716682,-0.0183452,-0.99726
195.28,-0.0722657,-0.0192196,-0.9972
195.3,-0.0720951,-0.0186351,-0.997224
195.32,-0.073359,-0.0183004,-0.997138
195.34,-0.0713097,-0.0206407,-0.997241
195.36,-0.0720298,-0.0179676,-0.997241
195.38,-0.0720455,-0.0184554,-0.997231
195.4,-0.0709894,-0.0207756,-0.997261
195.42,-0.0726636,-0.0170972,-0.99721
195.44,-0.0727559,-0.0166572,-0.997211
195.46,-0.0708888,-0.0206049,-0.997271
195.48,-0.0711174,-0.0208639,-0.99725
195.5,-0.072539,-0.0176791,-0.997209
195.52,-0.0718076,-0.0167897,-0.997277
195.54,-0.0719084,-0.0217493,-0.997174
195.56,-0.0720023,-0.0202169,-0.9972
195.58,-0.070632,-0.0198024,-0.997306
195.6,-0.0722028,-0.0196775,-0.997196
195.62,-0.0712187,-0.0219266,-0.99722
195.64,-0.0734934,-0.0185589,-0.997123
195.66,-0.0722922,-0.0181893,-0.997218
195.68,-0.0721655,-0.018995,-0.997212
195.7,-0.0723626,-0.0189666,-0.997198
195.72,-0.0712819,-0.0199591,-0.997256
195.74,-0.0739856,-0.0183797,-0.99709
195.76,-0.0726673,-0.017289,-0.997206
195.78,-0.0785659,-0.0102929,-0.996856
195.8,-0.0729031,-0.0152587,-0.997222
195.82,-0.070668,-0.0225455,-0.997245
195.84,-0.0716975,-0.0210528,-0.997204
195.86,-0.0720252,-0.0192386,-0.997217
195.88,-0.0727417,-0.0189763,-0.99717
195.9,-0.0769293,-0.012322,-0.99696
195.92,-0.0742407,-0.0151961,-0.997125
195.94,-0.0732823,-0.0182637,-0.997144
195.96,-0.0711098,-0.0232282,-0.997198
195.98,-0.0728677,-0.0201395,-0.997138
196,-0.0751902,-0.0196012,-0.996977
196.02,-0.0765908,-0.0154384,-0.996943
196.04,-0.0787933,-0.013711,-0.996797
196.06,-0.0752886,-0.0172305,-0.997013
196.08,-0.0761439,-0.0147289,-0.996988
196.1,-0.0720484,-0.0190486,-0.997219
196.12,-0.075686,-0.0160619,-0.997002
196.14,-0.0750266,-0.0176591,-0.997025
196.16,-0.072137,-0.0207451,-0.997179
196.18,-0.0748218,-0.0179505,-0.997035
196.2,-0.0729409,-0.0196412,-0.997143
196.22,-0.0764613,-0.0168498,-0.99693
196.24,-0.0755845,-0.017103,-0.996993
196.26,-0.0728409,-0.0194844,-0.997153
196.28,-0.0743904,-0.020514,-0.997018
196.3,-0.0746086,-0.0193751,-0.997025
196.32,-0.0731063,-0.0197863,-0.997128
196.34,-0.0732844,-0.0199659,-0.997111
196.36,-0.0724253,-0.0198553,-0.997176
196.38,-0.0721033,-0.0197629,-0.997201
196.4,-0.0726435,-0.0195424,-0.997166
196.42,-0.0720088,-0.020938,-0.997184
196.44,-0.0731413,-0.0202563,-0.997116
196.46,-0.0730485,-0.0199511,-0.997129
196.48,-0.0737126,-0.0203272,-0.997072
196.5,-0.0734299,-0.0206129,-0.997087
196.52,-0.0738177,-0.0206272,-0.997058
196.54,-0.0744883,-0.0206467,-0.997008
196.56,-0.0754247,-0.0187464,-0.996975
196.58,-0.0754404,-0.0199166,-0.996951
196.6,-0.076055,-0.0187549,-0.996927
196.62,-0.0788008,-0.0166474,-0.996751
196.64,-0.0745344,-0.0204807,-0.997008
196.66,-0.0767008,-0.0184559,-0.996883
196.68,-0.0748906,-0.0210025,-0.996971
196.7,-0.0754406,-0.020746,-0.996934
196.72,-0.0782193,-0.0188678,-0.996758
196.74,-0.077132,-0.019121,-0.996838
196.76,-0.0764275,-0.0221253,-0.99683
196.78,-0.0777815,-0.0198851,-0.996772
196.8,-0.0793462,-0.0184871,-0.996676
196.82,-0.0799027,-0.0185445,-0.99663
196.84,-0.0787538,-0.0203298,-0.996687
196.86,-0.0811459,-0.0193958,-0.996513
196.88,-0.0803006,-0.0216753,-0.996535
196.9,-0.0804245,-0.0227066,-0.996502
196.92,-0.0810745,-0.0219685,-0.996466
196.94,-0.0803347,-0.0246215,-0.996464
196.96,-0.0805507,-0.0259289,-0.996413
196.98,-0.0810761,-0.0231009,-0.99644
197,-0.0829854,-0.0214591,-0.99632
197.02,-0.084011,-0.0209419,-0.996245
197.04,-0.0840403,-0.0230286,-0.996196
197.06,-0.0847948,-0.0234683,-0.996122
197.08,-0.084536,-0.023928,-0.996133
197.1,-0.0849045,-0.0243274,-0.996092
197.12,-0.0863995,-0.0237853,-0.995977
197.14,-0.0869219,-0.0231732,-0.995946
197.16,-0.0863368,-0.0245006,-0.995965
197.18,-0.0877123,-0.0226433,-0.995888
197.2,-0.0878869,-0.0228976,-0.995867
197.22,-0.0883025,-0.024137,-0.995801
197.24,-0.0890836,-0.0238578,-0.995738
197.26,-0.0881341,-0.0246375,-0.995804
197.28,-0.0871768,-0.0255953,-0.995864
197.3,-0.087275,-0.0261009,-0.995842
197.32,-0.0911389,-0.0229175,-0.995574
197.34,-0.0910178,-0.0206391,-0.995635
197.36,-0.09059,-0.0213606,-0.995659
197.38,-0.0906896,-0.0223152,-0.995629
197.4,-0.0903376,-0.0225733,-0.995655
197.42,-0.0886382,-0.0243386,-0.995766
197.44,-0.0896333,-0.0250628,-0.995659
197.46,-0.0905696,-0.0260182,-0.99555
197.48,-0.0912681,-0.0250522,-0.995511
197.5,-0.0914973,-0.0232563,-0.995534
197.52,-0.0903951,-0.0250414,-0.995591
197.54,-0.0926884,-0.0225919,-0.995439
197.56,-0.0921343,-0.0225482,-0.995491
197.58,-0.0931489,-0.023192,-0.995382
197.6,-0.0936671,-0.0247399,-0.995296
197.62,-0.0916122,-0.0251319,-0.995478
197.64,-0.0911625,-0.0247428,-0.995529
197.66,-0.0929364,-0.0223932,-0.99542
197.68,-0.094414,-0.0227693,-0.995273
197.7,-0.0919667,-0.0235671,-0.995483
197.72,-0.0919025,-0.0231753,-0.995498
197.74,-0.0935945,-0.0230673,-0.995343
197.76,-0.0946898,-0.0236969,-0.995225
197.78,-0.0923042,-0.0243367,-0.995433
197.8,-0.0916073,-0.0248184,-0.995486
197.82,-0.0931683,-0.0227762,-0.99539
197.84,-0.0937936,-0.0232173,-0.995321
197.86,-0.0942409,-0.025938,-0.995211
197.88,-0.0935806,-0.0269497,-0.995247
197.9,-0.0957901,-0.0207827,-0.995185
197.92,-0.0954179,-0.0204805,-0.995227
197.94,-0.0949555,-0.022391,-0.99523
197.96,-0.093798,-0.0227277,-0.995332
197.98,-0.0939063,-0.0225086,-0.995327
198,-0.0941352,-0.0242165,-0.995265
198.02,-0.0930642,-0.0262243,-0.995315
198.04,-0.0940704,-0.0259557,-0.995227
198.06,-0.0940023,-0.0258612,-0.995236
198.08,-0.0944309,-0.0238408,-0.995246
198.1,-0.090948,-0.0279521,-0.995463
198.12,-0.0941748,-0.0229798,-0.99529
198.14,-0.0948614,-0.0218657,-0.99525
198.16,-0.0959225,-0.0220521,-0.995145
198.18,-0.0944829,-0.0240896,-0.995235
198.2,-0.0933373,-0.0251608,-0.995317
198.22,-0.0928663,-0.0244645,-0.995378
198.24,-0.0930851,-0.0243671,-0.99536
198.26,-0.095006,-0.0217025,-0.99524
198.28,-0.0928819,-0.0248266,-0.995368
198.3,-0.0938977,-0.0236734,-0.9953
198.32,-0.0949688,-0.0220975,-0.995235
198.34,-0.0943121,-0.022576,-0.995287
198.36,-0.0947173,-0.0232064,-0.995234
198.38,-0.0937668,-0.0256363,-0.995264
198.4,-0.0946397,-0.0232506,-0.99524
198.42,-0.093907,-0.0232944,-0.995308
198.44,-0.0947658,-0.0219406,-0.995258
198.46,-0.0955704,-0.0213808,-0.995193
198.48,-0.0961539,-0.0220322,-0.995123
198.5,-0.0941998,-0.0250307,-0.995239
198.52,-0.0941767,-0.02623,-0.99521
198.54,-0.0939942,-0.0244364,-0.995273
198.56,-0.0949311,-0.0230114,-0.995218
198.58,-0.0931153,-0.0243244,-0.995358
198.6,-0.092928,-0.0248723,-0.995362
198.62,-0.0943771,-0.023115,-0.995268
198.64,-0.0950182,-0.0231497,-0.995206
198.66,-0.0949627,-0.0233522,-0.995207
198.68,-0.0956686,-0.0228469,-0.995151
198.7,-0.0949777,-0.0232503,-0.995208
198.72,-0.0972638,-0.0221351,-0.995012
198.74,-0.0944141,-0.0247604,-0.995225
198.76,-0.0929372,-0.0257998,-0.995338
198.78,-0.0939847,-0.0240719,-0.995283
198.8,-0.0926,-0.025971,-0.995365
198.82,-0.0930998,-0.0269622,-0.995292
198.84,-0.0932779,-0.027317,-0.995265
198.86,-0.0931977,-0.0248765,-0.995337
198.88,-0.0934645,-0.0246801,-0.995317
198.9,-0.0941775,-0.0224498,-0.995302
198.92,-0.0944884,-0.0210909,-0.995303
198.94,-0.0950631,-0.0202307,-0.995266
198.96,-0.0937928,-0.0214249,-0.995361
198.98,-0.0944958,-0.0212895,-0.995298
199,-0.0961677,-0.0217718,-0.995127
199.02,-0.0964709,-0.0214821,-0.995104
199.04,-0.0973164,-0.0210741,-0.99503
199.06,-0.0958444,-0.023017,-0.99513
199.08,-0.0962941,-0.0219339,-0.995111
199.1,-0.0961727,-0.0224188,-0.995112
199.12,-0.0956511,-0.0224245,-0.995162
199.14,-0.0957045,-0.0223438,-0.995159
199.16,-0.09491,-0.0233852,-0.995211
199.18,-0.0958137,-0.0221973,-0.995152
199.2,-0.0946307,-0.0236088,-0.995232
199.22,-0.0949828,-0.0238336,-0.995194
199.24,-0.0948113,-0.0248917,-0.995184
199.26,-0.0940603,-0.0248278,-0.995257
199.28,-0.0940897,-0.0257785,-0.99523
199.3,-0.0935712,-0.0245533,-0.99531
199.32,-0.0925643,-0.0252629,-0.995386
199.34,-0.0932102,-0.0249105,-0.995335
199.36,-0.0926759,-0.0254728,-0.99537
199.38,-0.0929077,-0.0254315,-0.99535
199.4,-0.0926117,-0.025153,-0.995385
199.42,-0.0923283,-0.0250825,-0.995413
199.44,-0.0926929,-0.0252989,-0.995373
199.46,-0.0923169,-0.0254986,-0.995403
199.48,-0.0940753,-0.0243268,-0.995268
199.5,-0.0940546,-0.0245015,-0.995265
199.52,-0.0938458,-0.0244945,-0.995285
199.54,-0.0942161,-0.0247696,-0.995244
199.56,-0.0943618,-0.024795,-0.995229
199.58,-0.0939108,-0.025336,-0.995258
199.6,-0.0943113,-0.0248037,-0.995234
199.62,-0.0939734,-0.0246233,-0.99527
199.64,-0.0943037,-0.0247805,-0.995235
199.66,-0.0937038,-0.0249689,-0.995287
199.68,-0.094433,-0.0245031,-0.99523
199.7,-0.0940758,-0.0245849,-0.995261
199.72,-0.0934494,-0.0250071,-0.99531
199.74,-0.0941121,-0.0249759,-0.995248
199.76,-0.0935364,-0.0247339,-0.995309
199.78,-0.0938729,-0.0250084,-0.99527
199.8,-0.0941684,-0.0242837,-0.99526
199.82,-0.0921316,-0.0239543,-0.995459
199.84,-0.0943242,-0.0251763,-0.995223
199.86,-0.0939693,-0.0235413,-0.995297
199.88,-0.0925642,-0.0250487,-0.995392
199.9,-0.0929082,-0.0248599,-0.995364
199.92,-0.0931917,-0.0250214,-0.995334
199.94,-0.0928882,-0.0243281,-0.995379
199.96,-0.0934237,-0.0246671,-0.995321
199.98,-0.0937811,-0.0243969,-0.995294
200,-0.0939019,-0.024464,-0.995281
200.02,-0.0942217,-0.0242486,-0.995256
200.04,-0.0944862,-0.0240626,-0.995235
200.06,-0.0948992,-0.0238643,-0.995201
200.08,-0.0947851,-0.0236334,-0.995217
200.1,-0.0944618,-0.0242115,-0.995234
200.12,-0.0952616,-0.0235882,-0.995173
200.14,-0.0953444,-0.0234609,-0.995168
200.16,-0.0948936,-0.0232872,-0.995215
200.18,-0.0947572,-0.0239659,-0.995212
200.2,-0.0958831,-0.023248,-0.995121
200.22,-0.0953455,-0.0238317,-0.995159
200.24,-0.0949476,-0.023982,-0.995193
200.26,-0.0952407,-0.0238153,-0.995169
200.28,-0.0948289,-0.0236135,-0.995213
200.3,-0.094211,-0.0245432,-0.99525
200.32,-0.0939379,-0.0239716,-0.995289
200.34,-0.0945628,-0.0240681,-0.995228
200.36,-0.0941324,-0.0246256,-0.995255
200.38,-0.0937351,-0.0252162,-0.995278
200.4,-0.0937608,-0.0245556,-0.995292
200.42,-0.0939335,-0.0248152,-0.995269
200.44,-0.0935819,-0.0254235,-0.995287
200.46,-0.093134,-0.0253531,-0.995331
200.48,-0.0932829,-0.0249951,-0.995326
200.5,-0.0927933,-0.0253219,-0.995363
200.52,-0.0925044,-0.0254859,-0.995386
200.54,-0.0932497,-0.0248892,-0.995332
200.56,-0.0938218,-0.0249542,-0.995276
200.58,-0.0944403,-0.0253388,-0.995208
200.6,-0.0941311,-0.0245506,-0.995257
200.62,-0.0948046,-0.0258431,-0.99516
200.64,-0.0935137,-0.0258195,-0.995283
200.66,-0.0930324,-0.025298,-0.995342
200.68,-0.0934538,-0.0261344,-0.995281
200.7,-0.0939356,-0.0253681,-0.995255
200.72,-0.0934951,-0.0253847,-0.995296
200.74,-0.0941774,-0.0257476,-0.995222
200.76,-0.0936281,-0.026637,-0.995251
200.78,-0.0936758,-0.0246997,-0.995296
200.8,-0.0940323,-0.0254627,-0.995243
200.82,-0.0943826,-0.0245722,-0.995233
200.84,-0.0934989,-0.0246018,-0.995315
200.86,-0.0926227,-0.025421,-0.995377
200.88,-0.093948,-0.0252583,-0.995257
200.9,-0.0928774,-0.0253039,-0.995356
200.92,-0.0906693,-0.0280727,-0.995485
200.94,-0.0918796,-0.0265254,-0.995417
200.96,-0.0919281,-0.0275017,-0.995386
200.98,-0.0938417,-0.0251693,-0.995269
201,-0.0925484,-0.0270602,-0.99534
201.02,-0.0952819,-0.02019,-0.995246
201.04,-0.0950562,-0.0212662,-0.995245
201.06,-0.0953095,-0.0205642,-0.995235
201.08,-0.0950436,-0.021085,-0.99525
201.1,-0.0926052,-0.0279576,-0.99531
201.12,-0.0956794,-0.0202558,-0.995206
201.14,-0.095723,-0.0198795,-0.995209
201.16,-0.0955983,-0.0224082,-0.995168
201.18,-0.0957462,-0.0213313,-0.995177
201.2,-0.0957497,-0.0217459,-0.995168
201.22,-0.0953971,-0.0214624,-0.995208
201.24,-0.0956472,-0.0209317,-0.995195
201.26,-0.0957625,-0.0200821,-0.995202
201.28,-0.0956986,-0.0203917,-0.995201
201.3,-0.0957386,-0.0204482,-0.995196
201.32,-0.0947189,-0.0207724,-0.995287
201.34,-0.0948541,-0.021213,-0.995265
201.36,-0.0944746,-0.0213307,-0.995299
201.38,-0.0949413,-0.0201585,-0.995279
201.4,-0.0947724,-0.0203132,-0.995292
201.42,-0.0945189,-0.0213627,-0.995294
201.44,-0.0939223,-0.0215576,-0.995346
201.46,-0.0950997,-0.0211428,-0.995243
201.48,-0.093783,-0.0216504,-0.995357
201.5,-0.0937775,-0.0221314,-0.995347
201.52,-0.0942332,-0.0225848,-0.995294
201.54,-0.0931832,-0.0218372,-0.995409
201.56,-0.093315,-0.0219076,-0.995396
201.58,-0.0942257,-0.0221405,-0.995305
201.6,-0.0945271,-0.021065,-0.995299
201.62,-0.09527,-0.0216773,-0.995215
201.64,-0.0945937,-0.0219749,-0.995273
201.66,-0.0950528,-0.0212636,-0.995245
201.68,-0.0945067,-0.0218202,-0.995285
201.7,-0.0944889,-0.0203226,-0.995318
201.72,-0.094751,-0.0212835,-0.995273
201.74,-0.0947516,-0.0219616,-0.995259
201.76,-0.0943516,-0.0219239,-0.995298
201.78,-0.0954302,-0.0207984,-0.995219
201.8,-0.094695,-0.0219086,-0.995265
201.82,-0.0950533,-0.0212899,-0.995244
201.84,-0.0952113,-0.0208438,-0.995239
201.86,-0.0945841,-0.0208616,-0.995298
201.88,-0.0946403,-0.0205102,-0.9953
201.9,-0.0935392,-0.0222794,-0.995366
201.92,-0.0939632,-0.0221692,-0.995329
201.94,-0.0944051,-0.0218608,-0.995294
201.96,-0.0938949,-0.0218832,-0.995342
201.98,-0.0945144,-0.021166,-0.995298
202,-0.094999,-0.0215955,-0.995243
202.02,-0.0952501,-0.0224917,-0.995199
202.04,-0.0954605,-0.0214571,-0.995202
202.06,-0.0951316,-0.0211795,-0.995239
202.08,-0.0960129,-0.0208813,-0.995161
202.1,-0.0952917,-0.0217014,-0.995213
202.12,-0.095364,-0.0215882,-0.995208
202.14,-0.0952436,-0.0212431,-0.995227
202.16,-0.0956232,-0.0212463,-0.995191
202.18,-0.0953456,-0.0213076,-0.995216
202.2,-0.0957953,-0.0204853,-0.99519
202.22,-0.0960418,-0.0209805,-0.995156
202.24,-0.0958932,-0.0213667,-0.995162
202.26,-0.0949611,-0.0219644,-0.995239
202.28,-0.0950571,-0.0208511,-0.995253
202.3,-0.0953231,-0.0212864,-0.995219
202.32,-0.0951928,-0.0213302,-0.99523
202.34,-0.0953521,-0.0207422,-0.995227
202.36,-0.094905,-0.0217264,-0.995249
202.38,-0.0946097,-0.0219165,-0.995273
202.4,-0.094973,-0.021822,-0.995241
202.42,-0.0950187,-0.0216005,-0.995241
202.44,-0.0940827,-0.0221896,-0.995317
202.46,-0.0948098,-0.0209923,-0.995274
202.48,-0.09473,-0.0222018,-0.995255
202.5,-0.0946097,-0.0221625,-0.995268
202.52,-0.0941354,-0.0220073,-0.995316
202.54,-0.0941473,-0.0219115,-0.995317
202.56,-0.0937945,-0.0221062,-0.995346
202.58,-0.094013,-0.021917,-0.99533
202.6,-0.0930901,-0.0225961,-0.995401
202.62,-0.0952042,-0.0216076,-0.995223
202.64,-0.0958717,-0.0220227,-0.99515
202.66,-0.0950466,-0.0221895,-0.995225
202.68,-0.0952198,-0.0212775,-0.995229
202.7,-0.0949293,-0.021119,-0.99526
202.72,-0.0948161,-0.0218131,-0.995256
202.74,-0.0944107,-0.0225224,-0.995279
202.76,-0.0949246,-0.0226955,-0.995226
202.78,-0.0953181,-0.0212697,-0.99522
202.8,-0.0944243,-0.0219869,-0.995289
202.82,-0.0948579,-0.0227448,-0.995231
202.84,-0.0942734,-0.0223982,-0.995294
202.86,-0.0941449,-0.0223364,-0.995308
202.88,-0.0949774,-0.0220035,-0.995236
202.9,-0.0945363,-0.0223385,-0.995271
202.92,-0.0932702,-0.0229239,-0.995377
202.94,-0.0935972,-0.0221884,-0.995363
202.96,-0.0936636,-0.0222897,-0.995354
202.98,-0.0936508,-0.022502,-0.995351
203,-0.0941234,-0.0231098,-0.995292
203.02,-0.0941295,-0.022597,-0.995303
203.04,-0.0944189,-0.0222939,-0.995283
203.06,-0.0945775,-0.0226476,-0.99526
203.08,-0.0947514,-0.0216023,-0.995267
203.1,-0.0944802,-0.0222318,-0.995278
203.12,-0.0949953,-0.021516,-0.995245
203.14,-0.094378,-0.0220686,-0.995292
203.16,-0.0953646,-0.0211896,-0.995217
203.18,-0.0945088,-0.022023,-0.99528
203.2,-0.0949294,-0.0217039,-0.995247
203.22,-0.0948236,-0.0220981,-0.995249
203.24,-0.0947657,-0.0214934,-0.995268
203.26,-0.0951182,-0.0219303,-0.995224
203.28,-0.0949138,-0.0217359,-0.995248
203.3,-0.0944966,-0.022221,-0.995277
203.32,-0.0949252,-0.0218173,-0.995245
203.34,-0.0948776,-0.0215075,-0.995257
203.36,-0.0945449,-0.021905,-0.99528
203.38,-0.0946056,-0.0223799,-0.995263
203.4,-0.0950262,-0.0219534,-0.995233
203.42,-0.0944175,-0.0221913,-0.995285
203.44,-0.0946773,-0.0218204,-0.995269
203.46,-0.0945471,-0.0218278,-0.995281
203.48,-0.094141,-0.02224,-0.99531
203.5,-0.0945595,-0.0218271,-0.99528
203.52,-0.0939889,-0.0224541,-0.99532
203.54,-0.0940825,-0.0224024,-0.995312
203.56,-0.0937456,-0.0223467,-0.995345
203.58,-0.0939564,-0.0221431,-0.99533
203.6,-0.0935543,-0.0227602,-0.995354
203.62,-0.0933255,-0.0227653,-0.995375
203.64,-0.0931872,-0.0227384,-0.995389
203.66,-0.0934032,-0.0230549,-0.995361
203.68,-0.0951204,-0.0217735,-0.995228
203.7,-0.0943977,-0.0224198,-0.995282
203.72,-0.0943509,-0.0228109,-0.995278
203.74,-0.0955203,-0.0224292,-0.995175
203.76,-0.0940239,-0.0227193,-0.995311
203.78,-0.0944907,-0.0220961,-0.995281
203.8,-0.094416,-0.0226187,-0.995276
203.82,-0.0928938,-0.0229913,-0.995411
203.84,-0.0940556,-0.0228715,-0.995304
203.86,-0.0934969,-0.0234245,-0.995344
203.88,-0.0943876,-0.0223425,-0.995285
203.9,-0.0929812,-0.023082,-0.9954
203.92,-0.0933076,-0.0229694,-0.995372
203.94,-0.0934703,-0.0227258,-0.995363
203.96,-0.0933175,-0.0228268,-0.995375
203.98,-0.0933448,-0.0230083,-0.995368
204,-0.0937512,-0.022814,-0.995334
204.02,-0.0937528,-0.022885,-0.995332
204.04,-0.0940694,-0.0225936,-0.995309
204.06,-0.0944275,-0.0221132,-0.995286
204.08,-0.0943015,-0.022333,-0.995293
204.1,-0.0936203,-0.0238037,-0.995323
204.12,-0.0939143,-0.0227334,-0.995321
204.14,-0.0945894,-0.0222513,-0.995268
204.16,-0.0948151,-0.0224438,-0.995242
204.18,-0.0936307,-0.0233787,-0.995332
204.2,-0.0942712,-0.0224816,-0.995293
204.22,-0.0940026,-0.0225665,-0.995316
204.24,-0.0943174,-0.0220952,-0.995297
204.26,-0.094376,-0.0220633,-0.995292
204.28,-0.094544,-0.0221605,-0.995274
204.3,-0.094786,-0.0219072,-0.995257
204.32,-0.0947008,-0.0222205,-0.995258
204.34,-0.0943615,-0.0219321,-0.995296
204.36,-0.0945461,-0.0225404,-0.995265
204.38,-0.0946893,-0.0222812,-0.995257
204.4,-0.0942913,-0.0222606,-0.995296
204.42,-0.0943451,-0.0223624,-0.995288
204.44,-0.0942992,-0.0228049,-0.995283
204.46,-0.0941291,-0.0225404,-0.995305
204.48,-0.0937439,-0.0224039,-0.995344
204.5,-0.0940253,-0.0225718,-0.995314
204.52,-0.0938789,-0.0224884,-0.99533
204.54,-0.0944571,-0.023155,-0.99526
204.56,-0.0935599,-0.0232377,-0.995342
204.58,-0.0936195,-0.0226821,-0.99535
204.6,-0.0939583,-0.0224419,-0.995323
204.62,-0.0932415,-0.0228162,-0.995382
204.64,-0.0929415,-0.0228389,-0.99541
204.66,-0.0937072,-0.0224189,-0.995347
204.68,-0.0932495,-0.022372,-0.995391
204.7,-0.0925116,-0.0231708,-0.995442
204.72,-0.0929354,-0.0231715,-0.995402
204.74,-0.0929775,-0.023306,-0.995395
204.76,-0.0931056,-0.0231308,-0.995388
204.78,-0.0928739,-0.0231319,-0.995409
204.8,-0.093556,-0.0225732,-0.995358
204.82,-0.0936607,-0.0227008,-0.995345
204.84,-0.0935318,-0.0227446,-0.995356
204.86,-0.0926646,-0.0229729,-0.995432
204.88,-0.0927251,-0.0226217,-0.995435
204.9,-0.0929224,-0.0234009,-0.995398
204.92,-0.0929702,-0.022721,-0.99541
204.94,-0.0933172,-0.022132,-0.99539
204.96,-0.0931633,-0.0224949,-0.995397
204.98,-0.093253,-0.0237627,-0.995359
205,-0.0930688,-0.0230345,-0.995393
205.02,-0.0930527,-0.0229802,-0.995396
205.04,-0.0928841,-0.0236207,-0.995397
205.06,-0.0933426,-0.0227946,-0.995373
205.08,-0.0937186,-0.0223458,-0.995348
205.1,-0.0943495,-0.0215649,-0.995306
205.12,-0.0938992,-0.023174,-0.995312
205.14,-0.0948633,-0.0214913,-0.995258
205.16,-0.09439,-0.0220706,-0.995291
205.18,-0.0935545,-0.0232642,-0.995342
205.2,-0.0938724,-0.0224338,-0.995331
205.22,-0.0942286,-0.0227858,-0.99529
205.24,-0.0939264,-0.0228051,-0.995318
205.26,-0.0941127,-0.0221945,-0.995314
205.28,-0.0944575,-0.0224274,-0.995276
205.3,-0.094664,-0.0217912,-0.995271
205.32,-0.0944993,-0.0214542,-0.995294
205.34,-0.0935746,-0.0229604,-0.995347
205.36,-0.0940789,-0.021642,-0.995329
205.38,-0.0948003,-0.0221086,-0.995251
205.4,-0.0943504,-0.0226126,-0.995282
205.42,-0.0938133,-0.0223938,-0.995338
205.44,-0.0949905,-0.0211243,-0.995254
205.46,-0.0941744,-0.0217371,-0.995318
205.48,-0.0937749,-0.0224699,-0.99534
205.5,-0.094135,-0.0230411,-0.995293
205.52,-0.0938891,-0.0225233,-0.995328
205.54,-0.0941356,-0.0219048,-0.995318
205.56,-0.0943196,-0.0220396,-0.995298
205.58,-0.0938535,-0.0221757,-0.995339
205.6,-0.0939476,-0.022782,-0.995316
205.62,-0.0934783,-0.0225363,-0.995366
205.64,-0.0935343,-0.0221914,-0.995369
205.66,-0.0932024,-0.0223012,-0.995397
205.68,-0.0935745,-0.0218733,-0.995372
205.7,-0.0931637,-0.0228591,-0.995388
205.72,-0.093107,-0.0225079,-0.995402
205.74,-0.0931873,-0.0224264,-0.995396
205.76,-0.0934215,-0.0231273,-0.995358
205.78,-0.0939254,-0.0224832,-0.995325
205.8,-0.0933111,-0.0225697,-0.995381
205.82,-0.0934426,-0.0219821,-0.995382
205.84,-0.0929835,-0.0230005,-0.995402
205.86,-0.0938577,-0.0222765,-0.995336
205.88,-0.0935739,-0.0219899,-0.995369
205.9,-0.0929736,-0.0230388,-0.995402
205.92,-0.0934978,-0.0234503,-0.995343
205.94,-0.0935675,-0.0227729,-0.995352
205.96,-0.0935495,-0.0226911,-0.995356
205.98,-0.0935511,-0.0229494,-0.99535
206,-0.0932284,-0.0237178,-0.995362
206.02,-0.0931266,-0.0228018,-0.995393
206.04,-0.0928904,-0.0229487,-0.995412
206.06,-0.0934981,-0.0219866,-0.995377
206.08,-0.0940398,-0.0225303,-0.995313
206.1,-0.0935909,-0.022859,-0.995348
206.12,-0.0935581,-0.0227318,-0.995354
206.14,-0.0939031,-0.0220777,-0.995337
206.16,-0.0940022,-0.0219232,-0.995331
206.18,-0.0945248,-0.0220954,-0.995277
206.2,-0.0937806,-0.0218972,-0.995352
206.22,-0.0939347,-0.0220911,-0.995333
206.24,-0.0934396,-0.0232159,-0.995354
206.26,-0.0940459,-0.0217935,-0.995329
206.28,-0.0941165,-0.0215798,-0.995327
206.3,-0.0944285,-0.0222769,-0.995282
206.32,-0.0937998,-0.0235842,-0.995312
206.34,-0.0945577,-0.0213382,-0.995291
206.36,-0.0945448,-0.0228415,-0.995259
206.38,-0.0936695,-0.0220785,-0.995359
206.4,-0.0942661,-0.0223322,-0.995297
206.42,-0.0937855,-0.022667,-0.995334
206.44,-0.0944508,-0.0230483,-0.995263
206.46,-0.0943991,-0.0219284,-0.995293
206.48,-0.0933949,-0.0230317,-0.995363
206.5,-0.0943283,-0.0219963,-0.995298
206.52,-0.0939601,-0.0222398,-0.995328
206.54,-0.0940761,-0.0225823,-0.995309
206.56,-0.0940281,-0.022653,-0.995312
206.58,-0.093423,-0.0234071,-0.995351
206.6,-0.0939858,-0.0225585,-0.995318
206.62,-0.0940073,-0.0219849,-0.995329
206.64,-0.0943072,-0.0226949,-0.995284
206.66,-0.0936365,-0.0229163,-0.995343
206.68,-0.0938314,-0.0223403,-0.995337
206.7,-0.0929122,-0.022064,-0.99543
206.72,-0.0937846,-0.0224205,-0.99534
206.74,-0.093163,-0.0226578,-0.995393
206.76,-0.0932282,-0.0224539,-0.995392
206.78,-0.0937209,-0.0226159,-0.995342
206.8,-0.0924216,-0.0233503,-0.995446
206.82,-0.0938196,-0.0217563,-0.995351
206.84,-0.0936335,-0.0214836,-0.995375
206.86,-0.0935891,-0.0228799,-0.995348
206.88,-0.0938441,-0.0222557,-0.995338
206.9,-0.0925455,-0.0226578,-0.995451
206.92,-0.0928751,-0.0229522,-0.995413
206.94,-0.0940506,-0.0216599,-0.995332
206.96,-0.0930731,-0.0232249,-0.995388
206.98,-0.0937841,-0.0222603,-0.995344
207,-0.0933157,-0.0229762,-0.995371
207.02,-0.0941775,-0.0216773,-0.995319
207.04,-0.0930356,-0.0224225,-0.99541
207.06,-0.0935728,-0.0227853,-0.995352
207.08,-0.0937587,-0.0224533,-0.995342
207.1,-0.0933879,-0.022654,-0.995372
207.12,-0.0942701,-0.0226444,-0.995289
207.14,-0.0938712,-0.0225453,-0.995329
207.16,-0.0927845,-0.0238926,-0.9954
207.18,-0.0927928,-0.0228927,-0.995422
207.2,-0.0943857,-0.0219796,-0.995293
207.22,-0.0932975,-0.0225446,-0.995383
207.24,-0.0932206,-0.0226296,-0.995388
207.26,-0.0941335,-0.0221251,-0.995314
207.28,-0.0943726,-0.0221085,-0.995291
207.3,-0.0945518,-0.0215664,-0.995286
207.32,-0.0931238,-0.0229495,-0.99539
207.34,-0.094393,-0.0217783,-0.995297
207.36,-0.0936677,-0.0234895,-0.995326
207.38,-0.0933463,-0.0228246,-0.995372
207.4,-0.093539,-0.0226052,-0.995359
207.42,-0.094594,-0.0216568,-0.99528
207.44,-0.0937039,-0.022406,-0.995348
207.46,-0.0936926,-0.0224566,-0.995348
207.48,-0.0926907,-0.0226549,-0.995437
207.5,-0.0942108,-0.0221202,-0.995306
207.52,-0.0932621,-0.0230355,-0.995375
207.54,-0.0941839,-0.0222546,-0.995306
207.56,-0.093368,-0.0228193,-0.99537
207.58,-0.09407,-0.0224685,-0.995312
207.6,-0.0941268,-0.0216462,-0.995325
207.62,-0.0938483,-0.022475,-0.995333
207.64,-0.0941425,-0.0224196,-0.995306
207.66,-0.093589,-0.022791,-0.99535
207.68,-0.0933395,-0.0218964,-0.995394
207.7,-0.0929207,-0.0229657,-0.995409
207.72,-0.0934433,-0.0225811,-0.995368
207.74,-0.0931955,-0.0218725,-0.995408
207.76,-0.0932642,-0.0220054,-0.995398
207.78,-0.0939598,-0.0220871,-0.995331
207.8,-0.0935879,-0.0222024,-0.995363
207.82,-0.0929667,-0.0228981,-0.995406
207.84,-0.092187,-0.0237713,-0.995458
207.86,-0.0930636,-0.0228363,-0.995398
207.88,-0.0932242,-0.022485,-0.995391
207.9,-0.0926494,-0.0229743,-0.995434
207.92,-0.0928457,-0.0229405,-0.995416
207.94,-0.0929661,-0.0229667,-0.995404
207.96,-0.0934947,-0.0226568,-0.995362
207.98,-0.0927116,-0.0225762,-0.995437
208,-0.0934297,-0.02221,-0.995378
208.02,-0.0934177,-0.0220903,-0.995382
208.04,-0.0921395,-0.0232797,-0.995474
208.06,-0.0926309,-0.0227552,-0.99544
208.08,-0.0933164,-0.0226598,-0.995379
208.1,-0.093129,-0.0225545,-0.995399
208.12,-0.0940082,-0.0223075,-0.995321
208.14,-0.0931428,-0.0221923,-0.995405
208.16,-0.0933009,-0.0225878,-0.995382
208.18,-0.0930108,-0.023016,-0.995399
208.2,-0.0929626,-0.0236101,-0.99539
208.22,-0.0928116,-0.0228046,-0.995423
208.24,-0.0941312,-0.0220815,-0.995315
208.26,-0.0938148,-0.0212755,-0.995362
208.28,-0.0932215,-0.0223567,-0.995394
208.3,-0.0935619,-0.0226539,-0.995356
208.32,-0.0928963,-0.0231005,-0.995408
208.34,-0.0938871,-0.0220726,-0.995338
208.36,-0.0931836,-0.0228387,-0.995387
208.38,-0.0943344,-0.0217708,-0.995302
208.4,-0.0928816,-0.0234093,-0.995402
208.42,-0.0936841,-0.0223175,-0.995352
208.44,-0.0932106,-0.023023,-0.99538
208.46,-0.0926603,-0.0239285,-0.99541
208.48,-0.0943815,-0.0220485,-0.995292
208.5,-0.0938033,-0.0218963,-0.99535
208.52,-0.093839,-0.0219097,-0.995346
208.54,-0.0935086,-0.0225866,-0.995362
208.56,-0.0935906,-0.0226819,-0.995352
208.58,-0.093689,-0.0226438,-0.995344
208.6,-0.0937064,-0.0226122,-0.995343
208.62,-0.0936416,-0.0223413,-0.995355
208.64,-0.0920473,-0.0239822,-0.995466
208.66,-0.0935349,-0.0221615,-0.995369
208.68,-0.0932916,-0.0224947,-0.995385
208.7,-0.0942397,-0.0216043,-0.995315
208.72,-0.0928419,-0.0230149,-0.995415
208.74,-0.0925727,-0.0230914,-0.995438
208.76,-0.0930039,-0.0226594,-0.995408
208.78,-0.093151,-0.022368,-0.995401
208.8,-0.0920686,-0.023483,-0.995476
208.82,-0.093068,-0.0226085,-0.995403
208.84,-0.09287,-0.0230804,-0.995411
208.86,-0.0931722,-0.0222495,-0.995401
208.88,-0.0929374,-0.0223593,-0.995421
208.9,-0.0926396,-0.0232651,-0.995428
208.92,-0.0934237,-0.0221369,-0.99538
208.94,-0.0933843,-0.0220392,-0.995386
208.96,-0.0929763,-0.0231791,-0.995398
208.98,-0.0928595,-0.0227208,-0.99542
209,-0.0937476,-0.0227511,-0.995336
209.02,-0.0918478,-0.0244366,-0.995473
209.04,-0.0928524,-0.0238043,-0.995395
209.06,-0.093969,-0.0219234,-0.995334
209.08,-0.0933212,-0.0223988,-0.995384
209.1,-0.0928194,-0.022423,-0.99543
209.12,-0.0922292,-0.0235255,-0.99546
209.14,-0.0928583,-0.0227834,-0.995419
209.16,-0.0933938,-0.0218732,-0.995389
209.18,-0.093791,-0.0222046,-0.995344
209.2,-0.0930388,-0.0232361,-0.995391
209.22,-0.0930749,-0.0224495,-0.995406
209.24,-0.0926573,-0.023255,-0.995426
209.26,-0.0929781,-0.0232603,-0.995396
209.28,-0.0934293,-0.0226216,-0.995369
209.3,-0.0935746,-0.0228776,-0.995349
209.32,-0.0939405,-0.0222757,-0.995329
209.34,-0.0936961,-0.0215741,-0.995367
209.36,-0.0926095,-0.0234194,-0.995427
209.38,-0.0916731,-0.0241853,-0.995495
209.4,-0.0939669,-0.0222006,-0.995328
209.42,-0.0939209,-0.0219323,-0.995338
209.44,-0.0925379,-0.0237785,-0.995425
209.46,-0.0930363,-0.0219393,-0.995421
209.48,-0.0938317,-0.0216753,-0.995352
209.5,-0.0943226,-0.021528,-0.995309
209.52,-0.0938073,-0.0226824,-0.995332
209.54,-0.0931731,-0.0227663,-0.99539
209.56,-0.0924045,-0.0238506,-0.995436
209.58,-0.0932215,-0.0219014,-0.995404
209.6,-0.093493,-0.0223218,-0.99537
209.62,-0.0944722,-0.0219674,-0.995285
209.64,-0.0935545,-0.0224573,-0.995361
209.66,-0.0928693,-0.0230356,-0.995412
209.68,-0.0937624,-0.0219116,-0.995353
209.7,-0.0930366,-0.0221593,-0.995416
209.72,-0.0937845,-0.0219534,-0.99535
209.74,-0.0928289,-0.0228792,-0.995419
209.76,-0.0933111,-0.0218325,-0.995398
209.78,-0.0933431,-0.0222137,-0.995386
209.8,-0.0931728,-0.0223231,-0.9954
209.82,-0.0940116,-0.0211928,-0.995346
209.84,-0.0932075,-0.0222839,-0.995397
209.86,-0.0928311,-0.0226156,-0.995425
209.88,-0.0933853,-0.022058,-0.995386
209.9,-0.0935299,-0.0223611,-0.995365
209.92,-0.0928933,-0.0227991,-0.995415
209.94,-0.0932825,-0.0230942,-0.995372
209.96,-0.092795,-0.022532,-0.99543
209.98,-0.0931798,-0.0229676,-0.995384
210,-0.0931455,-0.0232084,-0.995382
210.02,-0.0933099,-0.0220393,-0.995393
210.04,-0.0934944,-0.0214005,-0.99539
210.06,-0.0931844,-0.0222965,-0.995399
210.08,-0.0932754,-0.02139,-0.995411
210.1,-0.0934099,-0.0219653,-0.995385
210.12,-0.0929809,-0.0228117,-0.995407
210.14,-0.0936202,-0.0215426,-0.995375
210.16,-0.0924493,-0.0232645,-0.995446
210.18,-0.0932659,-0.0223201,-0.995391
210.2,-0.0916246,-0.0248593,-0.995483
210.22,-0.0943722,-0.0214364,-0.995306
210.24,-0.0931654,-0.0222549,-0.995402
210.26,-0.0943839,-0.0220437,-0.995292
210.28,-0.0929684,-0.0223074,-0.995419
210.3,-0.0928675,-0.0226104,-0.995422
210.32,-0.0922079,-0.0234499,-0.995464
210.34,-0.093087,-0.023027,-0.995392
210.36,-0.092954,-0.0230242,-0.995404
210.38,-0.0938278,-0.0226961,-0.99533
210.4,-0.0931332,-0.022328,-0.995403
210.42,-0.092808,-0.0235899,-0.995405
210.44,-0.0936748,-0.0222168,-0.995355
210.46,-0.0931077,-0.022667,-0.995398
210.48,-0.0930825,-0.0226448,-0.995401
210.5,-0.0934226,-0.022418,-0.995374
210.52,-0.0936887,-0.0237214,-0.995319
210.54,-0.0931707,-0.0226088,-0.995393
210.56,-0.0925564,-0.0230393,-0.995441
210.58,-0.0927465,-0.0229509,-0.995425
210.6,-0.0928898,-0.0225817,-0.99542
210.62,-0.0939267,-0.022,-0.995336
210.64,-0.0930437,-0.0227839,-0.995401
210.66,-0.0930446,-0.0223984,-0.99541
210.68,-0.0931489,-0.023312,-0.995379
210.7,-0.0934669,-0.0225069,-0.995368
210.72,-0.0940788,-0.021548,-0.995332
210.74,-0.0928112,-0.0226283,-0.995427
210.76,-0.0918169,-0.0241783,-0.995482
210.78,-0.093759,-0.021985,-0.995352
210.8,-0.0928338,-0.0222591,-0.995433
210.82,-0.0925289,-0.0225533,-0.995455
210.84,-0.0929794,-0.0233952,-0.995393
210.86,-0.0927382,-0.0221387,-0.995444
210.88,-0.0930908,-0.0227277,-0.995398
210.9,-0.0933212,-0.0223242,-0.995386
210.92,-0.0922742,-0.0229788,-0.995468
210.94,-0.0925356,-0.0233352,-0.995436
210.96,-0.0929945,-0.0226623,-0.995409
210.98,-0.0921435,-0.0234078,-0.995471
211,-0.0924979,-0.0230116,-0.995447
211.02,-0.0932569,-0.0218385,-0.995403
211.04,-0.0934433,-0.0228081,-0.995363
211.06,-0.0931373,-0.0231399,-0.995384
211.08,-0.0924096,-0.0236304,-0.995441
211.1,-0.0932913,-0.0227499,-0.995379
211.12,-0.092422,-0.023181,-0.99545
211.14,-0.0922031,-0.0234468,-0.995464
211.16,-0.0929577,-0.0228218,-0.995408
211.18,-0.0929567,-0.0224702,-0.995417
211.2,-0.0928174,-0.0232547,-0.995412
211.22,-0.0924587,-0.0233479,-0.995443
211.24,-0.0932086,-0.0229242,-0.995383
211.26,-0.0928949,-0.0232383,-0.995405
211.28,-0.0935039,-0.0228769,-0.995356
211.3,-0.0926335,-0.0228799,-0.995437
211.32,-0.0924096,-0.0234968,-0.995444
211.34,-0.0939618,-0.0216522,-0.99534
211.36,-0.092671,-0.0229108,-0.995433
211.38,-0.0931223,-0.0224114,-0.995402
211.4,-0.0937617,-0.0223743,-0.995343
211.42,-0.0937118,-0.0223779,-0.995348
211.44,-0.0928052,-0.0233092,-0.995411
211.46,-0.0933855,-0.0224144,-0.995378
211.48,-0.0938038,-0.0219594,-0.995349
211.5,-0.0937631,-0.021814,-0.995356
211.52,-0.0934032,-0.0219982,-0.995385
211.54,-0.0921634,-0.0236125,-0.995464
211.56,-0.092746,-0.0238346,-0.995404
211.58,-0.093411,-0.0217,-0.995391
211.6,-0.092587,-0.0235072,-0.995427
211.62,-0.0939659,-0.0214734,-0.995344
211.64,-0.09326,-0.0225825,-0.995386
211.66,-0.0928339,-0.0227701,-0.995421
211.68,-0.0928278,-0.0223263,-0.995432
211.7,-0.0925778,-0.0238863,-0.995419
211.72,-0.0931221,-0.0228685,-0.995392
211.74,-0.0920886,-0.0242273,-0.995456
211.76,-0.0935359,-0.0221446,-0.99537
211.78,-0.0933527,-0.0223265,-0.995383
211.8,-0.0925521,-0.0229572,-0.995443
211.82,-0.0922404,-0.0234512,-0.995461
211.84,-0.0931407,-0.0225921,-0.995397
211.86,-0.0928091,-0.0224917,-0.99543
211.88,-0.0923019,-0.0236496,-0.99545
211.9,-0.0918277,-0.024135,-0.995482
211.92,-0.0934656,-0.0222684,-0.995373
211.94,-0.0921081,-0.0248002,-0.99544
211.96,-0.0924696,-0.0229054,-0.995452
211.98,-0.0930631,-0.0225079,-0.995406
212,-0.0926323,-0.0229813,-0.995435
212.02,-0.0918299,-0.0241809,-0.995481
212.04,-0.0923194,-0.0234834,-0.995452
212.06,-0.0939799,-0.0216001,-0.99534
212.08,-0.0924825,-0.023259,-0.995443
212.1,-0.0930136,-0.0225592,-0.995409
212.12,-0.0939405,-0.0217678,-0.99534
212.14,-0.0931685,-0.0227539,-0.99539
212.16,-0.0915844,-0.0243737,-0.995499
212.18,-0.0924815,-0.0227854,-0.995454
212.2,-0.0931205,-0.0232496,-0.995383
212.22,-0.091764,-0.0240939,-0.995489
212.24,-0.0938469,-0.0222528,-0.995338
212.26,-0.0925536,-0.0233498,-0.995434
212.28,-0.0932011,-0.0224222,-0.995395
212.3,-0.093707,-0.022628,-0.995343
212.32,-0.0930702,-0.02294,-0.995395
212.34,-0.0925604,-0.024052,-0.995417
212.36,-0.0917424,-0.0243948,-0.995484
212.38,-0.0927638,-0.0227763,-0.995428
212.4,-0.092238,-0.0241739,-0.995444
212.42,-0.0934847,-0.0219374,-0.995379
212.44,-0.0923139,-0.0241193,-0.995438
212.46,-0.0930313,-0.0221349,-0.995417
212.48,-0.0922641,-0.0242871,-0.995438
212.5,-0.0927854,-0.0226686,-0.995428
212.52,-0.0936385,-0.0220076,-0.995363
212.54,-0.0931115,-0.0218601,-0.995416
212.56,-0.0931751,-0.0233876,-0.995375
212.58,-0.0922403,-0.0234467,-0.995461
212.6,-0.0936702,-0.0217838,-0.995365
212.62,-0.0920619,-0.0236209,-0.995473
212.64,-0.0936347,-0.0218976,-0.995366
212.66,-0.0930481,-0.0231313,-0.995393
212.68,-0.0940772,-0.021524,-0.995332
212.7,-0.0928306,-0.0224304,-0.995429
212.72,-0.092814,-0.0226672,-0.995425
212.74,-0.0929958,-0.0224319,-0.995414
212.76,-0.092394,-0.02346,-0.995446
212.78,-0.0934034,-0.0228846,-0.995365
212.8,-0.0935889,-0.0224678,-0.995357
212.82,-0.0931719,-0.0218023,-0.995411
212.84,-0.0925689,-0.0235389,-0.995428
212.86,-0.092593,-0.0227179,-0.995445
212.88,-0.0919176,-0.0235157,-0.995489
212.9,-0.09383,-0.0218657,-0.995348
212.92,-0.0925857,-0.0228215,-0.995443
212.94,-0.0924592,-0.023959,-0.995428
212.96,-0.0924369,-0.0231033,-0.99545
212.98,-0.0914483,-0.0253062,-0.995488
213,-0.0932105,-0.0226724,-0.995388
213.02,-0.0927967,-0.0227856,-0.995424
213.04,-0.0932518,-0.0224009,-0.995391
213.06,-0.0924968,-0.0240654,-0.995422
213.08,-0.0919837,-0.0238223,-0.995476
213.1,-0.0920742,-0.0244632,-0.995452
213.12,-0.0939679,-0.0218178,-0.995336
213.14,-0.0930708,-0.0225214,-0.995405
213.16,-0.0932863,-0.0222626,-0.99539
213.18,-0.0930487,-0.0227206,-0.995402
213.2,-0.0918221,-0.0242752,-0.995479
213.22,-0.093002,-0.0224891,-0.995412
213.24,-0.0918883,-0.0242165,-0.995475
213.26,-0.0924357,-0.0238001,-0.995434
213.28,-0.0925219,-0.0236708,-0.995429
213.3,-0.0923358,-0.0234398,-0.995452
213.32,-0.0915594,-0.0251921,-0.995481
213.34,-0.0925417,-0.0241568,-0.995416
213.36,-0.0926327,-0.0234508,-0.995424
213.38,-0.0927152,-0.0233989,-0.995418
213.4,-0.0916275,-0.0243677,-0.995495
213.42,-0.091684,-0.0241801,-0.995495
213.44,-0.0927237,-0.0231104,-0.995424
213.46,-0.0924814,-0.0229003,-0.995451
213.48,-0.0925783,-0.0235153,-0.995428
213.5,-0.0933424,-0.0227133,-0.995375
213.52,-0.0924069,-0.0234586,-0.995445
213.54,-0.0930143,-0.0229257,-0.995401
213.56,-0.092518,-0.0235539,-0.995432
213.58,-0.0929529,-0.0235512,-0.995392
213.6,-0.09319,-0.0222611,-0.995399
213.62,-0.0923791,-0.0235606,-0.995445
213.64,-0.0921073,-0.0241771,-0.995456
213.66,-0.0924548,-0.023206,-0.995446
213.68,-0.0924628,-0.024351,-0.995418
213.7,-0.0929653,-0.0227063,-0.99541
213.72,-0.0932621,-0.0225635,-0.995386
213.74,-0.0933238,-0.0225794,-0.99538
213.76,-0.0914649,-0.02453,-0.995506
213.78,-0.0924824,-0.0230171,-0.995448
213.8,-0.0922442,-0.0240326,-0.995446
213.82,-0.0921303,-0.0243433,-0.995449
213.84,-0.0921423,-0.0238888,-0.995459
213.86,-0.0931868,-0.0228291,-0.995387
213.88,-0.0924085,-0.0235345,-0.995443
213.9,-0.0924581,-0.0239654,-0.995428
213.92,-0.0932385,-0.0228747,-0.995381
213.94,-0.0922939,-0.0244068,-0.995433
213.96,-0.0937849,-0.0227378,-0.995333
213.98,-0.0937564,-0.0222915,-0.995346
214,-0.0930172,-0.0238691,-0.995378
214.02,-0.0937256,-0.0232248,-0.995327
214.04,-0.0926226,-0.0240919,-0.99541
214.06,-0.0932895,-0.0228182,-0.995378
214.08,-0.0934829,-0.0228044,-0.99536
214.1,-0.0924499,-0.0238128,-0.995433
214.12,-0.0920174,-0.0240086,-0.995468
214.14,-0.0919485,-0.024159,-0.995471
214.16,-0.0929207,-0.0231639,-0.995404
214.18,-0.0931264,-0.0225223,-0.9954
214.2,-0.0923609,-0.0240522,-0.995435
214.22,-0.0917622,-0.0247482,-0.995473
214.24,-0.0928603,-0.0228348,-0.995417
214.26,-0.0927056,-0.0241395,-0.995401
214.28,-0.0933042,-0.0226296,-0.99538
214.3,-0.0924572,-0.023461,-0.99544
214.32,-0.0915997,-0.0241505,-0.995503
214.34,-0.0927757,-0.0234195,-0.995412
214.36,-0.0930269,-0.0237108,-0.995381
214.38,-0.0922202,-0.0239715,-0.99545
214.4,-0.093067,-0.0226895,-0.995401
214.42,-0.0931748,-0.0231421,-0.995381
214.44,-0.0935514,-0.0224962,-0.99536
214.46,-0.0927441,-0.0229755,-0.995425
214.48,-0.0921154,-0.0237397,-0.995465
214.5,-0.0924868,-0.0237946,-0.99543
214.52,-0.0935925,-0.0229375,-0.995346
214.54,-0.0929169,-0.0232925,-0.995401
214.56,-0.0932835,-0.0226035,-0.995383
214.58,-0.093584,-0.0228313,-0.99535
214.6,-0.0922424,-0.0240249,-0.995447
214.62,-0.0934889,-0.0219751,-0.995378
214.64,-0.0934889,-0.0219751,-0.995378
214.66,-0.092301,-0.0244622,-0.995431
214.68,-0.0935033,-0.0230694,-0.995352
214.7,-0.092778,-0.022764,-0.995427
214.72,-0.0927172,-0.0239642,-0.995404
214.74,-0.0932585,-0.0228985,-0.995379
214.76,-0.0917843,-0.0243152,-0.995482
214.78,-0.0925866,-0.0233306,-0.995431
214.8,-0.0927948,-0.0232428,-0.995414
214.82,-0.093511,-0.0233438,-0.995345
214.84,-0.0929031,-0.0230574,-0.995408
214.86,-0.0934023,-0.0234753,-0.995352
214.88,-0.0933745,-0.0234183,-0.995356
214.9,-0.092504,-0.024682,-0.995406
214.92,-0.0927368,-0.0242063,-0.995396
214.94,-0.092708,-0.023732,-0.99541
214.96,-0.0917784,-0.024999,-0.995466
214.98,-0.0927936,-0.0240688,-0.995394
215,-0.0920704,-0.0238698,-0.995466
215.02,-0.0929563,-0.0235648,-0.995391
215.04,-0.0920526,-0.0241913,-0.99546
215.06,-0.0924852,-0.0234313,-0.995438
215.08,-0.093371,-0.0231544,-0.995362
215.1,-0.0921311,-0.0240067,-0.995457
215.12,-0.0926351,-0.0238962,-0.995413
215.14,-0.0926069,-0.0243764,-0.995404
215.16,-0.0937921,-0.0228197,-0.99533
215.18,-0.0928025,-0.0232875,-0.995412
215.2,-0.0927119,-0.0246018,-0.995389
215.22,-0.0922984,-0.0237817,-0.995447
215.24,-0.0922129,-0.0243987,-0.99544
215.26,-0.0932686,-0.0234517,-0.995365
215.28,-0.0924009,-0.0235076,-0.995444
215.3,-0.0926507,-0.0235365,-0.99542
215.32,-0.0924046,-0.0234233,-0.995446
215.34,-0.0928006,-0.0239543,-0.995397
215.36,-0.0929718,-0.0234456,-0.995393
215.38,-0.0936893,-0.0223987,-0.995349
215.4,-0.0934289,-0.0238538,-0.99534
215.42,-0.0931565,-0.0239628,-0.995363
215.44,-0.0919215,-0.0243345,-0.995469
215.46,-0.0934765,-0.0228351,-0.99536
215.48,-0.0926902,-0.0239008,-0.995408
215.5,-0.0924453,-0.0242033,-0.995424
215.52,-0.0920836,-0.0245958,-0.995447
215.54,-0.0922869,-0.0234685,-0.995456
215.56,-0.0927143,-0.0247865,-0.995384
215.58,-0.0926562,-0.0236812,-0.995417
215.6,-0.0922109,-0.0243698,-0.995441
215.62,-0.0922736,-0.0239232,-0.995446
215.64,-0.0921971,-0.0245615,-0.995438
215.66,-0.0927872,-0.0238195,-0.995401
215.68,-0.0918424,-0.0243119,-0.995477
215.7,-0.0927945,-0.0236195,-0.995405
215.72,-0.0928068,-0.0237627,-0.995401
215.74,-0.0930685,-0.0236767,-0.995378
215.76,-0.0929766,-0.0239551,-0.99538
215.78,-0.0919497,-0.0247429,-0.995456
215.8,-0.0928909,-0.0229435,-0.995412
215.82,-0.0926803,-0.0235097,-0.995418
215.84,-0.093037,-0.0249706,-0.995349
215.86,-0.0922386,-0.024125,-0.995445
215.88,-0.0926685,-0.0244056,-0.995398
215.9,-0.0936307,-0.0228429,-0.995345
215.92,-0.0929331,-0.0240449,-0.995382
215.94,-0.0925821,-0.0237137,-0.995423
215.96,-0.0932827,-0.0225012,-0.995385
215.98,-0.0919666,-0.0239694,-0.995474
216,-0.0929179,-0.0234669,-0.995397
216.02,-0.0937496,-0.0224894,-0.995342
216.04,-0.0927757,-0.0240676,-0.995396
216.06,-0.0928478,-0.0239778,-0.995392
216.08,-0.0921338,-0.0243976,-0.995448
216.1,-0.0922023,-0.0240265,-0.99545
216.12,-0.0932736,-0.0230296,-0.995374
216.14,-0.0924184,-0.0241771,-0.995427
216.16,-0.0928172,-0.0240494,-0.995393
216.18,-0.092886,-0.0239111,-0.99539
216.2,-0.0932805,-0.0228521,-0.995378
216.22,-0.0929238,-0.0234192,-0.995398
216.24,-0.0934022,-0.0235436,-0.99535
216.26,-0.0928884,-0.0233919,-0.995402
216.28,-0.0928494,-0.0252325,-0.99536
216.3,-0.093199,-0.0230422,-0.995381
216.32,-0.0922296,-0.0245787,-0.995434
216.34,-0.092943,-0.0242987,-0.995375
216.36,-0.0931263,-0.0226826,-0.995396
216.38,-0.0927402,-0.0240262,-0.9954
216.4,-0.0928482,-0.0238597,-0.995394
216.42,-0.0919105,-0.024761,-0.995459
216.44,-0.0932009,-0.02325,-0.995376
216.46,-0.0925631,-0.0234782,-0.99543
216.48,-0.093414,-0.0233906,-0.995353
216.5,-0.0925092,-0.0239634,-0.995423
216.52,-0.0932307,-0.0240766,-0.995353
216.54,-0.0941073,-0.0226091,-0.995305
216.56,-0.0925145,-0.024706,-0.995405
216.58,-0.0930058,-0.0238898,-0.995379
216.6,-0.092624,-0.024308,-0.995404
216.62,-0.0914467,-0.0247883,-0.995501
216.64,-0.0927095,-0.0242161,-0.995399
216.66,-0.093099,-0.0244349,-0.995357
216.68,-0.0918483,-0.0243721,-0.995475
216.7,-0.0922977,-0.0241324,-0.995439
216.72,-0.0927646,-0.0234128,-0.995413
216.74,-0.0930074,-0.0237231,-0.995383
216.76,-0.0938726,-0.022808,-0.995323
216.78,-0.0933803,-0.0235038,-0.995353
216.8,-0.0930331,-0.0244817,-0.995362
216.82,-0.0930677,-0.0235833,-0.99538
216.84,-0.0926702,-0.0240028,-0.995408
216.86,-0.0922853,-0.0246792,-0.995427
216.88,-0.0927546,-0.0242244,-0.995394
216.9,-0.0917597,-0.0244754,-0.99548
216.92,-0.0918981,-0.0245447,-0.995466
216.94,-0.0926131,-0.0239359,-0.995414
216.96,-0.0924319,-0.0244007,-0.99542
216.98,-0.0920905,-0.0240198,-0.995461
217,-0.0923965,-0.0241327,-0.99543
217.02,-0.0921885,-0.0238124,-0.995457
217.04,-0.0938392,-0.0229646,-0.995322
217.06,-0.0928454,-0.0239214,-0.995393
217.08,-0.0928665,-0.0242145,-0.995384
217.1,-0.0928725,-0.0236482,-0.995397
217.12,-0.0924573,-0.024581,-0.995413
217.14,-0.0922393,-0.0244532,-0.995437
217.16,-0.0926019,-0.0237162,-0.995421
217.18,-0.0924914,-0.0234668,-0.995437
217.2,-0.0926006,-0.0242628,-0.995408
217.22,-0.092762,-0.0241106,-0.995396
217.24,-0.0922431,-0.0246979,-0.99543
217.26,-0.0925394,-0.0235213,-0.995431
217.28,-0.0929578,-0.0240244,-0.99538
217.3,-0.0929073,-0.0242666,-0.995379
217.32,-0.0937308,-0.0225308,-0.995343
217.34,-0.0934139,-0.0227232,-0.995368
217.36,-0.0928786,-0.0238565,-0.995392
217.38,-0.0930729,-0.0251441,-0.995342
217.4,-0.0927301,-0.024399,-0.995392
217.42,-0.092222,-0.024541,-0.995436
217.44,-0.092563,-0.0237768,-0.995423
217.46,-0.0937186,-0.0235822,-0.995319
217.48,-0.0922859,-0.0242875,-0.995436
217.5,-0.0930541,-0.0241256,-0.995369
217.52,-0.0926705,-0.0243712,-0.995399
217.54,-0.0924907,-0.0243545,-0.995416
217.56,-0.0924982,-0.0244007,-0.995414
217.58,-0.0923008,-0.0244225,-0.995432
217.6,-0.0938019,-0.0240277,-0.995301
217.62,-0.0933029,-0.0242971,-0.995341
217.64,-0.0937982,-0.0242351,-0.995296
217.66,-0.092696,-0.0241988,-0.9954
217.68,-0.0926105,-0.0242308,-0.995408
217.7,-0.0932402,-0.0239429,-0.995356
217.72,-0.0932464,-0.024176,-0.99535
217.74,-0.0928294,-0.0236249,-0.995402
217.76,-0.0927189,-0.0247561,-0.995385
217.78,-0.0926824,-0.0238868,-0.995409
217.8,-0.092187,-0.0245105,-0.99544
217.82,-0.0925382,-0.0239349,-0.995421
217.84,-0.0933231,-0.0226354,-0.995379
217.86,-0.0922631,-0.0244536,-0.995434
217.88,-0.0938132,-0.0235092,-0.995312
217.9,-0.0928249,-0.0238029,-0.995398
217.92,-0.0922408,-0.024905,-0.995425
217.94,-0.0932758,-0.0237498,-0.995357
217.96,-0.0926189,-0.023883,-0.995415
217.98,-0.0930174,-0.0238037,-0.99538
218,-0.0933174,-0.0242171,-0.995342
218.02,-0.0930806,-0.0236212,-0.995378
218.04,-0.0927962,-0.0242203,-0.99539
218.06,-0.093326,-0.0242285,-0.995341
218.08,-0.0921536,-0.0243513,-0.995447
218.1,-0.0929939,-0.0238901,-0.99538
218.12,-0.0930921,-0.0237287,-0.995375
218.14,-0.0931082,-0.0235747,-0.995377
218.16,-0.0925141,-0.0246251,-0.995407
218.18,-0.0934949,-0.0236706,-0.995338
218.2,-0.0931522,-0.0233674,-0.995378
218.22,-0.0924218,-0.023848,-0.995434
218.24,-0.0928397,-0.0239299,-0.995393
218.26,-0.0924343,-0.0240418,-0.995428
218.28,-0.0923591,-0.0241109,-0.995434
218.3,-0.092517,-0.0239477,-0.995423
218.32,-0.0926661,-0.0238257,-0.995412
218.34,-0.0923803,-0.023717,-0.995441
218.36,-0.0936647,-0.0236236,-0.995323
218.38,-0.0925241,-0.0235658,-0.995432
218.4,-0.0926745,-0.0240513,-0.995406
218.42,-0.0928058,-0.0247053,-0.995378
218.44,-0.0931432,-0.0236213,-0.995372
218.46,-0.0928218,-0.023806,-0.995398
218.48,-0.0924762,-0.024897,-0.995404
218.5,-0.0929627,-0.0237857,-0.995385
218.52,-0.093109,-0.0246369,-0.995351
218.54,-0.0930318,-0.0238402,-0.995378
218.56,-0.0927849,-0.0240265,-0.995396
218.58,-0.0928175,-0.0234196,-0.995408
218.6,-0.0928475,-0.0239794,-0.995392
218.62,-0.092577,-0.0243076,-0.995409
218.64,-0.0928927,-0.02444,-0.995376
218.66,-0.093171,-0.0239873,-0.995361
218.68,-0.0931986,-0.024324,-0.99535
218.7,-0.0928839,-0.024944,-0.995364
218.72,-0.0933498,-0.0241319,-0.995341
218.74,-0.0929936,-0.0239782,-0.995378
218.76,-0.0933718,-0.0239216,-0.995344
218.78,-0.0931391,-0.0243188,-0.995356
218.8,-0.0926962,-0.0239338,-0.995407
218.82,-0.0929485,-0.0242333,-0.995376
218.84,-0.0932124,-0.0237417,-0.995363
218.86,-0.0927463,-0.0240117,-0.9954
218.88,-0.0923767,-0.024352,-0.995426
218.9,-0.0921625,-0.0248614,-0.995434
218.92,-0.0931193,-0.0240767,-0.995364
218.94,-0.0928063,-0.0237547,-0.995401
218.96,-0.092143,-0.0248809,-0.995435
218.98,-0.0930026,-0.0238076,-0.995381
219,-0.0926579,-0.0246498,-0.995393
219.02,-0.0930627,-0.0240903,-0.995369
219.04,-0.0921662,-0.0245055,-0.995442
219.06,-0.0928958,-0.0245058,-0.995374
219.08,-0.0930231,-0.0238218,-0.995379
219.1,-0.092643,-0.024207,-0.995405
219.12,-0.0929289,-0.0240578,-0.995382
219.14,-0.0931354,-0.0237675,-0.99537
219.16,-0.0929133,-0.0238107,-0.995389
219.18,-0.0929275,-0.0246628,-0.995367
219.2,-0.0928409,-0.0242609,-0.995385
219.22,-0.0930807,-0.0241799,-0.995365
219.24,-0.0928332,-0.0235929,-0.995402
219.26,-0.0929306,-0.0246974,-0.995366
219.28,-0.0924943,-0.0243716,-0.995415
219.3,-0.0923877,-0.0247159,-0.995416
219.32,-0.0931365,-0.0239124,-0.995366
219.34,-0.0931072,-0.0233784,-0.995382
219.36,-0.0926628,-0.0237432,-0.995414
219.38,-0.0930702,-0.0245317,-0.995357
219.4,-0.0927047,-0.024115,-0.995402
219.42,-0.0924175,-0.0239356,-0.995433
219.44,-0.0921448,-0.0239704,-0.995457
219.46,-0.0931767,-0.0236981,-0.995368
219.48,-0.0928361,-0.0248455,-0.995371
219.5,-0.092435,-0.024671,-0.995413
219.52,-0.092205,-0.0246369,-0.995435
219.54,-0.0924951,-0.0242639,-0.995417
219.56,-0.0928815,-0.0243939,-0.995378
219.58,-0.0929886,-0.0241923,-0.995373
219.6,-0.0930062,-0.0245726,-0.995362
219.62,-0.0927786,-0.0244503,-0.995387
219.64,-0.092068,-0.0241646,-0.995459
219.66,-0.092849,-0.0239003,-0.995393
219.68,-0.0928267,-0.0238617,-0.995396
219.7,-0.0930934,-0.0237829,-0.995373
219.72,-0.0928633,-0.024697,-0.995373
219.74,-0.0926985,-0.0234072,-0.995419
219.76,-0.0933841,-0.0240402,-0.99534
219.78,-0.0927574,-0.0238453,-0.995403
219.8,-0.0924512,-0.0246216,-0.995413
219.82,-0.0936275,-0.0241429,-0.995315
219.84,-0.0928407,-0.0245016,-0.995379
219.86,-0.0926985,-0.0240032,-0.995405
219.88,-0.0928012,-0.0245188,-0.995383
219.9,-0.0925743,-0.0245322,-0.995404
219.92,-0.0932971,-0.0236581,-0.995357
219.94,-0.0930005,-0.0241672,-0.995373
219.96,-0.0930666,-0.0241403,-0.995367
219.98,-0.0934318,-0.0243733,-0.995327
220,-0.092983,-0.0243371,-0.99537
220.02,-0.0928547,-0.0240334,-0.99539
220.04,-0.0919312,-0.0247942,-0.995457
220.06,-0.0923977,-0.0238696,-0.995436
220.08,-0.0925926,-0.0243463,-0.995406
220.1,-0.0930646,-0.0234541,-0.995384
220.12,-0.093647,-0.0236795,-0.995324
220.14,-0.0925184,-0.0241256,-0.995419
220.16,-0.0926701,-0.0248218,-0.995387
220.18,-0.0924098,-0.0241375,-0.995428
220.2,-0.0931085,-0.0246575,-0.995351
220.22,-0.0929418,-0.0239419,-0.995384
220.24,-0.0925476,-0.0242938,-0.995412
220.26,-0.092482,-0.0244226,-0.995415
220.28,-0.0931687,-0.0241682,-0.995357
220.3,-0.0929079,-0.0239167,-0.995387
220.32,-0.0926239,-0.0241359,-0.995409
220.34,-0.0928135,-0.0242466,-0.995388
220.36,-0.0933335,-0.0242959,-0.995338
220.38,-0.0929604,-0.0238233,-0.995385
220.4,-0.0923422,-0.0242391,-0.995432
220.42,-0.0926179,-0.0244007,-0.995403
220.44,-0.0927723,-0.0246923,-0.995381
220.46,-0.0930286,-0.0245071,-0.995362
220.48,-0.0927703,-0.0238928,-0.995401
220.5,-0.091876,-0.0239916,-0.995481
220.52,-0.0924776,-0.024418,-0.995415
220.54,-0.0926324,-0.0243798,-0.995402
220.56,-0.0925997,-0.0243346,-0.995406
220.58,-0.0924694,-0.0243154,-0.995419
220.6,-0.0923181,-0.0246431,-0.995425
220.62,-0.0929452,-0.0251648,-0.995353
220.64,-0.0925493,-0.0239311,-0.99542
220.66,-0.0926012,-0.0242738,-0.995407
220.68,-0.0924043,-0.0239763,-0.995433
220.7,-0.0918651,-0.0245764,-0.995468
220.72,-0.0928838,-0.024257,-0.995381
220.74,-0.0930758,-0.0236077,-0.995379
220.76,-0.0930489,-0.0237095,-0.995379
220.78,-0.0930022,-0.0237652,-0.995382
220.8,-0.0924962,-0.024086,-0.995422
220.82,-0.0938816,-0.0237619,-0.9953
220.84,-0.0926681,-0.0240629,-0.995406
220.86,-0.0926362,-0.0250576,-0.995385
220.88,-0.0932038,-0.0240488,-0.995357
220.9,-0.0936571,-0.0235511,-0.995326
220.92,-0.0927464,-0.0240251,-0.9954
220.94,-0.0926907,-0.0242469,-0.9954
220.96,-0.092753,-0.0237516,-0.995406
220.98,-0.0927343,-0.0246054,-0.995387
221,-0.0931907,-0.0243547,-0.99535
221.02,-0.09292,-0.0241512,-0.995381
221.04,-0.0929711,-0.0235513,-0.99539
221.06,-0.0931183,-0.0244605,-0.995355
221.08,-0.0929801,-0.023754,-0.995385
221.1,-0.092591,-0.0244779,-0.995403
221.12,-0.0937106,-0.023946,-0.995311
221.14,-0.0934665,-0.0241625,-0.995329
221.16,-0.0922548,-0.024617,-0.995431
221.18,-0.0931421,-0.0238401,-0.995367
221.2,-0.0931193,-0.0242395,-0.99536
221.22,-0.0926748,-0.0242565,-0.995401
221.24,-0.0931869,-0.0236943,-0.995367
221.26,-0.0920218,-0.0244953,-0.995456
221.28,-0.0929385,-0.0240874,-0.99538
221.3,-0.0925306,-0.024192,-0.995416
221.32,-0.0918058,-0.0248208,-0.995468
221.34,-0.0926068,-0.024337,-0.995405
221.36,-0.0925246,-0.0239019,-0.995423
221.38,-0.0931124,-0.0250556,-0.99534
221.4,-0.0934637,-0.0237171,-0.99534
221.42,-0.0930379,-0.0241435,-0.99537
221.44,-0.0929539,-0.0243411,-0.995373
221.46,-0.0923965,-0.0243678,-0.995424
221.48,-0.0931103,-0.0244125,-0.995356
221.5,-0.0927996,-0.0240792,-0.995394
221.52,-0.0929548,-0.0245706,-0.995367
221.54,-0.0928216,-0.0244386,-0.995383
221.56,-0.0928178,-0.0238408,-0.995398
221.58,-0.093005,-0.0248344,-0.995356
221.6,-0.0925162,-0.0242635,-0.995416
221.62,-0.0923192,-0.0248819,-0.995419
221.64,-0.0934861,-0.0243248,-0.995323
221.66,-0.0916508,-0.0249337,-0.995479
221.68,-0.092095,-0.0245378,-0.995448
221.7,-0.0940798,-0.0231861,-0.995295
221.72,-0.092752,-0.0240431,-0.995399
221.74,-0.0933165,-0.0236464,-0.995356
221.76,-0.0925195,-0.0250016,-0.995397
221.78,-0.093119,-0.0241978,-0.995361
221.8,-0.091852,-0.0252512,-0.995452
221.82,-0.0925136,-0.0243265,-0.995414
221.84,-0.0927344,-0.0237977,-0.995406
221.86,-0.0929014,-0.0241297,-0.995383
221.88,-0.092356,-0.0244137,-0.995427
221.9,-0.0934229,-0.0234915,-0.995349
221.92,-0.0921407,-0.0250238,-0.995432
221.94,-0.093141,-0.0232293,-0.995382
221.96,-0.0922555,-0.0244999,-0.995434
221.98,-0.0932889,-0.0245455,-0.995336
222,-0.0929468,-0.024034,-0.995381
222.02,-0.0927671,-0.0246919,-0.995382
222.04,-0.0930181,-0.0241991,-0.99537
222.06,-0.0921238,-0.0241371,-0.995455
222.08,-0.0926328,-0.024343,-0.995403
222.1,-0.0924647,-0.0247534,-0.995408
222.12,-0.0924114,-0.0247931,-0.995412
222.14,-0.0920986,-0.0244766,-0.995449
222.16,-0.091602,-0.0250956,-0.995479
222.18,-0.0922678,-0.0252525,-0.995414
222.2,-0.0926329,-0.0239653,-0.995412
222.22,-0.0926329,-0.0239653,-0.995412
222.24,-0.0926329,-0.0239653,-0.995412
222.26,-0.0918948,-0.0248308,-0.995459
222.28,-0.0927402,-0.0244391,-0.99539
222.3,-0.0924216,-0.0247027,-0.995413
222.32,-0.092532,-0.0239225,-0.995422
222.34,-0.0927171,-0.0246306,-0.995388
222.36,-0.0916403,-0.0253834,-0.995469
222.38,-0.0922621,-0.0240032,-0.995445
222.4,-0.0928039,-0.0237857,-0.9954
222.42,-0.0925705,-0.0240146,-0.995416
222.44,-0.093021,-0.0236758,-0.995383
222.46,-0.0930758,-0.0242326,-0.995364
222.48,-0.0924513,-0.0239264,-0.99543
222.5,-0.0925365,-0.0243476,-0.995412
222.52,-0.0925535,-0.023988,-0.995419
222.54,-0.0929252,-0.0242222,-0.995378
222.56,-0.092472,-0.0239193,-0.995428
222.58,-0.0923092,-0.0240725,-0.995439
222.6,-0.0924817,-0.0241954,-0.99542
222.62,-0.09254,-0.0243763,-0.995411
222.64,-0.0923739,-0.0252144,-0.995405
222.66,-0.0923027,-0.0244189,-0.995432
222.68,-0.0925796,-0.0243714,-0.995407
222.7,-0.0919023,-0.0246508,-0.995463
222.72,-0.0931918,-0.0239894,-0.995359
222.74,-0.0943076,-0.0240351,-0.995253
222.76,-0.092593,-0.024143,-0.995411
222.78,-0.0928998,-0.0245284,-0.995373
222.8,-0.092499,-0.0239588,-0.995424
222.82,-0.0933233,-0.0242533,-0.99534
222.84,-0.0921994,-0.024322,-0.995443
222.86,-0.0928458,-0.0241661,-0.995387
222.88,-0.0930843,-0.0246816,-0.995352
222.9,-0.0930487,-0.0238275,-0.995376
222.92,-0.0928088,-0.0240945,-0.995392
222.94,-0.0919123,-0.0244231,-0.995468
222.96,-0.0926338,-0.0240624,-0.995409
222.98,-0.0928819,-0.0237406,-0.995394
223,-0.0922081,-0.0243699,-0.995441
223.02,-0.0929691,-0.0239199,-0.995382
223.04,-0.0918446,-0.0249073,-0.995462
223.06,-0.0922204,-0.0241291,-0.995446
223.08,-0.0925967,-0.0244051,-0.995405
223.1,-0.0920482,-0.0243379,-0.995457
223.12,-0.0925295,-0.0242631,-0.995414
223.14,-0.0926036,-0.0237513,-0.99542
223.16,-0.0928694,-0.0249467,-0.995366
223.18,-0.0926362,-0.0236557,-0.995419
223.2,-0.0931793,-0.0248421,-0.995339
223.22,-0.0932776,-0.0242894,-0.995344
223.24,-0.0926817,-0.024617,-0.995391
223.26,-0.092317,-0.0234636,-0.995453
223.28,-0.0924343,-0.0246811,-0.995413
223.3,-0.0928294,-0.0245375,-0.99538
223.32,-0.0924097,-0.0241106,-0.995429
223.34,-0.0933939,-0.0242012,-0.995335
223.36,-0.0921112,-0.0245418,-0.995446
223.38,-0.0921854,-0.0243335,-0.995444
223.4,-0.0926054,-0.0242409,-0.995408
223.42,-0.0924636,-0.0243652,-0.995418
223.44,-0.0919376,-0.0243846,-0.995466
223.46,-0.0926872,-0.0242947,-0.995399
223.48,-0.0925614,-0.0245928,-0.995403
223.5,-0.0930989,-0.0237304,-0.995374
223.52,-0.0936959,-0.023359,-0.995327
223.54,-0.0926533,-0.0242932,-0.995402
223.56,-0.0924035,-0.0235564,-0.995443
223.58,-0.0924367,-0.0244327,-0.995419
223.6,-0.0926103,-0.0244741,-0.995402
223.62,-0.0924763,-0.0238982,-0.995428
223.64,-0.0924078,-0.0239762,-0.995433
223.66,-0.0935945,-0.0231897,-0.99534
223.68,-0.0924237,-0.0239551,-0.995432
223.7,-0.0928649,-0.0238927,-0.995392
223.72,-0.0922121,-0.024959,-0.995427
223.74,-0.0930801,-0.0237136,-0.995376
223.76,-0.092084,-0.0245428,-0.995449
223.78,-0.0931579,-0.0245535,-0.995349
223.8,-0.0932069,-0.0231819,-0.995377
223.82,-0.0927628,-0.0248993,-0.995377
223.84,-0.0928876,-0.0245168,-0.995375
223.86,-0.0925206,-0.0244219,-0.995411
223.88,-0.0925942,-0.0243602,-0.995406
223.9,-0.0924566,-0.0246985,-0.99541
223.92,-0.0928889,-0.023755,-0.995393
223.94,-0.0923126,-0.0242894,-0.995434
223.96,-0.092212,-0.0251392,-0.995422
223.98,-0.0908983,-0.0228183,-0.995599
224,-0.0926563,-0.0246788,-0.995392
224.02,-0.0925168,-0.0242802,-0.995415
224.04,-0.0922963,-0.0244641,-0.995431
224.06,-0.0933268,-0.024426,-0.995336
224.08,-0.0926973,-0.0246285,-0.99539
224.1,-0.0928899,-0.0246814,-0.99537
224.12,-0.0923264,-0.0249838,-0.995415
224.14,-0.0925474,-0.024419,-0.995409
224.16,-0.09341,-0.0249682,-0.995315
224.18,-0.0933128,-0.0242346,-0.995342
224.2,-0.0931226,-0.0247683,-0.995347
224.22,-0.0915102,-0.0253782,-0.995481
224.24,-0.0928933,-0.0242056,-0.995382
224.26,-0.0927368,-0.0246191,-0.995386
224.28,-0.0926186,-0.0246941,-0.995395
224.3,-0.0922551,-0.02445,-0.995435
224.32,-0.0930319,-0.0241608,-0.99537
224.34,-0.0925127,-0.024243,-0.995416
224.36,-0.0923945,-0.0244824,-0.995421
224.38,-0.0925564,-0.0246945,-0.995401
224.4,-0.0928028,-0.0246772,-0.995379
224.42,-0.0929051,-0.0246225,-0.99537
224.44,-0.0931643,-0.0243326,-0.995353
224.46,-0.0923558,-0.0251295,-0.995409
224.48,-0.0923092,-0.0242896,-0.995434
224.5,-0.0928262,-0.0246509,-0.995377
224.52,-0.0926996,-0.0243621,-0.995396
224.54,-0.0923176,-0.0247561,-0.995422
224.56,-0.09244,-0.0247585,-0.99541
224.58,-0.0929647,-0.024652,-0.995364
224.6,-0.09263,-0.0242309,-0.995406
224.62,-0.0931072,-0.0248273,-0.995346
224.64,-0.0920187,-0.0248069,-0.995448
224.66,-0.0929345,-0.0243737,-0.995374
224.68,-0.0929597,-0.0247495,-0.995362
224.7,-0.0930448,-0.0245882,-0.995358
224.72,-0.0923697,-0.0240401,-0.995435
224.74,-0.0927159,-0.0247333,-0.995385
224.76,-0.0929408,-0.024894,-0.99536
224.78,-0.0925671,-0.0233514,-0.995433
224.8,-0.0928642,-0.0247817,-0.99537
224.82,-0.0931208,-0.0249456,-0.995342
224.84,-0.0928686,-0.0244272,-0.995379
224.86,-0.0921404,-0.0247919,-0.995437
224.88,-0.0927506,-0.023431,-0.995414
224.9,-0.0924082,-0.024147,-0.995428
224.92,-0.0921085,-0.0252062,-0.99543
224.94,-0.0926402,-0.0242357,-0.995405
224.96,-0.0931453,-0.0245854,-0.995349
224.98,-0.0928776,-0.0241704,-0.995384
225,-0.0929747,-0.0244559,-0.995368
225.02,-0.0929749,-0.0248616,-0.995358
225.04,-0.0933364,-0.0243692,-0.995336
225.06,-0.0928135,-0.024574,-0.99538
225.08,-0.092689,-0.0245544,-0.995392
225.1,-0.09306,-0.0240517,-0.99537
225.12,-0.0933225,-0.0237953,-0.995352
225.14,-0.0926869,-0.0235457,-0.995417
225.16,-0.0929315,-0.0249354,-0.99536
225.18,-0.0938805,-0.0238006,-0.995299
225.2,-0.0924564,-0.0252374,-0.995397
225.22,-0.0932075,-0.0241728,-0.995353
225.24,-0.0934116,-0.0243527,-0.99533
225.26,-0.092797,-0.0245327,-0.995383
225.28,-0.0932228,-0.0239672,-0.995357
225.3,-0.0936103,-0.024342,-0.995311
225.32,-0.0932749,-0.0240702,-0.995349
225.34,-0.0929747,-0.0247186,-0.995362
225.36,-0.0930467,-0.024949,-0.995349
225.38,-0.0937571,-0.0239868,-0.995306
225.4,-0.092993,-0.0241602,-0.995374
225.42,-0.092858,-0.0241135,-0.995387
225.44,-0.0933151,-0.0236229,-0.995356
225.46,-0.0931713,-0.0245596,-0.995347
225.48,-0.092871,-0.0237438,-0.995395
225.5,-0.0939819,-0.0228311,-0.995312
225.52,-0.0932547,-0.0243634,-0.995344
225.54,-0.0927776,-0.0238073,-0.995402
225.56,-0.09325,-0.02311,-0.995374
225.58,-0.0933772,-0.024621,-0.995326
225.6,-0.0931915,-0.0238692,-0.995362
225.62,-0.0929348,-0.0237263,-0.995389
225.64,-0.0929035,-0.0240754,-0.995384
225.66,-0.0930805,-0.023812,-0.995374
225.68,-0.0930741,-0.0243365,-0.995362
225.7,-0.0928809,-0.0241162,-0.995385
225.72,-0.0930511,-0.0240411,-0.995371
225.74,-0.0928102,-0.0240345,-0.995394
225.76,-0.0930043,-0.0242895,-0.995369
225.78,-0.0936403,-0.0242821,-0.99531
225.8,-0.093672,-0.0242479,-0.995308
225.82,-0.0933401,-0.0239617,-0.995346
225.84,-0.0937784,-0.0235577,-0.995314
225.86,-0.0929292,-0.0238477,-0.995387
225.88,-0.0938308,-0.024061,-0.995297
225.9,-0.0934809,-0.0226317,-0.995364
225.92,-0.0941142,-0.0230108,-0.995295
225.94,-0.0930307,-0.0237074,-0.995381
225.96,-0.093847,-0.0236376,-0.995306
225.98,-0.0936667,-0.0235167,-0.995326
226,-0.0929617,-0.0238726,-0.995383
226.02,-0.0947915,-0.0231951,-0.995227
226.04,-0.0950344,-0.0236448,-0.995193
226.06,-0.0937258,-0.0237851,-0.995314
226.08,-0.0937424,-0.0231317,-0.995328
226.1,-0.0948281,-0.0228475,-0.995231
226.12,-0.0932741,-0.02414,-0.995348
226.14,-0.0939272,-0.0229609,-0.995314
226.16,-0.0942987,-0.0236811,-0.995262
226.18,-0.0940992,-0.0232482,-0.995291
226.2,-0.0950315,-0.0231154,-0.995206
226.22,-0.0943888,-0.0229901,-0.99527
226.24,-0.0945647,-0.0229913,-0.995253
226.26,-0.0948976,-0.0226174,-0.99523
226.28,-0.0926605,-0.0244273,-0.995398
226.3,-0.0912833,-0.0257525,-0.995492
226.32,-0.0911369,-0.025062,-0.995523
226.34,-0.0915798,-0.0245072,-0.995496
226.36,-0.0921778,-0.0255941,-0.995414
226.38,-0.092667,-0.0237405,-0.995414
226.4,-0.092025,-0.024479,-0.995456
226.42,-0.0926566,-0.0249803,-0.995385
226.44,-0.0921268,-0.0242725,-0.995451
226.46,-0.0930606,-0.0244279,-0.995361
226.48,-0.092605,-0.0236988,-0.995421
226.5,-0.0927808,-0.0242927,-0.99539
226.52,-0.0926109,-0.0249057,-0.995391
226.54,-0.0920993,-0.0252665,-0.995429
226.56,-0.0929259,-0.0239921,-0.995384
226.58,-0.0926556,-0.0245004,-0.995397
226.6,-0.0921468,-0.0241724,-0.995452
226.62,-0.0935595,-0.0246002,-0.99531
226.64,-0.0927569,-0.0243435,-0.995391
226.66,-0.0926299,-0.0244288,-0.995401
226.68,-0.0924279,-0.0250632,-0.995404
226.7,-0.0938459,-0.0243708,-0.995288
226.72,-0.0929394,-0.0242387,-0.995377
226.74,-0.0930778,-0.0236355,-0.995378
226.76,-0.0927349,-0.0244536,-0.995391
226.78,-0.09266,-0.0244593,-0.995397
226.8,-0.09266,-0.0244593,-0.995397
226.82,-0.0928813,-0.0239395,-0.995389
226.84,-0.0922889,-0.0239969,-0.995443
226.86,-0.0931219,-0.0241981,-0.995361
226.88,-0.0925939,-0.0242379,-0.995409
226.9,-0.0928551,-0.0242141,-0.995385
226.92,-0.0925972,-0.0246141,-0.995399
226.94,-0.0935002,-0.0246072,-0.995315
226.96,-0.09299,-0.0245974,-0.995363
226.98,-0.0913261,-0.0239178,-0.995534
227,-0.0921657,-0.0257985,-0.995409
227.02,-0.0922927,-0.0259402,-0.995394
227.04,-0.0925257,-0.0252742,-0.995389
227.06,-0.0930217,-0.0252515,-0.995344
227.08,-0.0928999,-0.0248802,-0.995365
227.1,-0.0926422,-0.0242891,-0.995403
227.12,-0.0920557,-0.0244999,-0.995452
227.14,-0.0923787,-0.0254358,-0.995399
227.16,-0.0928097,-0.0243058,-0.995387
227.18,-0.0925355,-0.0253023,-0.995388
227.2,-0.0933987,-0.0244142,-0.995329
227.22,-0.0926793,-0.0246457,-0.995391
227.24,-0.0927702,-0.0251086,-0.995371
227.26,-0.0922224,-0.0250226,-0.995424
227.28,-0.0929947,-0.0243176,-0.99537
227.3,-0.0926749,-0.0247226,-0.995389
227.32,-0.0931885,-0.0241777,-0.995355
227.34,-0.0920979,-0.0258972,-0.995413
227.36,-0.0921045,-0.0257591,-0.995416
227.38,-0.0923032,-0.0254843,-0.995405
227.4,-0.0927188,-0.0245931,-0.995389
227.42,-0.0926895,-0.0249559,-0.995382
227.44,-0.0926904,-0.0248306,-0.995385
227.46,-0.0926568,-0.0248942,-0.995387
227.48,-0.0922188,-0.0248446,-0.995429
227.5,-0.0932288,-0.0242188,-0.99535
227.52,-0.0923299,-0.0245133,-0.995427
227.54,-0.0928869,-0.0251345,-0.995359
227.56,-0.0925301,-0.0248191,-0.995401
227.58,-0.0927967,-0.0246163,-0.995381
227.6,-0.0930717,-0.0242231,-0.995365
227.62,-0.0927286,-0.0246947,-0.995385
227.64,-0.0923853,-0.0245926,-0.99542
227.66,-0.093249,-0.0244271,-0.995343
227.68,-0.0920814,-0.0243925,-0.995453
227.7,-0.0921974,-0.0249675,-0.995428
227.72,-0.0925643,-0.0245053,-0.995405
227.74,-0.0927648,-0.0245783,-0.995385
227.76,-0.092879,-0.0244569,-0.995377
227.78,-0.0935845,-0.0238021,-0.995327
227.8,-0.0929954,-0.0244813,-0.995366
227.82,-0.0929627,-0.0239325,-0.995382
227.84,-0.0932371,-0.023512,-0.995366
227.86,-0.0926698,-0.0247175,-0.99539
227.88,-0.0920492,-0.0244946,-0.995453
227.9,-0.0923558,-0.0236889,-0.995444
227.92,-0.0928921,-0.0243344,-0.995379
227.94,-0.0923843,-0.0244413,-0.995423
227.96,-0.092373,-0.0245639,-0.995421
227.98,-0.0927974,-0.024159,-0.995392
228,-0.0929422,-0.0254554,-0.995346
228.02,-0.0922902,-0.0238719,-0.995446
228.04,-0.0924236,-0.0233303,-0.995446
228.06,-0.0925249,-0.024554,-0.995408
228.08,-0.092377,-0.0246725,-0.995418
228.1,-0.0925117,-0.0247051,-0.995405
228.12,-0.092974,-0.0245094,-0.995367
228.14,-0.0927894,-0.0256807,-0.995355
228.16,-0.0933218,-0.0241095,-0.995344
228.18,-0.0924771,-0.0247363,-0.995408
228.2,-0.0926331,-0.0239219,-0.995413
228.22,-0.0927017,-0.0243129,-0.995397
228.24,-0.0921822,-0.0252088,-0.995423
228.26,-0.0924063,-0.0253385,-0.995399
228.28,-0.0930085,-0.0244222,-0.995366
228.3,-0.0918766,-0.0245829,-0.995467
228.32,-0.0920518,-0.024547,-0.995452
228.34,-0.0928506,-0.0244417,-0.99538
228.36,-0.0931896,-0.0247077,-0.995342
228.38,-0.092192,-0.0245342,-0.995439
228.4,-0.0921682,-0.0240604,-0.995453
228.42,-0.0921659,-0.0244034,-0.995445
228.44,-0.0929002,-0.0242613,-0.99538
228.46,-0.0925201,-0.024086,-0.995419
228.48,-0.0926907,-0.0247001,-0.995389
228.5,-0.0926179,-0.0243957,-0.995403
228.52,-0.0926847,-0.0241832,-0.995402
228.54,-0.0922145,-0.0240907,-0.995448
228.56,-0.0925845,-0.0245091,-0.995403
228.58,-0.0928458,-0.0247677,-0.995372
228.6,-0.0925292,-0.0252374,-0.99539
228.62,-0.0926028,-0.0239378,-0.995415
228.64,-0.0921759,-0.0245302,-0.995441
228.66,-0.0923638,-0.0254237,-0.995401
228.68,-0.0931975,-0.0244347,-0.995348
228.7,-0.0926364,-0.0245647,-0.995397
228.72,-0.0923522,-0.0249152,-0.995415
228.74,-0.0930882,-0.0239673,-0.995369
228.76,-0.0925392,-0.0251063,-0.995392
228.78,-0.093018,-0.0243114,-0.995368
228.8,-0.0924931,-0.0249241,-0.995401
228.82,-0.0924393,-0.0256133,-0.995389
228.84,-0.0919408,-0.025198,-0.995446
228.86,-0.0927117,-0.0243464,-0.995395
228.88,-0.0923774,-0.0245588,-0.995421
228.9,-0.0924058,-0.0242395,-0.995426
228.92,-0.0925535,-0.0237379,-0.995425
228.94,-0.0924064,-0.0245423,-0.995419
228.96,-0.092969,-0.0247975,-0.99536
228.98,-0.0929091,-0.0240768,-0.995383
229,-0.0929596,-0.0235412,-0.995392
229.02,-0.0922265,-0.0248639,-0.995428
229.04,-0.0927667,-0.0243342,-0.99539
229.06,-0.0924564,-0.0240956,-0.995425
229.08,-0.0926552,-0.0247655,-0.99539
229.1,-0.0926267,-0.0239087,-0.995414
229.12,-0.0926267,-0.0239087,-0.995414
229.14,-0.0923739,-0.0255101,-0.995398
229.16,-0.0929708,-0.0248471,-0.995359
229.18,-0.0923319,-0.024199,-0.995434
229.2,-0.0927811,-0.024822,-0.995377
229.22,-0.0925224,-0.0247794,-0.995402
229.24,-0.0922603,-0.0246191,-0.995431
229.26,-0.0922133,-0.0245101,-0.995438
229.28,-0.0921154,-0.0248918,-0.995437
229.3,-0.0928062,-0.0243299,-0.995387
229.32,-0.0922984,-0.0250721,-0.995416
229.34,-0.0929819,-0.0238951,-0.995381
229.36,-0.0921244,-0.0245198,-0.995446
229.38,-0.0924412,-0.024675,-0.995412
229.4,-0.0931738,-0.0243285,-0.995353
229.42,-0.0927348,-0.0241128,-0.995399
229.44,-0.0924888,-0.0241057,-0.995422
229.46,-0.0926169,-0.0243113,-0.995405
229.48,-0.0928638,-0.0244155,-0.995379
229.5,-0.09171,-0.0251094,-0.995469
229.52,-0.0928686,-0.024442,-0.995378
229.54,-0.0930041,-0.0241478,-0.995373
229.56,-0.0920897,-0.0250289,-0.995436
229.58,-0.0924924,-0.0241866,-0.99542
229.6,-0.092335,-0.0241766,-0.995434
229.62,-0.0919042,-0.0247198,-0.995461
229.64,-0.0921417,-0.0247829,-0.995437
229.66,-0.0923938,-0.0241016,-0.995431
229.68,-0.0929484,-0.0240095,-0.995381
229.7,-0.0930634,-0.0239302,-0.995373
229.72,-0.0923224,-0.0240932,-0.995438
229.74,-0.0926816,-0.0235897,-0.995416
229.76,-0.0924752,-0.024252,-0.99542
229.78,-0.0925609,-0.0240217,-0.995417
229.8,-0.0934363,-0.0243369,-0.995328
229.82,-0.0926031,-0.0243073,-0.995406
229.84,-0.0930759,-0.0246817,-0.995353
229.86,-0.0928243,-0.0242721,-0.995387
229.88,-0.0921943,-0.0250315,-0.995426
229.9,-0.0926016,-0.0244158,-0.995404
229.92,-0.0933403,-0.0245458,-0.995332
229.94,-0.0919053,-0.0250243,-0.995453
229.96,-0.0926476,-0.0240024,-0.99541
229.98,-0.0922653,-0.0246516,-0.995429
230,-0.092607,-0.0241628,-0.99541
230.02,-0.0927571,-0.0245141,-0.995387
230.04,-0.0926744,-0.0241774,-0.995403
230.06,-0.0927529,-0.0241544,-0.995396
230.08,-0.0934757,-0.0246358,-0.995317
230.1,-0.09307,-0.0241469,-0.995367
230.12,-0.0925324,-0.0249553,-0.995397
230.14,-0.092462,-0.0244597,-0.995416
230.16,-0.0925798,-0.0240569,-0.995415
230.18,-0.0928208,-0.0243175,-0.995386
230.2,-0.0923067,-0.0249242,-0.995419
230.22,-0.0923341,-0.024461,-0.995428
230.24,-0.0921344,-0.0241188,-0.995454
230.26,-0.0921687,-0.0246141,-0.995439
230.28,-0.0920259,-0.0249487,-0.995444
230.3,-0.0930914,-0.0243715,-0.995359
230.32,-0.0923136,-0.0244093,-0.995431
230.34,-0.0926276,-0.0248124,-0.995392
230.36,-0.0926125,-0.0242575,-0.995407
230.38,-0.0934451,-0.0243276,-0.995327
230.4,-0.0931141,-0.0242665,-0.99536
230.42,-0.0925671,-0.0244741,-0.995406
230.44,-0.0934969,-0.0236452,-0.995339
230.46,-0.0932661,-0.0249582,-0.995328
230.48,-0.092537,-0.0237845,-0.995425
230.5,-0.093135,-0.0242458,-0.995358
230.52,-0.0937848,-0.0231291,-0.995324
230.54,-0.0926783,-0.024447,-0.995396
230.56,-0.0928716,-0.0244711,-0.995377
230.58,-0.0930047,-0.0252661,-0.995345
230.6,-0.0929672,-0.0240154,-0.99538
230.62,-0.0919237,-0.02455,-0.995463
230.64,-0.0933763,-0.0244256,-0.995331
230.66,-0.0926657,-0.0241417,-0.995405
230.68,-0.0927341,-0.0243511,-0.995393
230.7,-0.0929641,-0.0246122,-0.995365
230.72,-0.0930315,-0.0243733,-0.995365
230.74,-0.0929134,-0.0242453,-0.995379
230.76,-0.0925898,-0.0245333,-0.995402
230.78,-0.0917828,-0.0247651,-0.995471
230.8,-0.0922656,-0.0244328,-0.995435
230.82,-0.0929615,-0.0246204,-0.995365
230.84,-0.0921116,-0.0243996,-0.99545
230.86,-0.0922714,-0.024867,-0.995423
230.88,-0.0918288,-0.025147,-0.995457
230.9,-0.0921031,-0.024031,-0.995459
230.92,-0.0921481,-0.024384,-0.995447
230.94,-0.0933305,-0.0242063,-0.995341
230.96,-0.0929437,-0.0236751,-0.99539
230.98,-0.0926474,-0.0244597,-0.995399
231,-0.092601,-0.0243582,-0.995405
231.02,-0.0931648,-0.0243675,-0.995352
231.04,-0.0936593,-0.023614,-0.995324
231.06,-0.0924644,-0.0240919,-0.995424
231.08,-0.0927019,-0.02435,-0.995396
231.1,-0.0931147,-0.0243719,-0.995357
231.12,-0.0923619,-0.0239941,-0.995436
231.14,-0.0933617,-0.0234157,-0.995357
231.16,-0.0935305,-0.0237745,-0.995333
231.18,-0.0926277,-0.024109,-0.995409
231.2,-0.0929935,-0.0237575,-0.995383
231.22,-0.0927905,-0.0239943,-0.995397
231.24,-0.0921606,-0.0245615,-0.995441
231.26,-0.0924482,-0.0240626,-0.995427
231.28,-0.0924482,-0.0240626,-0.995427
231.3,-0.0928512,-0.0240658,-0.995389
231.32,-0.0925701,-0.0238401,-0.995421
231.34,-0.0921487,-0.0244978,-0.995444
231.36,-0.0929973,-0.0245111,-0.995365
231.38,-0.0923645,-0.0254257,-0.995401
231.4,-0.0930344,-0.0236639,-0.995382
231.42,-0.0927541,-0.0241928,-0.995395
231.44,-0.0929509,-0.0239305,-0.995383
231.46,-0.0927092,-0.0246418,-0.995388
231.48,-0.0925175,-0.0244501,-0.995411
231.5,-0.0930197,-0.0247653,-0.995356
231.52,-0.0930572,-0.0239184,-0.995373
231.54,-0.0924077,-0.0250025,-0.995407
231.56,-0.0929042,-0.0238817,-0.995389
231.58,-0.0930927,-0.0243756,-0.995359
231.6,-0.0923598,-0.024164,-0.995432
231.62,-0.0916413,-0.0250255,-0.995478
231.64,-0.0933715,-0.0241003,-0.99534
231.66,-0.0933089,-0.0248858,-0.995326
231.68,-0.0924577,-0.024773,-0.995408
231.7,-0.093068,-0.0237257,-0.995377
231.72,-0.092574,-0.0240944,-0.995414
231.74,-0.0929958,-0.0245743,-0.995363
231.76,-0.0921103,-0.0244611,-0.995448
231.78,-0.0926921,-0.0247304,-0.995388
231.8,-0.0929037,-0.0242303,-0.99538
231.82,-0.0923889,-0.0247873,-0.995414
231.84,-0.092997,-0.0246579,-0.995361
231.86,-0.0930695,-0.0242983,-0.995363
231.88,-0.0925519,-0.024704,-0.995401
231.9,-0.0923786,-0.0244201,-0.995424
231.92,-0.0924128,-0.0240521,-0.99543
231.94,-0.0930923,-0.0241947,-0.995363
231.96,-0.091983,-0.0250913,-0.995444
231.98,-0.092369,-0.0239955,-0.995436
232,-0.0931317,-0.0243613,-0.995356
232.02,-0.0928892,-0.0245935,-0.995373
232.04,-0.0924503,-0.0250276,-0.995403
232.06,-0.092765,-0.024336,-0.995391
232.08,-0.0925824,-0.0244076,-0.995406
232.1,-0.0923696,-0.0242114,-0.99543
232.12,-0.0922866,-0.024531,-0.99543
232.14,-0.09216,-0.0242725,-0.995448
232.16,-0.0935551,-0.0242253,-0.995319
232.18,-0.0937501,-0.0235516,-0.995317
232.2,-0.0924077,-0.0238337,-0.995436
232.22,-0.091849,-0.0249218,-0.995461
232.24,-0.0934685,-0.0238337,-0.995337
232.26,-0.0933643,-0.0241397,-0.995339
232.28,-0.0931906,-0.0236202,-0.995368
232.3,-0.092649,-0.0244271,-0.995399
232.32,-0.0925173,-0.0244251,-0.995411
232.34,-0.0920576,-0.0243711,-0.995455
232.36,-0.0928506,-0.0248175,-0.995371
232.38,-0.0926662,-0.0242029,-0.995403
232.4,-0.0931599,-0.0241724,-0.995358
232.42,-0.0926219,-0.0240485,-0.995411
232.44,-0.0925097,-0.0242888,-0.995415
232.46,-0.0930675,-0.0243002,-0.995363
232.48,-0.0921558,-0.0244076,-0.995445
232.5,-0.0930465,-0.0243828,-0.995363
232.52,-0.0926858,-0.0237503,-0.995412
232.54,-0.0931623,-0.0241011,-0.995359
232.56,-0.0932033,-0.0236806,-0.995365
232.58,-0.092703,-0.0247496,-0.995386
232.6,-0.0923686,-0.0239679,-0.995436
232.62,-0.0927994,-0.0234974,-0.995408
232.64,-0.0922989,-0.02438,-0.995433
232.66,-0.0923037,-0.0243086,-0.995434
232.68,-0.0929548,-0.0237887,-0.995386
232.7,-0.092618,-0.024544,-0.995399
232.72,-0.0926386,-0.0242046,-0.995406
232.74,-0.0926246,-0.0242671,-0.995405
232.76,-0.0928785,-0.0241176,-0.995385
232.78,-0.0926413,-0.0242192,-0.995405
232.8,-0.0931684,-0.0229012,-0.995387
232.82,-0.0929451,-0.0227637,-0.995411
232.84,-0.0929064,-0.0228881,-0.995412
232.86,-0.0930924,-0.0226281,-0.9954
232.88,-0.0931594,-0.0214818,-0.995419
232.9,-0.093028,-0.0224687,-0.99541
232.92,-0.0928517,-0.0217519,-0.995442
232.94,-0.0937857,-0.0214287,-0.995362
232.96,-0.0933514,-0.0206464,-0.995419
232.98,-0.0931592,-0.0190171,-0.99547
233,-0.0917998,-0.0190104,-0.995596
233.02,-0.0902176,-0.0191798,-0.995737
233.04,-0.0874846,-0.0256435,-0.995836
233.06,-0.0886618,-0.022333,-0.995811
233.08,-0.0883485,-0.0214077,-0.99586
233.1,-0.0883114,-0.021438,-0.995862
233.12,-0.0865684,-0.0203922,-0.996037
233.14,-0.0857816,-0.0179179,-0.996153
233.16,-0.0858386,-0.0184787,-0.996138
233.18,-0.086647,-0.0172021,-0.996091
233.2,-0.0853643,-0.016836,-0.996208
233.22,-0.0863864,-0.0170213,-0.996116
233.24,-0.0854773,-0.0180827,-0.996176
233.26,-0.0854773,-0.0180827,-0.996176
233.28,-0.0818665,-0.0186909,-0.996468
233.3,-0.0811914,-0.020201,-0.996494
233.32,-0.0822193,-0.0185858,-0.996441
233.34,-0.08246,-0.0156557,-0.996471
233.36,-0.0823451,-0.0156659,-0.996481
233.38,-0.0814217,-0.0157118,-0.996556
233.4,-0.0797406,-0.0158487,-0.99669
233.42,-0.0798313,-0.0152817,-0.996691
233.44,-0.0792211,-0.0159856,-0.996729
233.46,-0.0795582,-0.0141716,-0.996729
233.48,-0.0793838,-0.0157986,-0.996719
233.5,-0.0784807,-0.0164741,-0.99678
233.52,-0.0767753,-0.0177201,-0.996891
233.54,-0.0770275,-0.0178802,-0.996869
233.56,-0.0770672,-0.0191657,-0.996842
233.58,-0.0773689,-0.0177445,-0.996845
233.6,-0.0763466,-0.0173698,-0.99693
233.62,-0.0754959,-0.017375,-0.996995
233.64,-0.0753162,-0.0176497,-0.997003
233.66,-0.0734911,-0.0176769,-0.997139
233.68,-0.0727444,-0.017365,-0.997199
233.7,-0.0725762,-0.0161826,-0.997232
233.72,-0.0731384,-0.015057,-0.997208
233.74,-0.0713597,-0.0161334,-0.99732
233.76,-0.0709242,-0.0158928,-0.997355
233.78,-0.0715033,-0.0150094,-0.997327
233.8,-0.06951,-0.0162033,-0.99745
233.82,-0.0702055,-0.0137929,-0.997437
233.84,-0.0675339,-0.0157798,-0.997592
233.86,-0.0677118,-0.0142273,-0.997603
233.88,-0.0674262,-0.0137296,-0.99763
233.9,-0.0648983,-0.0153626,-0.997774
233.92,-0.06312,-0.0124204,-0.997929
233.94,-0.0617084,-0.012602,-0.998015
233.96,-0.0617084,-0.012602,-0.998015
233.98,-0.0578327,-0.0172834,-0.998177
234,-0.0567132,-0.0182694,-0.998223
234.02,-0.0582822,-0.0143066,-0.998198
234.04,-0.0606555,-0.0105678,-0.998103
234.06,-0.0592605,-0.0117148,-0.998174
234.08,-0.0552725,-0.0133186,-0.998382
234.1,-0.0592249,-0.0105657,-0.998189
234.12,-0.0574534,-0.0136294,-0.998255
234.14,-0.059954,-0.0108604,-0.998142
234.16,-0.058001,-0.0122454,-0.998241
234.18,-0.0554137,-0.0145011,-0.998358
234.2,-0.0568637,-0.0130004,-0.998297
234.22,-0.0601179,-0.007554,-0.998163
234.24,-0.0611169,-0.00449164,-0.998121
234.26,-0.0586732,-0.00859864,-0.99824
234.28,-0.0583156,-0.00892289,-0.998258
234.3,-0.0519382,-0.0155442,-0.998529
234.32,-0.0525595,-0.0146983,-0.99851
234.34,-0.0543333,-0.00905878,-0.998482
234.36,-0.0597743,-0.00364588,-0.998205
234.38,-0.0555731,-0.00511879,-0.998442
234.4,-0.0468642,-0.0148263,-0.998791
234.42,-0.0476452,-0.0116709,-0.998796
234.44,-0.0455436,-0.0147881,-0.998853
234.46,-0.0466002,-0.0140617,-0.998815
234.48,-0.0456693,-0.0122022,-0.998882
234.5,-0.0467918,-0.0121359,-0.998831
234.52,-0.0459908,-0.0121957,-0.998867
234.54,-0.0468019,-0.0124887,-0.998826
234.56,-0.0476114,-0.0118061,-0.998796
234.58,-0.0474915,-0.0125893,-0.998792
234.6,-0.0466565,-0.0132939,-0.998823
234.62,-0.0481381,-0.0135828,-0.998748
234.64,-0.0460785,-0.0133735,-0.998848
234.66,-0.0468428,-0.0136347,-0.998809
234.68,-0.0482448,-0.0135578,-0.998744
234.7,-0.0473162,-0.0135979,-0.998787
234.72,-0.0483242,-0.0132903,-0.998743
234.74,-0.0481433,-0.0138763,-0.998744
234.76,-0.0485113,-0.0132973,-0.998734
234.78,-0.0481204,-0.0133487,-0.998752
234.8,-0.0483363,-0.0135445,-0.998739
234.82,-0.0480959,-0.013593,-0.99875
234.84,-0.0485651,-0.0133245,-0.998731
234.86,-0.0481122,-0.0132583,-0.998754
234.88,-0.0472646,-0.0136794,-0.998789
234.9,-0.0478477,-0.0124212,-0.998777
234.92,-0.0485377,-0.012078,-0.998748
234.94,-0.0479293,-0.0125636,-0.998772
234.96,-0.048008,-0.0124998,-0.998769
234.98,-0.0485,-0.0127507,-0.998742
235,-0.0476649,-0.0126649,-0.998783
235.02,-0.0487198,-0.0132002,-0.998725
235.04,-0.0486035,-0.0122356,-0.998743
235.06,-0.0493588,-0.0120208,-0.998709
235.08,-0.0474008,-0.0141521,-0.998776
235.1,-0.0481518,-0.0122058,-0.998765
235.12,-0.0478429,-0.0130551,-0.99877
235.14,-0.0474141,-0.0133713,-0.998786
235.16,-0.0475648,-0.0131518,-0.998782
235.18,-0.0474514,-0.0135481,-0.998782
235.2,-0.0477245,-0.0122318,-0.998786
235.22,-0.0474741,-0.0126028,-0.998793
235.24,-0.0477262,-0.0121631,-0.998786
235.26,-0.0475174,-0.0119323,-0.998799
235.28,-0.04722,-0.0122288,-0.99881
235.3,-0.0474445,-0.0133525,-0.998785
235.32,-0.0477272,-0.0119658,-0.998789
235.34,-0.0468704,-0.0130563,-0.998816
235.36,-0.0481533,-0.0122026,-0.998765
235.38,-0.0472922,-0.0124975,-0.998803
235.4,-0.0470228,-0.0122796,-0.998818
235.42,-0.0473376,-0.0119105,-0.998808
235.44,-0.0464856,-0.0125399,-0.99884
235.46,-0.0469625,-0.0121355,-0.998823
235.48,-0.0463364,-0.0118025,-0.998856
235.5,-0.04716,-0.0114037,-0.998822
235.52,-0.0470067,-0.0119033,-0.998824
235.54,-0.0469271,-0.0115634,-0.998831
235.56,-0.0471334,-0.0119432,-0.998817
235.58,-0.0476326,-0.0123511,-0.998789
235.6,-0.0468477,-0.0125099,-0.998824
235.62,-0.0479655,-0.0122761,-0.998774
235.64,-0.0478654,-0.0114869,-0.998788
235.66,-0.0473557,-0.0129161,-0.998795
235.68,-0.0479992,-0.0133409,-0.998758
235.7,-0.0474004,-0.0111678,-0.998814
235.72,-0.047008,-0.0124443,-0.998817
235.74,-0.047503,-0.0123047,-0.998795
235.76,-0.0465684,-0.0119664,-0.998843
235.78,-0.0480021,-0.0130158,-0.998762
235.8,-0.0478265,-0.0116524,-0.998788
235.82,-0.0447869,-0.0103838,-0.998943
235.84,-0.0447413,-0.0104381,-0.998944
235.86,-0.0448132,-0.0106584,-0.998939
235.88,-0.0442847,-0.0101761,-0.998967
235.9,-0.0445931,-0.0097668,-0.998957
235.92,-0.0440578,-0.0105612,-0.998973
235.94,-0.0436844,-0.0106099,-0.998989
235.96,-0.046146,-0.0118089,-0.998865
235.98,-0.0455445,-0.0123536,-0.998886
236,-0.0462315,-0.0123847,-0.998854
236.02,-0.04099,-0.0111166,-0.999098
236.04,-0.0428122,-0.0134002,-0.998993
236.06,-0.0438457,-0.0130549,-0.998953
236.08,-0.0425547,-0.0126955,-0.999013
236.1,-0.044016,-0.0132115,-0.998943
236.12,-0.042387,-0.0120045,-0.999029
236.14,-0.041656,-0.0127754,-0.99905
236.16,-0.0415027,-0.012179,-0.999064
236.18,-0.0400649,-0.0120826,-0.999124
236.2,-0.0402616,-0.0140229,-0.999091
236.22,-0.0399576,-0.0128971,-0.999118
236.24,-0.0384963,-0.0140817,-0.99916
236.26,-0.0386887,-0.0135866,-0.999159
236.28,-0.0389393,-0.0115425,-0.999175
236.3,-0.0408798,-0.0111071,-0.999102
236.32,-0.0386005,-0.0121236,-0.999181
236.34,-0.0369599,-0.0101444,-0.999265
236.36,-0.036997,-0.00658054,-0.999294
236.38,-0.0358285,-0.00965947,-0.999311
236.4,-0.0318185,-0.00854761,-0.999457
236.42,-0.0319965,-0.00699666,-0.999463
236.44,-0.0307516,-0.0076463,-0.999498
236.46,-0.0306893,-0.00556654,-0.999513
236.48,-0.0274886,-0.00521219,-0.999609
236.5,-0.0291535,-0.00549082,-0.99956
236.52,-0.0315657,-0.00465702,-0.999491
236.54,-0.0306617,-0.00456344,-0.999519
236.56,-0.0346959,-0.0024363,-0.999395
236.58,-0.0370706,-0.00131988,-0.999312
236.6,-0.0406714,-0.00128996,-0.999172
236.62,-0.0425547,0.0002007,-0.999094
236.64,-0.0442239,0.00108074,-0.999021
236.66,-0.0446273,0.00264298,-0.999
236.68,-0.0425473,0.00322852,-0.999089
236.7,-0.0437017,0.00385361,-0.999037
236.72,-0.0438878,0.0053433,-0.999022
236.74,-0.0411669,0.00452255,-0.999142
236.76,-0.0410324,0.0049991,-0.999145
236.78,-0.0433122,0.00374148,-0.999055
236.8,-0.04494,0.00284644,-0.998986
236.82,-0.0454552,0.00228312,-0.998964
236.84,-0.0486631,0.00446992,-0.998805
236.86,-0.0481627,0.00323213,-0.998834
236.88,-0.0486716,0.00182553,-0.998813
236.9,-0.0495881,0.00223826,-0.998767
236.92,-0.05038,0.0012344,-0.998729
236.94,-0.0519851,0.00140235,-0.998647
236.96,-0.0500659,0.000143355,-0.998746
236.98,-0.0517538,0.00100323,-0.998659
237,-0.0521431,0.00203406,-0.998638
237.02,-0.0488668,0.00255299,-0.998802
237.04,-0.0492723,0.00378139,-0.998778
237.06,-0.0507988,0.00461635,-0.998698
237.08,-0.0501213,0.00444345,-0.998733
237.1,-0.0508508,0.00611152,-0.998688
237.12,-0.0500207,0.00650368,-0.998727
237.14,-0.0476667,0.00676793,-0.99884
237.16,-0.047817,0.00620707,-0.998837
237.18,-0.0464603,0.0066365,-0.998898
237.2,-0.0465359,0.00727877,-0.99889
237.22,-0.0468683,0.0063947,-0.998881
237.24,-0.0473861,0.00896516,-0.998836
237.26,-0.0449619,0.0073951,-0.998961
237.28,-0.0434446,0.00859123,-0.999019
237.3,-0.0412365,0.00943047,-0.999105
237.32,-0.0408159,0.00897832,-0.999126
237.34,-0.0426164,0.0112681,-0.999028
237.36,-0.0413524,0.0108791,-0.999085
237.38,-0.0418614,0.0105718,-0.999067
237.4,-0.0404719,0.0107095,-0.999123
237.42,-0.0413798,0.0109294,-0.999084
237.44,-0.0411985,0.0119091,-0.99908
237.46,-0.040498,0.0132312,-0.999092
237.48,-0.0398835,0.0146306,-0.999097
237.5,-0.0402177,0.0157586,-0.999067
237.52,-0.0389962,0.0157157,-0.999116
237.54,-0.0380495,0.0104742,-0.999221
237.56,-0.0379715,0.0111541,-0.999217
237.58,-0.0386809,0.0113203,-0.999187
237.6,-0.0398797,0.0115034,-0.999138
237.62,-0.0382651,0.011942,-0.999196
237.64,-0.039228,0.0120043,-0.999158
237.66,-0.0393343,0.012494,-0.999148
237.68,-0.0392006,0.0100856,-0.99918
237.7,-0.0382158,0.0087869,-0.999231
237.72,-0.0370955,0.00851679,-0.999275
237.74,-0.0375137,0.00882564,-0.999257
237.76,-0.0371547,0.00925473,-0.999267
237.78,-0.0349279,0.00972056,-0.999343
237.8,-0.0348029,0.0099386,-0.999345
237.82,-0.036796,0.0111567,-0.999261
237.84,-0.0355141,0.00993941,-0.99932
237.86,-0.0321321,0.00601479,-0.999466
237.88,-0.0318436,0.00500427,-0.99948
237.9,-0.0333869,0.00505909,-0.99943
237.92,-0.0341458,0.0063682,-0.999397
237.94,-0.0348624,0.00697928,-0.999368
237.96,-0.0336116,0.00490984,-0.999423
237.98,-0.0358643,0.00684012,-0.999333
238,-0.0360911,0.00475502,-0.999337
238.02,-0.0371697,0.00581125,-0.999292
238.04,-0.0367304,0.00546868,-0.99931
238.06,-0.0380282,0.00516548,-0.999263
238.08,-0.0383319,0.00359371,-0.999259
238.1,-0.038545,0.00367878,-0.99925
238.12,-0.0397053,0.00389271,-0.999204
238.14,-0.0398689,0.00412297,-0.999196
238.16,-0.0413726,0.00439797,-0.999134
238.18,-0.0410114,0.00294285,-0.999154
238.2,-0.0400381,0.00182928,-0.999196
238.22,-0.041155,0.00163156,-0.999151
238.24,-0.0448728,0.00340105,-0.998987
238.26,-0.0460217,0.00268697,-0.998937
238.28,-0.046051,0.00041406,-0.998939
238.3,-0.0459697,-0.00125918,-0.998942
238.32,-0.0510679,0.00156576,-0.998694
238.34,-0.0455439,-0.00285513,-0.998958
238.36,-0.0465721,-0.00323613,-0.99891
238.38,-0.0473876,-0.00174519,-0.998875
238.4,-0.048567,-0.00175803,-0.998818
238.42,-0.0520745,0.00245959,-0.99864
238.44,-0.0521128,0.000492523,-0.998641
238.46,-0.058049,0.00856702,-0.998277
238.48,-0.0579373,0.00961052,-0.998274
238.5,-0.0574831,0.00578681,-0.99833
238.52,-0.0584791,0.00773387,-0.998259
238.54,-0.0630809,0.0100239,-0.997958
238.56,-0.0645218,0.011829,-0.997846
238.58,-0.0628049,0.0090601,-0.997985
238.6,-0.0532664,0.00353614,-0.998574
238.62,-0.0534551,0.00189142,-0.998568
238.64,-0.051348,0.00119679,-0.99868
238.66,-0.0532702,0.00382686,-0.998573
238.68,-0.0557621,0.00550103,-0.998429
238.7,-0.0532247,0.00519888,-0.998569
238.72,-0.0549743,0.00568573,-0.998472
238.74,-0.0524919,0.00430315,-0.998612
238.76,-0.0532206,0.00382841,-0.998575
238.78,-0.0547984,0.00331595,-0.998492
238.8,-0.0526581,0.0025659,-0.998609
238.82,-0.0556457,0.00569684,-0.998434
238.84,-0.0561805,0.00539275,-0.998406
238.86,-0.0568324,0.00630958,-0.998364
238.88,-0.0553044,0.00428281,-0.99846
238.9,-0.055317,0.00387173,-0.998461
238.92,-0.0539038,0.00495123,-0.998534
238.94,-0.0520358,0.00292152,-0.998641
238.96,-0.0507863,0.00427279,-0.9987
238.98,-0.0516417,0.00441943,-0.998656
239,-0.0549445,0.00384483,-0.998482
239.02,-0.0521136,0.00373096,-0.998634
239.04,-0.0518416,0.00487733,-0.998643
239.06,-0.0506668,0.00418687,-0.998707
239.08,-0.0505835,0.00417623,-0.998711
239.1,-0.0502486,0.00480305,-0.998725
239.12,-0.0492509,0.00576547,-0.99877
239.14,-0.04703,0.00434862,-0.998884
239.16,-0.0474327,0.00596681,-0.998857
239.18,-0.0461067,0.00480364,-0.998925
239.2,-0.0461161,0.00477152,-0.998925
239.22,-0.0452077,0.0038919,-0.99897
239.24,-0.0432815,0.00416293,-0.999054
239.26,-0.0415807,0.00464342,-0.999124
239.28,-0.0409153,0.00542274,-0.999148
239.3,-0.0421625,0.0068144,-0.999088
239.32,-0.0401668,0.00645429,-0.999172
239.34,-0.0389106,0.00620166,-0.999223
239.36,-0.0386108,0.00575673,-0.999238
239.38,-0.0379583,0.00595582,-0.999262
239.4,-0.0377584,0.00653446,-0.999266
239.42,-0.0389376,0.00820049,-0.999208
239.44,-0.039187,0.0075817,-0.999203
239.46,-0.0373671,0.00827755,-0.999267
239.48,-0.0374502,0.00790634,-0.999267
239.5,-0.0383985,0.00905384,-0.999221
239.52,-0.0382302,0.0105293,-0.999213
239.54,-0.0389541,0.0109947,-0.999181
239.56,-0.03908,0.011235,-0.999173
239.58,-0.0368999,0.0105587,-0.999263
239.6,-0.0369137,0.0105592,-0.999263
239.62,-0.0368542,0.011479,-0.999255
239.64,-0.0353048,0.0115598,-0.99931
239.66,-0.0360467,0.0116923,-0.999282
239.68,-0.0344926,0.0105354,-0.999349
239.7,-0.0325441,0.00756054,-0.999442
239.72,-0.0329119,0.0072343,-0.999432
239.74,-0.0334502,0.00768528,-0.999411
239.76,-0.0324073,0.00703994,-0.99945
239.78,-0.0316518,0.00681007,-0.999476
239.8,-0.0312646,0.00818426,-0.999478
239.82,-0.031199,0.00839245,-0.999478
239.84,-0.0313794,0.0090636,-0.999466
239.86,-0.0310208,0.00800657,-0.999487
239.88,-0.0291902,0.00857072,-0.999537
239.9,-0.0296878,0.00805185,-0.999527
239.92,-0.0296419,0.00614779,-0.999542
239.94,-0.0293986,0.0065411,-0.999546
239.96,-0.0291388,0.00538556,-0.999561
239.98,-0.0298132,0.00427666,-0.999546
240,-0.0290409,0.00306737,-0.999574
240.02,-0.0293371,0.00261826,-0.999566
240.04,-0.0315217,0.0036211,-0.999497
240.06,-0.0303808,0.00372713,-0.999531
240.08,-0.0305098,0.00274273,-0.999531
240.1,-0.0316417,0.00391754,-0.999492
240.12,-0.0327572,0.00191624,-0.999462
240.14,-0.0420163,0.00949618,-0.999072
240.16,-0.0379958,0.0065188,-0.999257
240.18,-0.038731,0.00662913,-0.999228
240.2,-0.0410628,0.00675062,-0.999134
240.22,-0.0397674,0.00502736,-0.999196
240.24,-0.0394923,0.00342403,-0.999214
240.26,-0.0388145,0.00168086,-0.999245
240.28,-0.0360047,-0.000989019,-0.999351
240.3,-0.0340384,-0.00374048,-0.999414
240.32,-0.0407617,0.00161664,-0.999168
240.34,-0.0413368,0.00173245,-0.999144
240.36,-0.0439272,0.00527128,-0.999021
240.38,-0.0447858,0.00461572,-0.998986
240.4,-0.0454093,0.00425793,-0.998959
240.42,-0.0470881,0.00558013,-0.998875
240.44,-0.0457285,0.00403317,-0.998946
240.46,-0.0464726,0.00333391,-0.998914
240.48,-0.046477,0.00358995,-0.998913
240.5,-0.0448604,0.00224442,-0.998991
240.52,-0.0445765,0.00125684,-0.999005
240.54,-0.0433398,0.000259677,-0.99906
240.56,-0.0447577,0.00102802,-0.998997
240.58,-0.0478193,0.000298456,-0.998856
240.6,-0.0462523,-0.000122432,-0.99893
240.62,-0.0484181,0.000330165,-0.998827
240.64,-0.0470011,0.000276599,-0.998895
240.66,-0.0483365,0.000931685,-0.998831
240.68,-0.0476627,0.00188426,-0.998862
240.7,-0.0509098,0.00280078,-0.998699
240.72,-0.0506605,0.00250099,-0.998713
240.74,-0.0510808,0.00292621,-0.99869
240.76,-0.0501057,0.00297832,-0.998739
240.78,-0.0518393,0.00449246,-0.998645
240.8,-0.0533506,0.0035442,-0.99857
240.82,-0.052295,0.00229012,-0.998629
240.84,-0.0537565,0.00288958,-0.99855
240.86,-0.0509231,0.00105643,-0.998702
240.88,-0.0517759,0.0021081,-0.998657
240.9,-0.0541764,0.00398301,-0.998523
240.92,-0.0516969,0.003413,-0.998657
240.94,-0.0516544,0.00455759,-0.998655
240.96,-0.0516178,0.00530695,-0.998653
240.98,-0.0504303,0.00548761,-0.998713
241,-0.0503393,0.00480483,-0.998721
241.02,-0.048891,0.00430595,-0.998795
241.04,-0.0468604,0.00447901,-0.998891
241.06,-0.0489306,0.00351702,-0.998796
241.08,-0.0481756,0.0032084,-0.998834
241.1,-0.0468638,0.00369857,-0.998894
241.12,-0.0448391,0.00390488,-0.998987
241.14,-0.0439312,0.00519152,-0.999021
241.16,-0.0436224,0.00639699,-0.999028
241.18,-0.0455461,0.00508616,-0.998949
241.2,-0.04455,0.00470074,-0.998996
241.22,-0.043367,0.00564539,-0.999043
241.24,-0.0410248,0.00693891,-0.999134
241.26,-0.040181,0.00539597,-0.999178
241.28,-0.0395578,0.00423407,-0.999208
241.3,-0.0460231,0.00400969,-0.998932
241.32,-0.0462586,0.00436288,-0.99892
241.34,-0.0454918,0.00481112,-0.998953
241.36,-0.0449138,0.0051083,-0.998978
241.38,-0.0432184,0.00528432,-0.999052
241.4,-0.0425597,0.00254979,-0.999091
241.42,-0.0421708,0.00237776,-0.999108
241.44,-0.0422256,0.0028422,-0.999104
241.46,-0.0422524,0.00329186,-0.999102
241.48,-0.0398879,0.00351059,-0.999198
241.5,-0.0396049,0.00342484,-0.99921
241.52,-0.0391498,0.00363182,-0.999227
241.54,-0.0382951,0.0044656,-0.999256
241.56,-0.0384877,0.00325196,-0.999254
241.58,-0.0368362,0.0037877,-0.999314
241.6,-0.0395252,0.00308936,-0.999214
241.62,-0.0364035,0.00361761,-0.999331
241.64,-0.034923,0.00357302,-0.999384
241.66,-0.0358413,0.00242614,-0.999355
241.68,-0.034903,0.00214095,-0.999388
241.7,-0.0345733,0.00190599,-0.9994
241.72,-0.0346336,0.0015572,-0.999399
241.74,-0.0341332,0.000962372,-0.999417
241.76,-0.0333465,0.00104927,-0.999443
241.78,-0.0326451,-2.26601e-07,-0.999467
241.8,-0.0323443,0.000430156,-0.999477
241.82,-0.030618,0.000232858,-0.999531
241.84,-0.0301446,0.0007459,-0.999545
241.86,-0.0299912,0.00110601,-0.99955
241.88,-0.0308228,0.000119706,-0.999525
241.9,-0.030076,0.00171489,-0.999546
241.92,-0.0303269,0.00181426,-0.999538
241.94,-0.0304159,0.00110094,-0.999537
241.96,-0.0307719,0.000877188,-0.999526
241.98,-0.0303286,0.000217466,-0.99954
242,-0.0308716,0.000181837,-0.999523
242.02,-0.0305691,0.00017747,-0.999533
242.04,-0.0312647,0.000354126,-0.999511
242.06,-0.0322754,-0.00196494,-0.999477
242.08,-0.0325946,-0.000664122,-0.999468
242.1,-0.0324958,-0.000285144,-0.999472
242.12,-0.0313961,0.000997694,-0.999507
242.14,-0.0311392,0.0003511,-0.999515
242.16,-0.0315813,-0.000142791,-0.999501
242.18,-0.0321566,-0.000693337,-0.999483
242.2,-0.0327624,-0.00122367,-0.999462
242.22,-0.0326572,-0.000876577,-0.999466
242.24,-0.031409,-0.000885434,-0.999506
242.26,-0.0319079,-0.000519268,-0.999491
242.28,-0.03358,-0.000180652,-0.999436
242.3,-0.0342642,-0.000772077,-0.999413
242.32,-0.0329696,-0.00170248,-0.999455
242.34,-0.0357112,-0.0006372,-0.999362
242.36,-0.0359066,-0.000853933,-0.999355
242.38,-0.0386228,0.00131376,-0.999253
242.4,-0.036285,0.000273789,-0.999341
242.42,-0.0395086,0.00111461,-0.999219
242.44,-0.0397404,0.00118036,-0.999209
242.46,-0.0398413,0.000588784,-0.999206
242.48,-0.0394264,0.0016794,-0.999221
242.5,-0.0400846,0.00103957,-0.999196
242.52,-0.042425,0.00198419,-0.999098
242.54,-0.0422576,0.00178937,-0.999105
242.56,-0.0428465,0.00186341,-0.99908
242.58,-0.0439891,0.00237523,-0.999029
242.6,-0.0445108,0.00246683,-0.999006
242.62,-0.0443242,0.00283804,-0.999013
242.64,-0.0461943,0.00314667,-0.998928
242.66,-0.0456339,0.00187695,-0.998956
242.68,-0.047478,0.00293741,-0.998868
242.7,-0.0480255,0.00337962,-0.99884
242.72,-0.0468833,0.00299845,-0.998896
242.74,-0.0463345,0.0032278,-0.998921
242.76,-0.047108,0.00224311,-0.998887
242.78,-0.0505152,0.00429136,-0.998714
242.8,-0.0495005,0.00363542,-0.998767
242.82,-0.0497617,0.00443424,-0.998751
242.84,-0.0506643,0.00398535,-0.998708
242.86,-0.0478817,0.00476797,-0.998842
242.88,-0.0489917,0.00581159,-0.998782
242.9,-0.044595,0.00106031,-0.999005
242.92,-0.0475123,0.00195328,-0.998869
242.94,-0.0456066,0.00162613,-0.998958
242.96,-0.0458899,0.00190033,-0.998945
242.98,-0.0456628,0.00360134,-0.99895
243,-0.0454552,0.00383672,-0.998959
243.02,-0.045167,0.00413487,-0.998971
243.04,-0.045222,0.00505588,-0.998964
243.06,-0.0432164,0.00377097,-0.999059
243.08,-0.0449353,0.0032208,-0.998985
243.1,-0.0433766,0.00269893,-0.999055
243.12,-0.0458482,0.00299521,-0.998944
243.14,-0.0466661,0.00370392,-0.998904
243.16,-0.044163,0.00349647,-0.999018
243.18,-0.046985,0.00447711,-0.998886
243.2,-0.0445609,0.0044074,-0.998997
243.22,-0.045199,0.00401973,-0.99897
243.24,-0.0437466,0.00429804,-0.999033
243.26,-0.0436185,0.00449938,-0.999038
243.28,-0.0420935,0.00320722,-0.999109
243.3,-0.0410894,0.0036066,-0.999149
243.32,-0.0399135,0.00400816,-0.999195
243.34,-0.0391377,0.00412469,-0.999225
243.36,-0.0388401,0.00423299,-0.999236
243.38,-0.0428247,0.00170659,-0.999081
243.4,-0.043165,0.000831618,-0.999068
243.42,-0.0431073,0.00250579,-0.999067
243.44,-0.0423125,0.00149487,-0.999103
243.46,-0.0411356,0.0015753,-0.999152
243.48,-0.0415697,0.00202835,-0.999134
243.5,-0.0391811,0.0013269,-0.999231
243.52,-0.0405042,0.00220677,-0.999177
243.54,-0.0363976,0.00519432,-0.999324
243.56,-0.0360529,0.00483487,-0.999338
243.58,-0.0357161,0.00358731,-0.999356
243.6,-0.0345904,0.00393732,-0.999394
243.62,-0.0348274,0.00356768,-0.999387
243.64,-0.036241,0.00429527,-0.999334
243.66,-0.0383433,0.00209152,-0.999262
243.68,-0.0365443,0.0020507,-0.99933
243.7,-0.0365146,0.0020962,-0.999331
243.72,-0.0334547,0.00197715,-0.999438
243.74,-0.0328431,0.00109468,-0.99946
243.76,-0.0335559,0.00178211,-0.999435
243.78,-0.0320061,6.88464e-05,-0.999488
243.8,-0.0321909,0.00068668,-0.999482
243.82,-0.0340231,0.0018563,-0.999419
243.84,-0.0329611,0.00151302,-0.999455
243.86,-0.0329673,0.0017731,-0.999455
243.88,-0.0326647,0.000749646,-0.999466
243.9,-0.0318158,0.00048992,-0.999494
243.92,-0.0322666,0.00167971,-0.999478
243.94,-0.0332528,0.000155209,-0.999447
243.96,-0.0307823,-0.00107994,-0.999526
243.98,-0.0303809,0.00088963,-0.999538
244,-0.0298273,0.00109703,-0.999554
244.02,-0.0299145,0.000574932,-0.999552
244.04,-0.0299788,0.000139578,-0.999551
244.06,-0.0295529,-0.000548925,-0.999563
244.08,-0.0286905,-0.000823887,-0.999588
244.1,-0.0297477,-0.00148028,-0.999556
244.12,-0.0296683,-0.000828228,-0.999559
244.14,-0.0295818,-0.00240888,-0.999559
244.16,-0.029791,-0.000588392,-0.999556
244.18,-0.0304411,-0.000899999,-0.999536
244.2,-0.0299445,-0.000925452,-0.999551
244.22,-0.0318483,-0.000622109,-0.999493
244.24,-0.0303495,-0.00112437,-0.999539
244.26,-0.0304902,-0.0014636,-0.999534
244.28,-0.0315464,-0.000599769,-0.999502
244.3,-0.0320483,-0.000337882,-0.999486
244.32,-0.0324579,-0.000444686,-0.999473
244.34,-0.0325095,-0.00098631,-0.999471
244.36,-0.032956,-0.000839265,-0.999456
244.38,-0.0334066,-0.000718116,-0.999442
244.4,-0.0327268,-0.000651336,-0.999464
244.42,-0.0348249,-0.000312286,-0.999393
244.44,-0.0365236,0.000434516,-0.999333
244.46,-0.0350308,0.000486285,-0.999386
244.48,-0.0349656,-0.000149441,-0.999389
244.5,-0.0341456,-0.000137309,-0.999417
244.52,-0.0358238,0.000679424,-0.999358
244.54,-0.0346494,-0.000158538,-0.9994
244.56,-0.0350154,0.000548943,-0.999387
244.58,-0.0361278,0.000606172,-0.999347
244.6,-0.0359659,0.000498957,-0.999353
244.62,-0.0353289,0.000600109,-0.999376
244.64,-0.0354564,0.000385446,-0.999371
244.66,-0.0356265,-2.50387e-05,-0.999365
244.68,-0.0356016,-0.000579826,-0.999366
244.7,-0.0369742,7.73187e-05,-0.999316
244.72,-0.0377115,-0.000417146,-0.999289
244.74,-0.0379843,0.000693914,-0.999278
244.76,-0.0375337,0.000953207,-0.999295
244.78,-0.0400978,0.0014325,-0.999195
244.8,-0.0390082,0.00230001,-0.999236
244.82,-0.0408352,0.00305693,-0.999161
244.84,-0.0418041,0.00236788,-0.999123
244.86,-0.0419157,0.000959449,-0.999121
244.88,-0.0419038,0.0008841,-0.999121
244.9,-0.0419248,0.000731372,-0.999121
244.92,-0.0431165,0.00137452,-0.999069
244.94,-0.043349,0.00300714,-0.999055
244.96,-0.0448436,0.00332835,-0.998988
244.98,-0.0445545,0.00204961,-0.999005
245,-0.0446744,0.00276691,-0.998998
245.02,-0.0453849,0.0015998,-0.998968
245.04,-0.0465474,0.00289232,-0.998912
245.06,-0.0462681,0.00347248,-0.998923
245.08,-0.0468295,0.00454612,-0.998893
245.1,-0.0470923,0.00419161,-0.998882
245.12,-0.0495595,0.00451812,-0.998761
245.14,-0.0485299,0.00301564,-0.998817
245.16,-0.0467709,0.00276425,-0.998902
245.18,-0.0476394,0.00332381,-0.998859
245.2,-0.0469679,0.000950002,-0.998896
245.22,-0.0467927,0.00108744,-0.998904
245.24,-0.0471744,0.00153995,-0.998885
245.26,-0.0468339,0.00217231,-0.9989
245.28,-0.0467615,0.00200108,-0.998904
245.3,-0.0465598,0.0019086,-0.998914
245.32,-0.0460556,0.00212588,-0.998937
245.34,-0.0461229,0.00260141,-0.998932
245.36,-0.0465284,0.00184065,-0.998915
245.38,-0.0463646,0.00220952,-0.998922
245.4,-0.0467777,0.0022424,-0.998903
245.42,-0.0465559,0.00225356,-0.998913
245.44,-0.0462503,0.0021607,-0.998928
245.46,-0.044701,0.00194065,-0.998999
245.48,-0.0439561,0.00153719,-0.999032
245.5,-0.0437424,0.00119278,-0.999042
245.52,-0.0437462,0.000737105,-0.999042
245.54,-0.0445254,0.00160107,-0.999007
245.56,-0.0443873,0.00141396,-0.999013
245.58,-0.0439109,0.0012353,-0.999035
245.6,-0.0427174,0.00167687,-0.999086
245.62,-0.0425359,0.00288072,-0.999091
245.64,-0.0416228,0.0025212,-0.99913
245.66,-0.04119,0.00252907,-0.999148
245.68,-0.0395841,0.00192563,-0.999214
245.7,-0.039696,0.0024695,-0.999209
245.72,-0.0390969,0.00178975,-0.999234
245.74,-0.0387262,0.00177755,-0.999248
245.76,-0.0381656,0.000878228,-0.999271
245.78,-0.0392012,0.00154476,-0.99923
245.8,-0.0383176,0.000902462,-0.999265
245.82,-0.0393069,0.00195098,-0.999225
245.84,-0.0357989,-0.000190167,-0.999359
245.86,-0.033941,-0.00092101,-0.999423
245.88,-0.0327235,6.46046e-05,-0.999464
245.9,-0.03241,-0.000956249,-0.999474
245.92,-0.0323001,-0.000825474,-0.999478
245.94,-0.0335702,0.000470861,-0.999436
245.96,-0.0325518,-0.000524466,-0.99947
245.98,-0.0324214,-0.000806071,-0.999474
246,-0.033164,-0.00096615,-0.999449
246.02,-0.0315123,-0.00114188,-0.999503
246.04,-0.0333262,-0.000758447,-0.999444
246.06,-0.0321118,-0.00129744,-0.999483
246.08,-0.0324905,-0.00158892,-0.999471
246.1,-0.0319784,0.000212874,-0.999489
246.12,-0.0331536,0.000285152,-0.99945
246.14,-0.0320743,-0.00050293,-0.999485
246.16,-0.0324384,-0.000277121,-0.999474
246.18,-0.0320588,-0.00090425,-0.999486
246.2,-0.0321122,-0.000636023,-0.999484
246.22,-0.0320207,0.000327302,-0.999487
246.24,-0.0316065,7.65655e-05,-0.9995
246.26,-0.0317509,-0.000224896,-0.999496
246.28,-0.0317161,-0.000451245,-0.999497
246.3,-0.0317407,-7.65554e-05,-0.999496
246.32,-0.0316531,-0.000526996,-0.999499
246.34,-0.0315398,-6.17944e-05,-0.999502
246.36,-0.0318379,-0.000272019,-0.999493
246.38,-0.0314739,-0.000317054,-0.999505
246.4,-0.0319882,0.000286055,-0.999488
246.42,-0.0305789,-0.000420236,-0.999532
246.44,-0.0312294,0.00023371,-0.999512
246.46,-0.0314117,-0.000559757,-0.999506
246.48,-0.0316236,6.19547e-05,-0.9995
246.5,-0.030813,-0.0011449,-0.999525
246.52,-0.0315301,-0.000494935,-0.999503
246.54,-0.0315433,0.000983147,-0.999502
246.56,-0.0318605,0.000402742,-0.999492
246.58,-0.032776,0.000370325,-0.999463
246.6,-0.0324061,0.00188627,-0.999473
246.62,-0.0336963,0.00129131,-0.999431
246.64,-0.0333325,0.00132229,-0.999443
246.66,-0.0332071,0.00113325,-0.999448
246.68,-0.0332734,6.87594e-05,-0.999446
246.7,-0.0338053,0.00113606,-0.999428
246.72,-0.0346328,0.00193587,-0.999398
246.74,-0.0353571,0.00186151,-0.999373
246.76,-0.0360263,0.00205903,-0.999349
246.78,-0.0369406,0.00209307,-0.999315
246.8,-0.0369098,0.00314614,-0.999314
246.82,-0.035548,0.000852738,-0.999368
246.84,-0.0354446,0.0009255,-0.999371
246.86,-0.0398498,0.00137591,-0.999205
246.88,-0.0367656,0.00117838,-0.999323
246.9,-0.0380853,0.00282514,-0.99927
246.92,-0.0386356,0.00338014,-0.999248
246.94,-0.0393984,0.00386426,-0.999216
246.96,-0.0367716,0.00140653,-0.999323
246.98,-0.0399778,0.00208049,-0.999198
247,-0.0396507,0.000692045,-0.999213
247.02,-0.0396575,0.00170418,-0.999212
247.04,-0.0422027,0.00201819,-0.999107
247.06,-0.0439127,0.00313011,-0.99903
247.08,-0.0440662,0.00381529,-0.999021
247.1,-0.0448595,0.00348901,-0.998987
247.12,-0.0446273,0.0034943,-0.998998
247.14,-0.0445353,0.00287573,-0.999004
247.16,-0.0427157,0.0019213,-0.999085
247.18,-0.0444563,0.00229337,-0.999009
247.2,-0.044605,0.00220366,-0.999002
247.22,-0.0450324,0.00233817,-0.998983
247.24,-0.0451326,0.000968398,-0.998981
247.26,-0.0451991,0.00116932,-0.998977
247.28,-0.0463441,0.000991127,-0.998925
247.3,-0.04638,0.00126502,-0.998923
247.32,-0.045941,0.000945154,-0.998944
247.34,-0.045937,0.00125341,-0.998944
247.36,-0.0462736,0.00127122,-0.998928
247.38,-0.0462441,0.000738337,-0.99893
247.4,-0.0456884,0.000711029,-0.998955
247.42,-0.0470149,0.00187754,-0.998892
247.44,-0.0462871,0.000451299,-0.998928
247.46,-0.047218,0.00153393,-0.998883
247.48,-0.0461035,0.00147007,-0.998936
247.5,-0.0474245,0.00198081,-0.998873
247.52,-0.0458427,0.00217411,-0.998946
247.54,-0.0453109,0.00118697,-0.998972
247.56,-0.0463902,0.00381655,-0.998916
247.58,-0.046203,0.00427823,-0.998923
247.6,-0.0458971,0.0034795,-0.99894
247.62,-0.046804,0.0028301,-0.9989
247.64,-0.04635,0.00333253,-0.99892
247.66,-0.0461206,0.00296647,-0.998931
247.68,-0.0456036,0.000798648,-0.998959
247.7,-0.0450649,0.0010523,-0.998984
247.72,-0.0447378,0.000971224,-0.998998
247.74,-0.0449407,0.000512116,-0.99899
247.76,-0.045807,0.00217357,-0.998948
247.78,-0.0442859,0.00232176,-0.999016
247.8,-0.0435249,0.00174962,-0.999051
247.82,-0.0437062,0.00160074,-0.999043
247.84,-0.0426205,0.000537186,-0.999091
247.86,-0.0415034,0.000215788,-0.999138
247.88,-0.0404181,0.000605218,-0.999183
247.9,-0.0389143,-0.000170065,-0.999243
247.92,-0.0405912,0.00200412,-0.999174
247.94,-0.0397356,0.00151323,-0.999209
247.96,-0.0394794,0.00112069,-0.99922
247.98,-0.037431,0.000541903,-0.999299
248,-0.0364474,0.000526311,-0.999335
248.02,-0.0359468,0.000204372,-0.999354
248.04,-0.0356315,0.00019414,-0.999365
248.06,-0.0351102,-0.00235001,-0.999381
248.08,-0.0345846,-0.00159195,-0.999401
248.1,-0.0353107,-0.000580527,-0.999376
248.12,-0.0333765,-0.00049475,-0.999443
248.14,-0.0343361,-0.000685705,-0.99941
248.16,-0.0334641,-0.000360629,-0.99944
248.18,-0.0338251,-0.000112906,-0.999428
248.2,-0.0333928,5.45708e-05,-0.999442
248.22,-0.0326134,-0.000300385,-0.999468
248.24,-0.0330707,-0.000551349,-0.999453
248.26,-0.0323861,-0.000582775,-0.999475
248.28,-0.033887,-0.000486188,-0.999426
248.3,-0.0331779,-0.000221303,-0.999449
248.32,-0.0320092,2.63756e-05,-0.999488
248.34,-0.031229,0.000119742,-0.999512
248.36,-0.030957,-6.28335e-05,-0.999521
248.38,-0.0315863,1.446e-05,-0.999501
248.4,-0.0313522,-0.000335377,-0.999508
248.42,-0.0314241,0.000268201,-0.999506
248.44,-0.0299703,0.000597934,-0.999551
248.46,-0.0296978,0.00103744,-0.999558
248.48,-0.0300335,0.00102478,-0.999548
248.5,-0.0303287,0.00169107,-0.999539
248.52,-0.0306476,0.000720386,-0.99953
248.54,-0.0300969,0.000578119,-0.999547
248.56,-0.0294598,0.000263249,-0.999566
248.58,-0.0280935,0.000351661,-0.999605
248.6,-0.027579,0.000758922,-0.999619
248.62,-0.0278467,0.00261746,-0.999609
248.64,-0.0294089,-0.000214572,-0.999567
248.66,-0.0297801,0.000381656,-0.999556
248.68,-0.0306112,0.000985528,-0.999531
248.7,-0.029749,0.000938027,-0.999557
248.72,-0.0304959,0.00170061,-0.999533
248.74,-0.0302551,0.00172157,-0.999541
248.76,-0.0340557,0.00311966,-0.999415
248.78,-0.0334103,0.00273727,-0.999438
248.8,-0.0320027,0.00172765,-0.999486
248.82,-0.0313939,0.00173182,-0.999506
248.84,-0.0303812,0.00196693,-0.999536
248.86,-0.0324582,0.00178669,-0.999471
248.88,-0.033155,0.00119826,-0.99945
248.9,-0.0339869,0.00138957,-0.999421
248.92,-0.0340565,0.00264818,-0.999416
248.94,-0.0359921,0.00249408,-0.999349
248.96,-0.0364718,0.0022998,-0.999332
248.98,-0.0382938,0.0032332,-0.999261
249,-0.0364642,0.00120515,-0.999334
249.02,-0.0372741,0.00170694,-0.999304
249.04,-0.0378718,0.00158206,-0.999281
249.06,-0.0403444,0.0017831,-0.999184
249.08,-0.0404048,0.00055303,-0.999183
249.1,-0.0392507,0.00216452,-0.999227
249.12,-0.0395351,0.0021547,-0.999216
249.14,-0.0398619,0.00238678,-0.999202
249.16,-0.0414994,0.00249652,-0.999135
249.18,-0.0426819,0.00313765,-0.999084
249.2,-0.0435118,0.00303588,-0.999048
249.22,-0.0429415,0.00271274,-0.999074
249.24,-0.0437158,0.00232893,-0.999041
249.26,-0.0437943,0.00301959,-0.999036
249.28,-0.0450753,0.00234109,-0.998981
249.3,-0.0459565,0.00293879,-0.998939
249.32,-0.04853,0.00342974,-0.998816
249.34,-0.0466907,0.00395792,-0.998902
249.36,-0.0477183,0.00422781,-0.998852
249.38,-0.047892,0.00342845,-0.998847
249.4,-0.0481365,0.00359367,-0.998834
249.42,-0.048479,0.00387373,-0.998817
249.44,-0.0473818,0.0030312,-0.998872
249.46,-0.0476614,0.00272678,-0.99886
249.48,-0.0486876,0.00313495,-0.998809
249.5,-0.0487273,0.00305953,-0.998807
249.52,-0.0488697,0.0043635,-0.998796
249.54,-0.0491353,0.00455064,-0.998782
249.56,-0.0485786,0.00414471,-0.998811
249.58,-0.0497973,0.00516171,-0.998746
249.6,-0.0495364,0.00470658,-0.998761
249.62,-0.0504472,0.00403489,-0.998719
249.64,-0.0513559,0.0044006,-0.998671
249.66,-0.0513832,0.00433528,-0.99867
249.68,-0.051539,0.00445143,-0.998661
249.7,-0.0502113,0.00412545,-0.99873
249.72,-0.0495969,0.00389447,-0.998762
249.74,-0.0515205,0.00396634,-0.998664
249.76,-0.0529816,0.00391856,-0.998588
249.78,-0.0515072,0.00465982,-0.998662
249.8,-0.0526423,0.00426192,-0.998604
249.82,-0.0507326,0.00421843,-0.998703
249.84,-0.052036,0.00620658,-0.998626
249.86,-0.0517967,0.00515207,-0.998644
249.88,-0.0483715,0.00491195,-0.998817
249.9,-0.0475312,0.00413025,-0.998861
249.92,-0.048285,0.0034981,-0.998827
249.94,-0.0474219,0.00347602,-0.998869
249.96,-0.0469275,0.0031371,-0.998893
249.98,-0.046456,0.00204224,-0.998918
250,-0.046125,0.0025116,-0.998933
250.02,-0.0444256,0.00184554,-0.999011
250.04,-0.0437874,0.00203155,-0.999039
250.06,-0.0430598,0.00214859,-0.99907
250.08,-0.0428891,0.00163634,-0.999078
250.1,-0.0426293,0.00208017,-0.999089
250.12,-0.0432163,0.00239024,-0.999063
250.14,-0.0425241,0.00246462,-0.999092
250.16,-0.0407304,0.00237898,-0.999167
250.18,-0.0406677,0.00121202,-0.999172
250.2,-0.0415997,0.00156805,-0.999133
250.22,-0.0406956,0.00109075,-0.999171
250.24,-0.0405582,0.00126724,-0.999176
250.26,-0.0398463,0.00139477,-0.999205
250.28,-0.0404222,0.00237321,-0.99918
250.3,-0.039577,0.00154696,-0.999215
250.32,-0.0384458,0.00171516,-0.999259
250.34,-0.0368892,0.00288375,-0.999315
250.36,-0.0369886,0.00142841,-0.999315
250.38,-0.036638,0.00161311,-0.999327
250.4,-0.0357744,0.00158011,-0.999359
250.42,-0.0352961,0.00117099,-0.999376
250.44,-0.0352815,0.00153715,-0.999376
250.46,-0.034703,0.00142284,-0.999397
250.48,-0.0341119,0.00120117,-0.999417
250.5,-0.0332726,0.000794583,-0.999446
250.52,-0.0327475,0.0011766,-0.999463
250.54,-0.0318914,0.000998013,-0.999491
250.56,-0.031068,0.000651985,-0.999517
250.58,-0.0305903,0.000624389,-0.999532
250.6,-0.0303401,0.000189117,-0.99954
250.62,-0.0288242,-0.000101478,-0.999584
250.64,-0.0286938,2.85609e-05,-0.999588
250.66,-0.0286909,0.000143423,-0.999588
250.68,-0.0303197,0.000916626,-0.99954
250.7,-0.0299441,0.00111518,-0.999551
250.72,-0.0292253,0.00119142,-0.999572
250.74,-0.0289569,0.00127269,-0.99958
250.76,-0.029558,0.000198726,-0.999563
250.78,-0.0295647,0.000119998,-0.999563
250.8,-0.029346,0.00111752,-0.999569
250.82,-0.0296224,0.00158667,-0.99956
250.84,-0.0294292,0.00168214,-0.999565
250.86,-0.0291497,-0.000106662,-0.999575
250.88,-0.03042,-0.000510355,-0.999537
250.9,-0.0311334,0.000399095,-0.999515
250.92,-0.0315714,-0.000616647,-0.999501
250.94,-0.0311629,0.000608428,-0.999514
250.96,-0.0317161,0.00108021,-0.999496
250.98,-0.0321491,0.00150174,-0.999482
251,-0.0332035,0.00184946,-0.999447
251.02,-0.0331698,0.00194408,-0.999448
251.04,-0.0344982,0.00282807,-0.999401
251.06,-0.0353951,0.00304466,-0.999369
251.08,-0.0366789,0.00378816,-0.99932
251.1,-0.0358412,0.00259305,-0.999354
251.12,-0.0348224,0.00269732,-0.99939
251.14,-0.0365875,0.00326982,-0.999325
251.16,-0.0368971,0.0038175,-0.999312
251.18,-0.0374674,0.00412167,-0.999289
251.2,-0.0377343,0.00330787,-0.999282
251.22,-0.0368983,0.00351144,-0.999313
251.24,-0.0388825,0.00421844,-0.999235
251.26,-0.0376253,0.00360036,-0.999285
251.28,-0.0374601,0.00496341,-0.999286
251.3,-0.037974,0.00546336,-0.999264
251.32,-0.0422058,0.0065591,-0.999087
251.34,-0.040611,0.00615597,-0.999156
251.36,-0.0409009,0.00697811,-0.999139
251.38,-0.0410865,0.00665533,-0.999133
251.4,-0.0420652,0.00661303,-0.999093
251.42,-0.0425217,0.00602568,-0.999077
251.44,-0.0426733,0.00588408,-0.999072
251.46,-0.043894,0.0057929,-0.999019
251.48,-0.0457472,0.00640574,-0.998933
251.5,-0.0438587,0.00639521,-0.999017
251.52,-0.0438916,0.00704125,-0.999011
251.54,-0.0449388,0.00631371,-0.99897
251.56,-0.0452801,0.00780709,-0.998944
251.58,-0.0449591,0.00853522,-0.998952
251.6,-0.0451308,0.00855112,-0.998944
251.62,-0.0448813,0.00853415,-0.998956
251.64,-0.0457008,0.00859092,-0.998918
251.66,-0.0453266,0.00818469,-0.998939
251.68,-0.0454145,0.00841339,-0.998933
251.7,-0.0454962,0.00832067,-0.99893
251.72,-0.0470693,0.00964138,-0.998845
251.74,-0.0479042,0.00892233,-0.998812
251.76,-0.0479118,0.0089185,-0.998812
251.78,-0.0472944,0.00730246,-0.998854
251.8,-0.0469633,0.00684088,-0.998873
251.82,-0.0484551,0.00730973,-0.998799
251.84,-0.0450605,0.00659054,-0.998963
251.86,-0.0457408,0.00659128,-0.998932
251.88,-0.044597,0.0061176,-0.998986
251.9,-0.0435359,0.0061937,-0.999033
251.92,-0.0437456,0.00651571,-0.999021
251.94,-0.0425256,0.00664957,-0.999073
251.96,-0.0420697,0.00580909,-0.999098
251.98,-0.0414395,0.00627969,-0.999121
252,-0.0413424,0.00620542,-0.999126
252.02,-0.040905,0.00577596,-0.999146
252.04,-0.0420722,0.00597244,-0.999097
252.06,-0.0415189,0.00599023,-0.99912
252.08,-0.0400009,0.0050093,-0.999187
252.1,-0.0400009,0.0050093,-0.999187
252.12,-0.0400009,0.0050093,-0.999187
252.14,-0.0383575,0.00450398,-0.999254
252.16,-0.0385854,0.00274648,-0.999252
252.18,-0.0378362,0.00226827,-0.999281
252.2,-0.0368879,0.00181683,-0.999318
252.22,-0.0363307,0.0019855,-0.999338
252.24,-0.0335706,0.000997419,-0.999436
252.26,-0.0313929,0.00105036,-0.999507
252.28,-0.0294477,0.000559274,-0.999566
252.3,-0.029275,0.000429164,-0.999571
252.32,-0.0289687,0.000564766,-0.99958
252.34,-0.0282592,0.000892784,-0.9996
252.36,-0.0272746,-0.00135419,-0.999627
252.38,-0.0281113,-0.000885053,-0.999604
252.4,-0.0275815,-0.000993227,-0.999619
252.42,-0.0272773,-0.000288681,-0.999628
252.44,-0.0272461,-0.000445325,-0.999629
252.46,-0.0256598,-0.0010667,-0.99967
252.48,-0.0253476,-0.00163144,-0.999677
252.5,-0.0243162,-0.000651277,-0.999704
252.52,-0.0244802,-0.00152904,-0.999699
252.54,-0.0231844,-0.00199779,-0.999729
252.56,-0.0230146,-0.00296102,-0.999731
252.58,-0.0224351,-0.00175838,-0.999747
252.6,-0.0220889,-0.00189063,-0.999754
252.62,-0.0216333,-0.00369671,-0.999759
252.64,-0.0202017,-0.00350682,-0.99979
252.66,-0.0203025,-0.00373088,-0.999787
252.68,-0.0192176,-0.00383815,-0.999808
252.7,-0.0202875,-0.00341317,-0.999788
252.72,-0.0179682,-0.00268867,-0.999835
252.74,-0.0186362,-0.00232702,-0.999824
252.76,-0.0179745,-0.00271449,-0.999835
252.78,-0.0183422,-0.00307854,-0.999827
252.8,-0.0176178,-0.00345832,-0.999839
252.82,-0.0179711,-0.00296102,-0.999834
252.84,-0.017822,-0.00229672,-0.999839
252.86,-0.0195256,-0.00195319,-0.999807
252.88,-0.0198291,-0.00170525,-0.999802
252.9,-0.0193915,-0.00395124,-0.999804
252.92,-0.0184629,-0.00167898,-0.999828
252.94,-0.0187158,-0.00200888,-0.999823
252.96,-0.0194684,-0.0028763,-0.999806
252.98,-0.0210646,-0.00134465,-0.999777
253,-0.0211175,-0.0020562,-0.999775
253.02,-0.0196313,-0.00216737,-0.999805
253.04,-0.0221101,-0.002164,-0.999753
253.06,-0.0222607,-0.00260074,-0.999749
253.08,-0.0252566,-0.000956067,-0.999681
253.1,-0.0243402,-0.00222349,-0.999701
253.12,-0.0253564,-0.00198607,-0.999677
253.14,-0.0228147,-0.00391889,-0.999732
253.16,-0.0242003,-0.00248437,-0.999704
253.18,-0.0240899,-0.0031243,-0.999705
253.2,-0.0208668,-0.00468588,-0.999771
253.22,-0.0175701,-0.00545272,-0.999831
253.24,-0.0184269,-0.00287654,-0.999826
253.26,-0.0197228,-0.00323915,-0.9998
253.28,-0.0187389,-0.00268644,-0.999821
253.3,-0.0184339,-0.0031965,-0.999825
253.32,-0.018427,-0.00459121,-0.99982
253.34,-0.0177865,-0.00350405,-0.999836
253.36,-0.0168999,-0.00152595,-0.999856
253.38,-0.0161362,-0.00184615,-0.999868
253.4,-0.0161462,-0.00339129,-0.999864
253.42,-0.0146881,-0.0021831,-0.99989
253.44,-0.0160151,-0.0021198,-0.99987
253.46,-0.0218749,-0.00249245,-0.999758
253.48,-0.0247839,-0.00322493,-0.999688
253.5,-0.0245752,-0.00251988,-0.999695
253.52,-0.0235332,-0.0028556,-0.999719
253.54,-0.0250421,-0.00278205,-0.999683
253.56,-0.0264042,-0.00193051,-0.999649
253.58,-0.0245824,-0.00163456,-0.999696
253.6,-0.0277489,-0.0021512,-0.999613
253.62,-0.0278154,-0.000630192,-0.999613
253.64,-0.0273696,-9.43787e-06,-0.999625
253.66,-0.0272933,-0.00147663,-0.999626
253.68,-0.0285476,-0.00102173,-0.999592
253.7,-0.0280679,0.000439048,-0.999606
253.72,-0.0287714,0.00116236,-0.999585
253.74,-0.0301739,0.00101746,-0.999544
253.76,-0.0306321,0.00191414,-0.999529
253.78,-0.0336255,0.00139485,-0.999434
253.8,-0.0348496,0.00269465,-0.999389
253.82,-0.0347176,0.00195933,-0.999395
253.84,-0.0376339,0.00393861,-0.999284
253.86,-0.0390411,0.00431658,-0.999228
253.88,-0.0389542,0.00362735,-0.999234
253.9,-0.0394031,0.00457251,-0.999213
253.92,-0.0435588,0.00265842,-0.999047
253.94,-0.0427842,0.0034474,-0.999078
253.96,-0.0423074,0.00461066,-0.999094
253.98,-0.0453695,0.00304012,-0.998966
254,-0.0444429,0.00522029,-0.998998
254.02,-0.044456,0.00472448,-0.999
254.04,-0.0440412,0.00432685,-0.99902
254.06,-0.0459382,0.00394841,-0.998936
254.08,-0.0497464,0.00365721,-0.998755
254.1,-0.0470356,0.00373761,-0.998886
254.12,-0.0484111,0.00601464,-0.998809
254.14,-0.0477246,0.00626875,-0.998841
254.16,-0.0488611,0.0052612,-0.998792
254.18,-0.0469331,0.00669543,-0.998876
254.2,-0.0482071,0.00593524,-0.99882
254.22,-0.0509157,0.00625943,-0.998683
254.24,-0.0481257,0.00658898,-0.99882
254.26,-0.0495954,0.00710981,-0.998744
254.28,-0.0510557,0.00616131,-0.998677
254.3,-0.0508831,0.00669165,-0.998682
254.32,-0.0505036,0.00723626,-0.998698
254.34,-0.0486148,0.00788003,-0.998787
254.36,-0.0482083,0.00767081,-0.998808
254.38,-0.0480433,0.00768924,-0.998816
254.4,-0.0486408,0.00689032,-0.998793
254.42,-0.0478731,0.00640636,-0.998833
254.44,-0.0457772,0.006203,-0.998932
254.46,-0.046656,0.0061873,-0.998892
254.48,-0.0432546,0.00659945,-0.999042
254.5,-0.0414266,0.00666666,-0.999119
254.52,-0.0415091,0.0061327,-0.999119
254.54,-0.0412625,0.0058366,-0.999131
254.56,-0.0418906,0.00552154,-0.999107
254.58,-0.0416532,0.00519521,-0.999119
254.6,-0.0397073,0.00602263,-0.999193
254.62,-0.0390424,0.00549279,-0.999222
254.64,-0.038758,0.00541656,-0.999234
254.66,-0.0378507,0.00577153,-0.999267
254.68,-0.0379811,0.00596235,-0.999261
254.7,-0.0376016,0.00457402,-0.999282
254.72,-0.0352929,0.00411921,-0.999369
254.74,-0.0364521,0.00446228,-0.999325
254.76,-0.0353621,0.00424603,-0.999366
254.78,-0.0334544,0.00230932,-0.999438
254.8,-0.0336107,0.00256975,-0.999432
254.82,-0.0344544,0.00153926,-0.999405
254.84,-0.0330996,0.00347855,-0.999446
254.86,-0.032716,0.00239106,-0.999462
254.88,-0.0303817,0.0016873,-0.999537
254.9,-0.030404,0.0012042,-0.999537
254.92,-0.0295241,0.00185134,-0.999562
254.94,-0.0296974,0.00173844,-0.999557
254.96,-0.0290393,0.000432867,-0.999578
254.98,-0.0277141,-0.000335042,-0.999616
255,-0.0275837,0.000921418,-0.999619
255.02,-0.0271591,0.000457863,-0.999631
255.04,-0.0293016,0.000873121,-0.99957
255.06,-0.0288122,0.000534446,-0.999585
255.08,-0.0293642,3.9689e-05,-0.999569
255.1,-0.0291826,0.00177884,-0.999573
255.12,-0.0283082,0.00115699,-0.999599
255.14,-0.0269314,0.000845066,-0.999637
255.16,-0.0260171,0.00106433,-0.999661
255.18,-0.0240256,0.000826108,-0.999711
255.2,-0.0240364,0.00119878,-0.99971
255.22,-0.0237629,0.00131255,-0.999717
255.24,-0.0230214,0.000756455,-0.999735
255.26,-0.0234239,-0.000948516,-0.999725
255.28,-0.0218494,0.000133899,-0.999761
255.3,-0.0210555,0.000224373,-0.999778
255.32,-0.0210542,-0.000145654,-0.999778
255.34,-0.0224605,0.00013747,-0.999748
255.36,-0.0230726,0.000724827,-0.999734
255.38,-0.0244564,0.00142978,-0.9997
255.4,-0.0274454,0.000992968,-0.999623
255.42,-0.0286699,0.00198237,-0.999587
255.44,-0.0305831,0.00335418,-0.999527
255.46,-0.0309894,0.00306447,-0.999515
255.48,-0.0316734,0.00486437,-0.999486
255.5,-0.0326898,0.00508918,-0.999453
255.52,-0.0317482,0.0048801,-0.999484
255.54,-0.0308012,0.00489148,-0.999514
255.56,-0.0317186,0.00424429,-0.999488
255.58,-0.0314066,0.00542576,-0.999492
255.6,-0.0325947,0.0044889,-0.999459
255.62,-0.0392288,0.00517981,-0.999217
255.64,-0.0404544,0.0041979,-0.999173
255.66,-0.0399949,0.00669513,-0.999177
255.68,-0.0398602,0.00701746,-0.999181
255.7,-0.0405937,0.00736522,-0.999149
255.72,-0.0425054,0.00713381,-0.999071
255.74,-0.03962,0.00891424,-0.999175
255.76,-0.0432272,0.00742538,-0.999038
255.78,-0.0427823,0.0091769,-0.999042
255.8,-0.0434278,0.00916059,-0.999015
255.82,-0.0453028,0.00818284,-0.99894
255.84,-0.0467069,0.00784462,-0.998878
255.86,-0.0469836,0.00915483,-0.998854
255.88,-0.0475231,0.00894787,-0.99883
255.9,-0.0481529,0.00886423,-0.998801
255.92,-0.0495503,0.00897789,-0.998731
255.94,-0.0488536,0.00866415,-0.998768
255.96,-0.0474407,0.00953126,-0.998829
255.98,-0.050962,0.00874944,-0.998662
256,-0.0499633,0.00815586,-0.998718
256.02,-0.0509115,0.00841374,-0.998668
256.04,-0.0508189,0.00740261,-0.99868
256.06,-0.0478886,0.00842675,-0.998817
256.08,-0.0443454,0.00834791,-0.998981
256.1,-0.0449743,0.00817997,-0.998955
256.12,-0.0482895,0.00880589,-0.998795
256.14,-0.0457659,0.00935976,-0.998908
256.16,-0.0460405,0.0108998,-0.99888
256.18,-0.0445373,0.00926134,-0.998965
256.2,-0.0439185,0.00806115,-0.999003
256.22,-0.0435906,0.00828529,-0.999015
256.24,-0.0423529,0.00350436,-0.999097
256.26,-0.0403462,0.00466552,-0.999175
256.28,-0.0382933,0.00463057,-0.999256
256.3,-0.0374171,0.00507332,-0.999287
256.32,-0.0368136,0.0061128,-0.999303
256.34,-0.0441339,0.00463519,-0.999015
256.36,-0.0440718,0.00367908,-0.999022
256.38,-0.0411028,0.00508216,-0.999142
256.4,-0.0419926,0.00485378,-0.999106
256.42,-0.0409339,0.00303059,-0.999157
256.44,-0.0401863,0.00475994,-0.999181
256.46,-0.0368303,-0.000356648,-0.999321
256.48,-0.0333689,0.00153348,-0.999442
256.5,-0.0400821,0.00169287,-0.999195
256.52,-0.0397914,0.0022743,-0.999205
256.54,-0.0404829,0.00152591,-0.999179
256.56,-0.0380823,0.00176844,-0.999273
256.58,-0.0392621,0.000517324,-0.999229
256.6,-0.0405856,-0.00126226,-0.999175
256.62,-0.0437014,-0.000288147,-0.999045
256.64,-0.0390924,-0.00351627,-0.999229
256.66,-0.038712,-0.0026812,-0.999247
256.68,-0.039143,-0.00280229,-0.99923
256.7,-0.0392453,-0.00392651,-0.999222
256.72,-0.0378273,-0.00475431,-0.999273
256.74,-0.0344843,-0.00427844,-0.999396
256.76,-0.0341829,-0.00397575,-0.999408
256.78,-0.0357827,-0.0028838,-0.999355
256.8,-0.0332911,-0.00364312,-0.999439
256.82,-0.0370118,-0.00396574,-0.999307
256.84,-0.0341728,-0.00609632,-0.999397
256.86,-0.0340069,-0.00593079,-0.999404
256.88,-0.0313561,-0.00589901,-0.999491
256.9,-0.0314054,-0.00608207,-0.999488
256.92,-0.0286807,-0.00576165,-0.999572
256.94,-0.0230747,-0.00703903,-0.999709
256.96,-0.0283256,-0.00430195,-0.999589
256.98,-0.0278168,-0.00425548,-0.999604
257,-0.0271984,-0.00314697,-0.999625
257.02,-0.0249243,-0.0025411,-0.999686
257.04,-0.0257022,-0.00210209,-0.999667
257.06,-0.0247645,-0.00268393,-0.99969
257.08,-0.0209215,-0.00187495,-0.999779
257.1,-0.020985,-0.000786987,-0.999779
257.12,-0.0231004,-0.000207788,-0.999733
257.14,-0.0210143,0.000112642,-0.999779
257.16,-0.0221197,0.000630249,-0.999755
257.18,-0.0214113,0.00122618,-0.99977
257.2,-0.0222148,0.00104751,-0.999753
257.22,-0.0236715,0.00192346,-0.999718
257.24,-0.0226163,0.00244867,-0.999741
257.26,-0.0234534,0.00374577,-0.999718
257.28,-0.0260343,0.00466434,-0.99965
257.3,-0.0267896,0.00587237,-0.999624
257.32,-0.0261563,0.00554234,-0.999643
257.34,-0.0296045,0.00747067,-0.999534
257.36,-0.0319989,0.00681796,-0.999465
257.38,-0.0327286,0.00751591,-0.999436
257.4,-0.0347354,0.00709503,-0.999371
257.42,-0.0358813,0.00882657,-0.999317
257.44,-0.0355635,0.00950075,-0.999322
257.46,-0.0361977,0.00870917,-0.999307
257.48,-0.0386067,0.0104285,-0.9992
257.5,-0.0397773,0.00996756,-0.999159
257.52,-0.0428255,0.0110861,-0.999021
257.54,-0.0463615,0.0117013,-0.998856
257.56,-0.0485636,0.0105464,-0.998764
257.58,-0.0500001,0.0110304,-0.998688
257.6,-0.048487,0.012063,-0.998751
257.62,-0.0461309,0.0135699,-0.998843
257.64,-0.0432157,0.0133995,-0.998976
257.66,-0.0413265,0.0124181,-0.999069
257.68,-0.038786,0.0122655,-0.999172
257.7,-0.0370629,0.0105735,-0.999257
257.72,-0.0399391,0.0109071,-0.999143
257.74,-0.0397915,0.0106052,-0.999152
257.76,-0.0383656,0.00925635,-0.999221
257.78,-0.0363681,0.0090038,-0.999298
257.8,-0.0358654,0.00880249,-0.999318
257.82,-0.0341108,0.0095942,-0.999372
257.84,-0.0367547,0.0106587,-0.999267
257.86,-0.0351208,0.00927779,-0.99934
257.88,-0.0334519,0.00931895,-0.999397
257.9,-0.0331142,0.0089389,-0.999412
257.92,-0.0320147,0.00707525,-0.999462
257.94,-0.0299119,0.00717002,-0.999527
257.96,-0.0276639,0.00686897,-0.999594
257.98,-0.0346749,0.00576027,-0.999382
258,-0.0346431,0.00450546,-0.99939
258.02,-0.0316905,0.0040102,-0.99949
258.04,-0.0329852,0.00344125,-0.99945
258.06,-0.0327233,0.00459503,-0.999454
258.08,-0.0331939,0.00412261,-0.99944
258.1,-0.0326485,0.00384635,-0.999459
258.12,-0.0227634,-0.000850583,-0.999741
258.14,-0.0343547,0.00273442,-0.999406
258.16,-0.0307416,-0.00125517,-0.999527
258.18,-0.0335219,0.000182953,-0.999438
258.2,-0.0364617,-0.000289604,-0.999335
258.22,-0.0387387,-0.00135994,-0.999248
258.24,-0.0376111,-0.00179101,-0.999291
258.26,-0.0411234,-0.00149752,-0.999153
258.28,-0.0427253,-0.00279442,-0.999083
258.3,-0.0411586,-0.00153512,-0.999151
258.32,-0.0356104,-0.000476382,-0.999366
258.34,-0.036196,-0.00197815,-0.999343
258.36,-0.0340881,-0.00160426,-0.999418
258.38,-0.0413462,-0.00429562,-0.999136
258.4,-0.0368037,-0.00218913,-0.99932
258.42,-0.0369595,-0.0046521,-0.999306
258.44,-0.0386989,-0.00271166,-0.999247
258.46,-0.0354057,-0.00124022,-0.999372
258.48,-0.0368899,-0.0021935,-0.999317
258.5,-0.036341,-0.00170514,-0.999338
258.52,-0.0372819,-0.00186041,-0.999303
258.54,-0.0358752,-0.000656429,-0.999356
258.56,-0.0352552,-0.0021134,-0.999376
258.58,-0.0339022,-0.00120028,-0.999424
258.6,-0.032707,-0.00136846,-0.999464
258.62,-0.0306556,-0.00230845,-0.999527
258.64,-0.0300308,-0.000526958,-0.999549
258.66,-0.0284967,-0.00072117,-0.999594
258.68,-0.0289635,-0.00314576,-0.999576
258.7,-0.0291564,0.000249453,-0.999575
258.72,-0.0313257,0.0006758,-0.999509
258.74,-0.0317081,2.42998e-05,-0.999497
258.76,-0.0344209,-0.00221951,-0.999405
258.78,-0.0320633,-0.00230218,-0.999483
258.8,-0.0348542,0.000546482,-0.999392
258.82,-0.0342628,0.000925334,-0.999412
258.84,-0.0339582,0.00159796,-0.999422
258.86,-0.0348518,0.00335812,-0.999387
258.88,-0.0356168,0.00318918,-0.99936
258.9,-0.0362856,0.00414783,-0.999333
258.92,-0.0363884,0.0056788,-0.999322
258.94,-0.0374718,0.00427405,-0.999289
258.96,-0.0386514,0.0061758,-0.999234
258.98,-0.0397403,0.00530223,-0.999196
259,-0.0403933,0.00570638,-0.999168
259.02,-0.0426869,0.00594139,-0.999071
259.04,-0.0392716,0.00500644,-0.999216
259.06,-0.040666,0.00559028,-0.999157
259.08,-0.0401637,0.00559039,-0.999177
259.1,-0.0397636,0.00550131,-0.999194
259.12,-0.0379761,0.0069965,-0.999254
259.14,-0.0355315,0.0067785,-0.999346
259.16,-0.0369729,0.00670381,-0.999294
259.18,-0.034367,0.00584694,-0.999392
259.2,-0.032082,0.00730957,-0.999459
259.22,-0.0356969,0.00767772,-0.999333
259.24,-0.0356912,0.00873941,-0.999325
259.26,-0.0320204,0.00678106,-0.999464
259.28,-0.0309585,0.0061862,-0.999502
259.3,-0.0259492,0.00798314,-0.999631
259.32,-0.0249679,0.00670982,-0.999666
259.34,-0.0238404,0.00508134,-0.999703
259.36,-0.0241484,0.00532446,-0.999694
259.38,-0.0229043,0.00675825,-0.999715
259.4,-0.0230431,0.00378791,-0.999727
259.42,-0.0217383,0.00425061,-0.999755
259.44,-0.0212439,0.00654021,-0.999753
259.46,-0.0217128,0.00551494,-0.999749
259.48,-0.0235046,0.00674637,-0.999701
259.5,-0.0239707,0.00863276,-0.999675
259.52,-0.0247945,0.00742395,-0.999665
259.54,-0.0283228,0.00651595,-0.999578
259.56,-0.0289844,0.00528875,-0.999566
259.58,-0.0298955,0.00575758,-0.999536
259.6,-0.0310226,0.00497517,-0.999506
259.62,-0.0311433,0.00591625,-0.999497
259.64,-0.0314605,0.00618064,-0.999486
259.66,-0.0315496,0.00257147,-0.999499
259.68,-0.0316241,0.00631012,-0.99948
259.7,-0.0318953,0.00486019,-0.999479
259.72,-0.0304977,0.00436109,-0.999525
259.74,-0.0301654,0.00391273,-0.999537
259.76,-0.0311314,0.00441793,-0.999506
259.78,-0.029118,0.00369729,-0.999569
259.8,-0.0293109,0.00477032,-0.999559
259.82,-0.0284928,0.00329585,-0.999589
259.84,-0.0288014,0.00322313,-0.99958
259.86,-0.0293002,0.0022473,-0.999568
259.88,-0.0304354,0.0019385,-0.999535
259.9,-0.0300444,0.00246292,-0.999546
259.92,-0.0304179,0.00341457,-0.999531
259.94,-0.0301466,0.00225251,-0.999543
259.96,-0.0282408,0.00318492,-0.999596
259.98,-0.0308871,0.00223713,-0.99952
260,-0.0296719,0.00198467,-0.999558
260.02,-0.0311095,0.00163272,-0.999515
260.04,-0.0308584,0.00258584,-0.99952
260.06,-0.0319174,0.00119351,-0.99949
260.08,-0.0321948,0.00141318,-0.999481
260.1,-0.0320283,0.00242533,-0.999484
260.12,-0.0310223,0.00143466,-0.999518
260.14,-0.0322426,0.00117406,-0.999479
260.16,-0.031872,0.00155008,-0.999491
260.18,-0.0325809,0.00116575,-0.999468
260.2,-0.034213,0.000709363,-0.999414
260.22,-0.0333672,0.000719617,-0.999443
260.24,-0.0330097,0.000505384,-0.999455
260.26,-0.0347187,0.00057231,-0.999397
260.28,-0.0338884,0.000658381,-0.999425
260.3,-0.0374616,0.00333824,-0.999292
260.32,-0.0388892,0.00469522,-0.999232
260.34,-0.0383172,0.00297768,-0.999261
260.36,-0.0382293,0.00188324,-0.999267
260.38,-0.036772,0.00236325,-0.999321
260.4,-0.0366411,0.00213771,-0.999326
260.42,-0.0399158,0.0012556,-0.999202
260.44,-0.0396232,0.00140109,-0.999214
260.46,-0.0418653,0.00105534,-0.999123
260.48,-0.0405621,0.00111981,-0.999176
260.5,-0.0405176,0.00158794,-0.999178
260.52,-0.0361565,0.00181855,-0.999344
260.54,-0.0395904,0.00286318,-0.999212
260.56,-0.0397889,0.00216752,-0.999206
260.58,-0.0396554,0.00213021,-0.999211
260.6,-0.042115,0.000740509,-0.999112
260.62,-0.0426816,0.00284503,-0.999085
260.64,-0.0433034,0.00288467,-0.999058
260.66,-0.0432037,0.00187984,-0.999065
260.68,-0.0457192,0.00155955,-0.998953
260.7,-0.0459406,0.00224683,-0.998942
260.72,-0.044522,0.00210231,-0.999006
260.74,-0.0463112,0.000810711,-0.998927
260.76,-0.0464294,0.00152431,-0.99892
260.78,-0.0493235,0.000277412,-0.998783
260.8,-0.0487176,0.000564112,-0.998812
260.82,-0.0490677,0.000824441,-0.998795
260.84,-0.0504758,0.000813822,-0.998725
260.86,-0.0505526,0.000450465,-0.998721
260.88,-0.0484659,0.000573562,-0.998825
260.9,-0.0496826,0.000520919,-0.998765
260.92,-0.0483617,0.000546539,-0.99883
260.94,-0.0479632,0.000573934,-0.998849
260.96,-0.0482204,0.000710115,-0.998836
260.98,-0.0472535,0.00253243,-0.99888
261,-0.0482709,0.00124237,-0.998834
261.02,-0.0470459,0.00332188,-0.998887
261.04,-0.0460744,0.00342221,-0.998932
261.06,-0.0441181,0.0039805,-0.999018
261.08,-0.0472504,0.00381765,-0.998876
261.1,-0.0479036,0.00193423,-0.99885
261.12,-0.0466858,0.00323932,-0.998904
261.14,-0.0461325,0.00354559,-0.998929
261.16,-0.0482656,0.00356026,-0.998828
261.18,-0.0467951,0.00440841,-0.998895
261.2,-0.0485951,0.00322879,-0.998813
261.22,-0.0469017,0.00449867,-0.998889
261.24,-0.0456876,0.00530246,-0.998942
261.26,-0.046997,0.00465276,-0.998884
261.28,-0.0446088,0.00629456,-0.998985
261.3,-0.0436733,0.00625218,-0.999026
261.32,-0.0426957,0.00618411,-0.999069
261.34,-0.0435962,0.00568063,-0.999033
261.36,-0.0429287,0.00607242,-0.99906
261.38,-0.0434479,0.00592424,-0.999038
261.4,-0.0446123,0.00486319,-0.998993
261.42,-0.040671,0.00610939,-0.999154
261.44,-0.0403029,0.00593083,-0.99917
261.46,-0.0398847,0.0061612,-0.999185
261.48,-0.0369889,0.00403947,-0.999308
261.5,-0.0372216,0.00565656,-0.999291
261.52,-0.0346806,0.00464699,-0.999388
261.54,-0.033312,0.00511796,-0.999432
261.56,-0.0333167,0.00467024,-0.999434
261.58,-0.0334727,0.00371705,-0.999433
261.6,-0.0322894,0.00508712,-0.999466
261.62,-0.0309491,0.00419791,-0.999512
261.64,-0.0314078,0.0030453,-0.999502
261.66,-0.0333906,0.00381342,-0.999435
261.68,-0.0330735,0.00626756,-0.999433
261.7,-0.0302383,0.00438609,-0.999533
261.72,-0.0305724,0.00501173,-0.99952
261.74,-0.0309542,0.00556346,-0.999505
261.76,-0.0310488,0.0045952,-0.999507
261.78,-0.0308438,0.0051645,-0.999511
261.8,-0.030557,0.00446397,-0.999523
261.82,-0.0278634,0.000759778,-0.999611
261.84,-0.030324,0.00254498,-0.999537
261.86,-0.0304304,0.00261849,-0.999533
261.88,-0.0278233,0.00218425,-0.99961
261.9,-0.0285069,0.00182014,-0.999592
261.92,-0.0287542,0.00244566,-0.999584
261.94,-0.0290961,0.00279645,-0.999573
261.96,-0.0282863,0.00300836,-0.999595
261.98,-0.0283149,0.00240207,-0.999596
262,-0.0273453,0.00196927,-0.999624
262.02,-0.0274975,0.00151054,-0.999621
262.04,-0.0281022,0.00170402,-0.999604
262.06,-0.0281459,1.51983e-05,-0.999604
262.08,-0.0287286,0.000294695,-0.999587
262.1,-0.0278992,-2.12621e-05,-0.999611
262.12,-0.0289738,0.000224904,-0.99958
262.14,-0.0287971,0.000851864,-0.999585
262.16,-0.0272171,0.000295243,-0.99963
262.18,-0.0290461,0.00031217,-0.999578
262.2,-0.0293005,0.000420558,-0.999571
262.22,-0.0299514,-0.00022635,-0.999551
262.24,-0.0299638,-0.000741444,-0.999551
262.26,-0.0299797,-0.00165122,-0.999549
262.28,-0.0305412,-0.000155714,-0.999533
262.3,-0.0294994,-0.000567256,-0.999565
262.32,-0.0288158,-0.000134688,-0.999585
262.34,-0.0304398,-7.70673e-05,-0.999537
262.36,-0.0305802,-0.000469389,-0.999532
262.38,-0.0305206,0.000325819,-0.999534
262.4,-0.0293379,-0.000172779,-0.99957
262.42,-0.0325522,0.000884036,-0.99947
262.44,-0.0305919,0.00072766,-0.999532
262.46,-0.0318779,-0.000296476,-0.999492
262.48,-0.0328049,-0.000659808,-0.999462
262.5,-0.0351433,0.00141548,-0.999381
262.52,-0.0362157,0.000832935,-0.999344
262.54,-0.0378088,0.0019788,-0.999283
262.56,-0.0383866,0.00177747,-0.999261
262.58,-0.038768,0.00228884,-0.999246
262.6,-0.0389639,0.00271593,-0.999237
262.62,-0.0381954,0.00253889,-0.999267
262.64,-0.0378228,0.0020578,-0.999282
262.66,-0.0386628,0.0022694,-0.99925
262.68,-0.0400982,0.000726283,-0.999195
262.7,-0.0411152,0.000237551,-0.999154
262.72,-0.0417999,0.00183374,-0.999124
262.74,-0.0413421,0.00216192,-0.999143
262.76,-0.0411727,0.00197981,-0.99915
262.78,-0.0410322,0.00158491,-0.999157
262.8,-0.0413589,0.00117254,-0.999144
262.82,-0.0421341,0.00171926,-0.99911
262.84,-0.0412231,0.00201589,-0.999148
262.86,-0.0432182,0.00138848,-0.999065
262.88,-0.0426792,0.00245827,-0.999086
262.9,-0.0427452,0.0021532,-0.999084
262.92,-0.0420891,0.00287472,-0.99911
262.94,-0.040851,0.00276645,-0.999161
262.96,-0.042353,0.00318885,-0.999098
262.98,-0.0450193,0.00670199,-0.998964
263,-0.0446238,0.00345735,-0.998998
263.02,-0.0450151,0.00257268,-0.998983
263.04,-0.04409,0.00294523,-0.999023
263.06,-0.0443546,0.00222104,-0.999013
263.08,-0.045761,0.00412915,-0.998944
263.1,-0.0458805,0.00492635,-0.998935
263.12,-0.0450643,0.00284767,-0.99898
263.14,-0.0445813,0.00374245,-0.998999
263.16,-0.045883,0.00523013,-0.998933
263.18,-0.0424383,0.00546353,-0.999084
263.2,-0.0429789,0.00472579,-0.999065
263.22,-0.0441254,0.00596239,-0.999008
263.24,-0.0431637,0.00433839,-0.999059
263.26,-0.0447086,0.00542132,-0.998985
263.28,-0.0450882,0.00441222,-0.998973
263.3,-0.0431478,0.00301068,-0.999064
263.32,-0.0424034,0.00598066,-0.999083
263.34,-0.0424544,0.00520078,-0.999085
263.36,-0.0408692,0.00442028,-0.999155
263.38,-0.0397521,0.00447425,-0.9992
263.4,-0.0389302,0.00370242,-0.999235
263.42,-0.0395082,0.00251915,-0.999216
263.44,-0.040068,0.00384484,-0.99919
263.46,-0.0382678,0.00522036,-0.999254
263.48,-0.0375128,0.00429871,-0.999287
263.5,-0.0362251,0.00334174,-0.999338
263.52,-0.0362566,0.00345791,-0.999337
263.54,-0.0366775,0.00413671,-0.999319
263.56,-0.0350003,0.00431799,-0.999378
263.58,-0.0345535,0.00314109,-0.999398
263.6,-0.0336278,0.00331519,-0.999429
263.62,-0.0348375,0.00400902,-0.999385
263.64,-0.035187,0.00427046,-0.999372
263.66,-0.0349329,0.00476341,-0.999378
263.68,-0.0346407,0.00381616,-0.999393
263.7,-0.0330694,0.00369658,-0.999446
263.72,-0.0321708,0.00284128,-0.999478
263.74,-0.0314441,0.00234438,-0.999503
263.76,-0.0330493,0.00366598,-0.999447
263.78,-0.0306104,0.00195344,-0.999529
263.8,-0.031962,0.0032942,-0.999484
263.82,-0.0317572,0.00204452,-0.999494
263.84,-0.0307203,0.00189041,-0.999526
263.86,-0.0316245,0.00305019,-0.999495
263.88,-0.0320266,0.00240265,-0.999484
263.9,-0.0322075,0.00232437,-0.999479
263.92,-0.0303124,0.00177729,-0.999539
263.94,-0.028556,0.00141471,-0.999591
263.96,-0.029111,-0.000544573,-0.999576
263.98,-0.0271746,0.00124769,-0.99963
264,-0.0271388,-0.000611707,-0.999631
264.02,-0.0270766,-0.00030866,-0.999633
264.04,-0.0282773,-0.00120028,-0.999599
264.06,-0.0287296,-0.000570135,-0.999587
264.08,-0.0274242,-0.00142585,-0.999623
264.1,-0.0270404,-0.00201609,-0.999632
264.12,-0.0246676,-0.00200444,-0.999694
264.14,-0.0262034,-0.0006,-0.999656
264.16,-0.0251379,-0.00167515,-0.999683
264.18,-0.0238054,-0.000660428,-0.999716
264.2,-0.0245853,0.000221799,-0.999698
264.22,-0.0249467,-0.00104948,-0.999688
264.24,-0.023597,-0.0017263,-0.99972
264.26,-0.023948,-0.00138354,-0.999712
264.28,-0.0251381,-0.0018342,-0.999682
264.3,-0.025844,-0.000479669,-0.999666
264.32,-0.0238899,-0.00111013,-0.999714
264.34,-0.0230977,-0.00139846,-0.999732
264.36,-0.022941,-0.00100289,-0.999736
264.38,-0.0290411,0.000464319,-0.999578
264.4,-0.0274232,0.000477296,-0.999624
264.42,-0.0276078,0.00155795,-0.999618
264.44,-0.0284427,0.00253488,-0.999592
264.46,-0.0276952,0.00119156,-0.999616
264.48,-0.0281162,3.79618e-05,-0.999605
264.5,-0.0288186,0.00118961,-0.999584
264.52,-0.0292068,0.000195091,-0.999573
264.54,-0.0299203,-0.000246916,-0.999552
264.56,-0.0310758,0.000259023,-0.999517
264.58,-0.0319831,0.00158958,-0.999487
264.6,-0.031542,0.00149747,-0.999501
264.62,-0.0315701,-0.000364916,-0.999501
264.64,-0.032109,0.000475867,-0.999484
264.66,-0.0328462,0.0010146,-0.99946
264.68,-0.0325391,0.00130011,-0.99947
264.7,-0.0335385,0.00185085,-0.999436
264.72,-0.0360334,0.00113321,-0.99935
264.74,-0.0340669,0.00241077,-0.999417
264.76,-0.0348981,0.00270681,-0.999387
264.78,-0.0334297,0.00462375,-0.99943
264.8,-0.0348168,0.00428151,-0.999385
264.82,-0.0363653,0.0025505,-0.999335
264.84,-0.0381141,0.00339171,-0.999268
264.86,-0.0397379,0.0037088,-0.999203
264.88,-0.0403917,0.00236943,-0.999181
264.9,-0.0409533,0.00228563,-0.999158
264.92,-0.0388452,0.00377794,-0.999238
264.94,-0.0393621,0.00371466,-0.999218
264.96,-0.0405478,0.00537659,-0.999163
264.98,-0.0397883,0.00277285,-0.999204
265,-0.0397161,0.00559699,-0.999195
265.02,-0.041488,0.00421339,-0.99913
265.04,-0.039849,0.00401514,-0.999198
265.06,-0.0404157,0.00330279,-0.999177
265.08,-0.0419252,0.00530039,-0.999107
265.1,-0.0427023,0.0051633,-0.999074
265.12,-0.0430798,0.0043038,-0.999062
265.14,-0.0439979,0.00428969,-0.999022
265.16,-0.0447739,0.00407108,-0.998989
265.18,-0.0432725,0.00462997,-0.999053
265.2,-0.0430766,0.00510819,-0.999059
265.22,-0.0426377,0.00454779,-0.99908
265.24,-0.044168,0.00551112,-0.999009
265.26,-0.0417782,0.00518361,-0.999113
265.28,-0.0415541,0.00546452,-0.999121
265.3,-0.0418624,0.00443224,-0.999114
265.32,-0.0437042,0.00522727,-0.999031
265.34,-0.0419867,0.0066204,-0.999096
265.36,-0.040835,0.00505788,-0.999153
265.38,-0.0413645,0.00424043,-0.999135
265.4,-0.0429047,0.00583029,-0.999062
265.42,-0.042509,0.0052583,-0.999082
265.44,-0.0430517,0.00473564,-0.999062
265.46,-0.0425672,0.00527575,-0.99908
265.48,-0.040937,0.00504876,-0.999149
265.5,-0.0410346,0.00489676,-0.999146
265.52,-0.0413079,0.00589651,-0.999129
265.54,-0.0409252,0.00536419,-0.999148
265.56,-0.0402279,0.00393874,-0.999183
265.58,-0.0418676,0.0046412,-0.999112
265.6,-0.0400955,0.0039757,-0.999188
265.62,-0.0390025,0.00410827,-0.999231
265.64,-0.0410211,0.0041423,-0.99915
265.66,-0.0385474,0.0036282,-0.99925
265.68,-0.0391039,0.00362928,-0.999229
265.7,-0.0387219,0.00329698,-0.999245
265.72,-0.0389391,0.00293678,-0.999237
265.74,-0.0375126,0.00223229,-0.999294
265.76,-0.0371049,0.00217455,-0.999309
265.78,-0.0379256,0.00391099,-0.999273
265.8,-0.0380203,0.00354361,-0.999271
265.82,-0.0344146,0.00156365,-0.999406
265.84,-0.0356168,0.00344452,-0.99936
265.86,-0.034902,0.0021938,-0.999388
265.88,-0.0339775,0.00330347,-0.999417
265.9,-0.0351854,0.000162282,-0.999381
265.92,-0.0338434,-0.00156038,-0.999426
265.94,-0.0323667,-0.000509854,-0.999476
265.96,-0.0333777,0.000431029,-0.999443
265.98,-0.0313821,-0.00194249,-0.999506
266,-0.0308486,-0.00118037,-0.999523
266.02,-0.0308258,-0.00115673,-0.999524
266.04,-0.0294139,-0.0018374,-0.999566
266.06,-0.0288865,-0.00169801,-0.999581
266.08,-0.0274176,-0.00118144,-0.999623
266.1,-0.0272522,-0.000866989,-0.999628
266.12,-0.0278187,-0.00073755,-0.999613
266.14,-0.0278578,-0.000399678,-0.999612
266.16,-0.0266881,-0.00105513,-0.999643
266.18,-0.0256854,-0.00120759,-0.999669
266.2,-0.0262438,-0.00197691,-0.999654
266.22,-0.0255544,-0.00256886,-0.99967
266.24,-0.026268,-0.00196023,-0.999653
266.26,-0.0249635,-0.00204234,-0.999686
266.28,-0.0243935,-0.000111969,-0.999702
266.3,-0.0295506,0.000431453,-0.999563
266.32,-0.0281506,0.000734494,-0.999603
266.34,-0.0271979,0.00118558,-0.999629
266.36,-0.0269453,0.00184334,-0.999635
266.38,-0.0265428,0.00191321,-0.999646
266.4,-0.0275267,0.000618831,-0.999621
266.42,-0.0264283,0.000745334,-0.99965
266.44,-0.0269395,0.000157554,-0.999637
266.46,-0.028275,-0.00111383,-0.9996
266.48,-0.0283939,-0.000966023,-0.999596
266.5,-0.0273543,-0.00068974,-0.999626
266.52,-0.0282331,-0.000262745,-0.999601
266.54,-0.0291462,0.000365656,-0.999575
266.56,-0.0286359,0.00047888,-0.99959
266.58,-0.0293934,0.00121928,-0.999567
266.6,-0.0289166,0.00114044,-0.999581
266.62,-0.0290521,0.00165168,-0.999577
266.64,-0.0296813,0.00185916,-0.999558
266.66,-0.0292263,0.0019771,-0.999571
266.68,-0.0269835,0.00381652,-0.999629
266.7,-0.0273846,0.00378844,-0.999618
266.72,-0.0294185,0.00421351,-0.999558
266.74,-0.0302506,0.00335722,-0.999537
266.76,-0.0300704,0.00463458,-0.999537
266.78,-0.0295283,0.00442617,-0.999554
266.8,-0.0302895,0.00476465,-0.99953
266.82,-0.0302324,0.00455096,-0.999533
266.84,-0.0323553,0.00460659,-0.999466
266.86,-0.0327052,0.0043328,-0.999456
266.88,-0.0332181,0.00426749,-0.999439
266.9,-0.0339547,0.00433189,-0.999414
266.92,-0.0347477,0.00391871,-0.999388
266.94,-0.0355573,0.00410292,-0.999359
266.96,-0.0340311,0.00498866,-0.999408
266.98,-0.0360138,0.00558404,-0.999336
267,-0.0371308,0.0056575,-0.999294
267.02,-0.0344732,0.00444844,-0.999396
267.04,-0.037088,0.00494082,-0.9993
267.06,-0.0378871,0.00460227,-0.999271
267.08,-0.0382152,0.00434768,-0.99926
267.1,-0.0379625,0.0043243,-0.99927
267.12,-0.0355832,0.00530375,-0.999353
267.14,-0.0364061,0.00516612,-0.999324
267.16,-0.0355079,0.00264276,-0.999366
267.18,-0.0364919,0.00278559,-0.99933
267.2,-0.0374176,0.00280959,-0.999296
267.22,-0.0378143,0.00379663,-0.999278
267.24,-0.0380411,0.00517421,-0.999263
267.26,-0.0402083,0.00479274,-0.99918
267.28,-0.0402484,0.00429252,-0.99918
267.3,-0.0388934,0.0059818,-0.999225
267.32,-0.0379868,0.00816072,-0.999245
267.34,-0.0383988,0.00800534,-0.99923
267.36,-0.0394997,0.00701774,-0.999195
267.38,-0.0416431,0.0049381,-0.99912
267.4,-0.041506,0.00428797,-0.999129
267.42,-0.0399959,0.00733846,-0.999173
267.44,-0.0397693,0.00806602,-0.999176
267.46,-0.0403532,0.0066755,-0.999163
267.48,-0.0400025,0.00787119,-0.999169
267.5,-0.0401121,0.00726792,-0.999169
267.52,-0.0403462,0.00666662,-0.999164
267.54,-0.0401873,0.00622089,-0.999173
267.56,-0.0402916,0.00668755,-0.999166
267.58,-0.0407618,0.00532112,-0.999155
267.6,-0.0419185,0.00343813,-0.999115
267.62,-0.0415818,0.00458644,-0.999125
267.64,-0.0431977,0.00431993,-0.999057
267.66,-0.0405238,0.00263367,-0.999175
267.68,-0.0416091,0.00281679,-0.99913
267.7,-0.0408888,0.0038971,-0.999156
267.72,-0.0419722,0.00414458,-0.99911
267.74,-0.0395502,0.00187932,-0.999216
267.76,-0.0411246,0.00262593,-0.999151
267.78,-0.0401091,0.00343401,-0.999189
267.8,-0.0402525,0.00357746,-0.999183
267.82,-0.0405478,0.00156337,-0.999176
267.84,-0.0396587,4.07866e-05,-0.999213
267.86,-0.038852,-0.000562749,-0.999245
267.88,-0.0374903,-0.000775212,-0.999297
267.9,-0.0370751,-0.000817285,-0.999312
267.92,-0.0356826,-0.00184568,-0.999361
267.94,-0.0350401,-0.00159605,-0.999385
267.96,-0.0349922,-0.00131744,-0.999387
267.98,-0.0342809,-0.00115458,-0.999412
268,-0.0342972,-0.000574286,-0.999412
268.02,-0.0327972,-0.00072866,-0.999462
268.04,-0.0332568,-0.000363968,-0.999447
268.06,-0.0353572,0.000374742,-0.999375
268.08,-0.034867,-7.39181e-05,-0.999392
268.1,-0.0342923,-0.000740366,-0.999412
268.12,-0.0327672,0.000289203,-0.999463
268.14,-0.0323191,0.000570559,-0.999477
268.16,-0.0319736,0.00138295,-0.999488
268.18,-0.0340075,-0.000169505,-0.999422
268.2,-0.0325437,3.97062e-05,-0.99947
268.22,-0.0326913,-0.000141056,-0.999465
268.24,-0.0308214,0.0012352,-0.999524
268.26,-0.0307212,0.000214637,-0.999528
268.28,-0.0272097,0.000499581,-0.99963
268.3,-0.0299671,0.000750062,-0.999551
268.32,-0.027468,-0.000206935,-0.999623
268.34,-0.0292786,0.00139895,-0.99957
268.36,-0.0248375,-0.0010158,-0.999691
268.38,-0.0279213,0.00159612,-0.999609
268.4,-0.0285757,0.000866339,-0.999591
268.42,-0.0285021,0.00117689,-0.999593
268.44,-0.0284155,0.00198667,-0.999594
268.46,-0.0281137,0.0017946,-0.999603
268.48,-0.0279039,0.00216232,-0.999608
268.5,-0.0277541,0.00220661,-0.999612
268.52,-0.0283049,0.00273365,-0.999596
268.54,-0.0308068,0.0020098,-0.999523
268.56,-0.0313237,0.0021714,-0.999507
268.58,-0.0301842,0.00205172,-0.999542
268.6,-0.0301921,0.00202498,-0.999542
268.62,-0.0279058,0.00418978,-0.999602
268.64,-0.0282924,0.0043254,-0.99959
268.66,-0.0282079,0.00422061,-0.999593
268.68,-0.0286142,0.00445119,-0.999581
268.7,-0.0285649,0.00405003,-0.999584
268.72,-0.0281542,0.00426167,-0.999595
268.74,-0.0281176,0.00451838,-0.999594
268.76,-0.0283614,0.00446212,-0.999588
268.78,-0.0285208,0.00408115,-0.999585
268.8,-0.0286123,0.00399822,-0.999583
268.82,-0.0296728,0.004395,-0.99955
268.84,-0.0301845,0.00424919,-0.999535
268.86,-0.0286253,0.00300451,-0.999586
268.88,-0.0310714,0.00377985,-0.99951
268.9,-0.0320997,0.00478504,-0.999473
268.92,-0.027985,0.00535061,-0.999594
268.94,-0.0306285,0.00314464,-0.999526
268.96,-0.0304163,0.00666722,-0.999515
268.98,-0.028799,0.00526477,-0.999571
269,-0.0306218,0.00412406,-0.999523
269.02,-0.0312243,0.00382532,-0.999505
269.04,-0.033026,0.00386959,-0.999447
269.06,-0.0330618,0.0037003,-0.999446
269.08,-0.0334221,0.00379617,-0.999434
269.1,-0.0331762,0.0048182,-0.999438
269.12,-0.0346991,0.004747,-0.999387
269.14,-0.0348459,0.00441235,-0.999383
269.16,-0.0354279,0.00466883,-0.999361
269.18,-0.03582,0.00420745,-0.999349
269.2,-0.0366172,0.00396627,-0.999321
269.22,-0.0362927,0.00425514,-0.999332
269.24,-0.0343493,0.00411531,-0.999401
269.26,-0.0346252,0.00295129,-0.999396
269.28,-0.0352757,0.002845,-0.999374
269.3,-0.0366504,0.00304369,-0.999324
269.32,-0.0373621,0.00245057,-0.999299
269.34,-0.0361025,0.00423335,-0.999339
269.36,-0.0359733,0.0041047,-0.999344
269.38,-0.0382151,0.00413499,-0.999261
269.4,-0.0388692,0.00411896,-0.999236
269.42,-0.0404614,0.00456061,-0.999171
269.44,-0.041118,0.00258719,-0.999151
269.46,-0.0419567,0.00348944,-0.999113
269.48,-0.0411451,0.0045276,-0.999143
269.5,-0.0428124,0.00321442,-0.999078
269.52,-0.042642,0.00393347,-0.999083
269.54,-0.0433409,0.00364517,-0.999054
269.56,-0.0415407,0.00505453,-0.999124
269.58,-0.0420935,0.00185388,-0.999112
269.6,-0.0418056,0.00248156,-0.999123
269.62,-0.0420487,0.00173963,-0.999114
269.64,-0.042247,0.00204628,-0.999105
269.66,-0.0414595,0.00127738,-0.999139
269.68,-0.0415509,0.00130529,-0.999136
269.7,-0.0418266,0.00149294,-0.999124
269.72,-0.0422872,0.0003998,-0.999105
269.74,-0.0416982,4.39932e-05,-0.99913
269.76,-0.0419403,0.000197628,-0.99912
269.78,-0.0419244,0.000212214,-0.999121
269.8,-0.0415885,-0.000549995,-0.999135
269.82,-0.0413111,-0.000769597,-0.999146
269.84,-0.0406248,-0.000829663,-0.999174
269.86,-0.0412121,-0.000588556,-0.99915
269.88,-0.0406897,-0.00145629,-0.999171
269.9,-0.0401005,-0.000844756,-0.999195
269.92,-0.0383868,-0.00149148,-0.999262
269.94,-0.0379358,-0.00134194,-0.999279
269.96,-0.0379816,-0.00123402,-0.999278
269.98,-0.0376012,-0.00106738,-0.999292
270,-0.0371321,-0.000976135,-0.99931
270.02,-0.0364468,-0.000704177,-0.999335
270.04,-0.0352548,-0.000623185,-0.999378
270.06,-0.034358,-0.000689441,-0.999409
270.08,-0.0351126,-0.000995258,-0.999383
270.1,-0.0359936,-0.000821493,-0.999352
270.12,-0.0347235,-0.000275477,-0.999397
270.14,-0.0374945,0.000526076,-0.999297
270.16,-0.0362567,0.000614589,-0.999342
270.18,-0.0367633,-0.000332251,-0.999324
270.2,-0.0359606,-5.54139e-05,-0.999353
270.22,-0.0349665,-0.000967879,-0.999388
270.24,-0.0341295,0.00027596,-0.999417
270.26,-0.0335745,0.000547686,-0.999436
270.28,-0.0327544,0.00134959,-0.999463
270.3,-0.0321647,0.00114295,-0.999482
270.32,-0.0313285,0.000996858,-0.999509
270.34,-0.0325098,0.000106255,-0.999471
270.36,-0.0319828,0.00035713,-0.999488
270.38,-0.0303986,0.000709933,-0.999538
270.4,-0.0290512,0.000753599,-0.999578
270.42,-0.0307086,0.0026749,-0.999525
270.44,-0.0273058,0.00254492,-0.999624
270.46,-0.0300335,0.00373085,-0.999542
270.48,-0.0300705,0.00261254,-0.999544
270.5,-0.0308193,0.00315019,-0.99952
270.52,-0.0298994,0.00211846,-0.999551
270.54,-0.0304778,0.00405557,-0.999527
270.56,-0.0286979,0.00352702,-0.999582
270.58,-0.0293024,0.00419482,-0.999562
270.6,-0.0290994,0.00406599,-0.999568
270.62,-0.0289613,0.00392466,-0.999573
270.64,-0.029624,0.0054326,-0.999546
270.66,-0.0292299,0.00508366,-0.99956
270.68,-0.0292511,0.00530811,-0.999558
270.7,-0.028591,0.00528364,-0.999577
270.72,-0.0292998,0.00658343,-0.999549
270.74,-0.0271557,0.00469451,-0.99962
270.76,-0.0259745,0.00258257,-0.999659
270.78,-0.0239143,0.00333593,-0.999708
270.8,-0.0256345,0.00247404,-0.999668
270.82,-0.0263171,0.0035356,-0.999647
270.84,-0.0244689,0.00401448,-0.999693
270.86,-0.0249954,0.00373565,-0.999681
270.88,-0.0241719,0.00445517,-0.999698
270.9,-0.0237848,0.0050954,-0.999704
270.92,-0.0248214,0.00277673,-0.999688
270.94,-0.0238294,0.00374411,-0.999709
270.96,-0.0262042,0.00374488,-0.99965
270.98,-0.0269587,0.00366087,-0.99963
271,-0.0270529,0.00349424,-0.999628
271.02,-0.0272828,0.00481716,-0.999616
271.04,-0.0294353,0.00387964,-0.999559
271.06,-0.0288903,0.00282324,-0.999579
271.08,-0.028575,0.00383879,-0.999584
271.1,-0.0299837,0.00356998,-0.999544
271.12,-0.0316067,0.00383908,-0.999493
271.14,-0.0329306,0.0041952,-0.999449
271.16,-0.0316507,0.00371979,-0.999492
271.18,-0.0320194,0.00344317,-0.999481
271.2,-0.0325901,0.00317444,-0.999464
271.22,-0.0338268,0.0044455,-0.999418
271.24,-0.0354004,0.0047349,-0.999362
271.26,-0.0334103,0.00510147,-0.999429
271.28,-0.033689,0.00543796,-0.999418
271.3,-0.0356461,0.00467046,-0.999354
271.32,-0.0342805,0.00340779,-0.999406
271.34,-0.0331677,0.00263025,-0.999446
271.36,-0.0345392,0.00254121,-0.9994
271.38,-0.0352984,0.00150904,-0.999376
271.4,-0.036903,0.00155409,-0.999318
271.42,-0.0378037,0.00177705,-0.999284
271.44,-0.0393924,0.00206546,-0.999222
271.46,-0.0382265,0.00351022,-0.999263
271.48,-0.0379661,0.00227871,-0.999276
271.5,-0.0389181,0.00219659,-0.99924
271.52,-0.0388049,0.00223999,-0.999244
271.54,-0.039644,0.00228169,-0.999211
271.56,-0.0413249,0.00265394,-0.999142
271.58,-0.0404556,0.00284039,-0.999177
271.6,-0.0391654,0.00260194,-0.999229
271.62,-0.0400195,0.0025387,-0.999196
271.64,-0.0399762,0.0029516,-0.999196
271.66,-0.0414805,0.00253891,-0.999136
271.68,-0.0385798,0.00112503,-0.999255
271.7,-0.0382347,3.78668e-05,-0.999269
271.72,-0.0384516,0.000193865,-0.99926
271.74,-0.0402944,-0.000535791,-0.999188
271.76,-0.0400236,0.000758228,-0.999198
271.78,-0.0410819,-0.000230312,-0.999156
271.8,-0.0408428,-0.000181696,-0.999166
271.82,-0.0412188,-0.000251869,-0.99915
271.84,-0.0414329,-0.000191956,-0.999141
271.86,-0.0412669,-0.000144662,-0.999148
271.88,-0.0414745,-9.584e-05,-0.99914
271.9,-0.0410012,-0.000223665,-0.999159
271.92,-0.0408573,-0.00021899,-0.999165
271.94,-0.0410011,9.13579e-05,-0.999159
271.96,-0.041133,0.000324497,-0.999154
271.98,-0.0409162,0.00050499,-0.999162
272,-0.0406144,0.000512571,-0.999175
272.02,-0.0396657,-0.000281253,-0.999213
272.04,-0.040512,0.000869599,-0.999179
272.06,-0.0400053,0.000792292,-0.999199
272.08,-0.0390804,0.000748619,-0.999236
272.1,-0.0389617,0.000627203,-0.999241
272.12,-0.0383516,0.000568718,-0.999264
272.14,-0.0377702,0.000566712,-0.999286
272.16,-0.0380032,0.000584535,-0.999277
272.18,-0.0416761,0.00208327,-0.999129
272.2,-0.0398029,0.00190502,-0.999206
272.22,-0.0397967,0.000611233,-0.999208
272.24,-0.0381285,0.00154128,-0.999272
272.26,-0.0382995,0.00122655,-0.999266
272.28,-0.0389572,0.0013975,-0.99924
272.3,-0.0376621,0.00134847,-0.99929
272.32,-0.0369892,0.00153659,-0.999314
272.34,-0.0352124,0.00137417,-0.999379
272.36,-0.0356227,0.0023932,-0.999362
272.38,-0.0338774,0.0030723,-0.999421
272.4,-0.0328791,0.00311218,-0.999454
272.42,-0.0327379,0.00299731,-0.999459
272.44,-0.0350941,0.00444935,-0.999374
272.46,-0.0316759,0.00199712,-0.999496
272.48,-0.0347553,0.00367364,-0.999389
272.5,-0.0301885,0.00221988,-0.999542
272.52,-0.0315873,0.00298735,-0.999497
272.54,-0.0288699,0.00329983,-0.999578
272.56,-0.030686,0.00308116,-0.999524
272.58,-0.0318114,0.00319118,-0.999489
272.6,-0.0305532,0.00324892,-0.999528
272.62,-0.0304393,0.00327861,-0.999531
272.64,-0.0297501,0.00277464,-0.999554
272.66,-0.0289744,0.00259689,-0.999577
272.68,-0.028283,0.00279546,-0.999596
272.7,-0.0281165,0.00407225,-0.999596
272.72,-0.0270649,0.00408343,-0.999625
272.74,-0.027603,0.00412035,-0.99961
272.76,-0.0259319,0.00190454,-0.999662
272.78,-0.0260862,0.0029649,-0.999655
272.8,-0.0261296,0.00290987,-0.999654
272.82,-0.0272243,0.00431594,-0.99962
272.84,-0.0257325,0.00375153,-0.999662
272.86,-0.0263266,0.00427556,-0.999644
272.88,-0.025002,0.00346778,-0.999681
272.9,-0.0250773,0.00370387,-0.999679
272.92,-0.0249018,0.00341721,-0.999684
272.94,-0.0245408,0.00337648,-0.999693
272.96,-0.024611,0.0033063,-0.999692
272.98,-0.025108,0.00332109,-0.999679
273,-0.0265905,0.0038314,-0.999639
273.02,-0.0264327,0.00309879,-0.999646
273.04,-0.0264999,0.00297666,-0.999644
273.06,-0.0266692,0.00350862,-0.999638
273.08,-0.0268849,0.0029419,-0.999634
273.1,-0.0264147,0.00297317,-0.999647
273.12,-0.0290233,0.00391965,-0.999571
273.14,-0.0285509,0.00319519,-0.999587
273.16,-0.0293491,0.00314579,-0.999564
273.18,-0.0303351,0.00375741,-0.999533
273.2,-0.0278857,0.00392397,-0.999603
273.22,-0.0290916,0.00401625,-0.999569
273.24,-0.0299557,0.00415514,-0.999543
273.26,-0.0310622,0.00449423,-0.999507
273.28,-0.0310973,0.0047383,-0.999505
273.3,-0.031764,0.00442643,-0.999486
273.32,-0.0328806,0.00307766,-0.999455
273.34,-0.0307578,0.00405727,-0.999519
273.36,-0.029838,0.00323444,-0.99955
273.38,-0.0309426,0.00172819,-0.99952
273.4,-0.0331229,0.00320089,-0.999446
273.42,-0.031491,0.000868734,-0.999504
273.44,-0.0328624,0.00192691,-0.999458
273.46,-0.0335445,0.00150301,-0.999436
273.48,-0.0337374,0.00133584,-0.99943
273.5,-0.0351511,0.00142838,-0.999381
273.52,-0.0357458,0.00145533,-0.99936
273.54,-0.0372754,0.00176687,-0.999303
273.56,-0.037799,0.00156477,-0.999284
273.58,-0.0377299,0.00302922,-0.999283
273.6,-0.0386965,0.00353952,-0.999245
273.62,-0.0376146,0.0019886,-0.99929
273.64,-0.0347002,0.00024632,-0.999398
273.66,-0.03681,-0.000609575,-0.999322
273.68,-0.03698,-0.000500815,-0.999316
273.7,-0.0383344,-0.000392988,-0.999265
273.72,-0.0366338,-0.000833459,-0.999328
273.74,-0.0382167,-0.000191189,-0.999269
273.76,-0.0378228,0.000834204,-0.999284
273.78,-0.0388932,0.000320881,-0.999243
273.8,-0.0378946,0.00148241,-0.999281
273.82,-0.0383954,0.0015617,-0.999261
273.84,-0.0397004,0.000647709,-0.999211
273.86,-0.0402536,0.000765853,-0.999189
273.88,-0.0404603,0.000609163,-0.999181
273.9,-0.0408968,0.000659518,-0.999163
273.92,-0.0404054,0.000551484,-0.999183
273.94,-0.0406978,0.000556309,-0.999171
273.96,-0.0404647,0.00048767,-0.999181
273.98,-0.0406521,0.000519481,-0.999173
274,-0.0406605,0.00072474,-0.999173
274.02,-0.0405205,0.000706881,-0.999178
274.04,-0.0404192,0.000626146,-0.999183
274.06,-0.0404686,0.000787104,-0.99918
274.08,-0.0393351,0.00193931,-0.999224
274.1,-0.0395689,0.00159427,-0.999216
274.12,-0.0394428,0.00165122,-0.99922
274.14,-0.039585,0.000218259,-0.999216
274.16,-0.039349,0.00022039,-0.999226
274.18,-0.0396138,0.000445498,-0.999215
274.2,-0.0388364,4.54636e-05,-0.999246
274.22,-0.0396462,0.000971416,-0.999213
274.24,-0.0384382,0.0013865,-0.99926
274.26,-0.0382873,0.00143104,-0.999266
274.28,-0.0384623,0.00132327,-0.999259
274.3,-0.0383803,0.00263447,-0.99926
274.32,-0.0408054,0.00299662,-0.999163
274.34,-0.0401462,0.00285653,-0.99919
274.36,-0.0395574,0.0027839,-0.999213
274.38,-0.0384086,0.0025971,-0.999259
274.4,-0.0379162,0.00258261,-0.999278
274.42,-0.0372356,0.00295605,-0.999302
274.44,-0.036421,0.00256972,-0.999333
274.46,-0.0351899,0.0036922,-0.999374
274.48,-0.0346325,0.00358251,-0.999394
274.5,-0.03324,0.00354453,-0.999441
274.52,-0.0341127,0.0045306,-0.999408
274.54,-0.0338853,0.0048807,-0.999414
274.56,-0.0320339,0.0035449,-0.99948
274.58,-0.0338846,0.0037543,-0.999419
274.6,-0.0335789,0.0037324,-0.999429
274.62,-0.0334884,0.00377493,-0.999432
274.64,-0.0334268,0.00433634,-0.999432
274.66,-0.0324797,0.00433334,-0.999463
274.68,-0.0318289,0.00428869,-0.999484
274.7,-0.031343,0.00529932,-0.999495
274.72,-0.0310519,0.00520592,-0.999504
274.74,-0.0305252,0.00366864,-0.999527
274.76,-0.0298631,0.00353608,-0.999548
274.78,-0.0306182,0.0035972,-0.999525
274.8,-0.0303326,0.00317435,-0.999535
274.82,-0.0286892,0.00225088,-0.999586
274.84,-0.0283305,0.00380218,-0.999591
274.86,-0.0279903,0.00370274,-0.999601
274.88,-0.0278095,0.00334211,-0.999608
274.9,-0.0264493,0.00258042,-0.999647
274.92,-0.0271003,0.00335624,-0.999627
274.94,-0.0256929,0.00269352,-0.999666
274.96,-0.026887,0.00333427,-0.999633
274.98,-0.0268322,0.00352563,-0.999634
275,-0.027425,0.00423119,-0.999615
275.02,-0.0264018,0.0034805,-0.999645
275.04,-0.0267886,0.0041385,-0.999633
275.06,-0.0274643,0.00336331,-0.999617
275.08,-0.0267194,0.0032372,-0.999638
275.1,-0.0265048,0.00315559,-0.999644
275.12,-0.0268051,0.00334056,-0.999635
275.14,-0.0268962,0.0031602,-0.999633
275.16,-0.0272207,0.0032472,-0.999624
275.18,-0.0275004,0.00318641,-0.999617
275.2,-0.0271637,0.00174187,-0.999629
275.22,-0.0278577,0.00330412,-0.999606
275.24,-0.0286565,0.00322133,-0.999584
275.26,-0.0292805,0.00352465,-0.999565
275.28,-0.0295701,0.00349243,-0.999557
275.3,-0.0292923,0.00394601,-0.999563
275.32,-0.0299648,0.00405929,-0.999543
275.34,-0.0311693,0.00393386,-0.999506
275.36,-0.0281174,0.00223407,-0.999602
275.38,-0.0273479,0.00106619,-0.999625
275.4,-0.0287134,0.000368241,-0.999588
275.42,-0.0287852,0.000421675,-0.999586
275.44,-0.0285251,0.00146162,-0.999592
275.46,-0.0283371,0.00163179,-0.999597
275.48,-0.0292537,0.0017572,-0.99957
275.5,-0.0300279,0.00127209,-0.999548
275.52,-0.0306461,0.00142437,-0.999529
275.54,-0.0318232,0.00152043,-0.999492
275.56,-0.0327029,0.00182198,-0.999463
275.58,-0.0331188,0.00201141,-0.999449
275.6,-0.0359583,0.00208211,-0.999351
275.62,-0.0342986,0.0017827,-0.99941
275.64,-0.0349586,0.000798844,-0.999388
275.66,-0.035874,-6.86741e-05,-0.999356
275.68,-0.0368074,-0.000817205,-0.999322
275.7,-0.0368487,-0.0011844,-0.99932
275.72,-0.0335404,-0.000620553,-0.999437
275.74,-0.0369243,0.000665789,-0.999318
275.76,-0.0343993,-0.000533953,-0.999408
275.78,-0.0351158,-0.000518148,-0.999383
275.8,-0.0358221,-0.000785026,-0.999358
275.82,-0.036275,-0.000383647,-0.999342
275.84,-0.0369208,-0.000436408,-0.999318
275.86,-0.0369593,-0.000187592,-0.999317
275.88,-0.0377548,-0.000244859,-0.999287
275.9,-0.0375706,-0.000452235,-0.999294
275.92,-0.0369838,0.000971438,-0.999315
275.94,-0.0384962,-0.000181793,-0.999259
275.96,-0.0378228,0.00131939,-0.999284
275.98,-0.0382153,0.000739334,-0.999269
276,-0.0378489,0.00115075,-0.999283
276.02,-0.0385982,0.000602747,-0.999255
276.04,-0.0391455,0.00105097,-0.999233
276.06,-0.0383207,0.00122737,-0.999265
276.08,-0.0378373,0.00104314,-0.999283
276.1,-0.038959,0.00060672,-0.999241
276.12,-0.0386013,0.000584742,-0.999255
276.14,-0.0396587,0.000602511,-0.999213
276.16,-0.0416584,-0.000104525,-0.999132
276.18,-0.0387676,0.000261482,-0.999248
276.2,-0.0402792,0.00205603,-0.999186
276.22,-0.0402264,0.00216958,-0.999188
276.24,-0.0412933,0.00351921,-0.999141
276.26,-0.0423067,0.0034959,-0.999099
276.28,-0.0426961,0.00386498,-0.999081
276.3,-0.0422581,0.0037842,-0.9991
276.32,-0.0429886,0.00406622,-0.999067
276.34,-0.0413301,0.00410856,-0.999137
276.36,-0.0415844,0.00251406,-0.999132
276.38,-0.0414413,0.00388807,-0.999133
276.4,-0.0415642,0.00395634,-0.999128
276.42,-0.0415458,0.00387401,-0.999129
276.44,-0.040495,0.00262779,-0.999176
276.46,-0.0388895,0.00348782,-0.999237
276.48,-0.0392461,0.0038307,-0.999222
276.5,-0.0381491,0.00367554,-0.999265
276.52,-0.0374701,0.00323996,-0.999292
276.54,-0.0379371,0.0049521,-0.999268
276.56,-0.0378051,0.00479178,-0.999274
276.58,-0.0351179,0.00293938,-0.999379
276.6,-0.0356509,0.00383733,-0.999357
276.62,-0.0350815,0.00391543,-0.999377
276.64,-0.0340088,0.00524638,-0.999408
276.66,-0.0344357,0.0046931,-0.999396
276.68,-0.0340824,0.00394776,-0.999411
276.7,-0.0353238,0.00403566,-0.999368
276.72,-0.0344331,0.00396512,-0.999399
276.74,-0.034223,0.00411271,-0.999406
276.76,-0.0338546,0.00406501,-0.999419
276.78,-0.0323142,0.00430311,-0.999468
276.8,-0.0335516,0.00463149,-0.999426
276.82,-0.032574,0.00438478,-0.99946
276.84,-0.0334211,0.00606552,-0.999423
276.86,-0.0314337,0.00434477,-0.999496
276.88,-0.0311692,0.0028364,-0.99951
276.9,-0.0309653,0.00421677,-0.999512
276.92,-0.0303674,0.00275296,-0.999535
276.94,-0.0299005,0.00251793,-0.99955
276.96,-0.0292276,0.00261372,-0.999569
276.98,-0.0295185,0.00274924,-0.99956
277,-0.0296659,0.00269596,-0.999556
277.02,-0.0294824,0.00284042,-0.999561
277.04,-0.0297813,0.00440865,-0.999547
277.06,-0.0285091,0.00275167,-0.99959
277.08,-0.0287193,0.00287619,-0.999583
277.1,-0.0286233,0.00255755,-0.999587
277.12,-0.0295679,0.00398188,-0.999555
277.14,-0.028619,0.00426198,-0.999581
277.16,-0.0282989,0.00424019,-0.999591
277.18,-0.0295883,0.00295514,-0.999558
277.2,-0.0286648,0.00397015,-0.999581
277.22,-0.0288175,0.0039642,-0.999577
277.24,-0.030042,0.00333826,-0.999543
277.26,-0.0310426,0.00262064,-0.999515
277.28,-0.0289711,0.0042714,-0.999571
277.3,-0.0286211,0.00380459,-0.999583
277.32,-0.0267821,0.00175088,-0.99964
277.34,-0.0294035,0.00265301,-0.999564
277.36,-0.025224,0.00118401,-0.999681
277.38,-0.029253,0.00296945,-0.999568
277.4,-0.029156,0.00269441,-0.999571
277.42,-0.0254328,0.000933366,-0.999676
277.44,-0.0266743,6.79562e-05,-0.999644
277.46,-0.0259976,-0.000176741,-0.999662
277.48,-0.0274053,-2.34808e-05,-0.999624
277.5,-0.0314906,0.00197527,-0.999502
277.52,-0.0298551,0.00133653,-0.999553
277.54,-0.0296821,0.00245292,-0.999556
277.56,-0.0275287,0.00127764,-0.99962
277.58,-0.02821,0.000944729,-0.999602
277.6,-0.0316538,0.00200486,-0.999497
277.62,-0.0325329,0.0018937,-0.999469
277.64,-0.0301808,0.000759131,-0.999544
277.66,-0.0307382,0.000773202,-0.999527
277.68,-0.032373,0.000980788,-0.999475
277.7,-0.0335067,0.00125398,-0.999438
277.72,-0.033708,0.00125956,-0.999431
277.74,-0.0333442,0.00132075,-0.999443
277.76,-0.0337672,0.00133407,-0.999429
277.78,-0.0340116,0.00133492,-0.999421
277.8,-0.0352262,0.00151881,-0.999378
277.82,-0.0360781,0.00140303,-0.999348
277.84,-0.0364064,0.00263972,-0.999334
277.86,-0.036779,0.00240987,-0.999321
277.88,-0.0357722,0.00376308,-0.999353
277.9,-0.0355765,0.00340586,-0.999361
277.92,-0.0364286,0.00375943,-0.999329
277.94,-0.0366963,0.00395252,-0.999319
277.96,-0.0374919,0.00414971,-0.999288
277.98,-0.0376102,0.00439611,-0.999283
278,-0.0386491,0.00413605,-0.999244
278.02,-0.0389629,0.00383758,-0.999233
278.04,-0.0387097,0.0043289,-0.999241
278.06,-0.0391214,0.00440533,-0.999225
278.08,-0.0401568,0.00450322,-0.999183
278.1,-0.0403332,0.00451963,-0.999176
278.12,-0.0410287,0.00525481,-0.999144
278.14,-0.0409956,0.00440328,-0.99915
278.16,-0.0413944,0.00455585,-0.999132
278.18,-0.0407561,0.0050008,-0.999157
278.2,-0.0402161,0.00460591,-0.99918
278.22,-0.0401637,0.00467516,-0.999182
278.24,-0.0410779,0.00612488,-0.999137
278.26,-0.0413117,0.00617786,-0.999127
278.28,-0.0403615,0.00484435,-0.999173
278.3,-0.0399465,0.00510519,-0.999189
278.32,-0.0408048,0.00661153,-0.999145
278.34,-0.0407059,0.00639348,-0.999151
278.36,-0.0408128,0.00647735,-0.999146
278.38,-0.0394452,0.00642658,-0.999201
278.4,-0.0398076,0.00592085,-0.99919
278.42,-0.0391521,0.0075792,-0.999205
278.44,-0.0410993,0.00577826,-0.999138
278.46,-0.041224,0.00586321,-0.999133
278.48,-0.0403836,0.00656721,-0.999163
278.5,-0.0394637,0.00647247,-0.9992
278.52,-0.039148,0.00655106,-0.999212
278.54,-0.0385225,0.00614906,-0.999239
278.56,-0.0372689,0.00505785,-0.999292
278.58,-0.0374671,0.0067022,-0.999275
278.6,-0.036304,0.00617434,-0.999322
278.62,-0.0365134,0.00666472,-0.999311
278.64,-0.0376149,0.00414084,-0.999284
278.66,-0.0376864,0.00433283,-0.99928
278.68,-0.0364307,0.00445767,-0.999326
278.7,-0.0366673,0.00422049,-0.999319
278.72,-0.0366665,0.00437799,-0.999318
278.74,-0.0354813,0.00473813,-0.999359
278.76,-0.0362645,0.00390292,-0.999335
278.78,-0.0348588,0.00397727,-0.999384
278.8,-0.0312473,0.00694205,-0.999488
278.82,-0.0339256,0.00385071,-0.999417
278.84,-0.0329006,0.00386471,-0.999451
278.86,-0.0317082,0.0037178,-0.99949
278.88,-0.0327505,0.00411676,-0.999455
278.9,-0.0304286,0.00365057,-0.99953
278.92,-0.0306367,0.00357117,-0.999524
278.94,-0.0342745,0.00512784,-0.999399
278.96,-0.0306442,0.00381507,-0.999523
278.98,-0.0331389,0.00511759,-0.999438
279,-0.0325408,0.00496487,-0.999458
279.02,-0.0306769,0.00290517,-0.999525
279.04,-0.0283462,0.00338606,-0.999592
279.06,-0.0311663,0.00455953,-0.999504
279.08,-0.0318408,0.00256455,-0.99949
279.1,-0.030705,0.00226235,-0.999526
279.12,-0.0279369,0.00126049,-0.999609
279.14,-0.0294332,0.00345423,-0.999561
279.16,-0.0269549,0.00233492,-0.999634
279.18,-0.0275275,0.00218645,-0.999619
279.2,-0.0266557,0.00182124,-0.999643
279.22,-0.0261332,0.00171614,-0.999657
279.24,-0.0258565,0.00181724,-0.999664
279.26,-0.029927,0.00341679,-0.999546
279.28,-0.0294988,0.00293601,-0.999561
279.3,-0.0293634,0.00305679,-0.999564
279.32,-0.0253338,0.00144611,-0.999678
279.34,-0.0286858,0.00240573,-0.999586
279.36,-0.0296699,0.00149121,-0.999559
279.38,-0.0296723,0.00143169,-0.999559
279.4,-0.0292847,0.00127723,-0.99957
279.42,-0.0260896,-0.000183782,-0.99966
279.44,-0.0263778,-0.000266486,-0.999652
279.46,-0.0265244,-0.000439806,-0.999648
279.48,-0.0263926,-0.000612218,-0.999651
279.5,-0.0251138,0.000621721,-0.999684
279.52,-0.0255624,0.000475303,-0.999673
279.54,-0.0256924,0.000374669,-0.99967
279.56,-0.0249524,0.000260489,-0.999689
279.58,-0.0254643,4.09657e-05,-0.999676
279.6,-0.0262021,5.31934e-05,-0.999657
279.62,-0.0264283,-1.39446e-05,-0.999651
279.64,-0.0267443,-4.7802e-05,-0.999642
279.66,-0.0265227,1.0869e-05,-0.999648
279.68,-0.0271006,-0.000295538,-0.999633
279.7,-0.0277804,-4.75918e-05,-0.999614
279.72,-0.027871,-1.31129e-06,-0.999612
279.74,-0.0283288,3.2014e-05,-0.999599
279.76,-0.0290145,-0.000103367,-0.999579
279.78,-0.0290432,-0.000196795,-0.999578
279.8,-0.0298141,-0.000270084,-0.999555
279.82,-0.0300777,-0.000396355,-0.999547
279.84,-0.0304299,-0.000470973,-0.999537
279.86,-0.0312369,-0.00023905,-0.999512
279.88,-0.0317719,-4.94744e-05,-0.999495
279.9,-0.0321188,0.000142728,-0.999484
279.92,-0.0323711,-2.70055e-05,-0.999476
279.94,-0.0336416,0.000523249,-0.999434
279.96,-0.0335244,0.000175413,-0.999438
279.98,-0.0346516,0.000574577,-0.999399
280,-0.0332923,0.00162142,-0.999444
280.02,-0.0355997,0.000821981,-0.999366
280.04,-0.0347191,0.00199314,-0.999395
280.06,-0.0373799,0.0011,-0.999301
280.08,-0.0382735,0.00105847,-0.999267
280.1,-0.0376804,0.00112814,-0.999289
280.12,-0.0372482,0.00279958,-0.999302
280.14,-0.0382777,0.00339284,-0.999261
280.16,-0.0390735,0.00153338,-0.999235
280.18,-0.0398925,0.00166852,-0.999203
280.2,-0.0387872,0.0028339,-0.999243
280.22,-0.0398646,0.00318755,-0.9992
280.24,-0.0404824,0.00364911,-0.999174
280.26,-0.0402685,0.00378982,-0.999182
280.28,-0.0409102,0.00408314,-0.999154
280.3,-0.0424889,0.00277391,-0.999093
280.32,-0.0411999,0.00425881,-0.999142
280.34,-0.0427242,0.00328367,-0.999082
280.36,-0.0397651,0.0072633,-0.999183
280.38,-0.0387004,0.00576518,-0.999234
280.4,-0.0394792,0.00658763,-0.999199
280.42,-0.0392663,0.00676153,-0.999206
280.44,-0.040284,0.00817244,-0.999155
280.46,-0.0390655,0.0066228,-0.999215
280.48,-0.0393479,0.0070655,-0.999201
280.5,-0.0395824,0.00728874,-0.99919
280.52,-0.0387872,0.00734989,-0.99922
280.54,-0.0389663,0.00764035,-0.999211
280.56,-0.0387882,0.00772667,-0.999218
280.58,-0.0384715,0.00775262,-0.99923
280.6,-0.041149,0.00428282,-0.999144
280.62,-0.0409677,0.00448372,-0.99915
280.64,-0.0411517,0.00457377,-0.999142
280.66,-0.0413113,0.00607943,-0.999128
280.68,-0.039727,0.00437212,-0.999201
280.7,-0.0400184,0.00448428,-0.999189
280.72,-0.039504,0.00466637,-0.999209
280.74,-0.0387032,0.00443896,-0.999241
280.76,-0.0385249,0.00450867,-0.999247
280.78,-0.0418312,0.00722114,-0.999099
280.8,-0.0411303,0.00707166,-0.999129
280.82,-0.0383293,0.00517052,-0.999252
280.84,-0.0404098,0.00686246,-0.99916
280.86,-0.0394333,0.00523083,-0.999209
280.88,-0.0394859,0.00667555,-0.999198
280.9,-0.03579,0.00537419,-0.999345
280.92,-0.0355222,0.00496581,-0.999357
280.94,-0.0351817,0.00549828,-0.999366
280.96,-0.034267,0.00525312,-0.999399
280.98,-0.0365273,0.0062141,-0.999313
281,-0.0337494,0.00447109,-0.99942
281.02,-0.0333882,0.00379757,-0.999435
281.04,-0.0339238,0.002407,-0.999422
281.06,-0.0354353,0.00449557,-0.999362
281.08,-0.0345223,0.00562849,-0.999388
281.1,-0.0351891,0.0043231,-0.999371
281.12,-0.0318954,0.00246997,-0.999488
281.14,-0.0314167,0.00244911,-0.999503
281.16,-0.0308057,0.00245035,-0.999522
281.18,-0.0304558,0.000898409,-0.999536
281.2,-0.0332906,0.00206128,-0.999444
281.22,-0.027731,0.0017427,-0.999614
281.24,-0.0280882,0.00147573,-0.999604
281.26,-0.0272122,0.00151986,-0.999629
281.28,-0.0264586,0.000733166,-0.99965
281.3,-0.026265,0.000984868,-0.999655
281.32,-0.026018,0.000539433,-0.999661
281.34,-0.0254772,0.000475293,-0.999675
281.36,-0.0251526,0.000270286,-0.999684
281.38,-0.024621,0.000203615,-0.999697
281.4,-0.0266738,0.00156545,-0.999643
281.42,-0.0260945,0.000220922,-0.999659
281.44,-0.0260145,0.00110406,-0.999661
281.46,-0.0269487,0.00208865,-0.999635
281.48,-0.0264193,0.000954629,-0.99965
281.5,-0.0270976,0.00212481,-0.999631
281.52,-0.027241,0.00205729,-0.999627
281.54,-0.0270669,0.00177791,-0.999632
281.56,-0.027198,0.00169119,-0.999629
281.58,-0.0273853,0.00185941,-0.999623
281.6,-0.0271231,0.001552,-0.999631
281.62,-0.0268951,0.00137749,-0.999637
281.64,-0.026834,0.0012871,-0.999639
281.66,-0.0265972,0.0012169,-0.999645
281.68,-0.0275616,0.00147892,-0.999619
281.7,-0.0276446,0.00135186,-0.999617
281.72,-0.0270834,0.00131177,-0.999632
281.74,-0.0279896,0.00149982,-0.999607
281.76,-0.027601,0.00125742,-0.999618
281.78,-0.0282939,0.00149742,-0.999599
281.8,-0.0279954,0.00152558,-0.999607
281.82,-0.0280917,0.0016021,-0.999604
281.84,-0.0280885,0.00208079,-0.999603
281.86,-0.02859,0.00202194,-0.999589
281.88,-0.0287834,0.00191425,-0.999584
281.9,-0.0291059,0.00184739,-0.999575
281.92,-0.0300529,0.00213426,-0.999546
281.94,-0.0290781,0.00199619,-0.999575
281.96,-0.030418,0.00225362,-0.999535
281.98,-0.0307773,0.00237252,-0.999523
282,-0.0307145,0.000822612,-0.999528
282.02,-0.0313669,0.00208366,-0.999506
282.04,-0.0323311,0.00274713,-0.999473
282.06,-0.0318598,0.0014569,-0.999491
282.08,-0.0336226,0.00335733,-0.999429
282.1,-0.0326668,0.00458755,-0.999456
282.12,-0.0329989,0.00494575,-0.999443
282.14,-0.0341016,0.002564,-0.999415
282.16,-0.0319698,0.00473398,-0.999478
282.18,-0.0344378,0.00367233,-0.9994
282.2,-0.0342327,0.00410063,-0.999405
282.22,-0.0342588,0.00447077,-0.999403
282.24,-0.0347809,0.00497441,-0.999383
282.26,-0.0355312,0.00481436,-0.999357
282.28,-0.0358581,0.00456899,-0.999346
282.3,-0.0372259,0.00523879,-0.999293
282.32,-0.0370358,0.00557226,-0.999298
282.34,-0.0370663,0.00554151,-0.999297
282.36,-0.036885,0.00425283,-0.99931
282.38,-0.0400981,0.00518579,-0.999182
282.4,-0.0404228,0.00529159,-0.999169
282.42,-0.039814,0.00481419,-0.999196
282.44,-0.0389683,0.00454365,-0.99923
282.46,-0.0374427,0.00387713,-0.999291
282.48,-0.0400634,0.00523322,-0.999183
282.5,-0.0408491,0.00538418,-0.999151
282.52,-0.0395477,0.00488885,-0.999206
282.54,-0.0383905,0.00415303,-0.999254
282.56,-0.0384397,0.0036667,-0.999254
282.58,-0.0387783,0.00459809,-0.999237
282.6,-0.0376504,0.00245792,-0.999288
282.62,-0.0384051,0.00368171,-0.999255
282.64,-0.0436107,0.00407044,-0.99904
282.66,-0.0383468,0.00316973,-0.999259
282.68,-0.0383778,0.0033145,-0.999258
282.7,-0.0393642,0.00231363,-0.999222
282.72,-0.0386863,0.00359132,-0.999245
282.74,-0.039628,0.00263362,-0.999211
282.76,-0.0432111,0.00392947,-0.999058
282.78,-0.0428132,0.00362181,-0.999077
282.8,-0.0392265,0.00229846,-0.999228
282.82,-0.0415061,0.00273227,-0.999135
282.84,-0.0402233,0.00235906,-0.999188
282.86,-0.0399554,0.00225573,-0.999199
282.88,-0.0446852,0.00433955,-0.998992
282.9,-0.0392375,0.00196497,-0.999228
282.92,-0.039607,0.00230337,-0.999213
282.94,-0.0441796,0.00437444,-0.999014
282.96,-0.038457,0.00207106,-0.999258
282.98,-0.0376648,0.00209448,-0.999288
283,-0.0369796,0.00124446,-0.999315
283.02,-0.03731,0.00161185,-0.999302
283.04,-0.037713,0.00176833,-0.999287
283.06,-0.0385085,0.00191523,-0.999256
283.08,-0.0371941,0.00146469,-0.999307
283.1,-0.0364429,0.00162547,-0.999334
283.12,-0.0356638,0.00111716,-0.999363
283.14,-0.0358167,0.0017271,-0.999357
283.16,-0.0343792,0.00105144,-0.999408
283.18,-0.034955,0.00150349,-0.999388
283.2,-0.035121,0.00126495,-0.999382
283.22,-0.034578,0.00175959,-0.9994
283.24,-0.0339579,0.00132299,-0.999422
283.26,-0.0343806,0.00156148,-0.999408
283.28,-0.0335631,0.00130811,-0.999436
283.3,-0.0330423,0.00133192,-0.999453
283.32,-0.0291451,0.00123532,-0.999574
283.34,-0.0299233,0.00154422,-0.999551
283.36,-0.0289752,0.00115023,-0.999579
283.38,-0.0279982,0.00174205,-0.999606
283.4,-0.0294889,0.00254524,-0.999562
283.42,-0.0296704,0.00269974,-0.999556
283.44,-0.0275581,0.00315221,-0.999615
283.46,-0.0284106,0.00220574,-0.999594
283.48,-0.0282583,0.00193131,-0.999599
283.5,-0.0301625,0.00144753,-0.999544
283.52,-0.0299938,0.00147289,-0.999549
283.54,-0.0299707,0.00178718,-0.999549
283.56,-0.0298887,0.00213193,-0.999551
283.58,-0.0301359,0.00225659,-0.999543
283.6,-0.030951,0.00262708,-0.999517
283.62,-0.030283,0.00260671,-0.999538
283.64,-0.0304967,0.00287671,-0.999531
283.66,-0.0295349,0.00252186,-0.999561
283.68,-0.0296454,0.00261243,-0.999557
283.7,-0.0271047,0.0028907,-0.999628
283.72,-0.0292428,0.00302119,-0.999568
283.74,-0.0293934,0.00290012,-0.999564
283.76,-0.0286879,0.00295498,-0.999584
283.78,-0.0288629,0.00295311,-0.999579
283.8,-0.0287302,0.00279609,-0.999583
283.82,-0.0291047,0.00329946,-0.999571
283.84,-0.0291978,0.00318844,-0.999569
283.86,-0.0297965,0.00296672,-0.999552
283.88,-0.0307671,0.00302745,-0.999522
283.9,-0.0304669,0.00315749,-0.999531
283.92,-0.030308,0.00349743,-0.999534
283.94,-0.0301823,0.00328803,-0.999539
283.96,-0.0290627,0.00357432,-0.999571
283.98,-0.0287125,0.00347165,-0.999582
284,-0.0289481,0.00401685,-0.999573
284.02,-0.0296005,0.00416519,-0.999553
284.04,-0.0285136,0.00394554,-0.999586
284.06,-0.028789,0.00410409,-0.999577
284.08,-0.0271765,0.00383247,-0.999623
284.1,-0.0279664,0.00367043,-0.999602
284.12,-0.0294989,0.00353448,-0.999559
284.14,-0.0287445,0.00374738,-0.99958
284.16,-0.0298478,0.0049123,-0.999542
284.18,-0.0299104,0.00500708,-0.99954
284.2,-0.0294258,0.00342728,-0.999561
284.22,-0.0290063,0.00417844,-0.99957
284.24,-0.0302119,0.00396934,-0.999536
284.26,-0.0291971,0.0044228,-0.999564
284.28,-0.030466,0.00433875,-0.999526
284.3,-0.0316596,0.00464458,-0.999488
284.32,-0.0322876,0.00452809,-0.999468
284.34,-0.0327017,0.00408484,-0.999457
284.36,-0.0325619,0.00282154,-0.999466
284.38,-0.0324665,0.00500897,-0.99946
284.4,-0.0355734,0.00529473,-0.999353
284.42,-0.0361097,0.00514066,-0.999335
284.44,-0.0363083,0.0053944,-0.999326
284.46,-0.0367482,0.00603245,-0.999306
284.48,-0.0377916,0.00588815,-0.999268
284.5,-0.0377634,0.00589138,-0.999269
284.52,-0.0383603,0.00743407,-0.999236
284.54,-0.0349021,0.00515297,-0.999377
284.56,-0.0382692,0.00686174,-0.999244
284.58,-0.0370456,0.00565721,-0.999298
284.6,-0.0394396,0.00684655,-0.999199
284.62,-0.0372496,0.00438022,-0.999296
284.64,-0.0374138,0.00450474,-0.99929
284.66,-0.0382876,0.00389867,-0.999259
284.68,-0.0373158,0.0054858,-0.999288
284.7,-0.0400576,0.00568158,-0.999181
284.72,-0.0385496,0.00481708,-0.999245
284.74,-0.0383963,0.00536449,-0.999248
284.76,-0.0382841,0.00503976,-0.999254
284.78,-0.0379747,0.00493921,-0.999266
284.8,-0.0408449,0.00549528,-0.99915
284.82,-0.0386694,0.00432024,-0.999243
284.84,-0.038528,0.00404814,-0.999249
284.86,-0.0376884,0.00396185,-0.999282
284.88,-0.0373326,0.00380769,-0.999296
284.9,-0.0366562,0.0035772,-0.999322
284.92,-0.0372146,0.00369532,-0.9993
284.94,-0.0382163,0.00352582,-0.999263
284.96,-0.038141,0.00326463,-0.999267
284.98,-0.0386251,0.00368158,-0.999247
285,-0.0376364,0.00358972,-0.999285
285.02,-0.03925,0.00404002,-0.999221
285.04,-0.0378458,0.0025339,-0.99928
285.06,-0.0378064,0.00245068,-0.999282
285.08,-0.0371249,0.00314665,-0.999306
285.1,-0.038476,0.00350311,-0.999253
285.12,-0.0381561,0.0033638,-0.999266
285.14,-0.0384307,0.00246997,-0.999258
285.16,-0.0385272,0.00266854,-0.999254
285.18,-0.0374427,0.00231151,-0.999296
285.2,-0.0372094,0.0026249,-0.999304
285.22,-0.0372379,0.00256949,-0.999303
285.24,-0.0365118,0.00252692,-0.99933
285.26,-0.0358008,0.00238968,-0.999356
285.28,-0.0345444,0.00195974,-0.999401
285.3,-0.0341834,0.00184366,-0.999414
285.32,-0.0339888,0.00148805,-0.999421
285.34,-0.0333789,0.00148156,-0.999442
285.36,-0.0331331,0.00104145,-0.99945
285.38,-0.0323679,0.000974295,-0.999476
285.4,-0.0310979,0.000795058,-0.999516
285.42,-0.0309769,0.00080309,-0.99952
285.44,-0.0302888,0.00297944,-0.999537
285.46,-0.0304274,0.00215848,-0.999535
285.48,-0.0299202,0.00204688,-0.99955
285.5,-0.029172,0.00405922,-0.999566
285.52,-0.0301819,0.00245025,-0.999541
285.54,-0.0287525,0.00280635,-0.999583
285.56,-0.0300442,0.00145564,-0.999548
285.58,-0.029714,0.000923469,-0.999558
285.6,-0.0294477,0.00142622,-0.999565
285.62,-0.0295403,0.000468466,-0.999563
285.64,-0.0288746,0.000951783,-0.999583
285.66,-0.0286863,0.00104377,-0.999588
285.68,-0.028513,0.00108704,-0.999593
285.7,-0.0286209,0.00190239,-0.999589
285.72,-0.0281517,0.00216793,-0.999601
285.74,-0.0282209,0.00317446,-0.999597
285.76,-0.0283707,0.00354612,-0.999591
285.78,-0.028735,0.00220966,-0.999585
285.8,-0.0280879,0.00384452,-0.999598
285.82,-0.0279822,0.00398337,-0.9996
285.84,-0.027883,0.00406746,-0.999603
285.86,-0.0267314,0.00421183,-0.999634
285.88,-0.0262505,0.00457294,-0.999645
285.9,-0.0261997,0.00466359,-0.999646
285.92,-0.0261144,0.00478729,-0.999647
285.94,-0.0263166,0.00389501,-0.999646
285.96,-0.0266769,0.00396791,-0.999636
285.98,-0.026702,0.00384298,-0.999636
286,-0.0271136,0.00491397,-0.99962
286.02,-0.0288172,0.00453997,-0.999574
286.04,-0.0293645,0.0049891,-0.999556
286.06,-0.0291155,0.00553809,-0.999561
286.08,-0.0294286,0.00511659,-0.999554
286.1,-0.0292355,0.00576118,-0.999556
286.12,-0.0296305,0.00589657,-0.999544
286.14,-0.0294135,0.00501906,-0.999555
286.16,-0.0298455,0.00521617,-0.999541
286.18,-0.0302049,0.00520754,-0.99953
286.2,-0.0308407,0.00450091,-0.999514
286.22,-0.0302952,0.00414261,-0.999532
286.24,-0.0309212,0.00431285,-0.999513
286.26,-0.030781,0.00367887,-0.999519
286.28,-0.0334346,0.00468498,-0.99943
286.3,-0.0334467,0.00423576,-0.999432
286.32,-0.032799,0.0051258,-0.999449
286.34,-0.0332081,0.00551433,-0.999433
286.36,-0.0312302,0.00434125,-0.999503
286.38,-0.0350283,0.00548896,-0.999371
286.4,-0.0310867,0.00393739,-0.999509
286.42,-0.0358503,0.00555197,-0.999342
286.44,-0.036467,0.0056827,-0.999319
286.46,-0.0367343,0.00536194,-0.999311
286.48,-0.0341366,0.0039893,-0.999409
286.5,-0.0375975,0.00495815,-0.999281
286.52,-0.0356949,0.00386086,-0.999355
286.54,-0.0383918,0.00434154,-0.999253
286.56,-0.0364821,0.00491901,-0.999322
286.58,-0.0364347,0.00294109,-0.999332
286.6,-0.0374017,0.00435708,-0.999291
286.62,-0.0367454,0.00352215,-0.999318
286.64,-0.0374926,0.00466162,-0.999286
286.66,-0.0392924,0.0041021,-0.999219
286.68,-0.0395032,0.00545554,-0.999205
286.7,-0.0392346,0.00433713,-0.999221
286.72,-0.0394924,0.0059161,-0.999202
286.74,-0.0408696,0.00464203,-0.999154
286.76,-0.0402822,0.00404701,-0.99918
286.78,-0.0406157,0.00437457,-0.999165
286.8,-0.0404108,0.00415087,-0.999175
286.82,-0.0410884,0.00415441,-0.999147
286.84,-0.0420699,0.00372045,-0.999108
286.86,-0.040908,0.00326517,-0.999158
286.88,-0.0403116,0.00287706,-0.999183
286.9,-0.0396059,0.00251167,-0.999212
286.92,-0.0402667,0.00100177,-0.999188
286.94,-0.0406252,0.00107688,-0.999174
286.96,-0.0403068,0.00102337,-0.999187
286.98,-0.0399427,0.000564612,-0.999202
287,-0.0413521,0.00167925,-0.999143
287.02,-0.0403844,0.00146328,-0.999183
287.04,-0.0413659,0.00114962,-0.999143
287.06,-0.0410753,0.00109289,-0.999155
287.08,-0.0413936,0.00108691,-0.999142
287.1,-0.0411659,0.00101388,-0.999152
287.12,-0.0407641,0.000661762,-0.999169
287.14,-0.0399056,0.00187404,-0.999202
287.16,-0.0399248,0.00174394,-0.999201
287.18,-0.0397291,0.000673902,-0.99921
287.2,-0.0399589,0.000883712,-0.999201
287.22,-0.0398629,0.000595031,-0.999205
287.24,-0.0418931,0.00110671,-0.999121
287.26,-0.0404019,0.000665644,-0.999183
287.28,-0.0403438,0.000754669,-0.999186
287.3,-0.0399372,0.000842706,-0.999202
287.32,-0.0394531,0.00119107,-0.999221
287.34,-0.039141,0.00101484,-0.999233
287.36,-0.0382832,0.0010158,-0.999266
287.38,-0.036617,0.00230698,-0.999327
287.4,-0.0372198,0.00123205,-0.999306
287.42,-0.0361727,0.00137851,-0.999345
287.44,-0.0350647,0.00223875,-0.999383
287.46,-0.0346175,0.00220355,-0.999398
287.48,-0.0341199,0.00220886,-0.999415
287.5,-0.0335014,0.00231629,-0.999436
287.52,-0.0326371,0.00269022,-0.999464
287.54,-0.0324883,0.00335967,-0.999466
287.56,-0.0302541,0.00212192,-0.99954
287.58,-0.0314173,0.0026714,-0.999503
287.6,-0.0312663,0.00189231,-0.999509
287.62,-0.0323401,0.000982605,-0.999476
287.64,-0.0301918,0.00223129,-0.999542
287.66,-0.0320901,0.000259547,-0.999485
287.68,-0.0297745,0.0010568,-0.999556
287.7,-0.0287508,0.00117972,-0.999586
287.72,-0.0285722,0.00136873,-0.999591
287.74,-0.0295813,0.00342626,-0.999557
287.76,-0.0288013,0.00270296,-0.999582
287.78,-0.0298158,0.00401731,-0.999547
287.8,-0.0304279,0.0044938,-0.999527
287.82,-0.0299277,0.00438785,-0.999542
287.84,-0.0291553,0.00485389,-0.999563
287.86,-0.0293231,0.00514452,-0.999557
287.88,-0.0289787,0.005199,-0.999567
287.9,-0.0293974,0.00546601,-0.999553
287.92,-0.0288261,0.00357918,-0.999578
287.94,-0.0292755,0.00361426,-0.999565
287.96,-0.0286562,0.00570358,-0.999573
287.98,-0.0294605,0.00493958,-0.999554
288,-0.0322712,0.00586948,-0.999462
288.02,-0.0282303,0.00338726,-0.999596
288.04,-0.0290576,0.00480655,-0.999566
288.06,-0.0288523,0.005128,-0.999571
288.08,-0.0292183,0.00523117,-0.999559
288.1,-0.0285162,0.00375759,-0.999586
288.12,-0.0317471,0.00666269,-0.999474
288.14,-0.0318599,0.00663747,-0.99947
288.16,-0.0289098,0.00604891,-0.999564
288.18,-0.0322963,0.00697724,-0.999454
288.2,-0.0288617,0.00459069,-0.999573
288.22,-0.0297276,0.00477839,-0.999547
288.24,-0.0317341,0.00583606,-0.999479
288.26,-0.0293537,0.00358087,-0.999563
288.28,-0.0306922,0.00490425,-0.999517
288.3,-0.0295167,0.0033507,-0.999559
288.32,-0.0303847,0.00315405,-0.999533
288.34,-0.0302835,0.00465276,-0.999531
288.36,-0.0305553,0.00411769,-0.999525
288.38,-0.0316495,0.00409941,-0.999491
288.4,-0.030181,0.003969,-0.999537
288.42,-0.033017,0.00468681,-0.999444
288.44,-0.0331276,0.00434608,-0.999442
288.46,-0.0299918,0.00350896,-0.999544
288.48,-0.0340453,0.00453864,-0.99941
288.5,-0.0340377,0.00444342,-0.999411
288.52,-0.0309876,0.00277396,-0.999516
288.54,-0.0319535,0.00266534,-0.999486
288.56,-0.0325889,0.00251525,-0.999466
288.58,-0.0332867,0.00269542,-0.999442
288.6,-0.0329395,0.00335465,-0.999452
288.62,-0.0338492,0.00313839,-0.999422
288.64,-0.0344144,0.00301792,-0.999403
288.66,-0.0347372,0.00308457,-0.999392
288.68,-0.0367632,0.0029365,-0.99932
288.7,-0.0360344,0.00372922,-0.999344
288.72,-0.0361024,0.00361411,-0.999342
288.74,-0.0369674,0.00403858,-0.999308
288.76,-0.035918,0.00240642,-0.999352
288.78,-0.036688,0.00389771,-0.999319
288.8,-0.0377214,0.00406984,-0.99928
288.82,-0.0387517,0.00393994,-0.999241
288.84,-0.0385656,0.0036629,-0.999249
288.86,-0.0392459,0.00354654,-0.999223
288.88,-0.0399096,0.00339381,-0.999198
288.9,-0.0400416,0.00352865,-0.999192
288.92,-0.0418539,0.00224464,-0.999121
288.94,-0.0411731,0.0014814,-0.999151
288.96,-0.0406819,0.00115192,-0.999171
288.98,-0.0403197,0.000649773,-0.999187
289,-0.0408521,0.000588905,-0.999165
289.02,-0.040378,0.0018316,-0.999183
289.04,-0.0397966,0.00296607,-0.999203
289.06,-0.0411129,0.00183004,-0.999153
289.08,-0.0411122,0.00178044,-0.999153
289.1,-0.041308,0.00169842,-0.999145
289.12,-0.0417366,0.00171642,-0.999127
289.14,-0.0397388,0.00281058,-0.999206
289.16,-0.0411688,0.00142941,-0.999151
289.18,-0.0410671,0.0014641,-0.999155
289.2,-0.0410887,0.00150038,-0.999154
289.22,-0.0412952,0.00167759,-0.999146
289.24,-0.0405227,0.00154616,-0.999177
289.26,-0.0404703,0.00168007,-0.999179
289.28,-0.0400878,0.00173797,-0.999195
289.3,-0.0404165,0.000726,-0.999183
289.32,-0.0412936,0.000497369,-0.999147
289.34,-0.0403861,-5.1349e-06,-0.999184
289.36,-0.0420058,0.00157844,-0.999116
289.38,-0.0412398,0.00174226,-0.999148
289.4,-0.0403507,0.00193769,-0.999184
289.42,-0.0393148,0.00225858,-0.999224
289.44,-0.0384369,0.00321097,-0.999256
289.46,-0.038313,0.00315771,-0.999261
289.48,-0.0385436,0.00363839,-0.99925
289.5,-0.0373124,0.00380833,-0.999296
289.52,-0.0369015,0.00366091,-0.999312
289.54,-0.0362928,0.00357224,-0.999335
289.56,-0.0353745,0.00328826,-0.999369
289.58,-0.035023,0.00278267,-0.999383
289.6,-0.0342963,0.00312516,-0.999407
289.62,-0.0337015,0.00301752,-0.999427
289.64,-0.0337664,0.0026344,-0.999426
289.66,-0.0337265,0.00263465,-0.999428
289.68,-0.03334,0.00151925,-0.999443
289.7,-0.0325308,0.00149951,-0.99947
289.72,-0.0308454,0.00243673,-0.999521
289.74,-0.0310487,0.00199607,-0.999516
289.76,-0.0300596,0.00194425,-0.999546
289.78,-0.0302833,0.00228949,-0.999539
289.8,-0.030915,0.00293175,-0.999518
289.82,-0.0309289,0.00292543,-0.999517
289.84,-0.0302298,0.0030818,-0.999538
289.86,-0.0292176,0.00305365,-0.999568
289.88,-0.0288756,0.00298418,-0.999579
289.9,-0.0294791,0.00311046,-0.999561
289.92,-0.0308834,0.0042391,-0.999514
289.94,-0.0284103,0.00282909,-0.999592
289.96,-0.0299321,0.00338083,-0.999546
289.98,-0.0287911,0.00493789,-0.999573
290,-0.032193,0.00536492,-0.999467
290.02,-0.0296948,0.00433377,-0.99955
290.04,-0.0305607,0.00485905,-0.999521
290.06,-0.0294671,0.00449408,-0.999556
290.08,-0.0296681,0.00453819,-0.99955
290.1,-0.0313388,0.00547908,-0.999494
290.12,-0.0287896,0.00427877,-0.999576
290.14,-0.0287745,0.00472594,-0.999575
290.16,-0.0291485,0.0056167,-0.999559
290.18,-0.0311342,0.00509975,-0.999502
290.2,-0.0317605,0.00667112,-0.999473
290.22,-0.0313218,0.00529266,-0.999495
290.24,-0.0322807,0.00647612,-0.999458
290.26,-0.0320667,0.00641872,-0.999465
290.28,-0.0317086,0.00621778,-0.999478
290.3,-0.0282875,0.00304146,-0.999595
290.32,-0.0295201,0.00529686,-0.99955
290.34,-0.0299917,0.00443014,-0.99954
290.36,-0.0290236,0.00405571,-0.99957
290.38,-0.029488,0.00431598,-0.999556
290.4,-0.0302988,0.00528036,-0.999527
290.42,-0.0296123,0.00525075,-0.999548
290.44,-0.0307073,0.00574739,-0.999512
290.46,-0.0301408,0.00540797,-0.999531
290.48,-0.0296249,0.00378463,-0.999554
290.5,-0.0297212,0.00353914,-0.999552
290.52,-0.029553,0.00321613,-0.999558
290.54,-0.02961,0.00301933,-0.999557
290.56,-0.03005,0.00273628,-0.999545
290.58,-0.0289371,0.00215054,-0.999579
290.6,-0.0293863,0.000852339,-0.999568
290.62,-0.0296228,0.000481266,-0.999561
290.64,-0.0309559,7.61058e-05,-0.999521
290.66,-0.0309916,-5.20693e-05,-0.99952
290.68,-0.0308878,0.00141736,-0.999522
290.7,-0.0314479,0.00162269,-0.999504
290.72,-0.0331656,0.00182329,-0.999448
290.74,-0.0322567,0.00272233,-0.999476
290.76,-0.0320076,0.00237617,-0.999485
290.78,-0.0329858,0.00288818,-0.999452
290.8,-0.0335582,0.00291264,-0.999433
290.82,-0.0338424,0.0029126,-0.999423
290.84,-0.035779,0.00330545,-0.999354
290.86,-0.0357573,0.00248955,-0.999357
290.88,-0.0362618,0.00269452,-0.999339
290.9,-0.0367301,0.00273242,-0.999321
290.92,-0.0384717,0.00176647,-0.999258
290.94,-0.0390152,0.00182775,-0.999237
290.96,-0.0402906,0.00195638,-0.999186
290.98,-0.0403191,0.00185272,-0.999185
291,-0.0403545,0.00173624,-0.999184
291.02,-0.0408096,0.00151544,-0.999166
291.04,-0.0416858,0.001445,-0.99913
291.06,-0.0411168,0.00127439,-0.999154
291.08,-0.0405804,0.000771664,-0.999176
291.1,-0.0401291,0.000858234,-0.999194
291.12,-0.0411912,0.00100842,-0.999151
291.14,-0.0411283,0.00106519,-0.999153
291.16,-0.0414562,0.00105893,-0.99914
291.18,-0.0404753,0.00103599,-0.99918
291.2,-0.0406424,0.00107508,-0.999173
291.22,-0.0405886,0.0011093,-0.999175
291.24,-0.0402175,0.0013545,-0.99919
291.26,-0.0401712,0.00121164,-0.999192
291.28,-0.0400766,0.00138969,-0.999196
291.3,-0.0411123,0.00178404,-0.999153
291.32,-0.0407316,0.00177184,-0.999169
291.34,-0.0404901,0.00276938,-0.999176
291.36,-0.0422131,0.00222933,-0.999106
291.38,-0.0410865,0.00347838,-0.99915
291.4,-0.0414487,0.0033447,-0.999135
291.42,-0.0420522,0.00405441,-0.999107
291.44,-0.0409812,0.00388975,-0.999152
291.46,-0.0404277,0.00396995,-0.999175
291.48,-0.040442,0.00447309,-0.999172
291.5,-0.039875,0.00481446,-0.999193
291.52,-0.0397481,0.00497144,-0.999197
291.54,-0.0391349,0.00498408,-0.999222
291.56,-0.0388864,0.00506078,-0.999231
291.58,-0.0371553,0.00507427,-0.999297
291.6,-0.0373565,0.00493816,-0.99929
291.62,-0.0375844,0.00467533,-0.999283
291.64,-0.0373497,0.00446561,-0.999292
291.66,-0.0374158,0.00456178,-0.999289
291.68,-0.0364856,0.00221497,-0.999332
291.7,-0.036527,0.00451878,-0.999322
291.72,-0.0371794,0.00379852,-0.999301
291.74,-0.0354192,0.00363967,-0.999366
291.76,-0.0348192,0.00411694,-0.999385
291.78,-0.0335029,0.00224616,-0.999436
291.8,-0.0336278,0.00263195,-0.999431
291.82,-0.0332741,0.00266882,-0.999443
291.84,-0.035745,0.00439595,-0.999351
291.86,-0.0321555,0.00318472,-0.999478
291.88,-0.0319214,0.00345173,-0.999484
291.9,-0.0312295,0.00343378,-0.999506
291.92,-0.029892,0.00319575,-0.999548
291.94,-0.0339128,0.00469147,-0.999414
291.96,-0.0302245,0.0034348,-0.999537
291.98,-0.0294357,0.00346181,-0.999561
292,-0.0302184,0.00368692,-0.999537
292.02,-0.0312114,0.00375389,-0.999506
292.04,-0.032057,0.00452977,-0.999476
292.06,-0.0291655,0.00338215,-0.999569
292.08,-0.0312693,0.0044824,-0.999501
292.1,-0.0305507,0.00436755,-0.999524
292.12,-0.0305411,0.00434689,-0.999524
292.14,-0.0295943,0.0042321,-0.999553
292.16,-0.0297008,0.00591551,-0.999541
292.18,-0.0301408,0.00503467,-0.999533
292.2,-0.0299889,0.00544598,-0.999535
292.22,-0.0303571,0.00526066,-0.999525
292.24,-0.0296097,0.00508257,-0.999549
292.26,-0.0290275,0.00477578,-0.999567
292.28,-0.0292585,0.00489737,-0.99956
292.3,-0.0302251,0.00465248,-0.999532
292.32,-0.0283087,0.00363156,-0.999593
292.34,-0.0297536,0.00511361,-0.999544
292.36,-0.0289355,0.00483626,-0.99957
292.38,-0.0280929,0.0030886,-0.999601
292.4,-0.0286557,0.00449825,-0.999579
292.42,-0.0295738,0.00457833,-0.999552
292.44,-0.0285839,0.00291022,-0.999587
292.46,-0.0293693,0.0042986,-0.999559
292.48,-0.0301272,0.00421273,-0.999537
292.5,-0.0298906,0.00391209,-0.999546
292.52,-0.0295312,0.00368145,-0.999557
292.54,-0.0288242,0.00328748,-0.999579
292.56,-0.0293825,0.00334617,-0.999563
292.58,-0.0283149,0.00296672,-0.999595
292.6,-0.0286756,0.0030774,-0.999584
292.62,-0.0289128,0.00292746,-0.999578
292.64,-0.0301711,0.00246487,-0.999542
292.66,-0.0316612,0.00146851,-0.999498
292.68,-0.0296484,0.000791922,-0.99956
292.7,-0.0303038,0.000866961,-0.99954
292.72,-0.0308426,-0.000206127,-0.999524
292.74,-0.0307999,0.000439329,-0.999525
292.76,-0.031056,0.000440292,-0.999518
292.78,-0.0306834,0.00183036,-0.999527
292.8,-0.0309487,0.00129796,-0.99952
292.82,-0.0303174,0.00148719,-0.999539
292.84,-0.0314487,0.0019256,-0.999504
292.86,-0.0304151,0.00212139,-0.999535
292.88,-0.0320807,0.00136601,-0.999484
292.9,-0.0321651,0.00249248,-0.999479
292.92,-0.0328991,0.00239123,-0.999456
292.94,-0.0333485,0.00250976,-0.999441
292.96,-0.0344897,0.00253986,-0.999402
292.98,-0.0345977,0.00230637,-0.999399
293,-0.0356156,0.00174937,-0.999364
293.02,-0.0358975,0.00283359,-0.999351
293.04,-0.0375186,0.00216579,-0.999294
293.06,-0.0369342,0.00317767,-0.999313
293.08,-0.0372763,0.00313694,-0.9993
293.1,-0.0384522,0.00234521,-0.999258
293.12,-0.0386022,0.00352898,-0.999248
293.14,-0.0387469,0.00360458,-0.999243
293.16,-0.0385802,0.00376316,-0.999248
293.18,-0.0389543,0.00376495,-0.999234
293.2,-0.0390328,0.00127736,-0.999237
293.22,-0.03952,0.00395086,-0.999211
293.24,-0.040201,0.0040547,-0.999183
293.26,-0.0408428,0.00421089,-0.999157
293.28,-0.0411041,0.00407692,-0.999147
293.3,-0.0401929,0.00396878,-0.999184
293.32,-0.0410572,0.0041406,-0.999148
293.34,-0.0414334,0.00442532,-0.999131
293.36,-0.0409345,0.00432642,-0.999152
293.38,-0.0414477,0.00460469,-0.99913
293.4,-0.0418362,0.00398387,-0.999117
293.42,-0.0414992,0.00399238,-0.999131
293.44,-0.040653,0.00408018,-0.999165
293.46,-0.0410048,0.00430665,-0.99915
293.48,-0.0407389,0.0045203,-0.99916
293.5,-0.0407064,0.00438714,-0.999162
293.52,-0.0413094,0.00452873,-0.999136
293.54,-0.041078,0.00470307,-0.999145
293.56,-0.0411838,0.0047984,-0.99914
293.58,-0.0405306,0.00461369,-0.999168
293.6,-0.0393844,0.00511682,-0.999211
293.62,-0.0395463,0.00504398,-0.999205
293.64,-0.0391847,0.00489432,-0.99922
293.66,-0.0394489,0.00404578,-0.999213
293.68,-0.0398213,0.0049931,-0.999194
293.7,-0.0395547,0.00511731,-0.999204
293.72,-0.0395842,0.00419169,-0.999207
293.74,-0.0371967,0.00325462,-0.999303
293.76,-0.0375859,0.0047449,-0.999282
293.78,-0.0378328,0.00482057,-0.999272
293.8,-0.0358457,0.00351346,-0.999351
293.82,-0.0361469,0.00486072,-0.999335
293.84,-0.0349681,0.00339938,-0.999383
293.86,-0.0347008,0.00545056,-0.999383
293.88,-0.035704,0.00432837,-0.999353
293.9,-0.0353243,0.00437974,-0.999366
293.92,-0.0336349,0.00258114,-0.999431
293.94,-0.034077,0.0012752,-0.999418
293.96,-0.0332618,0.00362414,-0.99944
293.98,-0.0328233,0.00262107,-0.999458
294,-0.0317298,0.00244489,-0.999493
294.02,-0.0317981,0.00260069,-0.999491
294.04,-0.0308572,0.00248342,-0.999521
294.06,-0.0308729,0.00239727,-0.99952
294.08,-0.0312888,0.00280171,-0.999506
294.1,-0.0313001,0.00272611,-0.999506
294.12,-0.0321249,0.00387018,-0.999476
294.14,-0.0306806,0.00245001,-0.999526
294.16,-0.0312413,0.00366268,-0.999505
294.18,-0.0298223,0.00343754,-0.999549
294.2,-0.0302672,0.00360548,-0.999535
294.22,-0.030419,0.0035291,-0.999531
294.24,-0.0296644,0.00322846,-0.999555
294.26,-0.0303292,0.00416249,-0.999531
294.28,-0.0302063,0.00415865,-0.999535
294.3,-0.0294275,0.00272359,-0.999563
294.32,-0.0310096,0.00457072,-0.999509
294.34,-0.0304081,0.00410078,-0.999529
294.36,-0.0300937,0.00381403,-0.99954
294.38,-0.0300173,0.00379477,-0.999542
294.4,-0.0287071,0.00217801,-0.999585
294.42,-0.029476,0.0036848,-0.999559
294.44,-0.0294436,0.00357591,-0.99956
294.46,-0.0284591,0.00315233,-0.99959
294.48,-0.0298603,0.00380701,-0.999547
294.5,-0.0300802,0.00362686,-0.999541
294.52,-0.029984,0.00353906,-0.999544
294.54,-0.0283786,0.00276716,-0.999593
294.56,-0.029442,0.00311687,-0.999562
294.58,-0.0286413,0.00236344,-0.999587
294.6,-0.0279412,0.00221913,-0.999607
294.62,-0.0278294,0.00216692,-0.99961
294.64,-0.0281371,0.000873155,-0.999604
294.66,-0.0286074,0.00111071,-0.99959
294.68,-0.0293343,0.000951595,-0.999569
294.7,-0.0298398,0.00110603,-0.999554
294.72,-0.0298812,0.0012341,-0.999553
294.74,-0.0296841,0.00120184,-0.999559
294.76,-0.0301367,0.00120732,-0.999545
294.78,-0.0286017,-0.00036993,-0.999591
294.8,-0.0308031,0.0011755,-0.999525
294.82,-0.0294533,-0.000495949,-0.999566
294.84,-0.0310388,-0.000539311,-0.999518
294.86,-0.0311102,-0.000129985,-0.999516
294.88,-0.0310017,0.00078983,-0.999519
294.9,-0.0308829,0.000808287,-0.999523
294.92,-0.0308327,-0.000393733,-0.999524
294.94,-0.0313728,-0.000614572,-0.999508
294.96,-0.0312708,-0.000480067,-0.999511
294.98,-0.0314369,0.00132456,-0.999505
295,-0.032884,-0.000248803,-0.999459
295.02,-0.0330356,-0.000180077,-0.999454
295.04,-0.033394,0.00121161,-0.999442
295.06,-0.0334051,0.0018041,-0.99944
295.08,-0.0326888,0.00294799,-0.999461
295.1,-0.0338491,0.0031171,-0.999422
295.12,-0.0339583,0.00283163,-0.999419
295.14,-0.0352441,0.00311586,-0.999374
295.16,-0.0350143,0.00387503,-0.999379
295.18,-0.0360436,0.00319734,-0.999345
295.2,-0.0363446,0.00405283,-0.999331
295.22,-0.0366338,0.00408778,-0.99932
295.24,-0.0370188,0.00430128,-0.999305
295.26,-0.0370566,0.00443591,-0.999303
295.28,-0.0374135,0.00480448,-0.999288
295.3,-0.0372736,0.00490786,-0.999293
295.32,-0.0380406,0.00497214,-0.999264
295.34,-0.0384724,0.00517852,-0.999246
295.36,-0.0388791,0.00517847,-0.999231
295.38,-0.0390685,0.00528964,-0.999223
295.4,-0.0396381,0.00538754,-0.9992
295.42,-0.0410575,0.00562675,-0.999141
295.44,-0.0406873,0.00487882,-0.99916
295.46,-0.0416351,0.00588941,-0.999116
295.48,-0.04097,0.00479151,-0.999149
295.5,-0.0400431,0.00488752,-0.999186
295.52,-0.0406285,0.00504454,-0.999162
295.54,-0.0411136,0.00607834,-0.999136
295.56,-0.040078,0.00490758,-0.999185
295.58,-0.0396234,0.00493434,-0.999203
295.6,-0.0399071,0.00519216,-0.99919
295.62,-0.0401882,0.00515913,-0.999179
295.64,-0.0402679,0.00511715,-0.999176
295.66,-0.041143,0.00640795,-0.999133
295.68,-0.0395872,0.00530488,-0.999202
295.7,-0.0406651,0.00548754,-0.999158
295.72,-0.0404626,0.00642985,-0.99916
295.74,-0.0403131,0.00554922,-0.999172
295.76,-0.0389552,0.00462174,-0.99923
295.78,-0.039522,0.00544259,-0.999204
295.8,-0.0398833,0.00525487,-0.999191
295.82,-0.0389542,0.00587654,-0.999224
295.84,-0.0389789,0.00466289,-0.999229
295.86,-0.0386973,0.00328735,-0.999246
295.88,-0.0386874,0.0047305,-0.99924
295.9,-0.0379713,0.00231955,-0.999276
295.92,-0.037957,0.00436548,-0.99927
295.94,-0.0363983,0.00198499,-0.999335
295.96,-0.035934,0.00255713,-0.999351
295.98,-0.0358977,0.00244448,-0.999352
296,-0.0363575,0.00414906,-0.99933
296.02,-0.0359967,0.00401839,-0.999344
296.04,-0.0360376,0.00398254,-0.999342
296.06,-0.035514,0.00394719,-0.999361
296.08,-0.0348545,0.00373095,-0.999385
296.1,-0.0336339,0.00359634,-0.999428
296.12,-0.0320022,0.00299855,-0.999483
296.14,-0.0307452,0.00318372,-0.999522
296.16,-0.0305752,0.00286681,-0.999528
296.18,-0.0309764,0.00280942,-0.999516
296.2,-0.0318498,0.00186507,-0.999491
296.22,-0.0311343,0.00180058,-0.999514
296.24,-0.0310387,0.00165422,-0.999517
296.26,-0.0304923,0.00250377,-0.999532
296.28,-0.0299673,0.0023504,-0.999548
296.3,-0.0293626,0.00238515,-0.999566
296.32,-0.029474,0.00110681,-0.999565
296.34,-0.029073,0.00122755,-0.999577
296.36,-0.0308851,0.00275566,-0.999519
296.38,-0.0295936,0.00205947,-0.99956
296.4,-0.0296999,0.00192917,-0.999557
296.42,-0.0311726,0.00213566,-0.999512
296.44,-0.0297098,0.00261598,-0.999555
296.46,-0.0292978,0.00284512,-0.999567
296.48,-0.0291144,0.0025929,-0.999573
296.5,-0.029028,0.00237171,-0.999576
296.52,-0.0299054,0.00176369,-0.999551
296.54,-0.0288865,0.00134166,-0.999582
296.56,-0.028913,0.00114794,-0.999581
296.58,-0.0278455,0.00210532,-0.99961
296.6,-0.0288716,0.00149577,-0.999582
296.62,-0.0290855,0.0012736,-0.999576
296.64,-0.0284019,0.00144654,-0.999596
296.66,-0.0285471,0.00158569,-0.999591
296.68,-0.0290713,0.00147532,-0.999576
296.7,-0.0287632,0.00138088,-0.999585
296.72,-0.0278374,0.00249834,-0.999609
296.74,-0.0287861,0.00164805,-0.999584
296.76,-0.0288348,0.00153831,-0.999583
296.78,-0.0277813,0.00150751,-0.999613
296.8,-0.0291449,0.00153829,-0.999574
296.82,-0.0288225,0.000358184,-0.999584
296.84,-0.028943,0.000520815,-0.999581
296.86,-0.0289435,0.000527344,-0.999581
296.88,-0.0291667,0.000230943,-0.999575
296.9,-0.0290912,0.000273139,-0.999577
296.92,-0.0285682,0.00164416,-0.99959
296.94,-0.0294945,0.00146711,-0.999564
296.96,-0.0290455,0.000527579,-0.999578
296.98,-0.0289104,-0.000579751,-0.999582
297,-0.0294094,-0.00026212,-0.999567
297.02,-0.0294785,-0.000331718,-0.999565
297.04,-0.0300775,0.00115167,-0.999547
297.06,-0.0311907,0.000304603,-0.999513
297.08,-0.0309453,0.000687123,-0.999521
297.1,-0.0319024,0.000216891,-0.999491
297.12,-0.0321244,7.89718e-05,-0.999484
297.14,-0.0325317,-4.16055e-05,-0.999471
297.16,-0.0328639,0.00121988,-0.999459
297.18,-0.0331029,0.00151653,-0.999451
297.2,-0.0338197,0.000416378,-0.999428
297.22,-0.0343923,0.000757057,-0.999408
297.24,-0.0332899,0.00263581,-0.999442
297.26,-0.0344465,0.00290923,-0.999402
297.28,-0.0352104,0.00193371,-0.999378
297.3,-0.0352908,0.00301217,-0.999373
297.32,-0.0358025,0.00325486,-0.999354
297.34,-0.0358272,0.0033011,-0.999353
297.36,-0.0367034,0.00361586,-0.99932
297.38,-0.0365395,0.00206969,-0.99933
297.4,-0.0371323,0.00365693,-0.999304
297.42,-0.0371959,0.00459087,-0.999297
297.44,-0.037732,0.00445703,-0.999278
297.46,-0.0380796,0.004584,-0.999264
297.48,-0.038474,0.00446544,-0.99925
297.5,-0.0387564,0.00448507,-0.999239
297.52,-0.0384194,0.00479417,-0.99925
297.54,-0.0392353,0.00468423,-0.999219
297.56,-0.0398005,0.00506161,-0.999195
297.58,-0.0382749,0.00352692,-0.999261
297.6,-0.0388854,0.00446476,-0.999234
297.62,-0.0387877,0.00448698,-0.999237
297.64,-0.0397242,0.0058837,-0.999193
297.66,-0.0396801,0.00438881,-0.999203
297.68,-0.0390697,0.00430154,-0.999227
297.7,-0.0400067,0.00448831,-0.999189
297.72,-0.0395872,0.00440584,-0.999206
297.74,-0.0400162,0.00416695,-0.99919
297.76,-0.0399966,0.00442376,-0.99919
297.78,-0.0396963,0.00400107,-0.999204
297.8,-0.040623,0.00559445,-0.999159
297.82,-0.040555,0.00553655,-0.999162
297.84,-0.0399618,0.0039151,-0.999194
297.86,-0.0405385,0.00547837,-0.999163
297.88,-0.0400681,0.00578804,-0.99918
297.9,-0.0400795,0.00522119,-0.999183
297.92,-0.0392544,0.00366631,-0.999223
297.94,-0.0388393,0.00359072,-0.999239
297.96,-0.0394323,0.00498604,-0.99921
297.98,-0.0386055,0.00335215,-0.999249
298,-0.038014,0.00307927,-0.999272
298.02,-0.0378086,0.00443768,-0.999275
298.04,-0.0366542,0.00449621,-0.999318
298.06,-0.0373679,0.00460969,-0.999291
298.08,-0.0370209,0.00457107,-0.999304
298.1,-0.0370181,0.00352839,-0.999308
298.12,-0.0364646,0.00353645,-0.999329
298.14,-0.0364444,0.00343943,-0.99933
298.16,-0.0362082,0.00339948,-0.999338
298.18,-0.0366791,0.00343048,-0.999321
298.2,-0.0361102,0.00200794,-0.999346
298.22,-0.0349822,0.00171549,-0.999386
298.24,-0.0354428,0.00185043,-0.99937
298.26,-0.0338231,0.00158976,-0.999427
298.28,-0.0331325,0.00126879,-0.99945
298.3,-0.0333339,0.00154253,-0.999443
298.32,-0.0330381,0.00142889,-0.999453
298.34,-0.0359602,0.00326428,-0.999348
298.36,-0.0327509,0.00177896,-0.999462
298.38,-0.032614,0.00172744,-0.999467
298.4,-0.0319201,0.00200868,-0.999488
298.42,-0.0314692,0.00199684,-0.999503
298.44,-0.0299812,0.00159747,-0.999549
298.46,-0.0316349,0.00292985,-0.999495
298.48,-0.0312404,0.00264052,-0.999508
298.5,-0.0302318,0.00245129,-0.99954
298.52,-0.0300789,0.00236405,-0.999545
298.54,-0.0291577,0.00219533,-0.999572
298.56,-0.0291676,0.00196371,-0.999573
298.58,-0.0291546,0.00193565,-0.999573
298.6,-0.028706,0.0020328,-0.999586
298.62,-0.0282971,0.00235494,-0.999597
298.64,-0.0295402,0.00249876,-0.99956
298.66,-0.0296039,0.00271586,-0.999558
298.68,-0.0295526,0.00279293,-0.999559
298.7,-0.0304318,0.00121066,-0.999536
298.72,-0.0290972,0.0027342,-0.999573
298.74,-0.0283444,0.00271544,-0.999595
298.76,-0.0283841,0.00288153,-0.999593
298.78,-0.0298681,0.00163425,-0.999553
298.8,-0.0290917,0.00153479,-0.999576
298.82,-0.029233,0.00162411,-0.999571
298.84,-0.0295277,0.00170266,-0.999563
298.86,-0.0297269,0.0018675,-0.999556
298.88,-0.0285856,0.00288738,-0.999587
298.9,-0.0290309,0.00189273,-0.999577
298.92,-0.0290926,0.00176719,-0.999575
298.94,-0.0290539,0.00309343,-0.999573
298.96,-0.0294169,0.00306778,-0.999563
298.98,-0.0266622,0.00353358,-0.999638
299,-0.0285019,0.00287482,-0.99959
299.02,-0.0289247,0.00284663,-0.999578
299.04,-0.0289273,0.00248704,-0.999578
299.06,-0.0286259,0.00287648,-0.999586
299.08,-0.02884,0.00310109,-0.999579
299.1,-0.0300372,0.00311115,-0.999544
299.12,-0.0299048,0.00296348,-0.999548
299.14,-0.0305158,0.00291453,-0.99953
299.16,-0.0305321,0.00300086,-0.999529
299.18,-0.0304322,0.00274967,-0.999533
299.2,-0.0304419,0.0028073,-0.999533
299.22,-0.0320089,0.00284807,-0.999484
299.24,-0.0323999,0.00364464,-0.999468
299.26,-0.0321318,0.00308398,-0.999479
299.28,-0.0310748,0.00286887,-0.999513
299.3,-0.0325436,0.00320185,-0.999465
299.32,-0.0342818,0.00339698,-0.999406
299.34,-0.0327775,0.00347525,-0.999457
299.36,-0.0336734,0.00351933,-0.999427
299.38,-0.0335927,0.00374813,-0.999429
299.4,-0.0337827,0.00399521,-0.999421
299.42,-0.0337562,0.00518247,-0.999417
299.44,-0.0351385,0.00392136,-0.999375
299.46,-0.0357522,0.0044679,-0.999351
299.48,-0.0351323,0.00458965,-0.999372
299.5,-0.0361899,0.00381561,-0.999338
299.52,-0.0354824,0.00423834,-0.999361
299.54,-0.0371908,0.0043327,-0.999299
299.56,-0.0371819,0.00414151,-0.9993
299.58,-0.0374593,0.00358894,-0.999292
299.6,-0.0356181,0.00422878,-0.999357
299.62,-0.0407867,0.00453403,-0.999158
299.64,-0.0407206,0.00464555,-0.99916
299.66,-0.0398864,0.00286175,-0.9992
299.68,-0.0411179,0.00491813,-0.999142
299.7,-0.0416157,0.00456636,-0.999123
299.72,-0.0413609,0.0048093,-0.999133
299.74,-0.0409875,0.00483102,-0.999148
299.76,-0.04153,0.00326393,-0.999132
299.78,-0.0418203,0.00481854,-0.999114
299.8,-0.0432397,0.0047666,-0.999053
299.82,-0.0420475,0.00320104,-0.99911
299.84,-0.0432806,0.0043571,-0.999053
299.86,-0.0429807,0.00300059,-0.999071
299.88,-0.0433197,0.0044935,-0.999051
299.9,-0.0443016,0.00454094,-0.999008
299.92,-0.0431754,0.00279791,-0.999064
299.94,-0.0435927,0.00299204,-0.999045
299.96,-0.043635,0.00301088,-0.999043
299.98,-0.0443064,0.00426802,-0.999009
300,-0.0424246,0.00463893,-0.999089
300.02,-0.0425662,0.00409812,-0.999085
300.04,-0.0440421,0.00423859,-0.999021
300.06,-0.0435772,0.00410138,-0.999042
300.08,-0.0430661,0.00409064,-0.999064
300.1,-0.0418765,0.00390972,-0.999115
300.12,-0.0410588,0.00299177,-0.999152
300.14,-0.040708,0.00359352,-0.999165
300.16,-0.0406395,0.0042175,-0.999165
300.18,-0.0410892,0.00370584,-0.999149
300.2,-0.0413078,0.00365486,-0.99914
300.22,-0.0402235,0.0035058,-0.999185
300.24,-0.0391716,0.00337615,-0.999227
300.26,-0.0388351,0.00317146,-0.999241
300.28,-0.0393104,0.00329035,-0.999222
300.3,-0.0394341,0.00323531,-0.999217
300.32,-0.0386362,0.00309813,-0.999249
300.34,-0.038396,0.00316195,-0.999258
300.36,-0.0386477,0.00274867,-0.999249
300.38,-0.0378735,0.00310954,-0.999278
300.4,-0.0365274,0.00236552,-0.99933
300.42,-0.0357292,0.00286286,-0.999357
300.44,-0.0356769,0.00272348,-0.99936
300.46,-0.0349491,0.00250865,-0.999386
300.48,-0.0351377,0.00248983,-0.999379
300.5,-0.0360293,0.00170693,-0.999349
300.52,-0.0351232,0.000944775,-0.999383
300.54,-0.0349091,0.00114872,-0.99939
300.56,-0.0309425,0.00116229,-0.99952
300.58,-0.0307021,0.00124307,-0.999528
300.6,-0.0339275,0.00117079,-0.999424
300.62,-0.0302003,0.00155577,-0.999543
300.64,-0.0320461,0.0011944,-0.999486
300.66,-0.0316071,0.00126958,-0.9995
300.68,-0.0316817,0.00139357,-0.999497
300.7,-0.031104,0.00222513,-0.999514
300.72,-0.0301774,0.00159814,-0.999543
300.74,-0.0310511,0.00308217,-0.999513
300.76,-0.030526,0.00295183,-0.99953
300.78,-0.0312231,0.00342911,-0.999507
300.8,-0.0304531,0.00355085,-0.99953
300.82,-0.0307278,0.0026887,-0.999524
300.84,-0.0293699,0.00292927,-0.999564
300.86,-0.0299267,0.00334167,-0.999547
300.88,-0.0299405,0.00328211,-0.999546
300.9,-0.0289166,0.00326454,-0.999576
300.92,-0.0295081,0.00337624,-0.999559
300.94,-0.0312677,0.00497477,-0.999499
300.96,-0.0315291,0.00498276,-0.99949
300.98,-0.0314615,0.0048589,-0.999493
301,-0.031649,0.00465974,-0.999488
301.02,-0.0311044,0.0037803,-0.999509
301.04,-0.0316461,0.00490664,-0.999487
301.06,-0.0319162,0.0049053,-0.999479
301.08,-0.0316859,0.00500024,-0.999485
301.1,-0.0318436,0.00518038,-0.999479
301.12,-0.0315686,0.00523787,-0.999488
301.14,-0.0309338,0.00416066,-0.999513
301.16,-0.0317577,0.00539809,-0.999481
301.18,-0.0316396,0.00531421,-0.999485
301.2,-0.0312884,0.00516027,-0.999497
301.22,-0.0324287,0.0056406,-0.999458
301.24,-0.0326404,0.00570424,-0.999451
301.26,-0.0318398,0.00606767,-0.999475
301.28,-0.032351,0.00444011,-0.999467
301.3,-0.032308,0.00444332,-0.999468
301.32,-0.0326861,0.00430579,-0.999456
301.34,-0.0334728,0.00410234,-0.999431
301.36,-0.0343533,0.00420502,-0.999401
301.38,-0.0337384,0.00450966,-0.999421
301.4,-0.0340258,0.00452371,-0.999411
301.42,-0.0341328,0.00321005,-0.999412
301.44,-0.0340337,0.00329641,-0.999415
301.46,-0.0348185,0.00349422,-0.999388
301.48,-0.0345092,0.00340359,-0.999399
301.5,-0.0355644,0.00387477,-0.99936
301.52,-0.0356989,0.00424498,-0.999354
301.54,-0.0355541,0.00379918,-0.999361
301.56,-0.0350348,0.00438059,-0.999376
301.58,-0.0365458,0.0042241,-0.999323
301.6,-0.0364209,0.00500117,-0.999324
301.62,-0.0370867,0.00500125,-0.9993
301.64,-0.0375139,0.00453221,-0.999286
301.66,-0.0388484,0.00407207,-0.999237
301.68,-0.0344381,0.00473012,-0.999396
301.7,-0.0398799,0.00417617,-0.999196
301.72,-0.0352978,0.00290034,-0.999373
301.74,-0.0393666,0.00406687,-0.999217
301.76,-0.0361757,0.00296527,-0.999341
301.78,-0.039339,0.0042167,-0.999217
301.8,-0.0392653,0.00278913,-0.999225
301.82,-0.0406977,0.0043918,-0.999162
301.84,-0.0403946,0.00421237,-0.999175
301.86,-0.0405503,0.00253243,-0.999174
301.88,-0.0407127,0.00240454,-0.999168
301.9,-0.0423797,0.0041314,-0.999093
301.92,-0.0434173,0.00504911,-0.999044
301.94,-0.0423865,0.004225,-0.999092
301.96,-0.0433632,0.00422856,-0.99905
301.98,-0.0435645,0.00426754,-0.999042
302,-0.0428953,0.00477423,-0.999068
302.02,-0.0434973,0.00469215,-0.999043
302.04,-0.0436273,0.00449253,-0.999038
302.06,-0.0434135,0.00460011,-0.999047
302.08,-0.042928,0.0040638,-0.99907
302.1,-0.0428227,0.0038544,-0.999075
302.12,-0.0414525,0.00388093,-0.999133
302.14,-0.042807,0.00373051,-0.999076
302.16,-0.0417108,0.00316124,-0.999125
302.18,-0.04213,0.00362164,-0.999106
302.2,-0.0410692,0.00292161,-0.999152
302.22,-0.0414037,0.00295015,-0.999138
302.24,-0.0415624,0.003744,-0.999129
302.26,-0.0407947,0.00413955,-0.999159
302.28,-0.0405854,0.00408831,-0.999168
302.3,-0.0405176,0.00398298,-0.999171
302.32,-0.0404233,0.00373555,-0.999176
302.34,-0.0410611,0.00342869,-0.999151
302.36,-0.040358,0.00409805,-0.999177
302.38,-0.0403261,0.0037777,-0.999179
302.4,-0.0408716,0.00332179,-0.999159
302.42,-0.0399633,0.00316082,-0.999196
302.44,-0.0395081,0.00324844,-0.999214
302.46,-0.038524,0.00324191,-0.999252
302.48,-0.0384077,0.00323347,-0.999257
302.5,-0.0381329,0.00258545,-0.999269
302.52,-0.0376872,0.00298968,-0.999285
302.54,-0.0374159,0.0032204,-0.999295
302.56,-0.0369179,0.00273093,-0.999315
302.58,-0.0359841,0.00218885,-0.99935
302.6,-0.0355796,0.00228979,-0.999364
302.62,-0.0353374,0.00211417,-0.999373
302.64,-0.0326598,0.00203821,-0.999464
302.66,-0.0321317,0.00202797,-0.999482
302.68,-0.0330492,0.00150212,-0.999453
302.7,-0.0321109,0.000928404,-0.999484
302.72,-0.0316735,0.000786775,-0.999498
302.74,-0.0316325,0.000975913,-0.999499
302.76,-0.0306562,0.00136321,-0.999529
302.78,-0.030413,0.00140175,-0.999536
302.8,-0.0290217,0.00140001,-0.999578
302.82,-0.0291757,0.00176414,-0.999573
302.84,-0.0291989,0.0028663,-0.99957
302.86,-0.0291125,0.00164791,-0.999575
302.88,-0.0301152,0.0025325,-0.999543
302.9,-0.0296335,0.00310628,-0.999556
302.92,-0.0298126,0.00332263,-0.99955
302.94,-0.0311715,0.004412,-0.999504
302.96,-0.0312008,0.00380456,-0.999506
302.98,-0.0321406,0.00508794,-0.99947
303,-0.0322085,0.00531023,-0.999467
303.02,-0.0312805,0.00481299,-0.999499
303.04,-0.0313118,0.00516422,-0.999496
303.06,-0.0312836,0.00519395,-0.999497
303.08,-0.0311597,0.00511112,-0.999501
303.1,-0.0300512,0.00406684,-0.99954
303.12,-0.0305249,0.00552951,-0.999519
303.14,-0.030559,0.00327363,-0.999528
303.16,-0.0304666,0.00571428,-0.999519
303.18,-0.0305425,0.00591879,-0.999516
303.2,-0.0307087,0.00542844,-0.999514
303.22,-0.0304436,0.00407493,-0.999528
303.24,-0.0315031,0.00572909,-0.999487
303.26,-0.0310365,0.0059346,-0.999501
303.28,-0.0311936,0.00603168,-0.999495
303.3,-0.0316958,0.00590845,-0.99948
303.32,-0.0315727,0.00548447,-0.999486
303.34,-0.031459,0.00584613,-0.999488
303.36,-0.0318926,0.00603529,-0.999473
303.38,-0.0328291,0.00555841,-0.999446
303.4,-0.0321339,0.00610814,-0.999465
303.42,-0.0319928,0.00460673,-0.999477
303.44,-0.0320353,0.00550292,-0.999472
303.46,-0.0330061,0.00540111,-0.999441
303.48,-0.0322084,0.00411237,-0.999473
303.5,-0.0335365,0.00417315,-0.999429
303.52,-0.033387,0.00429883,-0.999433
303.54,-0.0342207,0.00388188,-0.999407
303.56,-0.0340725,0.00314474,-0.999414
303.58,-0.0334528,0.0033056,-0.999435
303.6,-0.0333467,0.00295282,-0.999439
303.62,-0.0335093,0.00350364,-0.999432
303.64,-0.0350668,0.00358615,-0.999379
303.66,-0.0344203,0.00370657,-0.999401
303.68,-0.0341868,0.00423067,-0.999407
303.7,-0.0347911,0.0035597,-0.999388
303.72,-0.0353308,0.00385796,-0.999368
303.74,-0.0328687,0.00384735,-0.999452
303.76,-0.0345554,0.0035526,-0.999396
303.78,-0.0344568,0.00355788,-0.9994
303.8,-0.0356603,0.00362341,-0.999357
303.82,-0.0388451,0.00367514,-0.999238
303.84,-0.0383714,0.00397148,-0.999256
303.86,-0.039119,0.00373596,-0.999228
303.88,-0.0390061,0.00396394,-0.999231
303.9,-0.0401143,0.00395346,-0.999187
303.92,-0.0400082,0.00397719,-0.999191
303.94,-0.0400439,0.00373963,-0.999191
303.96,-0.0403416,0.00384009,-0.999179
303.98,-0.0409762,0.0037953,-0.999153
304,-0.0413234,0.00382986,-0.999138
304.02,-0.0414292,0.00363981,-0.999135
304.04,-0.0420939,0.00363266,-0.999107
304.06,-0.0415971,0.00384935,-0.999127
304.08,-0.0420767,0.00397278,-0.999106
304.1,-0.0423026,0.00402271,-0.999097
304.12,-0.0423254,0.00380177,-0.999097
304.14,-0.0423685,0.0041232,-0.999094
304.16,-0.0408064,0.00277938,-0.999163
304.18,-0.0422882,0.00307373,-0.999101
304.2,-0.0424846,0.00371048,-0.99909
304.22,-0.0417656,0.00297648,-0.999123
304.24,-0.0421703,0.00288341,-0.999106
304.26,-0.0416528,0.00250335,-0.999129
304.28,-0.0438039,0.00431796,-0.999031
304.3,-0.0425016,0.00253797,-0.999093
304.32,-0.0414429,0.002781,-0.999137
304.34,-0.0414575,0.00297883,-0.999136
304.36,-0.0417182,0.00415886,-0.999121
304.38,-0.0411443,0.00403754,-0.999145
304.4,-0.0412768,0.00412482,-0.999139
304.42,-0.0412041,0.00407232,-0.999142
304.44,-0.0414641,0.00391633,-0.999132
304.46,-0.040674,0.00388615,-0.999165
304.48,-0.0419478,0.00310571,-0.999115
304.5,-0.0414723,0.00330246,-0.999134
304.52,-0.0409568,0.003538,-0.999155
304.54,-0.0396855,0.00337376,-0.999207
304.56,-0.0392094,0.00347209,-0.999225
304.58,-0.0390783,0.00322576,-0.999231
304.6,-0.0386648,0.00316469,-0.999247
304.62,-0.0385186,0.00322159,-0.999253
304.64,-0.0381448,0.00317034,-0.999267
304.66,-0.0383435,0.00311805,-0.99926
304.68,-0.0375072,0.00295568,-0.999292
304.7,-0.037092,0.00313263,-0.999307
304.72,-0.0336234,0.00354951,-0.999428
304.74,-0.0334529,0.00301627,-0.999436
304.76,-0.0330721,0.00296823,-0.999449
304.78,-0.0350107,0.00299979,-0.999382
304.8,-0.0346064,0.00320134,-0.999396
304.82,-0.0346867,0.00258668,-0.999395
304.84,-0.0341266,0.0028962,-0.999413
304.86,-0.0337725,0.0029354,-0.999425
304.88,-0.0344057,0.00275604,-0.999404
304.9,-0.0333333,0.0040228,-0.999436
304.92,-0.0327503,0.00302024,-0.999459
304.94,-0.033558,0.00336236,-0.999431
304.96,-0.0335465,0.00379755,-0.99943
304.98,-0.0324892,0.00340121,-0.999466
305,-0.0324355,0.00360711,-0.999467
305.02,-0.0317011,0.00402564,-0.999489
305.04,-0.0321477,0.00504499,-0.99947
305.06,-0.0325202,0.00494916,-0.999459
305.08,-0.0323087,0.00515783,-0.999465
305.1,-0.0323133,0.00561899,-0.999462
305.12,-0.0314744,0.00557966,-0.999489
305.14,-0.0314018,0.00554037,-0.999491
305.16,-0.0308552,0.00588679,-0.999507
305.18,-0.0309079,0.00513791,-0.999509
305.2,-0.0318845,0.00614361,-0.999473
305.22,-0.0312339,0.00552364,-0.999497
305.24,-0.0310247,0.00462398,-0.999508
305.26,-0.032011,0.0056597,-0.999471
305.28,-0.0318275,0.00599514,-0.999475
305.3,-0.0315243,0.00547462,-0.999488
305.32,-0.0319549,0.00549714,-0.999474
305.34,-0.0317351,0.00540309,-0.999482
305.36,-0.0307437,0.00450862,-0.999517
305.38,-0.0313133,0.00317942,-0.999505
305.4,-0.0318264,0.00511714,-0.99948
305.42,-0.0319197,0.00551639,-0.999475
305.44,-0.0317182,0.00430305,-0.999488
305.46,-0.0323202,0.00580613,-0.999461
305.48,-0.0324101,0.00576032,-0.999458
305.5,-0.0325048,0.00550855,-0.999456
305.52,-0.0318243,0.00514032,-0.99948
305.54,-0.0327896,0.00510156,-0.999449
305.56,-0.0317538,0.00368743,-0.999489
305.58,-0.031539,0.00395762,-0.999495
305.6,-0.0322416,0.00401611,-0.999472
305.62,-0.0321054,0.00390486,-0.999477
305.64,-0.0327195,0.00274998,-0.999461
305.66,-0.0333403,0.00380857,-0.999437
305.68,-0.0325928,0.00237143,-0.999466
305.7,-0.0328777,0.00297915,-0.999455
305.72,-0.0337288,0.00306374,-0.999426
305.74,-0.0346245,0.00297735,-0.999396
305.76,-0.0345369,0.00235095,-0.999401
305.78,-0.0342354,0.0022508,-0.999411
305.8,-0.0348339,0.00185774,-0.999391
305.82,-0.0351366,0.00200472,-0.999381
305.84,-0.0318033,0.00298153,-0.99949
305.86,-0.032771,0.00315593,-0.999458
305.88,-0.0363331,0.00273115,-0.999336
305.9,-0.0368769,0.00278175,-0.999316
305.92,-0.0378878,0.00307899,-0.999277
305.94,-0.0373296,0.00284434,-0.999299
305.96,-0.0379405,0.00284144,-0.999276
305.98,-0.0383218,0.00331542,-0.99926
306,-0.039022,0.0033124,-0.999233
306.02,-0.0391476,0.00354084,-0.999227
306.04,-0.0396197,0.00352745,-0.999209
306.06,-0.0395433,0.00349453,-0.999212
306.08,-0.0401809,0.00290721,-0.999188
306.1,-0.0402588,0.00342291,-0.999183
306.12,-0.0400939,0.0043951,-0.999186
306.14,-0.0401411,0.00407551,-0.999186
306.16,-0.0400026,0.00386027,-0.999192
306.18,-0.0398849,0.00358184,-0.999198
306.2,-0.0394683,0.00287422,-0.999217
306.22,-0.0393153,0.00275782,-0.999223
306.24,-0.0408464,0.00234664,-0.999163
306.26,-0.040659,0.00273942,-0.999169
306.28,-0.041385,0.00281533,-0.999139
306.3,-0.0414939,0.00286582,-0.999135
306.32,-0.0420776,0.00275715,-0.999111
306.34,-0.0437385,0.00408342,-0.999035
306.36,-0.0430671,0.00369474,-0.999065
306.38,-0.0438886,0.00385022,-0.999029
306.4,-0.0429835,0.002339,-0.999073
306.42,-0.043677,0.00359914,-0.999039
306.44,-0.0431304,0.00157786,-0.999068
306.46,-0.0432692,0.00165772,-0.999062
306.48,-0.0434094,0.00172763,-0.999056
306.5,-0.0438754,0.00187646,-0.999035
306.52,-0.0433928,0.00198973,-0.999056
306.54,-0.0424762,0.00183589,-0.999096
306.56,-0.0427919,0.00141306,-0.999083
306.58,-0.0431256,0.0011189,-0.999069
306.6,-0.040128,0.00133373,-0.999194
306.62,-0.0421477,0.00172786,-0.99911
306.64,-0.0408732,0.00145702,-0.999163
306.66,-0.0405473,0.00188463,-0.999176
306.68,-0.0409734,0.00145323,-0.999159
306.7,-0.0415544,0.000529433,-0.999136
306.72,-0.0426138,0.00121818,-0.999091
306.74,-0.0423105,0.00250632,-0.999101
306.76,-0.0424067,0.00270049,-0.999097
306.78,-0.0417332,0.00204689,-0.999127
306.8,-0.0403796,0.00188047,-0.999183
306.82,-0.0399477,0.00142331,-0.999201
306.84,-0.0393974,0.000538288,-0.999223
306.86,-0.0387553,0.000496292,-0.999249
306.88,-0.036211,0.000730575,-0.999344
306.9,-0.0370997,0.00103431,-0.999311
306.92,-0.0388063,0.0013926,-0.999246
306.94,-0.0388608,0.00246693,-0.999242
306.96,-0.0378905,0.00119344,-0.999281
306.98,-0.0387313,0.00152323,-0.999249
307,-0.0395987,-0.000483393,-0.999216
307.02,-0.0393986,-0.000952986,-0.999223
307.04,-0.0387602,0.00130609,-0.999248
307.06,-0.0375998,-0.000758401,-0.999293
307.08,-0.0377049,-0.00175083,-0.999287
307.1,-0.04037,-0.00135261,-0.999184
307.12,-0.0397059,-0.00286642,-0.999207
307.14,-0.0403763,-0.00425119,-0.999176
307.16,-0.0419575,-0.00243333,-0.999116
307.18,-0.0409047,-0.00354482,-0.999157
307.2,-0.0501211,-0.00300802,-0.998739
307.22,-0.0498213,-0.00196692,-0.998756
307.24,-0.0505377,0.000707438,-0.998722
307.26,-0.051505,0.000743044,-0.998672
307.28,-0.0531452,0.00244891,-0.998584
307.3,-0.0575315,0.00242157,-0.998341
307.32,-0.0597854,0.000773696,-0.998211
307.34,-0.0621212,0.0017184,-0.998067
307.36,-0.0634146,0.000745349,-0.997987
307.38,-0.064239,-0.000322067,-0.997934
307.4,-0.0665598,0.000745328,-0.997782
307.42,-0.0666632,0.000737898,-0.997775
307.44,-0.0671107,0.00207099,-0.997743
307.46,-0.0683515,0.000440087,-0.997661
307.48,-0.0709009,0.00108833,-0.997483
307.5,-0.0723158,-6.6576e-05,-0.997382
307.52,-0.0749933,0.00152808,-0.997183
307.54,-0.0748623,0.00138186,-0.997193
307.56,-0.0766443,0.000641145,-0.997058
307.58,-0.0751126,0.00116911,-0.997174
307.6,-0.0747857,0.000252913,-0.9972
307.62,-0.0773834,4.79159e-05,-0.997001
307.64,-0.0776255,0.00144439,-0.996982
307.66,-0.0801928,0.00138652,-0.996778
307.68,-0.0787419,0.00235354,-0.996892
307.7,-0.0798779,0.00415438,-0.996796
307.72,-0.0773921,0.00435384,-0.996991
307.74,-0.0775666,0.00474649,-0.996976
307.76,-0.0774309,0.00484973,-0.996986
307.78,-0.0766258,0.00595601,-0.997042
307.8,-0.0742531,0.00686182,-0.997216
307.82,-0.0720387,0.00311734,-0.997397
307.84,-0.0713766,0.00304246,-0.997445
307.86,-0.067802,0.00469475,-0.997688
307.88,-0.0679021,0.00460565,-0.997681
307.9,-0.0645658,0.00354962,-0.997907
307.92,-0.058606,0.003538,-0.998275
307.94,-0.0543206,0.00394661,-0.998516
307.96,-0.0544254,0.00551278,-0.998503
307.98,-0.0502696,0.00261018,-0.998732
308,-0.046572,0.00264694,-0.998911
308.02,-0.0438542,0.00316014,-0.999033
308.04,-0.0373782,0.00253745,-0.999298
308.06,-0.0355815,0.00368913,-0.99936
308.08,-0.0332793,0.00116838,-0.999445
308.1,-0.0298325,0.000737848,-0.999555
308.12,-0.0295724,0.00310589,-0.999558
308.14,-0.0260879,0.00296399,-0.999655
308.16,-0.0219239,0.00231181,-0.999757
308.18,-0.0195151,0.00102563,-0.999809
308.2,-0.0170586,0.00133793,-0.999854
308.22,-0.0120485,0.00206702,-0.999925
308.24,-0.0102675,0.00195983,-0.999945
308.26,-0.00977183,0.00161336,-0.999951
308.28,-0.00757382,0.00109712,-0.999971
308.3,-0.00533492,0.00176866,-0.999984
308.32,0.00428559,0.00274592,-0.999987
308.34,0.00758542,0.00193448,-0.999969
308.36,0.00813426,0.00166758,-0.999966
308.38,0.00925507,0.000942788,-0.999957
308.4,0.0117165,7.32531e-05,-0.999931
308.42,0.0131941,0.00100696,-0.999912
308.44,0.00828273,0.00241765,-0.999963
308.46,0.00882658,-0.000552057,-0.999961
308.48,0.00853644,0.000780369,-0.999963
308.5,0.00999656,-0.00117204,-0.999949
308.52,0.0141707,-9.03287e-05,-0.9999
308.54,0.014935,-0.000396472,-0.999888
308.56,0.0147709,0.000550099,-0.999891
308.58,0.0148242,-0.0017186,-0.999889
308.6,0.0141968,-0.00225802,-0.999897
308.62,0.0128974,9.9756e-05,-0.999917
308.64,0.0123526,-0.000661397,-0.999923
308.66,0.0116145,0.000146912,-0.999933
308.68,0.0100451,0.000449587,-0.999949
308.7,0.0119799,0.00166521,-0.999927
308.72,0.0119156,0.00281936,-0.999925
308.74,0.0171134,0.00262075,-0.99985
308.76,0.0209076,0.00195126,-0.99978
308.78,0.0226299,0.00306964,-0.999739
308.8,0.0268205,0.00197386,-0.999638
308.82,0.03219,0.00197589,-0.99948
308.84,0.0369532,-0.000279562,-0.999317
308.86,0.0347006,0.000555975,-0.999398
308.88,0.0349099,-0.000735321,-0.99939
308.9,0.0322346,0.000302363,-0.99948
308.92,0.0325415,-0.00129921,-0.99947
308.94,0.03004,-0.00278711,-0.999545
308.96,0.0247776,-0.0029963,-0.999688
308.98,0.0327574,-0.00148164,-0.999462
309,0.0292438,-0.00244736,-0.999569
309.02,0.021821,-0.0019358,-0.99976
309.04,0.0175212,-0.00257471,-0.999843
309.06,0.0162376,-0.00319024,-0.999863
309.08,0.0140562,-0.00562928,-0.999885
309.1,0.00825458,-0.00493072,-0.999954
309.12,0.00460728,-0.00538263,-0.999975
309.14,0.00187454,-0.00624252,-0.999979
309.16,-0.000537338,-0.00319164,-0.999995
309.18,-0.0024126,-0.0043781,-0.999988
309.2,-0.00479251,-0.0033758,-0.999983
309.22,-0.00766998,-0.00374511,-0.999964
309.24,-0.0121331,-0.00459227,-0.999916
309.26,-0.0184671,-0.00577631,-0.999813
309.28,-0.0178428,-0.00538085,-0.999826
309.3,-0.0258223,-0.0043721,-0.999657
309.32,-0.0297607,-0.0046853,-0.999546
309.34,-0.0342816,-0.0041994,-0.999403
309.36,-0.0382055,-0.00308318,-0.999265
309.38,-0.0392586,-0.00129364,-0.999228
309.4,-0.0430477,-0.00176168,-0.999071
309.42,-0.0445591,-0.000599726,-0.999007
309.44,-0.0491335,-0.000252826,-0.998792
309.46,-0.052136,6.16824e-05,-0.99864
309.48,-0.0526081,0.000634374,-0.998615
309.5,-0.0560176,0.000383208,-0.99843
309.52,-0.0588992,0.00138057,-0.998263
309.54,-0.0605545,0.00263127,-0.998161
309.56,-0.0621412,0.00256358,-0.998064
309.58,-0.0652515,0.00343021,-0.997863
309.6,-0.069514,0.00381682,-0.997574
309.62,-0.0724416,0.0056932,-0.997356
309.64,-0.0747899,0.00734831,-0.997172
309.66,-0.0788279,0.00775825,-0.996858
309.68,-0.0808618,0.00963521,-0.996679
309.7,-0.0825841,0.0108726,-0.996525
309.72,-0.0841318,0.011377,-0.99639
309.74,-0.086455,0.0120916,-0.996182
309.76,-0.0874434,0.0147206,-0.996061
309.78,-0.0885117,0.0144738,-0.99597
309.8,-0.0877619,0.0160886,-0.996012
309.82,-0.0893757,0.0180383,-0.995835
309.84,-0.0922734,0.0188128,-0.995556
309.86,-0.0922224,0.0194602,-0.995548
309.88,-0.0922137,0.0210143,-0.995517
309.9,-0.0974627,0.0208202,-0.995021
309.92,-0.0974081,0.0208906,-0.995025
309.94,-0.0974422,0.0207619,-0.995025
309.96,-0.0914209,0.0215309,-0.99558
309.98,-0.0955759,0.022165,-0.995175
310,-0.0956309,0.0214501,-0.995186
310.02,-0.0911634,0.0215404,-0.995603
310.04,-0.0947958,0.0220764,-0.995252
310.06,-0.0923856,0.0209314,-0.995503
310.08,-0.0931776,0.0218632,-0.995409
310.1,-0.0875,0.0235329,-0.995887
310.12,-0.0848979,0.0234091,-0.996115
310.14,-0.0838044,0.0222923,-0.996233
310.16,-0.0806189,0.022609,-0.996489
310.18,-0.0787635,0.0229301,-0.99663
310.2,-0.0742604,0.0224029,-0.996987
310.22,-0.0709149,0.0197915,-0.997286
310.24,-0.0672883,0.0184979,-0.997562
310.26,-0.0654968,0.0174719,-0.9977
310.28,-0.0609782,0.0167047,-0.997999
310.3,-0.0589081,0.0172951,-0.998114
310.32,-0.0552162,0.0162943,-0.998341
310.34,-0.052616,0.0137649,-0.99852
310.36,-0.0498432,0.0134783,-0.998666
310.38,-0.0473372,0.0131663,-0.998792
310.4,-0.0433482,0.0109737,-0.999
310.42,-0.0418868,0.0104261,-0.999068
310.44,-0.0380702,0.00942252,-0.999231
310.46,-0.0372732,0.00752876,-0.999277
310.48,-0.0359175,0.0072688,-0.999328
310.5,-0.0325118,0.00588849,-0.999454
310.52,-0.0291551,0.0058687,-0.999558
310.54,-0.027336,0.00436107,-0.999617
310.56,-0.0215278,0.00100436,-0.999768
310.58,-0.0218772,0.00197111,-0.999759
310.6,-0.0172185,0.000864149,-0.999851
310.62,-0.0165,0.00106361,-0.999863
310.64,-0.0169712,0.00116592,-0.999855
310.66,-0.0160047,0.000246471,-0.999872
310.68,-0.014043,0.00207162,-0.999899
310.7,-0.01769,0.00821115,-0.99981
310.72,-0.0158867,0.00690581,-0.99985
310.74,-0.0146108,0.00423499,-0.999884
310.76,-0.0165396,0.00737028,-0.999836
310.78,-0.0123799,0.000249902,-0.999923
310.8,-0.0169438,0.0063389,-0.999836
310.82,-0.0190059,0.00841823,-0.999784
310.84,-0.0131059,-0.00322802,-0.999909
310.86,-0.0163813,0.00263403,-0.999862
310.88,-0.0175479,0.00460035,-0.999835
310.9,-0.0195378,0.00820872,-0.999775
310.92,-0.0177539,0.000158998,-0.999842
310.94,-0.0190926,0.00248112,-0.999815
310.96,-0.0245782,0.00984841,-0.999649
310.98,-0.0264697,0.011057,-0.999588
311,-0.0258032,0.0100802,-0.999616
311.02,-0.0245651,0.003262,-0.999693
311.04,-0.0292064,0.00695841,-0.999549
311.06,-0.0336616,0.00878538,-0.999395
311.08,-0.0367403,0.0143554,-0.999222
311.1,-0.0381513,0.00979577,-0.999224
311.12,-0.0390893,0.00898266,-0.999195
311.14,-0.0394286,0.00320003,-0.999217
311.16,-0.0452521,0.0112475,-0.998912
311.18,-0.045698,0.00865005,-0.998918
311.2,-0.0520976,0.0165072,-0.998506
311.22,-0.0512696,0.00744985,-0.998657
311.24,-0.0555554,0.018291,-0.998288
311.26,-0.057977,0.0140816,-0.998219
311.28,-0.0598631,0.0114582,-0.998141
311.3,-0.0603045,0.0125492,-0.998101
311.32,-0.0623064,0.0104555,-0.998002
311.34,-0.0654421,0.00752014,-0.997828
311.36,-0.0697885,0.00809703,-0.997529
311.38,-0.0709362,0.00684071,-0.997457
311.4,-0.0736943,0.00590823,-0.997263
311.42,-0.0748968,0.00469553,-0.99718
311.44,-0.07652,0.00554102,-0.997053
311.46,-0.0794425,0.00276579,-0.996836
311.48,-0.0802116,0.00221891,-0.996775
311.5,-0.0809789,0.00306911,-0.996711
311.52,-0.0827026,0.00145862,-0.996573
311.54,-0.0841249,0.000488552,-0.996455
311.56,-0.0852024,-0.000121836,-0.996364
311.58,-0.084193,0.00074106,-0.996449
311.6,-0.0849349,0.000900405,-0.996386
311.62,-0.0866046,-0.000292799,-0.996243
311.64,-0.085641,-0.00119222,-0.996325
311.66,-0.0869905,-8.17342e-05,-0.996209
311.68,-0.0860786,0.000894106,-0.996288
311.7,-0.0865133,0.0010588,-0.99625
311.72,-0.0835237,7.90686e-06,-0.996506
311.74,-0.0834185,0.00201822,-0.996513
311.76,-0.0842911,-0.00033606,-0.996441
311.78,-0.0820655,0.00170192,-0.996625
311.8,-0.081343,0.0014668,-0.996685
311.82,-0.080267,0.00190469,-0.996772
311.84,-0.0803697,0.00256904,-0.996762
311.86,-0.0771804,0.0023433,-0.997014
311.88,-0.0769687,0.00274058,-0.99703
311.9,-0.0741913,0.00146337,-0.997243
311.92,-0.0719456,0.00173174,-0.997407
311.94,-0.0700747,0.00263568,-0.997538
311.96,-0.0678192,0.00218474,-0.997695
311.98,-0.0660504,0.00248016,-0.997813
312,-0.0597123,0.00263035,-0.998212
312.02,-0.0579464,0.00392716,-0.998312
312.04,-0.0560054,0.00369428,-0.998424
312.06,-0.0536576,0.00485431,-0.998548
312.08,-0.050195,0.00480674,-0.998728
312.1,-0.0486109,0.00532756,-0.998804
312.12,-0.0470722,0.0047458,-0.99888
312.14,-0.0497247,0.0111219,-0.998701
312.16,-0.0468109,0.0101523,-0.998852
312.18,-0.0475094,0.0102663,-0.998818
312.2,-0.0426834,0.00863981,-0.999051
312.22,-0.0417727,0.0091546,-0.999085
312.24,-0.039886,0.00739952,-0.999177
312.26,-0.0344663,0.00689596,-0.999382
312.28,-0.0309049,0.00424106,-0.999513
312.3,-0.0281877,0.00222771,-0.9996
312.32,-0.0290802,0.00304272,-0.999572
312.34,-0.0256564,-0.000566527,-0.999671
312.36,-0.0226048,0.00210139,-0.999742
312.38,-0.0247685,-0.00398018,-0.999685
312.4,-0.0164516,0.00669487,-0.999842
312.42,-0.0190485,0.00136894,-0.999818
312.44,-0.017294,0.00065373,-0.99985
312.46,-0.0175281,-0.00141486,-0.999845
312.48,-0.015444,-0.00368973,-0.999874
312.5,-0.0152343,-0.0045087,-0.999874
312.52,-0.0148274,-0.00571773,-0.999874
312.54,-0.015134,-0.00570122,-0.999869
312.56,-0.0136068,-0.00784089,-0.999877
312.58,-0.0144583,-0.00846144,-0.99986
312.6,-0.015192,-0.00980042,-0.999837
312.62,-0.0150943,-0.00985671,-0.999837
312.64,-0.0154703,-0.00998704,-0.99983
312.66,-0.016042,-0.0107434,-0.999814
312.68,-0.0163278,-0.0110371,-0.999806
312.7,-0.0167115,-0.0107703,-0.999802
312.72,-0.0160261,-0.0104078,-0.999817
312.74,-0.0175728,-0.0102685,-0.999793
312.76,-0.018462,-0.0113828,-0.999765
312.78,-0.019757,-0.00971977,-0.999758
312.8,-0.0214797,-0.00741531,-0.999742
312.82,-0.0218092,-0.00705371,-0.999737
312.84,-0.0240799,-0.0059924,-0.999692
312.86,-0.0246494,-0.00537622,-0.999682
312.88,-0.0266818,-0.00542297,-0.999629
312.9,-0.0294462,-0.0052262,-0.999553
312.92,-0.0309569,-0.00423544,-0.999512
312.94,-0.0330628,-0.0042579,-0.999444
312.96,-0.0380398,-0.00501761,-0.999264
312.98,-0.0399301,-0.00566955,-0.999186
313,-0.0420072,-0.00404429,-0.999109
313.02,-0.0399603,-0.00475981,-0.99919
313.04,-0.0394834,-0.00439975,-0.999211
313.06,-0.0429107,-0.00401709,-0.999071
313.08,-0.0451228,-0.00281124,-0.998977
313.1,-0.046738,-0.0023363,-0.998904
313.12,-0.0453704,-0.00115953,-0.99897
313.14,-0.0466768,-0.00160198,-0.998909
313.16,-0.0481013,-0.00122227,-0.998842
313.18,-0.0496273,-0.000448428,-0.998768
313.2,-0.0514234,0.000219784,-0.998677
313.22,-0.0530022,0.000660934,-0.998594
313.24,-0.0538963,0.000889884,-0.998546
313.26,-0.0532623,-0.000951457,-0.99858
313.28,-0.0526952,-0.00040788,-0.998611
313.3,-0.0546888,-0.00067203,-0.998503
313.32,-0.0550781,-0.000704682,-0.998482
313.34,-0.0556582,-0.00108625,-0.998449
313.36,-0.0547331,-7.69359e-05,-0.998501
313.38,-0.0554912,0.00054635,-0.998459
313.4,-0.0540613,0.000831549,-0.998537
313.42,-0.0528386,0.00113519,-0.998602
313.44,-0.053223,0.000438864,-0.998583
313.46,-0.0549369,0.00107397,-0.998489
313.48,-0.0560975,0.000295275,-0.998425
313.5,-0.0581214,0.0011107,-0.998309
313.52,-0.0526022,0.00475372,-0.998604
313.54,-0.0536144,0.00550081,-0.998547
313.56,-0.0526929,0.00491601,-0.998599
313.58,-0.0574895,0.00151329,-0.998345
313.6,-0.0539554,0.00356125,-0.998537
313.62,-0.0545079,0.00483411,-0.998502
313.64,-0.0560163,0.00184226,-0.998428
313.66,-0.055927,0.00378216,-0.998428
313.68,-0.054321,0.00328914,-0.998518
313.7,-0.0556799,0.00315299,-0.998444
313.72,-0.0553348,0.0021569,-0.998466
313.74,-0.055365,0.0027651,-0.998462
313.76,-0.0559659,0.0023385,-0.99843
313.78,-0.0567958,0.00292264,-0.998382
313.8,-0.055645,0.00249275,-0.998448
313.82,-0.054552,0.00253035,-0.998508
313.84,-0.0541731,0.00163728,-0.99853
313.86,-0.0531253,0.00190493,-0.998586
313.88,-0.0528567,0.00178199,-0.998601
313.9,-0.052758,0.000235008,-0.998607
313.92,-0.054213,0.000788666,-0.998529
313.94,-0.0524027,0.000953503,-0.998626
313.96,-0.05254,-0.000380352,-0.998619
313.98,-0.0514187,0.000433435,-0.998677
314,-0.0507826,-0.000241954,-0.99871
314.02,-0.0498561,3.35475e-05,-0.998756
314.04,-0.0498966,0.00038184,-0.998754
314.06,-0.0481803,5.44609e-05,-0.998839
314.08,-0.0468421,0.000320258,-0.998902
314.1,-0.046331,0.00060976,-0.998926
314.12,-0.0472711,0.000476417,-0.998882
314.14,-0.046764,0.000570687,-0.998906
314.16,-0.0475227,5.7727e-05,-0.99887
314.18,-0.0465613,-0.00029494,-0.998915
314.2,-0.0450286,-0.000300488,-0.998986
314.22,-0.0446756,-0.000679189,-0.999001
314.24,-0.0445357,-0.000943406,-0.999007
314.26,-0.0434665,-0.000717329,-0.999055
314.28,-0.0435469,-0.000823056,-0.999051
314.3,-0.0423265,0.000138636,-0.999104
314.32,-0.0422865,-0.000545768,-0.999105
314.34,-0.0431919,0.000439344,-0.999067
314.36,-0.042595,-0.000450212,-0.999092
314.38,-0.0421574,-0.00041619,-0.999111
314.4,-0.0415296,-0.000580773,-0.999137
314.42,-0.0418956,0.000300624,-0.999122
314.44,-0.0414982,-0.000453092,-0.999138
314.46,-0.0420312,0.000228936,-0.999116
314.48,-0.0416007,0.000676605,-0.999134
314.5,-0.0416166,0.000136632,-0.999134
314.52,-0.0409979,0.00022937,-0.999159
314.54,-0.0410468,0.000368861,-0.999157
314.56,-0.0409988,0.000903284,-0.999159
314.58,-0.0403225,0.00127043,-0.999186
314.6,-0.0411977,0.000531521,-0.999151
314.62,-0.0414545,0.000930506,-0.99914
314.64,-0.0413693,0.00131194,-0.999143
314.66,-0.0418237,0.00104711,-0.999124
314.68,-0.0419494,0.000806303,-0.999119
314.7,-0.0418744,0.000690023,-0.999123
314.72,-0.0432237,0.000243601,-0.999065
314.74,-0.0429007,-0.000146916,-0.999079
314.76,-0.0424071,-0.00121067,-0.9991
314.78,-0.0431995,-0.00118203,-0.999066
314.8,-0.0430168,-0.000664525,-0.999074
314.82,-0.0437703,-0.000821605,-0.999041
314.84,-0.0450348,-0.000634954,-0.998985
314.86,-0.0450717,-0.000551148,-0.998984
314.88,-0.0453788,-0.000487541,-0.99897
314.9,-0.0462164,-0.000728437,-0.998931
314.92,-0.0468444,-0.000585551,-0.998902
314.94,-0.0472499,-0.000471583,-0.998883
314.96,-0.0483209,0.000194663,-0.998832
314.98,-0.0484125,0.000534481,-0.998827
315,-0.0486921,0.00139909,-0.998813
315.02,-0.0489512,0.00129194,-0.9988
315.04,-0.0490762,0.00103934,-0.998794
315.06,-0.0497329,0.00137616,-0.998762
315.08,-0.0491905,0.00178227,-0.998788
315.1,-0.0497041,0.00197704,-0.998762
315.12,-0.0487584,0.00171157,-0.998809
315.14,-0.0482093,0.00200043,-0.998835
315.16,-0.0488886,0.00161705,-0.998803
315.18,-0.0498404,0.00220373,-0.998755
315.2,-0.0493999,0.00207567,-0.998777
315.22,-0.0498862,0.00160696,-0.998754
315.24,-0.0492609,0.00172775,-0.998784
315.26,-0.0463831,0.00260104,-0.99892
315.28,-0.0487376,0.00231249,-0.998809
315.3,-0.0483528,0.0015304,-0.998829
315.32,-0.0493346,0.0013389,-0.998781
315.34,-0.0490518,0.00109638,-0.998796
315.36,-0.0482022,0.00099207,-0.998837
315.38,-0.0487288,0.000594661,-0.998812
315.4,-0.0485137,0.000468918,-0.998822
315.42,-0.0482116,0.000244974,-0.998837
315.44,-0.0479833,-4.94153e-06,-0.998848
315.46,-0.0475242,-8.58843e-05,-0.99887
315.48,-0.0481661,-4.18302e-05,-0.998839
315.5,-0.047989,-0.000633125,-0.998848
315.52,-0.046502,-0.000247983,-0.998918
315.54,-0.0474126,-0.000496602,-0.998875
315.56,-0.0472317,0.000219994,-0.998884
315.58,-0.0465162,0.000442567,-0.998917
315.6,-0.0467796,0.00153595,-0.998904
315.62,-0.0463474,0.00216055,-0.998923
315.64,-0.0469203,0.00286396,-0.998895
315.66,-0.047454,0.00361606,-0.998867
315.68,-0.0468153,0.00366188,-0.998897
315.7,-0.0462261,0.00449769,-0.998921
315.72,-0.0462691,0.00408929,-0.998921
315.74,-0.0461959,0.0040568,-0.998924
315.76,-0.045794,0.00378368,-0.998944
315.78,-0.046538,0.00448167,-0.998906
315.8,-0.0459393,0.00572582,-0.998928
315.82,-0.0458202,0.00655436,-0.998928
315.84,-0.0463142,0.00737252,-0.9989
315.86,-0.0461891,0.00779098,-0.998902
315.88,-0.0457477,0.00700066,-0.998928
315.9,-0.0443838,0.00640097,-0.998994
315.92,-0.0448514,0.00710499,-0.998968
315.94,-0.0444558,0.00739328,-0.998984
315.96,-0.0436189,0.00737104,-0.999021
315.98,-0.0428724,0.00749216,-0.999052
316,-0.0425614,0.00741525,-0.999066
316.02,-0.0420507,0.00771843,-0.999086
316.04,-0.0420183,0.00810377,-0.999084
316.06,-0.0419751,0.0087965,-0.99908
316.08,-0.0416604,0.00878245,-0.999093
316.1,-0.0393162,0.0100406,-0.999176
316.12,-0.0408774,0.00984297,-0.999116
316.14,-0.0394784,0.0108055,-0.999162
316.16,-0.039666,0.00970203,-0.999166
316.18,-0.0392549,0.0102301,-0.999177
316.2,-0.0438534,0.00581402,-0.999021
316.22,-0.043659,0.00591608,-0.999029
316.24,-0.0433638,0.00559206,-0.999044
316.26,-0.0434184,0.00475846,-0.999046
316.28,-0.0436564,0.00468314,-0.999036
316.3,-0.0441579,0.00375278,-0.999018
316.32,-0.0442098,0.00286804,-0.999018
316.34,-0.0435428,0.00335415,-0.999046
316.36,-0.0434903,0.00272479,-0.99905
316.38,-0.044429,0.0021399,-0.99901
316.4,-0.0434475,0.00134757,-0.999055
316.42,-0.0435954,0.00217713,-0.999047
316.44,-0.0378596,0.00690547,-0.999259
316.46,-0.0386949,0.00581284,-0.999234
316.48,-0.0382686,0.00548229,-0.999252
316.5,-0.0378541,0.00412573,-0.999275
316.52,-0.0381982,0.00437041,-0.999261
316.54,-0.037267,0.00334517,-0.9993
316.56,-0.0371237,0.00401959,-0.999303
316.58,-0.0375464,0.00353463,-0.999289
316.6,-0.0368447,0.0018555,-0.999319
316.62,-0.0380728,0.00167488,-0.999274
316.64,-0.0370156,0.00118019,-0.999314
316.66,-0.0375584,0.000348618,-0.999294
316.68,-0.0390514,0.000716511,-0.999237
316.7,-0.0384565,0.000704217,-0.99926
316.72,-0.0401348,0.000199482,-0.999194
316.74,-0.0384268,-0.000279184,-0.999261
316.76,-0.0384405,-0.000681423,-0.999261
316.78,-0.0386047,-0.00104691,-0.999254
316.8,-0.0389655,-0.00235237,-0.999238
316.82,-0.0383959,-0.00143348,-0.999262
316.84,-0.0385569,-0.00236899,-0.999254
316.86,-0.0387873,-0.00286063,-0.999243
316.88,-0.0391537,-0.00332491,-0.999228
316.9,-0.0392464,-0.00282262,-0.999226
316.92,-0.0407512,-0.0036394,-0.999163
316.94,-0.0411428,-0.00357445,-0.999147
316.96,-0.040663,-0.00335665,-0.999167
316.98,-0.0408193,-0.00258273,-0.999163
317,-0.0394901,-0.00259764,-0.999217
317.02,-0.0393738,-0.00292855,-0.99922
317.04,-0.0402566,-0.00386527,-0.999182
317.06,-0.0404984,-0.00331204,-0.999174
317.08,-0.0403881,-0.00324096,-0.999179
317.1,-0.0407091,-0.00284611,-0.999167
317.12,-0.0415646,-0.00311789,-0.999131
317.14,-0.0408854,-0.00284462,-0.99916
317.16,-0.04241,-0.00336471,-0.999095
317.18,-0.0419371,-0.00328511,-0.999115
317.2,-0.0421413,-0.00243544,-0.999109
317.22,-0.0419249,-0.00288254,-0.999117
317.24,-0.0421158,-0.00159666,-0.999111
317.26,-0.0425999,-0.00214892,-0.99909
317.28,-0.0435677,-0.00201438,-0.999048
317.3,-0.0445281,-8.56867e-05,-0.999008
317.32,-0.0443115,-0.000257248,-0.999018
317.34,-0.0439,-7.63329e-05,-0.999036
317.36,-0.0454139,-0.000693131,-0.998968
317.38,-0.0445706,-0.000584719,-0.999006
317.4,-0.0452303,-0.00101331,-0.998976
317.42,-0.0447268,-0.000636425,-0.998999
317.44,-0.0448562,-0.000423384,-0.998993
317.46,-0.046137,0.000465358,-0.998935
317.48,-0.0462265,0.000900766,-0.998931
317.5,-0.0501158,0.000162251,-0.998743
317.52,-0.0500332,0.00106243,-0.998747
317.54,-0.0465917,0.00144848,-0.998913
317.56,-0.0470041,0.00171799,-0.998893
317.58,-0.0472349,0.00179191,-0.998882
317.6,-0.0466905,0.00296883,-0.998905
317.62,-0.0469164,0.00317634,-0.998894
317.64,-0.0496368,0.00238015,-0.998764
317.66,-0.048292,0.00272474,-0.99883
317.68,-0.0480742,0.00301177,-0.998839
317.7,-0.0473481,0.00171737,-0.998877
317.72,-0.0488279,0.00187483,-0.998805
317.74,-0.0466403,0.00288482,-0.998908
317.76,-0.047972,0.0034338,-0.998843
317.78,-0.0476792,0.00287669,-0.998859
317.8,-0.0480674,0.0037421,-0.998837
317.82,-0.0480367,0.00314634,-0.998841
317.84,-0.0480378,0.00408131,-0.998837
317.86,-0.0480521,0.00448011,-0.998835
317.88,-0.0478832,0.00481403,-0.998841
317.9,-0.0477627,0.00471201,-0.998848
317.92,-0.0480548,0.00514812,-0.998831
317.94,-0.0485151,0.00549028,-0.998807
317.96,-0.0478247,0.00642098,-0.998835
317.98,-0.0479188,0.00616578,-0.998832
318,-0.0477021,0.00613427,-0.998843
318.02,-0.0466117,0.00661247,-0.998891
318.04,-0.0465909,0.00635945,-0.998894
318.06,-0.0462522,0.00673367,-0.998907
318.08,-0.045945,0.00664552,-0.998922
318.1,-0.0461199,0.00635385,-0.998916
318.12,-0.0457637,0.00645438,-0.998931
318.14,-0.0456769,0.00705337,-0.998931
318.16,-0.0446813,0.00710043,-0.998976
318.18,-0.0448873,0.00694742,-0.998968
318.2,-0.0442765,0.00701907,-0.998995
318.22,-0.0441994,0.00672245,-0.999
318.24,-0.0440962,0.00654459,-0.999006
318.26,-0.0427775,0.0062376,-0.999065
318.28,-0.0419755,0.0057199,-0.999102
318.3,-0.0414586,0.00595759,-0.999122
318.32,-0.041289,0.00559977,-0.999132
318.34,-0.0416559,0.00580199,-0.999115
318.36,-0.0402752,0.00567025,-0.999173
318.38,-0.0399937,0.00562209,-0.999184
318.4,-0.0409226,0.0058058,-0.999145
318.42,-0.04048,0.00546245,-0.999165
318.44,-0.0397315,0.00509096,-0.999197
318.46,-0.0379701,0.00337233,-0.999273
318.48,-0.038732,0.00379015,-0.999242
318.5,-0.0401154,0.00325554,-0.99919
318.52,-0.0385471,0.00450547,-0.999247
318.54,-0.038492,0.00385672,-0.999251
318.56,-0.0392966,0.00351015,-0.999221
318.58,-0.0401453,0.00265778,-0.99919
318.6,-0.0398161,0.00223479,-0.999205
318.62,-0.0383589,0.00201954,-0.999262
318.64,-0.0384687,0.00218165,-0.999257
318.66,-0.0379347,0.00214025,-0.999278
318.68,-0.0376979,0.00184014,-0.999287
318.7,-0.0379205,0.00135028,-0.99928
318.72,-0.0376364,0.0013155,-0.999291
318.74,-0.0373132,0.000996827,-0.999303
318.76,-0.0370902,0.000642247,-0.999312
318.78,-0.0372008,0.000426993,-0.999308
318.8,-0.0379895,-0.00034993,-0.999278
318.82,-0.0372454,-0.00043088,-0.999306
318.84,-0.0382592,-0.00143377,-0.999267
318.86,-0.0375702,-0.00125434,-0.999293
318.88,-0.0373035,-0.00071307,-0.999304
318.9,-0.0371368,-0.00136692,-0.999309
318.92,-0.036672,-0.000925505,-0.999327
318.94,-0.0371924,-0.00142039,-0.999307
318.96,-0.0371624,-0.0015484,-0.999308
318.98,-0.0366931,-0.00156819,-0.999325
319,-0.0374186,-0.000709503,-0.999299
319.02,-0.0377982,-0.000649387,-0.999285
319.04,-0.0380671,-0.00117725,-0.999274
319.06,-0.0379083,-0.00158878,-0.99928
319.08,-0.0383463,-0.00148449,-0.999263
319.1,-0.0381402,-0.00177508,-0.999271
319.12,-0.0387265,-0.00177522,-0.999248
319.14,-0.0394716,-0.00196257,-0.999219
319.16,-0.0401285,-0.00182553,-0.999193
319.18,-0.0399497,-0.00191883,-0.9992
319.2,-0.0409293,-0.00189386,-0.99916
319.22,-0.0407066,-0.00202183,-0.999169
319.24,-0.0410262,-0.00231992,-0.999155
319.26,-0.0422909,-0.00188611,-0.999104
319.28,-0.0425373,-0.00140402,-0.999094
319.3,-0.0428988,-0.00132611,-0.999079
319.32,-0.0426484,-0.00139499,-0.999089
319.34,-0.0426685,-0.00192122,-0.999087
319.36,-0.0437576,-0.00162453,-0.999041
319.38,-0.0436754,-0.00145787,-0.999045
319.4,-0.0433406,-0.00164588,-0.999059
319.42,-0.0435228,-0.0011239,-0.999052
319.44,-0.0447845,5.15343e-05,-0.998997
319.46,-0.0453236,-0.00021626,-0.998972
319.48,-0.0458256,-4.27975e-05,-0.998949
319.5,-0.0456594,8.24017e-05,-0.998957
319.52,-0.04641,1.97458e-05,-0.998922
319.54,-0.0464977,0.000147765,-0.998918
319.56,-0.0467546,-0.000320008,-0.998906
319.58,-0.0471417,2.73601e-05,-0.998888
319.6,-0.0479298,0.00110713,-0.99885
319.62,-0.0482976,0.00108285,-0.998832
319.64,-0.0479839,0.00149196,-0.998847
319.66,-0.0477773,0.0015465,-0.998857
319.68,-0.048053,0.00230933,-0.998842
319.7,-0.0475628,0.00113526,-0.998868
319.72,-0.0476479,0.00151216,-0.998863
319.74,-0.0480991,0.00160173,-0.998841
319.76,-0.0479384,0.00246797,-0.998847
319.78,-0.0493148,0.00333455,-0.998778
319.8,-0.0490065,0.00349291,-0.998792
319.82,-0.0484609,0.0035873,-0.998819
319.84,-0.0486863,0.00422915,-0.998805
319.86,-0.0488112,0.00375574,-0.998801
319.88,-0.0488219,0.00395772,-0.9988
319.9,-0.0488101,0.00419909,-0.998799
319.92,-0.0485423,0.00434772,-0.998812
319.94,-0.0488388,0.00419501,-0.998798
319.96,-0.0493321,0.00435208,-0.998773
319.98,-0.0486931,0.00444347,-0.998804
320,-0.0482697,0.00450362,-0.998824
320.02,-0.0474501,0.00459295,-0.998863
320.04,-0.0471706,0.00394433,-0.998879
320.06,-0.0463425,0.0040238,-0.998918
320.08,-0.0461331,0.00408104,-0.998927
320.1,-0.0459953,0.00457309,-0.998931
320.12,-0.0454267,0.00499796,-0.998955
320.14,-0.0453661,0.00515703,-0.998957
320.16,-0.0448883,0.00571102,-0.998976
320.18,-0.0449432,0.00560333,-0.998974
320.2,-0.044836,0.00550181,-0.998979
320.22,-0.0445027,0.00532748,-0.998995
320.24,-0.044233,0.00542341,-0.999007
320.26,-0.0429876,0.00639296,-0.999055
320.28,-0.0438355,0.00596449,-0.999021
320.3,-0.0448583,0.00668314,-0.998971
320.32,-0.0451242,0.00549311,-0.998966
320.34,-0.0445528,0.00506689,-0.998994
320.36,-0.0442537,0.00519316,-0.999007
320.38,-0.0439669,0.00483273,-0.999021
320.4,-0.0433218,0.00450283,-0.999051
320.42,-0.043075,0.00435962,-0.999062
320.44,-0.0433884,0.003764,-0.999051
320.46,-0.0426697,0.00397523,-0.999081
320.48,-0.0426218,0.004175,-0.999083
320.5,-0.0422366,0.00349241,-0.999102
320.52,-0.0421271,0.00333491,-0.999107
320.54,-0.0410609,0.00337489,-0.999151
320.56,-0.0413462,0.00376237,-0.999138
320.58,-0.041416,0.0029761,-0.999138
320.6,-0.0406902,0.00421863,-0.999163
320.62,-0.0403373,0.00327888,-0.999181
320.64,-0.0398965,0.00184085,-0.999202
320.66,-0.0390663,0.00189795,-0.999235
320.68,-0.0385925,0.00172449,-0.999254
320.7,-0.0380347,0.00152939,-0.999275
320.72,-0.0378625,0.0010321,-0.999282
320.74,-0.0385909,0.000790786,-0.999255
320.76,-0.0388603,0.000331268,-0.999245
320.78,-0.03877,2.19691e-05,-0.999248
320.8,-0.0394927,0.000499028,-0.99922
320.82,-0.0393619,-0.000234329,-0.999225
320.84,-0.0369493,0.00052932,-0.999317
320.86,-0.0376121,-0.000385532,-0.999292
320.88,-0.0383582,-0.000348397,-0.999264
320.9,-0.0388404,-0.000633025,-0.999245
320.92,-0.0388037,-0.00147184,-0.999246
320.94,-0.0387481,-0.000583802,-0.999249
320.96,-0.0386251,-0.000502745,-0.999254
320.98,-0.0386746,-0.000995412,-0.999251
321,-0.0389608,-0.000222181,-0.999241
321.02,-0.0384476,-0.000992548,-0.99926
321.04,-0.0378444,-0.000894602,-0.999283
321.06,-0.0376751,-0.00142174,-0.999289
321.08,-0.0377742,-0.00172419,-0.999285
321.1,-0.0376991,-0.00183299,-0.999287
321.12,-0.0375283,-0.00170957,-0.999294
321.14,-0.0376905,-0.00164162,-0.999288
321.16,-0.0375503,-0.00172213,-0.999293
321.18,-0.0376161,-0.00179918,-0.999291
321.2,-0.037822,-0.00171182,-0.999283
321.22,-0.0374732,-0.00146548,-0.999297
321.24,-0.0371674,-0.00152032,-0.999308
321.26,-0.0387081,-0.0018531,-0.999249
321.28,-0.0388585,-0.00165207,-0.999243
321.3,-0.0400104,-0.00107464,-0.999199
321.32,-0.040422,-0.000745637,-0.999182
321.34,-0.0413425,-0.000378576,-0.999145
321.36,-0.0413523,-0.000395856,-0.999145
321.38,-0.0416761,-0.000562772,-0.999131
321.4,-0.0395191,-0.000125715,-0.999219
321.42,-0.04254,-0.000775159,-0.999094
321.44,-0.0425902,-0.000856675,-0.999092
321.46,-0.04245,-0.000937045,-0.999098
321.48,-0.0417809,-0.00075242,-0.999127
321.5,-0.0420632,-0.00148301,-0.999114
321.52,-0.042994,-0.00101755,-0.999075
321.54,-0.0433287,-0.000346282,-0.999061
321.56,-0.0462778,-0.00190411,-0.998927
321.58,-0.0447583,-0.0017841,-0.998996
321.6,-0.0443461,-0.000735055,-0.999016
321.62,-0.0440623,-0.000496828,-0.999029
321.64,-0.0443541,-0.000598915,-0.999016
321.66,-0.0449932,-2.75587e-05,-0.998987
321.68,-0.0457704,0.00102505,-0.998951
321.7,-0.0457816,0.00142517,-0.99895
321.72,-0.0460439,0.00171682,-0.998938
321.74,-0.0470826,0.00283471,-0.998887
321.76,-0.0469856,0.00261958,-0.998892
321.78,-0.0465717,0.00262239,-0.998912
321.8,-0.0461609,0.00308978,-0.998929
321.82,-0.0465733,0.00396336,-0.998907
321.84,-0.047682,0.00380033,-0.998855
321.86,-0.0477871,0.00420761,-0.998849
321.88,-0.0466017,0.00518681,-0.9989
321.9,-0.0460291,0.0054752,-0.998925
321.92,-0.0460335,0.00509221,-0.998927
321.94,-0.0458104,0.00507989,-0.998937
321.96,-0.0457771,0.00518623,-0.998938
321.98,-0.0455334,0.00505245,-0.99895
322,-0.0460199,0.00497799,-0.998928
322.02,-0.0456353,0.00529731,-0.998944
322.04,-0.0457594,0.00527649,-0.998939
322.06,-0.0453819,0.00580689,-0.998953
322.08,-0.0452069,0.0057396,-0.998961
322.1,-0.0452297,0.00550725,-0.998961
322.12,-0.0455443,0.00560135,-0.998947
322.14,-0.0454112,0.00570357,-0.998952
322.16,-0.0452278,0.00570773,-0.99896
322.18,-0.0452532,0.00536452,-0.998961
322.2,-0.0450296,0.00545051,-0.998971
322.22,-0.0449015,0.00503646,-0.998979
322.24,-0.0447776,0.00510877,-0.998984
322.26,-0.0438086,0.00453052,-0.99903
322.28,-0.0441266,0.00416618,-0.999017
322.3,-0.0440059,0.00443407,-0.999021
322.32,-0.0442864,0.00441887,-0.999009
322.34,-0.0436116,0.00438918,-0.999039
322.36,-0.0436174,0.00417505,-0.99904
322.38,-0.0432487,0.00394717,-0.999057
322.4,-0.0437762,0.00344723,-0.999035
322.42,-0.0426247,0.00377801,-0.999084
322.44,-0.0411008,0.00292499,-0.999151
322.46,-0.0411618,0.003334,-0.999147
322.48,-0.0413991,0.0022172,-0.99914
322.5,-0.041005,0.00180081,-0.999157
322.52,-0.0409249,0.00265013,-0.999159
322.54,-0.0410202,0.00294141,-0.999154
322.56,-0.036369,0.00285465,-0.999334
322.58,-0.0367937,0.0033017,-0.999317
322.6,-0.0380832,0.00219834,-0.999272
322.62,-0.0383084,0.00222175,-0.999263
322.64,-0.0380332,0.0010238,-0.999276
322.66,-0.0377488,0.00062138,-0.999287
322.68,-0.0418905,-0.000570208,-0.999122
322.7,-0.0358228,0.000977278,-0.999358
322.72,-0.0357909,0.00127652,-0.999358
322.74,-0.035075,0.000753738,-0.999384
322.76,-0.0342014,-0.00010075,-0.999415
322.78,-0.0341629,-0.000633862,-0.999416
322.8,-0.0348893,0.000303213,-0.999391
322.82,-0.0349505,0.000244868,-0.999389
322.84,-0.0342809,-0.000406313,-0.999412
322.86,-0.0344727,-0.000306378,-0.999406
322.88,-0.0340425,-0.000920968,-0.99942
322.9,-0.0346699,-0.000671868,-0.999399
322.92,-0.0341027,-0.000425598,-0.999418
322.94,-0.0329052,-0.000590821,-0.999458
322.96,-0.0327855,-0.00143171,-0.999461
322.98,-0.0325539,-0.00162919,-0.999469
323,-0.0324851,-0.00118374,-0.999472
323.02,-0.0320684,-0.000610029,-0.999485
323.04,-0.0320499,-0.000888955,-0.999486
323.06,-0.0318784,-0.00141544,-0.999491
323.08,-0.0317238,-0.00073768,-0.999496
323.1,-0.0318305,-0.000584816,-0.999493
323.12,-0.0318477,-0.000599024,-0.999493
323.14,-0.0318376,-0.000546917,-0.999493
323.16,-0.031704,-0.000724529,-0.999497
323.18,-0.0316254,-0.000678488,-0.9995
323.2,-0.0317393,-0.000930932,-0.999496
323.22,-0.0316598,-0.000825847,-0.999498
323.24,-0.0318273,-0.000868039,-0.999493
323.26,-0.0317872,-0.00109647,-0.999494
323.28,-0.0317512,-0.00117493,-0.999495
323.3,-0.0316665,-0.00111637,-0.999498
323.32,-0.0313662,-0.000835143,-0.999508
323.34,-0.0332015,-0.00153159,-0.999448
323.36,-0.0337846,-0.000393012,-0.999429
323.38,-0.0339658,-0.000668791,-0.999423
323.4,-0.0332972,0.000163525,-0.999445
323.42,-0.0333352,0.000253997,-0.999444
323.44,-0.0329089,0.000106049,-0.999458
323.46,-0.033422,0.000242286,-0.999441
323.48,-0.0358146,-6.0471e-05,-0.999358
323.5,-0.0338468,0.00048582,-0.999427
323.52,-0.0339323,0.000269285,-0.999424
323.54,-0.0329115,-0.000160466,-0.999458
323.56,-0.0344564,9.62381e-05,-0.999406
323.58,-0.0342768,7.14516e-05,-0.999412
323.6,-0.0374539,0.000972667,-0.999298
323.62,-0.0373615,0.00110006,-0.999301
323.64,-0.0381711,0.00180487,-0.99927
323.66,-0.0380172,0.000327954,-0.999277
323.68,-0.0381832,0.000723214,-0.99927
323.7,-0.0392568,0.00186644,-0.999227
323.72,-0.0380834,0.00200813,-0.999273
323.74,-0.0382903,0.00198238,-0.999265
323.76,-0.0403575,0.00269542,-0.999182
323.78,-0.040428,0.00254781,-0.999179
323.8,-0.0403713,0.00291532,-0.99918
323.82,-0.040802,0.00298333,-0.999163
323.84,-0.0407851,0.00368917,-0.999161
323.86,-0.0401816,0.00392054,-0.999185
323.88,-0.0416138,0.00351102,-0.999128
323.9,-0.0418204,0.00386439,-0.999118
323.92,-0.0422644,0.00457984,-0.999096
323.94,-0.0429803,0.00463505,-0.999065
323.96,-0.0442477,0.00477017,-0.999009
323.98,-0.0443004,0.00549269,-0.999003
324,-0.0448111,0.00541436,-0.998981
324.02,-0.0443364,0.00500173,-0.999004
324.04,-0.0456648,0.00531274,-0.998943
324.06,-0.0455776,0.00538748,-0.998946
324.08,-0.0461428,0.00528835,-0.998921
324.1,-0.0459608,0.00548834,-0.998928
324.12,-0.0458677,0.0051757,-0.998934
324.14,-0.0456995,0.0050605,-0.998942
324.16,-0.0452084,0.00523038,-0.998964
324.18,-0.0460882,0.00569397,-0.998921
324.2,-0.0464337,0.00546815,-0.998906
324.22,-0.0464856,0.00572374,-0.998903
324.24,-0.0461057,0.0050206,-0.998924
324.26,-0.0462288,0.00479021,-0.998919
324.28,-0.0461033,0.00507821,-0.998924
324.3,-0.0460227,0.00434647,-0.998931
324.32,-0.0470561,0.00377789,-0.998885
324.34,-0.0466314,0.0037146,-0.998905
324.36,-0.0474903,0.00419497,-0.998863
324.38,-0.0474987,0.0037392,-0.998864
324.4,-0.0468705,0.00382872,-0.998894
324.42,-0.0470766,0.00420986,-0.998882
324.44,-0.0469106,0.00340766,-0.998893
324.46,-0.0466063,0.00283394,-0.998909
324.48,-0.0469177,0.00340712,-0.998893
324.5,-0.0467942,0.00204661,-0.998902
324.52,-0.0466989,0.00252809,-0.998906
324.54,-0.0460091,0.00212674,-0.998939
324.56,-0.0464328,0.00173964,-0.99892
324.58,-0.0468364,0.00159735,-0.998901
324.6,-0.0459504,0.00170558,-0.998942
324.62,-0.045359,0.0012686,-0.99897
324.64,-0.0461506,0.00203572,-0.998932
324.66,-0.0458958,0.00170475,-0.998945
324.68,-0.0458037,0.00123852,-0.99895
324.7,-0.0453838,1.33567e-05,-0.99897
324.72,-0.0453586,-0.000157047,-0.998971
324.74,-0.0451483,0.000282691,-0.99898
324.76,-0.0451735,0.000724301,-0.998979
324.78,-0.044534,3.16294e-05,-0.999008
324.8,-0.041082,0.000469646,-0.999156
324.82,-0.0437941,9.0694e-05,-0.999041
324.84,-0.0422556,-0.000259248,-0.999107
324.86,-0.041633,-0.0015368,-0.999132
324.88,-0.0406257,-0.00119952,-0.999174
324.9,-0.0417357,-0.00120982,-0.999128
324.92,-0.041833,-0.0006577,-0.999124
324.94,-0.0417126,-0.000625705,-0.999129
324.96,-0.0412571,-0.00105154,-0.999148
324.98,-0.0401303,-0.00129505,-0.999194
325,-0.041754,-0.000646809,-0.999128
325.02,-0.0423222,-0.000801639,-0.999104
325.04,-0.0395108,-0.000780953,-0.999219
325.06,-0.0411475,-0.000654723,-0.999153
325.08,-0.0406314,-0.000647843,-0.999174
325.1,-0.0402656,-0.00071164,-0.999189
325.12,-0.0402042,-0.000600687,-0.999191
325.14,-0.0398262,-0.000423894,-0.999207
325.16,-0.0397894,-0.000664024,-0.999208
325.18,-0.0399958,-0.000915232,-0.999199
325.2,-0.0398696,-0.00130683,-0.999204
325.22,-0.0398623,-0.00105057,-0.999205
325.24,-0.0395439,-0.0010023,-0.999217
325.26,-0.039325,-0.00102898,-0.999226
325.28,-0.039145,-0.00092548,-0.999233
325.3,-0.0392936,-0.00074663,-0.999227
325.32,-0.038925,-0.000440687,-0.999242
325.34,-0.0383706,-0.000346766,-0.999264
325.36,-0.0382664,-0.000739442,-0.999267
325.38,-0.0378912,-0.000656792,-0.999282
325.4,-0.0379582,-0.000244367,-0.999279
325.42,-0.0374551,0.000574614,-0.999298
325.44,-0.0372962,-4.14597e-05,-0.999304
325.46,-0.0367999,1.3936e-05,-0.999323
325.48,-0.0359983,0.000134359,-0.999352
325.5,-0.0370474,0.00105229,-0.999313
325.52,-0.0366595,0.000612732,-0.999328
325.54,-0.0375456,0.000491039,-0.999295
325.56,-0.0383587,0.00111258,-0.999263
325.58,-0.0386386,0.00171029,-0.999252
325.6,-0.039146,0.0022405,-0.999231
325.62,-0.0388976,0.00231025,-0.999241
325.64,-0.0387488,0.00234227,-0.999246
325.66,-0.0385368,0.00174414,-0.999256
325.68,-0.0389993,0.00145209,-0.999238
325.7,-0.0400962,0.00247563,-0.999193
325.72,-0.0405559,0.00261212,-0.999174
325.74,-0.0407871,0.00220953,-0.999165
325.76,-0.0417067,0.00205109,-0.999128
325.78,-0.0438358,0.00234848,-0.999036
325.8,-0.0434307,0.00297668,-0.999052
325.82,-0.0441994,0.00284806,-0.999019
325.84,-0.044199,0.00343801,-0.999017
325.86,-0.0440425,0.00360707,-0.999023
325.88,-0.0445898,0.00397877,-0.998997
325.9,-0.0446221,0.00411108,-0.998995
325.92,-0.0439262,0.00419467,-0.999026
325.94,-0.0432926,0.00440471,-0.999053
325.96,-0.0431592,0.00408795,-0.99906
325.98,-0.0427902,0.00425001,-0.999075
326,-0.0432716,0.00446354,-0.999053
326.02,-0.043593,0.00482038,-0.999038
326.04,-0.0437252,0.00527678,-0.99903
326.06,-0.0443678,0.0054192,-0.999001
326.08,-0.0448406,0.00495892,-0.998982
326.1,-0.0447913,0.00443113,-0.998987
326.12,-0.0446146,0.00397971,-0.998996
326.14,-0.0446042,0.00442909,-0.998995
326.16,-0.0443339,0.00442068,-0.999007
326.18,-0.044713,0.00385619,-0.998992
326.2,-0.0442352,0.00304831,-0.999016
326.22,-0.0439285,0.00359917,-0.999028
326.24,-0.042819,0.00322073,-0.999078
326.26,-0.0429658,0.00333509,-0.999071
326.28,-0.0420913,0.00250832,-0.999111
326.3,-0.0414776,0.00310081,-0.999135
326.32,-0.0404649,0.00335306,-0.999175
326.34,-0.0402648,0.00431986,-0.99918
326.36,-0.0390045,0.00408474,-0.999231
326.38,-0.0373936,0.00425688,-0.999292
326.4,-0.035802,0.00353202,-0.999353
326.42,-0.0355154,0.00365389,-0.999362
326.44,-0.0327903,0.00384092,-0.999455
326.46,-0.031655,0.00373916,-0.999492
326.48,-0.030608,0.00482009,-0.99952
326.5,-0.0293887,0.00565957,-0.999552
326.52,-0.0272387,0.00590308,-0.999612
326.54,-0.0251516,0.00727836,-0.999657
326.56,-0.0219908,0.00790954,-0.999727
326.58,-0.0193551,0.00908568,-0.999771
326.6,-0.0183687,0.00993655,-0.999782
326.62,-0.0158039,0.0103391,-0.999822
326.64,-0.0125221,0.0104852,-0.999867
326.66,-0.00832454,0.0109145,-0.999906
326.68,-0.00658131,0.0119675,-0.999907
326.7,-0.00236241,0.0121097,-0.999924
326.72,0.000218137,0.0127784,-0.999918
326.74,0.00249662,0.0120392,-0.999924
326.76,0.00344528,0.0118083,-0.999924
326.78,0.00680851,0.0128756,-0.999894
326.8,0.00860153,0.0118993,-0.999892
326.82,0.0105565,0.0118381,-0.999874
326.84,0.0106434,0.0122864,-0.999868
326.86,0.0118302,0.0114321,-0.999865
326.88,0.0148488,0.011596,-0.999823
326.9,0.0155519,0.0108746,-0.99982
326.92,0.0185778,0.014626,-0.99972
326.94,0.0193126,0.0140746,-0.999714
326.96,0.0203497,0.0135063,-0.999702
326.98,0.0169878,0.00992334,-0.999806
327,0.0176816,0.00881074,-0.999805
327.02,0.0163457,0.00810388,-0.999834
327.04,0.0185746,0.0118831,-0.999757
327.06,0.0158534,0.010473,-0.999819
327.08,0.0134933,0.0103574,-0.999855
327.1,0.0119331,0.00895366,-0.999889
327.12,0.00915471,0.00814944,-0.999925
327.14,0.00886284,0.00815152,-0.999927
327.16,0.00503613,0.00691356,-0.999963
327.18,0.000485262,0.00615378,-0.999981
327.2,-0.00773453,0.00458982,-0.99996
327.22,-0.0124481,0.00424167,-0.999914
327.24,-0.0165248,0.00388688,-0.999856
327.26,-0.0181822,0.00259785,-0.999831
327.28,-0.021621,0.0015034,-0.999765
327.3,-0.0248712,0.00149406,-0.99969
327.32,-0.0265975,0.0010429,-0.999646
327.34,-0.0331858,0.00111563,-0.999449
327.36,-0.0401336,0.000136585,-0.999194
327.38,-0.04415,-0.000176478,-0.999025
327.4,-0.0482204,-0.00135254,-0.998836
327.42,-0.0559987,-0.00136217,-0.99843
327.44,-0.0599944,-0.0018812,-0.998197
327.46,-0.0665218,-0.00110366,-0.997784
327.48,-0.0685916,-0.00117029,-0.997644
327.5,-0.0752168,-0.000627049,-0.997167
327.52,-0.0799983,0.000796115,-0.996795
327.54,-0.0831396,-0.000716215,-0.996538
327.56,-0.0885788,-0.000607773,-0.996069
327.58,-0.0929925,-0.00011427,-0.995667
327.6,-0.0981479,0.00113235,-0.995171
327.62,-0.0989491,0.00102627,-0.995092
327.64,-0.103769,0.0027158,-0.994598
327.66,-0.10901,0.00346478,-0.994035
327.68,-0.112211,0.00388484,-0.993677
327.7,-0.115216,0.0051103,-0.993327
327.72,-0.119112,0.00469044,-0.99287
327.74,-0.119021,0.0061039,-0.992873
327.76,-0.122088,0.00591327,-0.992502
327.78,-0.121142,0.00600312,-0.992617
327.8,-0.12015,0.0066573,-0.992733
327.82,-0.117776,0.00605845,-0.993022
327.84,-0.116,0.00550238,-0.993234
327.86,-0.114635,0.00577514,-0.993391
327.88,-0.11352,0.00490513,-0.993524
327.9,-0.112425,0.00792518,-0.993629
327.92,-0.112576,0.00710655,-0.993618
327.94,-0.111049,0.00700143,-0.99379
327.96,-0.108325,0.00659363,-0.994094
327.98,-0.107217,0.00653073,-0.994214
328,-0.103302,0.0077535,-0.99462
328.02,-0.09928,0.00848823,-0.995023
328.04,-0.096175,0.00720361,-0.995338
328.06,-0.0925114,0.00734356,-0.995685
328.08,-0.0916938,0.00611475,-0.995768
328.1,-0.0850118,0.0065788,-0.996358
328.12,-0.0818151,0.00607436,-0.996629
328.14,-0.0782979,0.00510838,-0.996917
328.16,-0.0726388,0.00431669,-0.997349
328.18,-0.069273,0.00357543,-0.997591
328.2,-0.0620757,0.00487438,-0.99806
328.22,-0.0595884,0.00356844,-0.998217
328.24,-0.0585642,0.00168274,-0.998282
328.26,-0.0522196,0.00493225,-0.998623
328.28,-0.0496541,0.00291408,-0.998762
328.3,-0.0421429,0.00491249,-0.9991
328.32,-0.0380074,0.00385392,-0.99927
328.34,-0.0327641,0.00489998,-0.999451
328.36,-0.0305007,0.00359402,-0.999528
328.38,-0.0233379,0.00648694,-0.999707
328.4,-0.0184666,0.00639654,-0.999809
328.42,-0.0172474,0.00630431,-0.999831
328.44,-0.014134,0.0067447,-0.999877
328.46,-0.0118518,0.007129,-0.999904
328.48,-0.00928685,0.0074108,-0.999929
328.5,-0.00891345,0.00705216,-0.999935
328.52,-0.00754714,0.00688817,-0.999948
328.54,-0.00637997,0.00745975,-0.999952
328.56,-0.00327082,0.00754906,-0.999966
328.58,-0.00277385,0.00792609,-0.999965
328.6,0.000167235,0.00780999,-0.999969
328.62,0.000585184,0.00859029,-0.999963
328.64,0.00219051,0.00822484,-0.999964
328.66,0.00532247,0.00710864,-0.999961
328.68,0.00359494,0.00617546,-0.999974
328.7,0.00468305,0.00709127,-0.999964
328.72,0.0040098,0.00585829,-0.999975
328.74,0.00339331,0.00571972,-0.999978
328.76,0.00299608,0.00516832,-0.999982
328.78,0.00128085,0.00456708,-0.999989
328.8,-4.20096e-05,0.00390028,-0.999992
328.82,-0.00159768,0.003308,-0.999993
328.84,-0.00400468,0.00296547,-0.999988
328.86,-0.00688888,0.0035576,-0.99997
328.88,-0.010918,0.002829,-0.999936
328.9,-0.0146565,0.00177733,-0.999891
328.92,-0.0152882,0.00102723,-0.999883
328.94,-0.016163,0.00140084,-0.999868
328.96,-0.0188071,0.00104803,-0.999823
328.98,-0.0198421,0.000654743,-0.999803
329,-0.0247791,0.000420089,-0.999693
329.02,-0.0282294,4.95888e-05,-0.999601
329.04,-0.0311032,-0.00128878,-0.999515
329.06,-0.0347686,-0.000751941,-0.999395
329.08,-0.0367694,-0.000484825,-0.999324
329.1,-0.0415605,-0.00196572,-0.999134
329.12,-0.040676,-0.000313138,-0.999172
329.14,-0.0478073,-0.00228785,-0.998854
329.16,-0.0495638,-0.00100187,-0.99877
329.18,-0.0507828,-0.00107494,-0.998709
329.2,-0.0515178,-0.00121652,-0.998671
329.22,-0.0554823,-0.000442814,-0.99846
329.24,-0.056075,-0.000615219,-0.998426
329.26,-0.0582787,-0.000183877,-0.9983
329.28,-0.0595437,-0.00016236,-0.998226
329.3,-0.0629873,-0.00203136,-0.998012
329.32,-0.0628358,9.16592e-05,-0.998024
329.34,-0.0634272,1.6469e-05,-0.997986
329.36,-0.0654043,0.000545621,-0.997859
329.38,-0.0667723,0.00126166,-0.997767
329.4,-0.0661135,0.000793582,-0.997812
329.42,-0.0690098,0.00147659,-0.997615
329.44,-0.0684587,0.00140303,-0.997653
329.46,-0.0698432,0.00177637,-0.997556
329.48,-0.0714446,0.00150858,-0.997443
329.5,-0.0731844,0.00326421,-0.997313
329.52,-0.0728512,0.00320956,-0.997338
329.54,-0.0747263,0.00393682,-0.997196
329.56,-0.0792884,0.0031547,-0.996847
329.58,-0.0777829,0.00452905,-0.99696
329.6,-0.0843339,0.00362799,-0.996431
329.62,-0.0840336,0.0043661,-0.996453
329.64,-0.0817806,0.00616983,-0.996631
329.66,-0.0821787,0.00557265,-0.996602
329.68,-0.0827135,0.0051603,-0.99656
329.7,-0.0833036,0.00593996,-0.996507
329.72,-0.0856529,0.00802124,-0.996293
329.74,-0.0836864,0.00728592,-0.996466
329.76,-0.0834843,0.00768049,-0.996479
329.78,-0.0816084,0.00790912,-0.996633
329.8,-0.0793369,0.00719234,-0.996822
329.82,-0.0799426,0.00763412,-0.99677
329.84,-0.0807072,0.00901321,-0.996697
329.86,-0.0792487,0.00995795,-0.996805
329.88,-0.0771137,0.00813998,-0.996989
329.9,-0.0740078,0.0102466,-0.997205
329.92,-0.073695,0.0102387,-0.997228
329.94,-0.0730347,0.0101708,-0.997278
329.96,-0.0691619,0.00924235,-0.997563
329.98,-0.0696473,0.00979358,-0.997524
330,-0.0649299,0.0106356,-0.997833
330.02,-0.0638287,0.0106311,-0.997904
330.04,-0.0628626,0.00964041,-0.997976
330.06,-0.0602397,0.0104952,-0.998129
330.08,-0.0595876,0.0106237,-0.998167
330.1,-0.0570689,0.0105406,-0.998315
330.12,-0.0557212,0.0113611,-0.998382
330.14,-0.055835,0.010841,-0.998381
330.16,-0.0557843,0.0105715,-0.998387
330.18,-0.0543923,0.0104227,-0.998465
330.2,-0.0530959,0.0111988,-0.998527
330.22,-0.0484302,0.0108247,-0.998768
330.24,-0.0483521,0.0107994,-0.998772
330.26,-0.0479182,0.00901338,-0.998811
330.28,-0.0451203,0.00992018,-0.998932
330.3,-0.0439759,0.0101605,-0.998981
330.32,-0.0421019,0.00982701,-0.999065
330.34,-0.0427586,0.00782132,-0.999055
330.36,-0.0379116,0.00849376,-0.999245
330.38,-0.0362506,0.00824541,-0.999309
330.4,-0.0349244,0.00833999,-0.999355
330.42,-0.0330328,0.00840333,-0.999419
330.44,-0.0310637,0.0072389,-0.999491
330.46,-0.0288892,0.00752603,-0.999554
330.48,-0.0297639,0.00637138,-0.999537
330.5,-0.0275202,0.00529679,-0.999607
330.52,-0.0262551,0.00494452,-0.999643
330.54,-0.02518,0.00524063,-0.999669
330.56,-0.0239134,0.00469832,-0.999703
330.58,-0.0229856,0.0041254,-0.999727
330.6,-0.0216492,0.00305422,-0.999761
330.62,-0.0216608,0.00307627,-0.999761
330.64,-0.02101,0.00311644,-0.999774
330.66,-0.0206385,0.00129834,-0.999786
330.68,-0.0195374,0.00229931,-0.999806
330.7,-0.0182261,0.00195164,-0.999832
330.72,-0.0178225,0.00143603,-0.99984
330.74,-0.0169869,0.000610632,-0.999856
330.76,-0.0162331,0.00150967,-0.999867
330.78,-0.0177607,-7.19017e-05,-0.999842
330.8,-0.0179161,0.000741747,-0.999839
330.82,-0.0179112,0.000494487,-0.999839
330.84,-0.0176138,-0.000478658,-0.999845
330.86,-0.0178226,-0.000362371,-0.999841
330.88,-0.0186687,-0.000164664,-0.999826
330.9,-0.0183453,-0.00116181,-0.999831
330.92,-0.0184736,-0.00126072,-0.999829
330.94,-0.0193401,-0.00167041,-0.999812
330.96,-0.0190205,-0.000573727,-0.999819
330.98,-0.0177059,-0.00126697,-0.999842
331,-0.0201631,-0.000652341,-0.999796
331.02,-0.0206946,-0.000269235,-0.999786
331.04,-0.0215193,-0.000380274,-0.999768
331.06,-0.0224571,-0.000263407,-0.999748
331.08,-0.0240458,-0.000798311,-0.999711
331.1,-0.027137,-0.00231133,-0.999629
331.12,-0.0261223,-0.000369006,-0.999659
331.14,-0.02513,-0.00137807,-0.999683
331.16,-0.0289559,-0.000304923,-0.999581
331.18,-0.0269282,0.000205702,-0.999637
331.2,-0.0292685,-0.000488245,-0.999571
331.22,-0.0312078,0.000338919,-0.999513
331.24,-0.0326752,-0.00010604,-0.999466
331.26,-0.0350797,0.00111953,-0.999384
331.28,-0.0355542,-0.000371428,-0.999368
331.3,-0.0374358,-0.000199446,-0.999299
331.32,-0.0391102,0.0017749,-0.999233
331.34,-0.0395084,0.00158096,-0.999218
331.36,-0.042798,0.00257316,-0.99908
331.38,-0.0432727,0.00237737,-0.99906
331.4,-0.0458383,0.00320049,-0.998944
331.42,-0.0460367,0.00263724,-0.998936
331.44,-0.0482528,0.00255653,-0.998832
331.46,-0.0508689,0.00400708,-0.998697
331.48,-0.0507285,0.00473415,-0.998701
331.5,-0.0529171,0.00381128,-0.998592
331.52,-0.0550504,0.00451775,-0.998473
331.54,-0.054636,0.0050887,-0.998493
331.56,-0.0572103,0.00539843,-0.998348
331.58,-0.0585544,0.00566432,-0.998268
331.6,-0.0595686,0.0067772,-0.998201
331.62,-0.0591631,0.00646289,-0.998227
331.64,-0.063395,0.00612624,-0.99797
331.66,-0.0636637,0.00630222,-0.997952
331.68,-0.0638422,0.00805782,-0.997927
331.7,-0.0667719,0.00749041,-0.99774
331.72,-0.0671795,0.00712313,-0.997715
331.74,-0.0657142,0.00831351,-0.997804
331.76,-0.0675254,0.00867196,-0.99768
331.78,-0.0681337,0.00956002,-0.99763
331.8,-0.0715194,0.0093578,-0.997395
331.82,-0.0716979,0.00898016,-0.997386
331.84,-0.0717982,0.00913852,-0.997377
331.86,-0.0708303,0.00953509,-0.997443
331.88,-0.071839,0.0100532,-0.997366
331.9,-0.0728181,0.0102774,-0.997292
331.92,-0.0717816,0.00995578,-0.997371
331.94,-0.0722227,0.0108257,-0.99733
331.96,-0.0714697,0.0111115,-0.997381
331.98,-0.0715058,0.0110962,-0.997378
332,-0.0711729,0.0115552,-0.997397
332.02,-0.0713269,0.011377,-0.997388
332.04,-0.0721713,0.0107597,-0.997334
332.06,-0.0707246,0.00991228,-0.997447
332.08,-0.0706559,0.0101763,-0.997449
332.1,-0.0682288,0.00994532,-0.99762
332.12,-0.0694682,0.0109291,-0.997524
332.14,-0.0683312,0.0106013,-0.997606
332.16,-0.068657,0.00932613,-0.997597
332.18,-0.0668494,0.0101002,-0.997712
332.2,-0.064103,0.0101528,-0.997892
332.22,-0.0671075,0.00697013,-0.997721
332.24,-0.0636245,0.0096403,-0.997927
332.26,-0.0620035,0.00894833,-0.998036
332.28,-0.0619543,0.00721219,-0.998053
332.3,-0.0579015,0.00928043,-0.998279
332.32,-0.0581657,0.00773294,-0.998277
332.34,-0.0572649,0.00786682,-0.998328
332.36,-0.0526791,0.0085776,-0.998575
332.38,-0.0549134,0.00624404,-0.998472
332.4,-0.0524345,0.00591872,-0.998607
332.42,-0.0506945,0.00605638,-0.998696
332.44,-0.0483809,0.00631958,-0.998809
332.46,-0.0452223,0.00658259,-0.998955
332.48,-0.0435878,0.00628082,-0.99903
332.5,-0.0458502,0.00426418,-0.998939
332.52,-0.0427064,0.00420598,-0.999079
332.54,-0.043298,0.00359751,-0.999056
332.56,-0.0374223,0.00436932,-0.99929
332.58,-0.036139,0.00470045,-0.999336
332.6,-0.034284,0.00541137,-0.999397
332.62,-0.035438,0.00246849,-0.999369
332.64,-0.0342909,0.00266679,-0.999408
332.66,-0.0316446,0.00327876,-0.999494
332.68,-0.0304587,0.00301428,-0.999531
332.7,-0.02981,0.00266862,-0.999552
332.72,-0.0294124,0.00184406,-0.999566
332.74,-0.0269983,0.0025856,-0.999632
332.76,-0.0256852,0.00151092,-0.999669
332.78,-0.0252065,0.00162655,-0.999681
332.8,-0.0244997,0.00183755,-0.999698
332.82,-0.0239859,0.0017216,-0.999711
332.84,-0.0233914,0.00170714,-0.999725
332.86,-0.0222281,4.14783e-05,-0.999753
332.88,-0.0214112,0.000443948,-0.999771
332.9,-0.0218857,-4.91732e-05,-0.99976
332.92,-0.0207393,0.000648866,-0.999785
332.94,-0.0203679,0.000166596,-0.999793
332.96,-0.0204603,0.000875656,-0.99979
332.98,-0.0201461,0.000849021,-0.999797
333,-0.0183957,-0.00097237,-0.99983
333.02,-0.0185177,-0.000936654,-0.999828
333.04,-0.0182232,-0.0010113,-0.999833
333.06,-0.0191473,-0.00132767,-0.999816
333.08,-0.0188191,-0.00111717,-0.999822
333.1,-0.0190266,-0.000787824,-0.999819
333.12,-0.0191931,-8.97027e-05,-0.999816
333.14,-0.0195061,-5.45266e-05,-0.99981
333.16,-0.0198611,-0.000609596,-0.999803
333.18,-0.0204256,3.9478e-05,-0.999791
333.2,-0.0215675,-0.000135845,-0.999767
333.22,-0.0215306,0.000653911,-0.999768
333.24,-0.020775,0.000518022,-0.999784
333.26,-0.0216375,0.000704257,-0.999766
333.28,-0.0242111,0.00106788,-0.999706
333.3,-0.025479,0.00226254,-0.999673
333.32,-0.0266405,0.00171173,-0.999644
333.34,-0.0267558,0.00130099,-0.999641
333.36,-0.0283393,0.00152621,-0.999597
333.38,-0.0296773,0.00136896,-0.999559
333.4,-0.0307156,0.0023084,-0.999525
333.42,-0.0314137,0.00224615,-0.999504
333.44,-0.0324252,0.00260317,-0.999471
333.46,-0.0343623,0.00381048,-0.999402
333.48,-0.0355244,0.00356089,-0.999362
333.5,-0.0376269,0.00454007,-0.999282
333.52,-0.0384713,0.00401863,-0.999252
333.54,-0.0405307,0.00515842,-0.999165
333.56,-0.0407913,0.00490586,-0.999156
333.58,-0.0414117,0.00487385,-0.99913
333.6,-0.0434629,0.005506,-0.99904
333.62,-0.0486278,0.00637377,-0.998797
333.64,-0.0474623,0.00745026,-0.998845
333.66,-0.0520486,0.00861257,-0.998607
333.68,-0.0526552,0.00875903,-0.998574
333.7,-0.0527069,0.00745667,-0.998582
333.72,-0.055514,0.00695054,-0.998434
333.74,-0.0548654,0.00810543,-0.998461
333.76,-0.0565307,0.00789069,-0.99837
333.78,-0.0565596,0.00968529,-0.998352
333.8,-0.0569363,0.00852958,-0.998341
333.82,-0.0605237,0.00863946,-0.998129
333.84,-0.063354,0.00951757,-0.997946
333.86,-0.0623451,0.0101863,-0.998003
333.88,-0.0652208,0.00995244,-0.997821
333.9,-0.0658593,0.00943697,-0.997784
333.92,-0.0659658,0.00940456,-0.997778
333.94,-0.0654989,0.0100086,-0.997802
333.96,-0.0658425,0.0108118,-0.997771
333.98,-0.0680721,0.0106853,-0.997623
334,-0.0698463,0.00949646,-0.997513
334.02,-0.0687099,0.0102614,-0.997584
334.04,-0.0679514,0.0105527,-0.997633
334.06,-0.0682595,0.0102358,-0.997615
334.08,-0.0681995,0.0103769,-0.997618
334.1,-0.0684629,0.010597,-0.997597
334.12,-0.0698383,0.0103189,-0.997505
334.14,-0.0698747,0.00947252,-0.997511
334.16,-0.0710789,0.00837498,-0.997436
334.18,-0.0709649,0.00833259,-0.997444
334.2,-0.072258,0.00712353,-0.997361
334.22,-0.0706294,0.00792456,-0.997471
334.24,-0.0702124,0.00776291,-0.997502
334.26,-0.069127,0.00679188,-0.997585
334.28,-0.0691338,0.00669112,-0.997585
334.3,-0.0678042,0.00618954,-0.997679
334.32,-0.0673923,0.00633931,-0.997706
334.34,-0.0669886,0.00534932,-0.997739
334.36,-0.0666694,0.00569582,-0.997759
334.38,-0.0653327,0.00523034,-0.99785
334.4,-0.0639956,0.00546996,-0.997935
334.42,-0.0624128,0.00561913,-0.998035
334.44,-0.0622306,0.00552185,-0.998047
334.46,-0.0595719,0.00537119,-0.99821
334.48,-0.0582801,0.00534603,-0.998286
334.5,-0.0570823,0.00551422,-0.998354
334.52,-0.0555176,0.00496713,-0.998445
334.54,-0.0539176,0.00429741,-0.998536
334.56,-0.0535988,0.00321475,-0.998557
334.58,-0.053448,0.00377399,-0.998564
334.6,-0.0509266,0.0040909,-0.998694
334.62,-0.0486669,0.00336072,-0.998809
334.64,-0.0479748,0.00248811,-0.998845
334.66,-0.0479194,0.00335746,-0.998846
334.68,-0.0437769,0.00304813,-0.999037
334.7,-0.0424178,0.0029241,-0.999096
334.72,-0.0427608,0.0029505,-0.999081
334.74,-0.0416609,0.00240339,-0.999129
334.76,-0.040574,0.000761434,-0.999176
334.78,-0.0386392,0.0011279,-0.999253
334.8,-0.0370748,0.00154179,-0.999311
334.82,-0.0359787,0.000907628,-0.999352
334.84,-0.0335411,-0.000369746,-0.999437
334.86,-0.0317972,0.000601458,-0.999494
334.88,-0.0328711,0.00114794,-0.999459
334.9,-0.0301406,-0.000781197,-0.999545
334.92,-0.0303891,0.00106709,-0.999538
334.94,-0.0277673,0.00121138,-0.999614
334.96,-0.0266804,0.000592277,-0.999644
334.98,-0.0257456,0.000626781,-0.999668
335,-0.0243245,0.000513706,-0.999704
335.02,-0.0221668,0.000352727,-0.999754
335.04,-0.0226309,-9.24648e-05,-0.999744
335.06,-0.022516,0.000513937,-0.999746
335.08,-0.0215644,0.000384961,-0.999767
335.1,-0.0211207,0.00022184,-0.999777
335.12,-0.0209545,0.000201941,-0.99978
335.14,-0.0208396,0.000187762,-0.999783
335.16,-0.0206136,0.00044105,-0.999787
335.18,-0.0205635,0.000164119,-0.999789
335.2,-0.0198167,0.000580435,-0.999803
335.22,-0.0199574,0.000480754,-0.999801
335.24,-0.0195912,0.000652015,-0.999808
335.26,-0.0192328,0.000619359,-0.999815
335.28,-0.019249,0.000977224,-0.999814
335.3,-0.0201423,0.00103147,-0.999797
335.32,-0.0206877,0.00113527,-0.999785
335.34,-0.0212516,0.00168817,-0.999773
335.36,-0.0213232,0.00240026,-0.99977
335.38,-0.0216897,0.00222031,-0.999762
335.4,-0.0234278,0.00318317,-0.99972
335.42,-0.0228471,0.00222272,-0.999737
335.44,-0.021151,0.00316093,-0.999771
335.46,-0.0248384,0.00444262,-0.999682
335.48,-0.0253052,0.00478626,-0.999668
335.5,-0.026866,0.0046515,-0.999628
335.52,-0.0272939,0.00443561,-0.999618
335.54,-0.0282392,0.00509624,-0.999588
335.56,-0.0305142,0.00506672,-0.999521
335.58,-0.031344,0.00570734,-0.999492
335.6,-0.0315326,0.00533115,-0.999489
335.62,-0.0320217,0.00541676,-0.999472
335.64,-0.0353001,0.00721826,-0.999351
335.66,-0.0361015,0.007228,-0.999322
335.68,-0.0371548,0.00633347,-0.999289
335.7,-0.0389078,0.00649029,-0.999222
335.72,-0.0420177,0.00685403,-0.999093
335.74,-0.0435072,0.00654478,-0.999032
335.76,-0.0427346,0.00711837,-0.999061
335.78,-0.0447004,0.00832225,-0.998966
335.8,-0.0464892,0.00821916,-0.998885
335.82,-0.0469343,0.0083562,-0.998863
335.84,-0.0494802,0.0087667,-0.998737
335.86,-0.050458,0.00928907,-0.998683
335.88,-0.051761,0.00807246,-0.998627
335.9,-0.0531057,0.00924621,-0.998546
335.92,-0.0549102,0.00748857,-0.998463
335.94,-0.0570798,0.00787623,-0.998339
335.96,-0.0562929,0.00917246,-0.998372
335.98,-0.057614,0.00925802,-0.998296
336,-0.0600306,0.00778348,-0.998166
336.02,-0.0620135,0.0073054,-0.998049
336.04,-0.0611798,0.00969377,-0.99808
336.06,-0.0648385,0.00660551,-0.997874
336.08,-0.0641518,0.00774483,-0.99791
336.1,-0.064452,0.00772356,-0.997891
336.12,-0.0657076,0.00753768,-0.99781
336.14,-0.0665088,0.00737488,-0.997759
336.16,-0.0668067,0.00680067,-0.997743
336.18,-0.067379,0.00663184,-0.997705
336.2,-0.0649056,0.00843005,-0.997856
336.22,-0.0682729,0.00627773,-0.997647
336.24,-0.069599,0.00534257,-0.997561
336.26,-0.0685826,0.00608024,-0.997627
336.28,-0.0688112,0.00588052,-0.997612
336.3,-0.0674188,0.00701316,-0.9977
336.32,-0.0687874,0.00597104,-0.997613
336.34,-0.0696074,0.00569857,-0.997558
336.36,-0.0690526,0.00595075,-0.997595
336.38,-0.0689433,0.00540508,-0.997606
336.4,-0.0683986,0.00471691,-0.997647
336.42,-0.0683716,0.00517524,-0.997646
336.44,-0.066273,0.00649366,-0.99778
336.46,-0.0663468,0.00606206,-0.997778
336.48,-0.0656092,0.00548949,-0.99783
336.5,-0.0657803,0.00528161,-0.99782
336.52,-0.0651534,0.00519836,-0.997862
336.54,-0.0633891,0.00468228,-0.997978
336.56,-0.0630367,0.00484451,-0.997999
336.58,-0.0631015,0.00447027,-0.997997
336.6,-0.0611824,0.00371161,-0.99812
336.62,-0.0596975,0.002915,-0.998212
336.64,-0.0605514,0.00222474,-0.998163
336.66,-0.0583826,0.00396282,-0.998286
336.68,-0.0588421,0.00222194,-0.998265
336.7,-0.0584076,0.00260548,-0.998289
336.72,-0.0550075,0.00260882,-0.998483
336.74,-0.0546937,0.00306735,-0.998498
336.76,-0.0515347,0.00151029,-0.99867
336.78,-0.0506562,0.00189733,-0.998714
336.8,-0.0499435,0.001048,-0.998751
336.82,-0.0499304,0.00353697,-0.998746
336.84,-0.0463181,0.00158939,-0.998925
336.86,-0.0445715,0.00152933,-0.999005
336.88,-0.0428937,0.000723981,-0.999079
336.9,-0.0427613,0.00189638,-0.999084
336.92,-0.0406127,0.00240469,-0.999172
336.94,-0.0407847,0.00178131,-0.999166
336.96,-0.0382104,0.000446593,-0.99927
336.98,-0.0369367,0.00116264,-0.999317
337,-0.0356531,-4.65599e-05,-0.999364
337.02,-0.0346581,0.000969957,-0.999399
337.04,-0.0326438,0.00150331,-0.999466
337.06,-0.0322378,0.000345898,-0.99948
337.08,-0.0316016,0.0007838,-0.9995
337.1,-0.0289968,0.00149733,-0.999578
337.12,-0.0289532,0.00044452,-0.999581
337.14,-0.0280012,0.000422117,-0.999608
337.16,-0.0267229,0.00140617,-0.999642
337.18,-0.0268359,0.00161393,-0.999639
337.2,-0.0252904,0.00107229,-0.99968
337.22,-0.0249614,0.00149641,-0.999687
337.24,-0.024546,0.00188338,-0.999697
337.26,-0.0253607,0.00133926,-0.999677
337.28,-0.0227365,0.00211495,-0.999739
337.3,-0.0205448,0.00209901,-0.999787
337.32,-0.0216455,0.00196787,-0.999764
337.34,-0.0215349,0.00234558,-0.999765
337.36,-0.0214718,0.00255155,-0.999766
337.38,-0.0218391,0.00300062,-0.999757
337.4,-0.0211525,0.00308495,-0.999772
337.42,-0.0209986,0.00326364,-0.999774
337.44,-0.0210681,0.0036988,-0.999771
337.46,-0.0214714,0.00372819,-0.999763
337.48,-0.021716,0.00396918,-0.999756
337.5,-0.0219421,0.00478647,-0.999748
337.52,-0.0232968,0.00533269,-0.999714
337.54,-0.0220087,0.0051595,-0.999744
337.56,-0.0233037,0.00551049,-0.999713
337.58,-0.0238442,0.00529294,-0.999702
337.6,-0.0243465,0.00493194,-0.999691
337.62,-0.0269044,0.00700862,-0.999613
337.64,-0.0274866,0.00773655,-0.999592
337.66,-0.0275908,0.00682979,-0.999596
337.68,-0.0281624,0.0070869,-0.999578
337.7,-0.0285786,0.00755386,-0.999563
337.72,-0.0307136,0.00788765,-0.999497
337.74,-0.0311536,0.00814992,-0.999481
337.76,-0.0319669,0.00774193,-0.999459
337.78,-0.0331155,0.00799206,-0.99942
337.8,-0.033626,0.00775946,-0.999404
337.82,-0.0369426,0.00721589,-0.999291
337.84,-0.0365192,0.00822199,-0.999299
337.86,-0.0363728,0.00865704,-0.999301
337.88,-0.0379267,0.00833362,-0.999246
337.9,-0.0401019,0.00754505,-0.999167
337.92,-0.0399713,0.00821455,-0.999167
337.94,-0.042111,0.00940913,-0.999069
337.96,-0.0462,0.00722105,-0.998906
337.98,-0.0466013,0.00743299,-0.998886
338,-0.0463998,0.00894014,-0.998883
338.02,-0.0496885,0.00689396,-0.998741
338.04,-0.0508969,0.00748345,-0.998676
338.06,-0.0510625,0.00723643,-0.